Running simulation SFHo+CCSpoint1nopert
Preparing:
Checking:
/home/rva-msi-ubuntu/simulations/SFHo+CCSpoint1nopert/output-0000-active
rva-msi-ubuntu
2025年 11月 16日 星期日 13:23:43 CST
Environment:
Starting:
INFO (Cactus): Increased logging level from 0 to 3
--------------------------------------------------------------------------------

       10                                  
  1   0101       ************************  
  01  1010 10      The Cactus Code V4.17.0    
 1010 1101 011      www.cactuscode.org     
  1001 100101    ************************  
    00010101                               
     100011     (c) Copyright The Authors  
      0100      GNU Licensed. No Warranty  
      0101                                 
--------------------------------------------------------------------------------

Cactus version:    4.17.0
Compile date:      Sep 21 2025 (23:06:30)
Run date:          Nov 16 2025 (13:23:43+0800)
Run host:          rva-msi-ubuntu (pid=464286)
Working directory: /home/rva-msi-ubuntu/simulations/SFHo+CCSpoint1nopert/output-0000
Executable:        /home/rva-msi-ubuntu/simulations/SFHo+CCSpoint1nopert/SIMFACTORY/exe/cactus_sim
Parameter file:    /home/rva-msi-ubuntu/simulations/SFHo+CCSpoint1nopert/output-0000/SFHo+CCS.par
--------------------------------------------------------------------------------

Activating thorn Cactus...Success -> active implementation Cactus
Activation requested for 
--->AEILocalInterp Constants Fortran GSL Formaline TerminationTrigger Carpet CarpetLib CarpetInterp LocalInterp2 CarpetReduce LoopControl Slab Boundary CartGrid3D CoordBase SymBase ReflectionSymmetry CarpetRegrid2 MoL Time PizzaTOV PizzaBase PizzaIDBase PizzaNumUtils HydroBase THC_Core HRSCCore EOS_Thermal EOS_Thermal_Hybrid ADMBase ADMCoupling ADMMacros CoordGauge SpaceMask StaticConformal TmunuBase InitBase GenericFD NewRad ML_CCZ4 ML_CCZ4_Helper ML_ADMConstraints Dissipation WatchDog NaNChecker Multipole WeylScal4 SphericalSurface IOUtil HDF5 CarpetIOASCII CarpetIOScalar CarpetIOHDF5 CarpetIOBasic<---
Thorn Carpet requests automatic activation of MPI
Thorn Carpet requests automatic activation of Timers
Thorn CarpetLib requests automatic activation of Vectors
Thorn CarpetLib requests automatic activation of Boost
Thorn CarpetLib requests automatic activation of CycleClock
Thorn EOS_Thermal_Hybrid requests automatic activation of EOS_Barotropic
Thorn Formaline requests automatic activation of pthreads
Thorn HDF5 requests automatic activation of zlib
Thorn HRSCCore requests automatic activation of CPPUtils
Thorn HRSCCore requests automatic activation of FDCore
Thorn LoopControl requests automatic activation of hwloc
Thorn CPPUtils requests automatic activation of BLAS
Activating thorn ADMBase...Success -> active implementation ADMBase
Activating thorn ADMCoupling...Success -> active implementation ADMCoupling
Activating thorn ADMMacros...Success -> active implementation ADMMacros
Activating thorn AEILocalInterp...Success -> active implementation AEILocalInterp
Activating thorn BLAS...Success -> active implementation BLAS
Activating thorn Boost...Success -> active implementation Boost
Activating thorn Boundary...Success -> active implementation boundary
Activating thorn Carpet...Success -> active implementation Driver
Activating thorn CarpetInterp...Success -> active implementation interp
Activating thorn CarpetIOASCII...Success -> active implementation IOASCII
Activating thorn CarpetIOBasic...Success -> active implementation IOBasic
Activating thorn CarpetIOHDF5...Success -> active implementation IOHDF5
Activating thorn CarpetIOScalar...Success -> active implementation IOScalar
Activating thorn CarpetLib...Success -> active implementation CarpetLib
Activating thorn CarpetReduce...Success -> active implementation reduce
Activating thorn CarpetRegrid2...Success -> active implementation CarpetRegrid2
Activating thorn CartGrid3D...Success -> active implementation grid
Activating thorn Constants...Success -> active implementation Constants
Activating thorn CoordBase...Success -> active implementation CoordBase
Activating thorn CoordGauge...Success -> active implementation CoordGauge
Activating thorn CPPUtils...Success -> active implementation CPPUtils
Activating thorn CycleClock...Success -> active implementation CycleClock
Activating thorn Dissipation...Success -> active implementation Dissipation
Activating thorn EOS_Barotropic...Success -> active implementation EOS_Barotropic
Activating thorn EOS_Thermal...Success -> active implementation EOS_Thermal
Activating thorn EOS_Thermal_Hybrid...Success -> active implementation EOS_Thermal_Hybrid
Activating thorn FDCore...Success -> active implementation FDCore
Activating thorn Formaline...Success -> active implementation Formaline
Activating thorn Fortran...Success -> active implementation Fortran
Activating thorn GenericFD...Success -> active implementation GenericFD
Activating thorn GSL...Success -> active implementation GSL
Activating thorn HDF5...Success -> active implementation HDF5
Activating thorn HRSCCore...Success -> active implementation HRSCCore
Activating thorn hwloc...Success -> active implementation hwloc
Activating thorn HydroBase...Success -> active implementation HydroBase
Activating thorn InitBase...Success -> active implementation InitBase
Activating thorn IOUtil...Success -> active implementation IO
Activating thorn LocalInterp2...Success -> active implementation LocalInterp
Activating thorn LoopControl...Success -> active implementation LoopControl
Activating thorn ML_ADMConstraints...Success -> active implementation ML_ADMConstraints
Activating thorn ML_CCZ4...Success -> active implementation ML_CCZ4
Activating thorn ML_CCZ4_Helper...Success -> active implementation ML_CCZ4_Helper
Activating thorn MoL...Success -> active implementation MethodOfLines
Activating thorn MPI...Success -> active implementation MPI
Activating thorn Multipole...Success -> active implementation multipole
Activating thorn NaNChecker...Success -> active implementation NaNChecker
Activating thorn NewRad...Success -> active implementation NewRad
Activating thorn PizzaBase...Success -> active implementation PizzaBase
Activating thorn PizzaIDBase...Success -> active implementation PizzaIDBase
Activating thorn PizzaNumUtils...Success -> active implementation PizzaNumUtils
Activating thorn PizzaTOV...Success -> active implementation PizzaTOV
Activating thorn pthreads...Success -> active implementation PTHREADS
Activating thorn ReflectionSymmetry...Success -> active implementation ReflectionSymmetry
Activating thorn Slab...Success -> active implementation Slab
Activating thorn SpaceMask...Success -> active implementation SpaceMask
Activating thorn SphericalSurface...Success -> active implementation SphericalSurface
Activating thorn StaticConformal...Success -> active implementation StaticConformal
Activating thorn SymBase...Success -> active implementation SymBase
Activating thorn TerminationTrigger...Success -> active implementation TerminationTrigger
Activating thorn THC_Core...Success -> active implementation THC_Core
Activating thorn Time...Success -> active implementation time
Activating thorn Timers...Success -> active implementation Timers
Activating thorn TmunuBase...Success -> active implementation TmunuBase
Activating thorn Vectors...Success -> active implementation Vectors
Activating thorn WatchDog...Success -> active implementation WatchDog
Activating thorn WeylScal4...Success -> active implementation WeylScal4
Activating thorn zlib...Success -> active implementation zlib
INFO (IOUtil): Recovery directory '../checkpoint' doesn't exist
--------------------------------------------------------------------------------
  if (recover initial data)
    Recover parameters
  endif

  Startup routines
    [CCTK_STARTUP]
      Carpet::MultiModel_Startup: Multi-model Startup routine
      CycleClock::CycleClock_Setup: Set up CycleClock
      LoopControl::LC_setup: Set up LoopControl
      ML_CCZ4_Helper::ML_CCZ4_SetGroupTags: [meta] Set checkpointing and prolongation group tags
      Timers::Timer_Startup: Prepare hierarchical timers
      CarpetIOHDF5::CarpetIOHDF5_SetNumRefinementLevels: [meta] Overwrite 'CarpetRegrid::refinement_levels' with the number of levels found in the checkpoint file
      Carpet::Driver_Startup: Startup routine
      IOUtil::IOUtil_Startup: Startup routine
      CarpetInterp::CarpetInterpStartup: Startup routine
      CarpetReduce::CarpetReduceStartup: Startup routine
      CartGrid3D::SymmetryStartup: Register GH Extension for GridSymmetry
      CoordBase::CoordBase_Startup: Register a GH extension to store the coordinate system handles
      AEILocalInterp::AEILocalInterp_U_Startup: register CCTK_InterpLocalUniform() interpolation operators
      EOS_Thermal_Hybrid::EOS_Hybrid_Register: Register Hybrid EOS as global evolution EOS
      Formaline::Formaline_PrintIDs: [meta] Print the build and simulation ids
      HRSCCore::HRSCC_Startup: [global] Register banner
      HydroBase::HydroBase_StartUp: Startup banner
      CarpetIOASCII::CarpetIOASCIIStartup: [global] Startup routine
      LocalInterp2::LocalInterp2_Startup: register LocalInterp2's interpolation operators
      CarpetIOBasic::CarpetIOBasicStartup: [global] Startup routine
      ML_ADMConstraints::ML_ADMConstraints_Startup: [meta] create banner
      ML_CCZ4::ML_CCZ4_Startup: [meta] create banner
      ML_CCZ4_Helper::ML_CCZ4_RegisterSlicing: [meta] Register slicing
      CarpetIOHDF5::CarpetIOHDF5_Startup: Startup routine
      MoL::MoL_Startup: Startup banner
      PizzaBase::PizzaBase_Startup: Parameter Conversions
      PizzaIDBase::PizzaIDBase_Startup: Parameter Conversions
      PizzaTOV::PizzaTOV_Startup: Parameter Conversions
      Slab::Slab_InitMPIDatatypes: Create MPI datatypes for complex variables in C
      SymBase::SymBase_Startup: Register GH Extension for SymBase
      THC_Core::THC_Init: [global] Register banner
      TerminationTrigger::TerminationTrigger_StartSignalHandler: Start signal handler
      CarpetIOScalar::CarpetIOScalarStartup: [global] Startup routine
      Vectors::Vectors_Startup: Print startup message
      WeylScal4::WeylScal4_Startup: [meta] create banner
      GROUP hwloc_startup: hwloc startup group
        hwloc::hwloc_version: Output hwloc version

  Startup routines which need an existing grid hierarchy
    [CCTK_WRAGH]
      ADMBase::Einstein_InitSymBound: [global] Set up GF symmetries
      Boundary::Boundary_RegisterBCs: [global] Register boundary conditions that this thorn provides
      CarpetRegrid2::CarpetRegrid2_Initialise: [global] Initialise locations of refined regions
      CartGrid3D::RegisterCartGrid3DCoords: [meta] Register coordinates for the Cartesian grid
      CoordGauge::Einstein_ActivateSlicing: Initialize slicing, setup priorities for mixed slicings
      CoordGauge::Einstein_SetNextSlicing: Identify the slicing for the next iteration
      Formaline::Formaline_OutputSource: [meta] Output Cactus source tree
      Formaline::Formaline_RegisterWarnings: [meta] Register to receive warnings and info messages from the flesh
      Formaline::Formaline_AnnounceInitial: [global] Put some meta information about the current run into permanent storage
      HRSCCore::HRSCC_GetGridCoordinates: [global] Store the Cactus indices of the grid coordinates and weights
      HRSCCore::HRSCC_GetMetric: [global] Store the Cactus indices of the diagonal components of the metric and the lapse
      ML_CCZ4_Helper::ML_CCZ4_ParamCompat: [meta] Handle parameter backward compatibility
      MoL::MoL_SetupIndexArrays: Set up the MoL bookkeeping index arrays
      MoL::MoL_SetScheduleStatus: [global] Set the flag so it is ok to register with MoL
      TmunuBase::TmunuBase_SetStressEnergyState: [global] Set the stress_energy_state variable
      GROUP MoL_Register: The group where physics thorns register variables with MoL
        ML_ADMConstraints::ML_ADMConstraints_RegisterVars: [meta] Register Variables for MoL
        ML_CCZ4::ML_CCZ4_RegisterVars: [meta] Register Variables for MoL
        ML_CCZ4_Helper::ML_CCZ4_RegisterConstrained: [meta] Register ADMBase variables as constrained
        THC_Core::THC_MoLRegister: [global] Register variables with MoL
        WeylScal4::WeylScal4_RegisterVars: [meta] Register Variables for MoL
      Slab::Slab_InitTimers: Initialise timers
      SpaceMask::MaskSym: [global] Set grid symmetries for mask
      SpaceMask::MaskSym_emask: [global] Set grid symmetries for emask (compatibility mode)
      GROUP SymBase_Wrapper: Wrapper group for SymBase
        GROUP SymmetryRegister: Register your symmetries here
          CartGrid3D::CartGrid3D_RegisterSymmetryBoundaries: [meta] Register symmetry boundaries
          ML_ADMConstraints::ML_ADMConstraints_RegisterSymmetries: [meta] register symmetries
          ML_CCZ4::ML_CCZ4_RegisterSymmetries: [meta] register symmetries
          ReflectionSymmetry::ReflectionSymmetry_Register: Register reflection symmetry boundaries
          WeylScal4::WeylScal4_RegisterSymmetries: [meta] register symmetries
        SymBase::SymBase_Statistics: Print symmetry boundary face descriptions
      THC_Core::THC_SetupAtmosphere: [global] Setup atmosphere parameters
      THC_Core::THC_HRSCCRegister: [global] Register variable indices with HRSCCore
      MoL::MoL_ReportNumberVariables: [meta] Report how many of each type of variable there are
  Parameter checking routines
    [CCTK_PARAMCHECK]
      ADMBase::ADMBase_ParamCheck: [global] Check consistency of parameters
      Boundary::Boundary_Check: Check dimension of grid variables
      Carpet::CarpetParamCheck: Parameter checking routine
      CarpetLib::CarpetLib_test_prolongate_3d_rf2: [global] Test prolongation operators
      CarpetRegrid2::CarpetRegrid2_ParamCheck: Check parameters
      CartGrid3D::ParamCheck_CartGrid3D: Check coordinates for CartGrid3D
      Dissipation::dissipation_paramcheck: Check dissipation parameters for consistency
      Fortran::CheckFortranParameters: Test whether Fortran parameters work correctly
      HRSCCore::HRSCC_ParamCheck: [global] Check consistency of the parameters
      ML_CCZ4_Helper::ML_CCZ4_ParamCheck: [meta] Check parameters
      MoL::MoL_ParamCheck: Basic parameter checking
      Multipole::Multipole_ParamCheck: [global] Check Multipole parameters
      SphericalSurface::SphericalSurface_ParamCheck: [global] Check that all surface names are unique
      THC_Core::THC_ParamCheck: [global] Check parameters
      TerminationTrigger::TerminationTrigger_ParamCheck: Check consitency of parameters
      TmunuBase::TmunuBase_ParamCheck: [global] Check that no deprecated parameters are used.
      Vectors::Vectors_Test: Run correctness tests.

  Initialisation
    if (NOT (recover initial data AND recovery_mode is 'strict'))
      [CCTK_PREREGRIDINITIAL]
      Set up grid hierarchy
      [CCTK_POSTREGRIDINITIAL]
        CartGrid3D::SpatialCoordinates: Set Coordinates after regridding
        GROUP MaskBase_SetupMask: Set up the weight function
          GROUP MaskBase_SetupMaskAll: Set up the weight function
            CarpetReduce::MaskBase_AllocateMask: [global] Allocate the weight function
            CarpetReduce::MaskBase_InitMask: [global] [loop-local] Initialise the weight function
            GROUP SetupIMaskInternal: Set up the integer weight function (schedule other routines in here)
              CarpetReduce::CoordBase_SetupMask: [global] [loop-local] Set up the outer boundaries of the weight function
              CarpetReduce::CarpetMaskSetup: [global] [loop-singlemap] Set up the weight function for the restriction regions
            GROUP SetupIMask: Set up the integer weight function (schedule other routines in here)
            CarpetReduce::MaskBase_SetMask: [global] [loop-local] Set the weight function
            GROUP SetupMask: Set up the real weight function (schedule other routines in here)
            CarpetReduce::MaskBase_TestMask: [global] Test the weight function
        Dissipation::setup_epsdis: Setup spatially varying dissipation
        GROUP MoL_PseudoEvolutionBoundaries: Apply boundary conditions to pseudo-evolved quantities
          GROUP ML_ADMConstraints_evaluate_bc_group: ML_ADMConstraints_evaluate
            ML_ADMConstraints::ML_ADMConstraints_evaluate_SelectBCs: [level] ML_ADMConstraints_evaluate_SelectBCs
            GROUP ML_ADMConstraints_evaluate_ApplyBCs: Apply BCs for groups set in ML_ADMConstraints_evaluate
              GROUP BoundaryConditions: Execute all boundary conditions
                Boundary::Boundary_ApplyPhysicalBCs: Apply all requested local physical boundary conditions
                CartGrid3D::CartGrid3D_ApplyBC: Apply symmetry boundary conditions
                ReflectionSymmetry::ReflectionSymmetry_Apply: Apply reflection symmetries
              Boundary::Boundary_ClearSelection: [level] Unselect all grid variables for boundary conditions
          GROUP ML_CCZ4_ConstraintsEverywhere_bc_group: ML_CCZ4_ConstraintsEverywhere
            ML_CCZ4::ML_CCZ4_ConstraintsEverywhere_SelectBCs: [level] ML_CCZ4_ConstraintsEverywhere_SelectBCs
            GROUP ML_CCZ4_ConstraintsEverywhere_ApplyBCs: Apply BCs for groups set in ML_CCZ4_ConstraintsEverywhere
              GROUP BoundaryConditions: Execute all boundary conditions
                Boundary::Boundary_ApplyPhysicalBCs: Apply all requested local physical boundary conditions
                CartGrid3D::CartGrid3D_ApplyBC: Apply symmetry boundary conditions
                ReflectionSymmetry::ReflectionSymmetry_Apply: Apply reflection symmetries
              Boundary::Boundary_ClearSelection: [level] Unselect all grid variables for boundary conditions
          GROUP ML_CCZ4_ConstraintsInterior_bc_group: ML_CCZ4_ConstraintsInterior
            ML_CCZ4::ML_CCZ4_ConstraintsInterior_SelectBCs: [level] ML_CCZ4_ConstraintsInterior_SelectBCs
            GROUP ML_CCZ4_ConstraintsInterior_ApplyBCs: Apply BCs for groups set in ML_CCZ4_ConstraintsInterior
              GROUP BoundaryConditions: Execute all boundary conditions
                Boundary::Boundary_ApplyPhysicalBCs: Apply all requested local physical boundary conditions
                CartGrid3D::CartGrid3D_ApplyBC: Apply symmetry boundary conditions
                ReflectionSymmetry::ReflectionSymmetry_Apply: Apply reflection symmetries
              Boundary::Boundary_ClearSelection: [level] Unselect all grid variables for boundary conditions
          GROUP WeylScal4_psi4_calc_Nth_bc_group: WeylScal4_psi4_calc_Nth
            WeylScal4::WeylScal4_psi4_calc_Nth_SelectBCs: [level] WeylScal4_psi4_calc_Nth_SelectBCs
            GROUP WeylScal4_psi4_calc_Nth_ApplyBCs: Apply BCs for groups set in WeylScal4_psi4_calc_Nth
              GROUP BoundaryConditions: Execute all boundary conditions
                Boundary::Boundary_ApplyPhysicalBCs: Apply all requested local physical boundary conditions
                CartGrid3D::CartGrid3D_ApplyBC: Apply symmetry boundary conditions
                ReflectionSymmetry::ReflectionSymmetry_Apply: Apply reflection symmetries
              Boundary::Boundary_ClearSelection: [level] Unselect all grid variables for boundary conditions
        SpaceMask::MaskZero: Initialise mask to zero
        SpaceMask::MaskOne: Set mask to one
      [CCTK_BASEGRID]
        ADMBase::ADMBase_SetShiftStateOn: Set the shift_state variable to 1
        ADMBase::ADMBase_SetDtLapseStateOn: Set the dtlapse_state variable to 1
        ADMBase::ADMBase_SetDtShiftStateOn: Set the dtshift_state variable to 1
        ADMMacros::ADMMacros_SetLocalSpatialOrder: Initialize the local_spatial_order
        CartGrid3D::SpatialSpacings: Set up ranges for spatial 3D Cartesian coordinates (on all grids)
        CartGrid3D::SpatialCoordinates: Set up spatial 3D Cartesian coordinates on the GH
        SphericalSurface::SphericalSurface_SetupRes: [global] [loop-local] Set surface resolution automatically
        Dissipation::dissipation_basegrid: Ensure that there are enough ghost zones
        HRSCCore::HRSCC_ParamStore: [global] Store parameters in private namespace
        ML_ADMConstraints::ML_ADMConstraints_CheckBoundaries: [meta] check boundaries treatment
        ML_CCZ4::ML_CCZ4_CheckBoundaries: [meta] check boundaries treatment
        NaNChecker::NaNChecker_ResetCounter: [global] Reset the NaNChecker::NaNsFound counter
        SpaceMask::MaskZero: Initialise mask to zero
        SpaceMask::MaskOne: Set old style mask to one
        SphericalSurface::SphericalSurface_Setup: [global] Calculate surface coordinate descriptors
        GROUP MaskBase_SetupMask: Set up the weight function
          GROUP MaskBase_SetupMaskAll: Set up the weight function
            CarpetReduce::MaskBase_AllocateMask: [global] Allocate the weight function
            CarpetReduce::MaskBase_InitMask: [global] [loop-local] Initialise the weight function
            GROUP SetupIMaskInternal: Set up the integer weight function (schedule other routines in here)
              CarpetReduce::CoordBase_SetupMask: [global] [loop-local] Set up the outer boundaries of the weight function
              CarpetReduce::CarpetMaskSetup: [global] [loop-singlemap] Set up the weight function for the restriction regions
            GROUP SetupIMask: Set up the integer weight function (schedule other routines in here)
            CarpetReduce::MaskBase_SetMask: [global] [loop-local] Set the weight function
            GROUP SetupMask: Set up the real weight function (schedule other routines in here)
            CarpetReduce::MaskBase_TestMask: [global] Test the weight function
        SphericalSurface::SphericalSurface_Set: [global] Set surface radii to be used for initial setup in other thorns
        GROUP SphericalSurface_HasBeenSet: Set the spherical surfaces before this group, and use it afterwards
          SphericalSurface::SphericalSurface_CheckState: [global] Test the state of the spherical surfaces
        SymBase::SymBase_Check: Check whether the driver set up the grid consistently
        THC_Core::THC_SetSym: [global] Setup symmetries
        TerminationTrigger::TerminationTrigger_ResetTrigger: Clear trigger state
        TerminationTrigger::TerminationTrigger_StartTimer: Start timer
        TerminationTrigger::TerminationTrigger_CreateFile: Create termination file
        Time::Time_Initialise: [global] Initialise Time variables
        Time::TemporalSpacings: [singlemap] Set timestep based on Courant condition (courant_static)
        WeylScal4::WeylScal4_CheckBoundaries: [meta] check boundaries treatment
      [CCTK_INITIAL]
        StaticConformal::StaticConformal_InitialiseState: Set the conformal_state variable to 0
        GROUP ADMBase_InitialData: Schedule group for calculating ADM initial data
        GROUP ADMBase_InitialGauge: Schedule group for the ADM initial gauge condition
          ADMBase::ADMBase_DtLapseZero: Set the dtlapse to 0 at all points
          ADMBase::ADMBase_DtShiftZero: Set the dtshift to 0 at all points
        CarpetIOASCII::CarpetIOASCIIInit: [global] Initialisation routine
        CarpetIOBasic::CarpetIOBasicInit: [global] Initialisation routine
        CarpetIOHDF5::CarpetIOHDF5_Init: [global] Initialisation routine
        CarpetIOScalar::CarpetIOScalarInit: [global] Initialisation routine
        GROUP HydroBase_Initial: HydroBase initial data group
          GROUP PizzaIDBase_InitialData: Construct initial data
            PizzaTOV::PizzaTOV_Initial_Data: TOV-Star initial data
            PizzaTOV::TOVSol_Startup: [global] Print param_test for debug
          GROUP PizzaIDBase_Analysis_Unpert: Analysis of unperturbed data
          GROUP PizzaIDBase_Perturb: Add Perturbation to initial data
            PizzaTOV::PizzaTOV_Perturb_Data: Add Density Perturbation to initial data
          PizzaIDBase::PizzaIDBase_Timelevels: Copy ID to previous timelevels
        GROUP HydroBase_Prim2ConInitial: Recover the conservative variables from the primitive variables
          THC_Core::THC_PrimToAllInitial: Initialize all the other variables
        GROUP ADMBase_PostInitial: Schedule group for modifying the ADM initial data, such as e.g. adding noise
        ML_CCZ4::ML_CCZ4_InitialADMBase1Everywhere: ML_CCZ4_InitialADMBase1Everywhere
        ML_CCZ4::ML_CCZ4_InitialADMBase2Interior: ML_CCZ4_InitialADMBase2Interior
        MoL::MoL_StartLoop: [level] Initialise the step size control
        ML_CCZ4_Helper::ML_CCZ4_ExtrapolateGammas: Extrapolate Gammas and time derivatives of lapse and shift
      [CCTK_POSTINITIAL]
        CarpetIOHDF5::CarpetIOHDF5_CloseFiles: [global] Close all filereader input files
        MoL::MoL_FillAllLevels: A bad routine. Fills all previous timelevels with data copied from the current.
        GROUP MoL_PostStepModify: The group for physics thorns to schedule enforcing constraints
          ML_CCZ4::ML_CCZ4_EnforceEverywhere: ML_CCZ4_EnforceEverywhere
        GROUP MoL_PostStep: Ensure that everything is correct after the initial data have been set up
          ML_CCZ4::ML_CCZ4_SelectBoundConds: [level] select boundary conditions
          GROUP ML_CCZ4_ApplyBCs: Apply boundary conditions controlled by thorn Boundary
            GROUP BoundaryConditions: Execute all boundary conditions
              Boundary::Boundary_ApplyPhysicalBCs: Apply all requested local physical boundary conditions
              CartGrid3D::CartGrid3D_ApplyBC: Apply symmetry boundary conditions
              ReflectionSymmetry::ReflectionSymmetry_Apply: Apply reflection symmetries
            Boundary::Boundary_ClearSelection: [level] Unselect all grid variables for boundary conditions
          ML_ADMConstraints::ML_ADMConstraints_SelectBoundConds: [level] select boundary conditions
          GROUP ML_ADMConstraints_ApplyBCs: Apply boundary conditions controlled by thorn Boundary
            GROUP BoundaryConditions: Execute all boundary conditions
              Boundary::Boundary_ApplyPhysicalBCs: Apply all requested local physical boundary conditions
              CartGrid3D::CartGrid3D_ApplyBC: Apply symmetry boundary conditions
              ReflectionSymmetry::ReflectionSymmetry_Apply: Apply reflection symmetries
            Boundary::Boundary_ClearSelection: [level] Unselect all grid variables for boundary conditions
          ML_CCZ4::ML_CCZ4_ADMBaseInterior: ML_CCZ4_ADMBaseInterior
          ML_CCZ4::ML_CCZ4_ADMBaseBoundaryScalar: ML_CCZ4_ADMBaseBoundaryScalar
          ML_CCZ4::ML_CCZ4_ADMBaseEverywhere: ML_CCZ4_ADMBaseEverywhere
          ML_CCZ4_Helper::ML_CCZ4_ADMBase_SelectBCs: [level] Select boundary conditions for ADMBase variables
          GROUP ML_CCZ4_ADMBase_ApplyBCs: Apply boundary conditions to ADMBase variables
            GROUP BoundaryConditions: Execute all boundary conditions
              Boundary::Boundary_ApplyPhysicalBCs: Apply all requested local physical boundary conditions
              CartGrid3D::CartGrid3D_ApplyBC: Apply symmetry boundary conditions
              ReflectionSymmetry::ReflectionSymmetry_Apply: Apply reflection symmetries
            Boundary::Boundary_ClearSelection: [level] Unselect all grid variables for boundary conditions
          GROUP ADMBase_SetADMVars: Set the ADM variables before this group, and use them afterwards
          GROUP HydroBase_PostStep: Post step tasks for hydro thorns
            GROUP HydroBase_Boundaries: HydroBase-internal Boundary conditions group
              GROUP HydroBase_Select_Boundaries: Group to schedule the boundary condition functions
                THC_Core::THC_SelectBC: [singlemap] Select boundary conditions
              GROUP HydroBase_ApplyBCs: Apply the boundary conditions of HydroBase
                GROUP BoundaryConditions: Execute all boundary conditions
                  Boundary::Boundary_ApplyPhysicalBCs: Apply all requested local physical boundary conditions
                  CartGrid3D::CartGrid3D_ApplyBC: Apply symmetry boundary conditions
                  ReflectionSymmetry::ReflectionSymmetry_Apply: Apply reflection symmetries
                Boundary::Boundary_ClearSelection: [level] Unselect all grid variables for boundary conditions
            GROUP HydroBase_Con2Prim: Convert from conservative to primitive variables
              GROUP THC_SetExcisionMask: Thorns providing excision should set the bitmask
              THC_Core::THC_ConsToAll: Computes the primitives from the conservatives
          GROUP SetTmunu: Group for calculating the stress-energy tensor
            TmunuBase::TmunuBase_ZeroTmunu: Initialise the stress-energy tensor to zero
            GROUP AddToTmunu: Add to the stress-energy tensor here
              THC_Core::THC_AddToTmunu: Adds the contribution of the fluid to the global stress-energy tensor
          WeylScal4::WeylScal4_SelectBoundConds: [level] select boundary conditions
          GROUP WeylScal4_ApplyBCs: Apply boundary conditions controlled by thorn Boundary
            GROUP BoundaryConditions: Execute all boundary conditions
              Boundary::Boundary_ApplyPhysicalBCs: Apply all requested local physical boundary conditions
              CartGrid3D::CartGrid3D_ApplyBC: Apply symmetry boundary conditions
              ReflectionSymmetry::ReflectionSymmetry_Apply: Apply reflection symmetries
            Boundary::Boundary_ClearSelection: [level] Unselect all grid variables for boundary conditions
        GROUP MoL_PseudoEvolution: Calculate pseudo-evolved quantities
          GROUP ADMBase_SetADMVars: Set the ADM variables before this group, and use them afterwards
          GROUP ML_ADMConstraints_evaluate_group: ML_ADMConstraints_evaluate
            ML_ADMConstraints::ML_ADMConstraints_evaluate: ML_ADMConstraints_evaluate
            GROUP ML_ADMConstraints_evaluate_bc_group: ML_ADMConstraints_evaluate
              ML_ADMConstraints::ML_ADMConstraints_evaluate_SelectBCs: [level] ML_ADMConstraints_evaluate_SelectBCs
              GROUP ML_ADMConstraints_evaluate_ApplyBCs: Apply BCs for groups set in ML_ADMConstraints_evaluate
                GROUP BoundaryConditions: Execute all boundary conditions
                  Boundary::Boundary_ApplyPhysicalBCs: Apply all requested local physical boundary conditions
                  CartGrid3D::CartGrid3D_ApplyBC: Apply symmetry boundary conditions
                  ReflectionSymmetry::ReflectionSymmetry_Apply: Apply reflection symmetries
                Boundary::Boundary_ClearSelection: [level] Unselect all grid variables for boundary conditions
          GROUP ML_CCZ4_ConstraintsEverywhere_group: ML_CCZ4_ConstraintsEverywhere
            ML_CCZ4::ML_CCZ4_ConstraintsEverywhere: ML_CCZ4_ConstraintsEverywhere
            GROUP ML_CCZ4_ConstraintsEverywhere_bc_group: ML_CCZ4_ConstraintsEverywhere
              ML_CCZ4::ML_CCZ4_ConstraintsEverywhere_SelectBCs: [level] ML_CCZ4_ConstraintsEverywhere_SelectBCs
              GROUP ML_CCZ4_ConstraintsEverywhere_ApplyBCs: Apply BCs for groups set in ML_CCZ4_ConstraintsEverywhere
                GROUP BoundaryConditions: Execute all boundary conditions
                  Boundary::Boundary_ApplyPhysicalBCs: Apply all requested local physical boundary conditions
                  CartGrid3D::CartGrid3D_ApplyBC: Apply symmetry boundary conditions
                  ReflectionSymmetry::ReflectionSymmetry_Apply: Apply reflection symmetries
                Boundary::Boundary_ClearSelection: [level] Unselect all grid variables for boundary conditions
          GROUP ML_CCZ4_ConstraintsInterior_group: ML_CCZ4_ConstraintsInterior
            ML_CCZ4::ML_CCZ4_ConstraintsInterior: ML_CCZ4_ConstraintsInterior
            GROUP ML_CCZ4_ConstraintsInterior_bc_group: ML_CCZ4_ConstraintsInterior
              ML_CCZ4::ML_CCZ4_ConstraintsInterior_SelectBCs: [level] ML_CCZ4_ConstraintsInterior_SelectBCs
              GROUP ML_CCZ4_ConstraintsInterior_ApplyBCs: Apply BCs for groups set in ML_CCZ4_ConstraintsInterior
                GROUP BoundaryConditions: Execute all boundary conditions
                  Boundary::Boundary_ApplyPhysicalBCs: Apply all requested local physical boundary conditions
                  CartGrid3D::CartGrid3D_ApplyBC: Apply symmetry boundary conditions
                  ReflectionSymmetry::ReflectionSymmetry_Apply: Apply reflection symmetries
                Boundary::Boundary_ClearSelection: [level] Unselect all grid variables for boundary conditions
          GROUP WeylScal4_psi4_calc_Nth_group: WeylScal4_psi4_calc_Nth
            WeylScal4::WeylScal4_psi4_calc_Nth: WeylScal4_psi4_calc_Nth
            GROUP WeylScal4_psi4_calc_Nth_bc_group: WeylScal4_psi4_calc_Nth
              WeylScal4::WeylScal4_psi4_calc_Nth_SelectBCs: [level] WeylScal4_psi4_calc_Nth_SelectBCs
              GROUP WeylScal4_psi4_calc_Nth_ApplyBCs: Apply BCs for groups set in WeylScal4_psi4_calc_Nth
                GROUP BoundaryConditions: Execute all boundary conditions
                  Boundary::Boundary_ApplyPhysicalBCs: Apply all requested local physical boundary conditions
                  CartGrid3D::CartGrid3D_ApplyBC: Apply symmetry boundary conditions
                  ReflectionSymmetry::ReflectionSymmetry_Apply: Apply reflection symmetries
                Boundary::Boundary_ClearSelection: [level] Unselect all grid variables for boundary conditions
      Initialise finer grids recursively
      Restrict from finer grids
      [CCTK_POSTRESTRICTINITIAL]
        GROUP MoL_PostStep: Ensure that everything is correct after restriction
          ML_CCZ4::ML_CCZ4_SelectBoundConds: [level] select boundary conditions
          GROUP ML_CCZ4_ApplyBCs: Apply boundary conditions controlled by thorn Boundary
            GROUP BoundaryConditions: Execute all boundary conditions
              Boundary::Boundary_ApplyPhysicalBCs: Apply all requested local physical boundary conditions
              CartGrid3D::CartGrid3D_ApplyBC: Apply symmetry boundary conditions
              ReflectionSymmetry::ReflectionSymmetry_Apply: Apply reflection symmetries
            Boundary::Boundary_ClearSelection: [level] Unselect all grid variables for boundary conditions
          ML_ADMConstraints::ML_ADMConstraints_SelectBoundConds: [level] select boundary conditions
          GROUP ML_ADMConstraints_ApplyBCs: Apply boundary conditions controlled by thorn Boundary
            GROUP BoundaryConditions: Execute all boundary conditions
              Boundary::Boundary_ApplyPhysicalBCs: Apply all requested local physical boundary conditions
              CartGrid3D::CartGrid3D_ApplyBC: Apply symmetry boundary conditions
              ReflectionSymmetry::ReflectionSymmetry_Apply: Apply reflection symmetries
            Boundary::Boundary_ClearSelection: [level] Unselect all grid variables for boundary conditions
          ML_CCZ4::ML_CCZ4_ADMBaseInterior: ML_CCZ4_ADMBaseInterior
          ML_CCZ4::ML_CCZ4_ADMBaseBoundaryScalar: ML_CCZ4_ADMBaseBoundaryScalar
          ML_CCZ4::ML_CCZ4_ADMBaseEverywhere: ML_CCZ4_ADMBaseEverywhere
          ML_CCZ4_Helper::ML_CCZ4_ADMBase_SelectBCs: [level] Select boundary conditions for ADMBase variables
          GROUP ML_CCZ4_ADMBase_ApplyBCs: Apply boundary conditions to ADMBase variables
            GROUP BoundaryConditions: Execute all boundary conditions
              Boundary::Boundary_ApplyPhysicalBCs: Apply all requested local physical boundary conditions
              CartGrid3D::CartGrid3D_ApplyBC: Apply symmetry boundary conditions
              ReflectionSymmetry::ReflectionSymmetry_Apply: Apply reflection symmetries
            Boundary::Boundary_ClearSelection: [level] Unselect all grid variables for boundary conditions
          GROUP ADMBase_SetADMVars: Set the ADM variables before this group, and use them afterwards
          GROUP HydroBase_PostStep: Post step tasks for hydro thorns
            GROUP HydroBase_Boundaries: HydroBase-internal Boundary conditions group
              GROUP HydroBase_Select_Boundaries: Group to schedule the boundary condition functions
                THC_Core::THC_SelectBC: [singlemap] Select boundary conditions
              GROUP HydroBase_ApplyBCs: Apply the boundary conditions of HydroBase
                GROUP BoundaryConditions: Execute all boundary conditions
                  Boundary::Boundary_ApplyPhysicalBCs: Apply all requested local physical boundary conditions
                  CartGrid3D::CartGrid3D_ApplyBC: Apply symmetry boundary conditions
                  ReflectionSymmetry::ReflectionSymmetry_Apply: Apply reflection symmetries
                Boundary::Boundary_ClearSelection: [level] Unselect all grid variables for boundary conditions
            GROUP HydroBase_Con2Prim: Convert from conservative to primitive variables
              GROUP THC_SetExcisionMask: Thorns providing excision should set the bitmask
              THC_Core::THC_ConsToAll: Computes the primitives from the conservatives
          GROUP SetTmunu: Group for calculating the stress-energy tensor
            TmunuBase::TmunuBase_ZeroTmunu: Initialise the stress-energy tensor to zero
            GROUP AddToTmunu: Add to the stress-energy tensor here
              THC_Core::THC_AddToTmunu: Adds the contribution of the fluid to the global stress-energy tensor
          WeylScal4::WeylScal4_SelectBoundConds: [level] select boundary conditions
          GROUP WeylScal4_ApplyBCs: Apply boundary conditions controlled by thorn Boundary
            GROUP BoundaryConditions: Execute all boundary conditions
              Boundary::Boundary_ApplyPhysicalBCs: Apply all requested local physical boundary conditions
              CartGrid3D::CartGrid3D_ApplyBC: Apply symmetry boundary conditions
              ReflectionSymmetry::ReflectionSymmetry_Apply: Apply reflection symmetries
            Boundary::Boundary_ClearSelection: [level] Unselect all grid variables for boundary conditions
        GROUP MoL_PseudoEvolutionBoundaries: Apply boundary conditions to pseudo-evolved quantities
          GROUP ML_ADMConstraints_evaluate_bc_group: ML_ADMConstraints_evaluate
            ML_ADMConstraints::ML_ADMConstraints_evaluate_SelectBCs: [level] ML_ADMConstraints_evaluate_SelectBCs
            GROUP ML_ADMConstraints_evaluate_ApplyBCs: Apply BCs for groups set in ML_ADMConstraints_evaluate
              GROUP BoundaryConditions: Execute all boundary conditions
                Boundary::Boundary_ApplyPhysicalBCs: Apply all requested local physical boundary conditions
                CartGrid3D::CartGrid3D_ApplyBC: Apply symmetry boundary conditions
                ReflectionSymmetry::ReflectionSymmetry_Apply: Apply reflection symmetries
              Boundary::Boundary_ClearSelection: [level] Unselect all grid variables for boundary conditions
          GROUP ML_CCZ4_ConstraintsEverywhere_bc_group: ML_CCZ4_ConstraintsEverywhere
            ML_CCZ4::ML_CCZ4_ConstraintsEverywhere_SelectBCs: [level] ML_CCZ4_ConstraintsEverywhere_SelectBCs
            GROUP ML_CCZ4_ConstraintsEverywhere_ApplyBCs: Apply BCs for groups set in ML_CCZ4_ConstraintsEverywhere
              GROUP BoundaryConditions: Execute all boundary conditions
                Boundary::Boundary_ApplyPhysicalBCs: Apply all requested local physical boundary conditions
                CartGrid3D::CartGrid3D_ApplyBC: Apply symmetry boundary conditions
                ReflectionSymmetry::ReflectionSymmetry_Apply: Apply reflection symmetries
              Boundary::Boundary_ClearSelection: [level] Unselect all grid variables for boundary conditions
          GROUP ML_CCZ4_ConstraintsInterior_bc_group: ML_CCZ4_ConstraintsInterior
            ML_CCZ4::ML_CCZ4_ConstraintsInterior_SelectBCs: [level] ML_CCZ4_ConstraintsInterior_SelectBCs
            GROUP ML_CCZ4_ConstraintsInterior_ApplyBCs: Apply BCs for groups set in ML_CCZ4_ConstraintsInterior
              GROUP BoundaryConditions: Execute all boundary conditions
                Boundary::Boundary_ApplyPhysicalBCs: Apply all requested local physical boundary conditions
                CartGrid3D::CartGrid3D_ApplyBC: Apply symmetry boundary conditions
                ReflectionSymmetry::ReflectionSymmetry_Apply: Apply reflection symmetries
              Boundary::Boundary_ClearSelection: [level] Unselect all grid variables for boundary conditions
          GROUP WeylScal4_psi4_calc_Nth_bc_group: WeylScal4_psi4_calc_Nth
            WeylScal4::WeylScal4_psi4_calc_Nth_SelectBCs: [level] WeylScal4_psi4_calc_Nth_SelectBCs
            GROUP WeylScal4_psi4_calc_Nth_ApplyBCs: Apply BCs for groups set in WeylScal4_psi4_calc_Nth
              GROUP BoundaryConditions: Execute all boundary conditions
                Boundary::Boundary_ApplyPhysicalBCs: Apply all requested local physical boundary conditions
                CartGrid3D::CartGrid3D_ApplyBC: Apply symmetry boundary conditions
                ReflectionSymmetry::ReflectionSymmetry_Apply: Apply reflection symmetries
              Boundary::Boundary_ClearSelection: [level] Unselect all grid variables for boundary conditions
      [CCTK_POSTPOSTINITIAL]
        GROUP Con2Prim: Convert from conservative to primitive variables (might be redundant)
          GROUP THC_SetExcisionMask: Thorns providing excision should set the bitmask
          THC_Core::THC_ConsToAll: Computes the primitives from the conservatives
      [CCTK_POSTSTEP]
        SphericalSurface::SphericalSurface_Set: [global] Set surface radii
        GROUP zzz_NaNChecker_NaNCheck: Check for NaNs and count them in NaNChecker::NaNsFound
          NaNChecker::NaNChecker_NaNCheck_Prepare: [level] Prepare data structures to check for NaNs
          NaNChecker::NaNChecker_NaNCheck_Check: [local] Check for NaNs
          NaNChecker::NaNChecker_NaNCheck_Finish: [level] Count NaNs in NaNChecker::NaNsFound
        NaNChecker::NaNChecker_TakeAction: [global] [loop-level] Output NaNChecker::NaNmask and take action according to NaNChecker::action_if_found
        SpaceMask::CheckMask: Ensure that all mask values are legal
        GROUP SphericalSurface_HasBeenSet: Set the spherical surfaces before this group, and use it afterwards
          SphericalSurface::SphericalSurface_CheckState: [global] Test the state of the spherical surfaces
        Dissipation::setup_epsdis: Setup spatially varying dissipation
    endif
    if (recover initial data)
      [CCTK_BASEGRID]
        ADMBase::ADMBase_SetShiftStateOn: Set the shift_state variable to 1
        ADMBase::ADMBase_SetDtLapseStateOn: Set the dtlapse_state variable to 1
        ADMBase::ADMBase_SetDtShiftStateOn: Set the dtshift_state variable to 1
        ADMMacros::ADMMacros_SetLocalSpatialOrder: Initialize the local_spatial_order
        CartGrid3D::SpatialSpacings: Set up ranges for spatial 3D Cartesian coordinates (on all grids)
        CartGrid3D::SpatialCoordinates: Set up spatial 3D Cartesian coordinates on the GH
        SphericalSurface::SphericalSurface_SetupRes: [global] [loop-local] Set surface resolution automatically
        Dissipation::dissipation_basegrid: Ensure that there are enough ghost zones
        HRSCCore::HRSCC_ParamStore: [global] Store parameters in private namespace
        ML_ADMConstraints::ML_ADMConstraints_CheckBoundaries: [meta] check boundaries treatment
        ML_CCZ4::ML_CCZ4_CheckBoundaries: [meta] check boundaries treatment
        NaNChecker::NaNChecker_ResetCounter: [global] Reset the NaNChecker::NaNsFound counter
        SpaceMask::MaskZero: Initialise mask to zero
        SpaceMask::MaskOne: Set old style mask to one
        SphericalSurface::SphericalSurface_Setup: [global] Calculate surface coordinate descriptors
        GROUP MaskBase_SetupMask: Set up the weight function
          GROUP MaskBase_SetupMaskAll: Set up the weight function
            CarpetReduce::MaskBase_AllocateMask: [global] Allocate the weight function
            CarpetReduce::MaskBase_InitMask: [global] [loop-local] Initialise the weight function
            GROUP SetupIMaskInternal: Set up the integer weight function (schedule other routines in here)
              CarpetReduce::CoordBase_SetupMask: [global] [loop-local] Set up the outer boundaries of the weight function
              CarpetReduce::CarpetMaskSetup: [global] [loop-singlemap] Set up the weight function for the restriction regions
            GROUP SetupIMask: Set up the integer weight function (schedule other routines in here)
            CarpetReduce::MaskBase_SetMask: [global] [loop-local] Set the weight function
            GROUP SetupMask: Set up the real weight function (schedule other routines in here)
            CarpetReduce::MaskBase_TestMask: [global] Test the weight function
        SphericalSurface::SphericalSurface_Set: [global] Set surface radii to be used for initial setup in other thorns
        GROUP SphericalSurface_HasBeenSet: Set the spherical surfaces before this group, and use it afterwards
          SphericalSurface::SphericalSurface_CheckState: [global] Test the state of the spherical surfaces
        SymBase::SymBase_Check: Check whether the driver set up the grid consistently
        THC_Core::THC_SetSym: [global] Setup symmetries
        TerminationTrigger::TerminationTrigger_ResetTrigger: Clear trigger state
        TerminationTrigger::TerminationTrigger_StartTimer: Start timer
        TerminationTrigger::TerminationTrigger_CreateFile: Create termination file
        Time::Time_Initialise: [global] Initialise Time variables
        Time::TemporalSpacings: [singlemap] Set timestep based on Courant condition (courant_static)
        WeylScal4::WeylScal4_CheckBoundaries: [meta] check boundaries treatment
      [CCTK_RECOVER_VARIABLES]
        IOUtil::IOUtil_RecoverGH: [level] Checkpoint recovery routine
      [CCTK_POST_RECOVER_VARIABLES]
        CarpetIOHDF5::CarpetIOHDF5_InitCheckpointingIntervals: [global] Initialisation of checkpointing intervals after recovery
        CarpetIOHDF5::CarpetIOHDF5_CloseFiles: [meta] Close all initial data checkpoint files after recovery
        GROUP MaskBase_SetupMask: Set up the weight function
          GROUP MaskBase_SetupMaskAll: Set up the weight function
            CarpetReduce::MaskBase_AllocateMask: [global] Allocate the weight function
            CarpetReduce::MaskBase_InitMask: [global] [loop-local] Initialise the weight function
            GROUP SetupIMaskInternal: Set up the integer weight function (schedule other routines in here)
              CarpetReduce::CoordBase_SetupMask: [global] [loop-local] Set up the outer boundaries of the weight function
              CarpetReduce::CarpetMaskSetup: [global] [loop-singlemap] Set up the weight function for the restriction regions
            GROUP SetupIMask: Set up the integer weight function (schedule other routines in here)
            CarpetReduce::MaskBase_SetMask: [global] [loop-local] Set the weight function
            GROUP SetupMask: Set up the real weight function (schedule other routines in here)
            CarpetReduce::MaskBase_TestMask: [global] Test the weight function
        GROUP MoL_PostStep: Ensure that everything is correct after recovery
          ML_CCZ4::ML_CCZ4_SelectBoundConds: [level] select boundary conditions
          GROUP ML_CCZ4_ApplyBCs: Apply boundary conditions controlled by thorn Boundary
            GROUP BoundaryConditions: Execute all boundary conditions
              Boundary::Boundary_ApplyPhysicalBCs: Apply all requested local physical boundary conditions
              CartGrid3D::CartGrid3D_ApplyBC: Apply symmetry boundary conditions
              ReflectionSymmetry::ReflectionSymmetry_Apply: Apply reflection symmetries
            Boundary::Boundary_ClearSelection: [level] Unselect all grid variables for boundary conditions
          ML_ADMConstraints::ML_ADMConstraints_SelectBoundConds: [level] select boundary conditions
          GROUP ML_ADMConstraints_ApplyBCs: Apply boundary conditions controlled by thorn Boundary
            GROUP BoundaryConditions: Execute all boundary conditions
              Boundary::Boundary_ApplyPhysicalBCs: Apply all requested local physical boundary conditions
              CartGrid3D::CartGrid3D_ApplyBC: Apply symmetry boundary conditions
              ReflectionSymmetry::ReflectionSymmetry_Apply: Apply reflection symmetries
            Boundary::Boundary_ClearSelection: [level] Unselect all grid variables for boundary conditions
          ML_CCZ4::ML_CCZ4_ADMBaseInterior: ML_CCZ4_ADMBaseInterior
          ML_CCZ4::ML_CCZ4_ADMBaseBoundaryScalar: ML_CCZ4_ADMBaseBoundaryScalar
          ML_CCZ4::ML_CCZ4_ADMBaseEverywhere: ML_CCZ4_ADMBaseEverywhere
          ML_CCZ4_Helper::ML_CCZ4_ADMBase_SelectBCs: [level] Select boundary conditions for ADMBase variables
          GROUP ML_CCZ4_ADMBase_ApplyBCs: Apply boundary conditions to ADMBase variables
            GROUP BoundaryConditions: Execute all boundary conditions
              Boundary::Boundary_ApplyPhysicalBCs: Apply all requested local physical boundary conditions
              CartGrid3D::CartGrid3D_ApplyBC: Apply symmetry boundary conditions
              ReflectionSymmetry::ReflectionSymmetry_Apply: Apply reflection symmetries
            Boundary::Boundary_ClearSelection: [level] Unselect all grid variables for boundary conditions
          GROUP ADMBase_SetADMVars: Set the ADM variables before this group, and use them afterwards
          GROUP HydroBase_PostStep: Post step tasks for hydro thorns
            GROUP HydroBase_Boundaries: HydroBase-internal Boundary conditions group
              GROUP HydroBase_Select_Boundaries: Group to schedule the boundary condition functions
                THC_Core::THC_SelectBC: [singlemap] Select boundary conditions
              GROUP HydroBase_ApplyBCs: Apply the boundary conditions of HydroBase
                GROUP BoundaryConditions: Execute all boundary conditions
                  Boundary::Boundary_ApplyPhysicalBCs: Apply all requested local physical boundary conditions
                  CartGrid3D::CartGrid3D_ApplyBC: Apply symmetry boundary conditions
                  ReflectionSymmetry::ReflectionSymmetry_Apply: Apply reflection symmetries
                Boundary::Boundary_ClearSelection: [level] Unselect all grid variables for boundary conditions
            GROUP HydroBase_Con2Prim: Convert from conservative to primitive variables
              GROUP THC_SetExcisionMask: Thorns providing excision should set the bitmask
              THC_Core::THC_ConsToAll: Computes the primitives from the conservatives
          GROUP SetTmunu: Group for calculating the stress-energy tensor
            TmunuBase::TmunuBase_ZeroTmunu: Initialise the stress-energy tensor to zero
            GROUP AddToTmunu: Add to the stress-energy tensor here
              THC_Core::THC_AddToTmunu: Adds the contribution of the fluid to the global stress-energy tensor
          WeylScal4::WeylScal4_SelectBoundConds: [level] select boundary conditions
          GROUP WeylScal4_ApplyBCs: Apply boundary conditions controlled by thorn Boundary
            GROUP BoundaryConditions: Execute all boundary conditions
              Boundary::Boundary_ApplyPhysicalBCs: Apply all requested local physical boundary conditions
              CartGrid3D::CartGrid3D_ApplyBC: Apply symmetry boundary conditions
              ReflectionSymmetry::ReflectionSymmetry_Apply: Apply reflection symmetries
            Boundary::Boundary_ClearSelection: [level] Unselect all grid variables for boundary conditions
        GROUP zzz_NaNChecker_NaNCheck: Check for NaNs and count them in NaNChecker::NaNsFound
          NaNChecker::NaNChecker_NaNCheck_Prepare: [level] Prepare data structures to check for NaNs
          NaNChecker::NaNChecker_NaNCheck_Check: [local] Check for NaNs
          NaNChecker::NaNChecker_NaNCheck_Finish: [level] Count NaNs in NaNChecker::NaNsFound
        NaNChecker::NaNChecker_TakeAction: [global] [loop-level] Output NaNChecker::NaNmask and take action according to NaNChecker::action_if_found
        TerminationTrigger::TerminationTrigger_ResetMinutes: [global] Reset Watchtime
    endif
    if (checkpoint initial data)
      [CCTK_CPINITIAL]
        CarpetIOHDF5::CarpetIOHDF5_InitialDataCheckpoint: [meta] Initial data checkpoint routine
    endif
    if (analysis)
      [CCTK_ANALYSIS]
        CarpetLib::CarpetLib_printtimestats: [global] Print timing statistics if desired
        CarpetLib::CarpetLib_printmemstats: [global] Print memory statistics if desired
        Formaline::Formaline_AnnounceUpdate: [global] Put some meta information about the current run into permanent storage
        LoopControl::LC_statistics_analysis: [meta] Output LoopControl statistics
        GROUP ML_CCZ4_EvolutionAnalysis: Calculate RHS at analysis
          ML_CCZ4::ML_CCZ4_EvolutionAnalysisInit: ML_CCZ4_EvolutionAnalysisInit
          ML_CCZ4::ML_CCZ4_EvolutionAnalysisInterior: ML_CCZ4_EvolutionAnalysisInterior
          ML_CCZ4_Helper::ML_CCZ4_NewRad: Apply NewRad boundary conditions to RHS
        Multipole::Multipole_Calc: [global] Calculate Multipoles
        TerminationTrigger::TerminationTrigger_CheckWalltime: Check elapsed job walltime
        TerminationTrigger::TerminationTrigger_CheckSignal: Check if we received a termination signal
        TerminationTrigger::TerminationTrigger_CheckFile: Check termination file
        WatchDog::WatchDog: Make sure that the run is progressing
  endif
  Output grid variables

  do loop over timesteps
    [CCTK_PREREGRID]
    Change grid hierarchy
    [CCTK_POSTREGRID]
      CartGrid3D::SpatialCoordinates: Set Coordinates after regridding
      GROUP MaskBase_SetupMask: Set up the weight function
        GROUP MaskBase_SetupMaskAll: Set up the weight function
          CarpetReduce::MaskBase_AllocateMask: [global] Allocate the weight function
          CarpetReduce::MaskBase_InitMask: [global] [loop-local] Initialise the weight function
          GROUP SetupIMaskInternal: Set up the integer weight function (schedule other routines in here)
            CarpetReduce::CoordBase_SetupMask: [global] [loop-local] Set up the outer boundaries of the weight function
            CarpetReduce::CarpetMaskSetup: [global] [loop-singlemap] Set up the weight function for the restriction regions
          GROUP SetupIMask: Set up the integer weight function (schedule other routines in here)
          CarpetReduce::MaskBase_SetMask: [global] [loop-local] Set the weight function
          GROUP SetupMask: Set up the real weight function (schedule other routines in here)
          CarpetReduce::MaskBase_TestMask: [global] Test the weight function
      Dissipation::setup_epsdis: Setup spatially varying dissipation
      GROUP MoL_PostStep: Ensure that everything is correct after regridding
        ML_CCZ4::ML_CCZ4_SelectBoundConds: [level] select boundary conditions
        GROUP ML_CCZ4_ApplyBCs: Apply boundary conditions controlled by thorn Boundary
          GROUP BoundaryConditions: Execute all boundary conditions
            Boundary::Boundary_ApplyPhysicalBCs: Apply all requested local physical boundary conditions
            CartGrid3D::CartGrid3D_ApplyBC: Apply symmetry boundary conditions
            ReflectionSymmetry::ReflectionSymmetry_Apply: Apply reflection symmetries
          Boundary::Boundary_ClearSelection: [level] Unselect all grid variables for boundary conditions
        ML_ADMConstraints::ML_ADMConstraints_SelectBoundConds: [level] select boundary conditions
        GROUP ML_ADMConstraints_ApplyBCs: Apply boundary conditions controlled by thorn Boundary
          GROUP BoundaryConditions: Execute all boundary conditions
            Boundary::Boundary_ApplyPhysicalBCs: Apply all requested local physical boundary conditions
            CartGrid3D::CartGrid3D_ApplyBC: Apply symmetry boundary conditions
            ReflectionSymmetry::ReflectionSymmetry_Apply: Apply reflection symmetries
          Boundary::Boundary_ClearSelection: [level] Unselect all grid variables for boundary conditions
        ML_CCZ4::ML_CCZ4_ADMBaseInterior: ML_CCZ4_ADMBaseInterior
        ML_CCZ4::ML_CCZ4_ADMBaseBoundaryScalar: ML_CCZ4_ADMBaseBoundaryScalar
        ML_CCZ4::ML_CCZ4_ADMBaseEverywhere: ML_CCZ4_ADMBaseEverywhere
        ML_CCZ4_Helper::ML_CCZ4_ADMBase_SelectBCs: [level] Select boundary conditions for ADMBase variables
        GROUP ML_CCZ4_ADMBase_ApplyBCs: Apply boundary conditions to ADMBase variables
          GROUP BoundaryConditions: Execute all boundary conditions
            Boundary::Boundary_ApplyPhysicalBCs: Apply all requested local physical boundary conditions
            CartGrid3D::CartGrid3D_ApplyBC: Apply symmetry boundary conditions
            ReflectionSymmetry::ReflectionSymmetry_Apply: Apply reflection symmetries
          Boundary::Boundary_ClearSelection: [level] Unselect all grid variables for boundary conditions
        GROUP ADMBase_SetADMVars: Set the ADM variables before this group, and use them afterwards
        GROUP HydroBase_PostStep: Post step tasks for hydro thorns
          GROUP HydroBase_Boundaries: HydroBase-internal Boundary conditions group
            GROUP HydroBase_Select_Boundaries: Group to schedule the boundary condition functions
              THC_Core::THC_SelectBC: [singlemap] Select boundary conditions
            GROUP HydroBase_ApplyBCs: Apply the boundary conditions of HydroBase
              GROUP BoundaryConditions: Execute all boundary conditions
                Boundary::Boundary_ApplyPhysicalBCs: Apply all requested local physical boundary conditions
                CartGrid3D::CartGrid3D_ApplyBC: Apply symmetry boundary conditions
                ReflectionSymmetry::ReflectionSymmetry_Apply: Apply reflection symmetries
              Boundary::Boundary_ClearSelection: [level] Unselect all grid variables for boundary conditions
          GROUP HydroBase_Con2Prim: Convert from conservative to primitive variables
            GROUP THC_SetExcisionMask: Thorns providing excision should set the bitmask
            THC_Core::THC_ConsToAll: Computes the primitives from the conservatives
        GROUP SetTmunu: Group for calculating the stress-energy tensor
          TmunuBase::TmunuBase_ZeroTmunu: Initialise the stress-energy tensor to zero
          GROUP AddToTmunu: Add to the stress-energy tensor here
            THC_Core::THC_AddToTmunu: Adds the contribution of the fluid to the global stress-energy tensor
        WeylScal4::WeylScal4_SelectBoundConds: [level] select boundary conditions
        GROUP WeylScal4_ApplyBCs: Apply boundary conditions controlled by thorn Boundary
          GROUP BoundaryConditions: Execute all boundary conditions
            Boundary::Boundary_ApplyPhysicalBCs: Apply all requested local physical boundary conditions
            CartGrid3D::CartGrid3D_ApplyBC: Apply symmetry boundary conditions
            ReflectionSymmetry::ReflectionSymmetry_Apply: Apply reflection symmetries
          Boundary::Boundary_ClearSelection: [level] Unselect all grid variables for boundary conditions
      GROUP MoL_PseudoEvolutionBoundaries: Apply boundary conditions to pseudo-evolved quantities
        GROUP ML_ADMConstraints_evaluate_bc_group: ML_ADMConstraints_evaluate
          ML_ADMConstraints::ML_ADMConstraints_evaluate_SelectBCs: [level] ML_ADMConstraints_evaluate_SelectBCs
          GROUP ML_ADMConstraints_evaluate_ApplyBCs: Apply BCs for groups set in ML_ADMConstraints_evaluate
            GROUP BoundaryConditions: Execute all boundary conditions
              Boundary::Boundary_ApplyPhysicalBCs: Apply all requested local physical boundary conditions
              CartGrid3D::CartGrid3D_ApplyBC: Apply symmetry boundary conditions
              ReflectionSymmetry::ReflectionSymmetry_Apply: Apply reflection symmetries
            Boundary::Boundary_ClearSelection: [level] Unselect all grid variables for boundary conditions
        GROUP ML_CCZ4_ConstraintsEverywhere_bc_group: ML_CCZ4_ConstraintsEverywhere
          ML_CCZ4::ML_CCZ4_ConstraintsEverywhere_SelectBCs: [level] ML_CCZ4_ConstraintsEverywhere_SelectBCs
          GROUP ML_CCZ4_ConstraintsEverywhere_ApplyBCs: Apply BCs for groups set in ML_CCZ4_ConstraintsEverywhere
            GROUP BoundaryConditions: Execute all boundary conditions
              Boundary::Boundary_ApplyPhysicalBCs: Apply all requested local physical boundary conditions
              CartGrid3D::CartGrid3D_ApplyBC: Apply symmetry boundary conditions
              ReflectionSymmetry::ReflectionSymmetry_Apply: Apply reflection symmetries
            Boundary::Boundary_ClearSelection: [level] Unselect all grid variables for boundary conditions
        GROUP ML_CCZ4_ConstraintsInterior_bc_group: ML_CCZ4_ConstraintsInterior
          ML_CCZ4::ML_CCZ4_ConstraintsInterior_SelectBCs: [level] ML_CCZ4_ConstraintsInterior_SelectBCs
          GROUP ML_CCZ4_ConstraintsInterior_ApplyBCs: Apply BCs for groups set in ML_CCZ4_ConstraintsInterior
            GROUP BoundaryConditions: Execute all boundary conditions
              Boundary::Boundary_ApplyPhysicalBCs: Apply all requested local physical boundary conditions
              CartGrid3D::CartGrid3D_ApplyBC: Apply symmetry boundary conditions
              ReflectionSymmetry::ReflectionSymmetry_Apply: Apply reflection symmetries
            Boundary::Boundary_ClearSelection: [level] Unselect all grid variables for boundary conditions
        GROUP WeylScal4_psi4_calc_Nth_bc_group: WeylScal4_psi4_calc_Nth
          WeylScal4::WeylScal4_psi4_calc_Nth_SelectBCs: [level] WeylScal4_psi4_calc_Nth_SelectBCs
          GROUP WeylScal4_psi4_calc_Nth_ApplyBCs: Apply BCs for groups set in WeylScal4_psi4_calc_Nth
            GROUP BoundaryConditions: Execute all boundary conditions
              Boundary::Boundary_ApplyPhysicalBCs: Apply all requested local physical boundary conditions
              CartGrid3D::CartGrid3D_ApplyBC: Apply symmetry boundary conditions
              ReflectionSymmetry::ReflectionSymmetry_Apply: Apply reflection symmetries
            Boundary::Boundary_ClearSelection: [level] Unselect all grid variables for boundary conditions
      SpaceMask::MaskZero: Initialise mask to zero
      SpaceMask::MaskOne: Set mask to one
    Rotate timelevels
    iteration = iteration+1
    t = t+dt
    [CCTK_PRESTEP]
      CoordGauge::Einstein_SetNextSlicing: Identify the slicing for the next iteration
      LoopControl::LC_steer: [meta] Update LoopControl algorithm preferences
      NaNChecker::NaNChecker_ResetCounter: [global] Reset the NaNChecker::NaNsFound counter
    [CCTK_EVOL]
      MoL::MoL_StartLoop: [level] Initialise the step size control
      while (MoL::MoL_Stepsize_Bad)
        GROUP MoL_Evolution: A single Cactus evolution step using MoL
          GROUP MoL_StartStep: MoL internal setup for the evolution step
            MoL::MoL_SetCounter: [level] Set the counter for the ODE method to loop over
            MoL::MoL_SetTime: [level] Ensure the correct time and timestep are used
            MoL::MoL_AllocateScratchSpace: [level] Allocate storage for scratch levels
          GROUP MoL_PreStep: Physics thorns can schedule preloop setup routines in here
          MoL::MoL_AllocateScratch: Allocate sufficient space for array scratch variables
          MoL::MoL_InitialCopy: Ensure the data is in the correct timelevel
          while (MoL::MoL_Intermediate_Step)
            GROUP MoL_Step: The loop over the intermediate steps for the ODE integrator
              MoL::MoL_InitRHS: Initialise the RHS functions
              GROUP MoL_CalcRHS: Physics thorns schedule the calculation of the discrete spatial operator in here
                GROUP HydroBase_RHS: Groups for scheduling tasks for calculating RHS of hydro variables
                  THC_Core::THC_InitSource: Initializes the source term
                  THC_Core::THC_GRSource: Computes the geometric source terms
                  THC_Core::THC_RHS: Compute the RHS for MoL
                GROUP ML_CCZ4_EvolutionInteriorSplitBy: 
                  ML_CCZ4::ML_CCZ4_EvolutionInteriorSplitBy1: ML_CCZ4_EvolutionInteriorSplitBy1
                  ML_CCZ4::ML_CCZ4_EvolutionInteriorSplitBy2: ML_CCZ4_EvolutionInteriorSplitBy2
                  ML_CCZ4::ML_CCZ4_EvolutionInteriorSplitBy3: ML_CCZ4_EvolutionInteriorSplitBy3
                ML_CCZ4_Helper::ML_CCZ4_NewRad: Apply NewRad boundary conditions to RHS
              GROUP MoL_PostRHS: Modify RHS functions
                Dissipation::dissipation_add: Add Kreiss-Oliger dissipation to the right hand sides
              GROUP MoL_RHSBoundaries: Any 'final' modifications to the RHS functions (boundaries etc.)
              MoL::MoL_Add: Updates calculated with the efficient Runge-Kutta 3 method
              MoL::MoL_DecrementCounter: [level] Alter the counter number
              MoL::MoL_ResetTime: [level] If necessary, change the time
              GROUP MoL_PostStepModify: The group for physics thorns to schedule enforcing constraints
                ML_CCZ4::ML_CCZ4_EnforceEverywhere: ML_CCZ4_EnforceEverywhere
              GROUP MoL_PostStep: The group for physics thorns to schedule boundary calls etc.
                ML_CCZ4::ML_CCZ4_SelectBoundConds: [level] select boundary conditions
                GROUP ML_CCZ4_ApplyBCs: Apply boundary conditions controlled by thorn Boundary
                  GROUP BoundaryConditions: Execute all boundary conditions
                    Boundary::Boundary_ApplyPhysicalBCs: Apply all requested local physical boundary conditions
                    CartGrid3D::CartGrid3D_ApplyBC: Apply symmetry boundary conditions
                    ReflectionSymmetry::ReflectionSymmetry_Apply: Apply reflection symmetries
                  Boundary::Boundary_ClearSelection: [level] Unselect all grid variables for boundary conditions
                ML_ADMConstraints::ML_ADMConstraints_SelectBoundConds: [level] select boundary conditions
                GROUP ML_ADMConstraints_ApplyBCs: Apply boundary conditions controlled by thorn Boundary
                  GROUP BoundaryConditions: Execute all boundary conditions
                    Boundary::Boundary_ApplyPhysicalBCs: Apply all requested local physical boundary conditions
                    CartGrid3D::CartGrid3D_ApplyBC: Apply symmetry boundary conditions
                    ReflectionSymmetry::ReflectionSymmetry_Apply: Apply reflection symmetries
                  Boundary::Boundary_ClearSelection: [level] Unselect all grid variables for boundary conditions
                ML_CCZ4::ML_CCZ4_ADMBaseInterior: ML_CCZ4_ADMBaseInterior
                ML_CCZ4::ML_CCZ4_ADMBaseBoundaryScalar: ML_CCZ4_ADMBaseBoundaryScalar
                ML_CCZ4::ML_CCZ4_ADMBaseEverywhere: ML_CCZ4_ADMBaseEverywhere
                ML_CCZ4_Helper::ML_CCZ4_ADMBase_SelectBCs: [level] Select boundary conditions for ADMBase variables
                GROUP ML_CCZ4_ADMBase_ApplyBCs: Apply boundary conditions to ADMBase variables
                  GROUP BoundaryConditions: Execute all boundary conditions
                    Boundary::Boundary_ApplyPhysicalBCs: Apply all requested local physical boundary conditions
                    CartGrid3D::CartGrid3D_ApplyBC: Apply symmetry boundary conditions
                    ReflectionSymmetry::ReflectionSymmetry_Apply: Apply reflection symmetries
                  Boundary::Boundary_ClearSelection: [level] Unselect all grid variables for boundary conditions
                GROUP ADMBase_SetADMVars: Set the ADM variables before this group, and use them afterwards
                GROUP HydroBase_PostStep: Post step tasks for hydro thorns
                  GROUP HydroBase_Boundaries: HydroBase-internal Boundary conditions group
                    GROUP HydroBase_Select_Boundaries: Group to schedule the boundary condition functions
                      THC_Core::THC_SelectBC: [singlemap] Select boundary conditions
                    GROUP HydroBase_ApplyBCs: Apply the boundary conditions of HydroBase
                      GROUP BoundaryConditions: Execute all boundary conditions
                        Boundary::Boundary_ApplyPhysicalBCs: Apply all requested local physical boundary conditions
                        CartGrid3D::CartGrid3D_ApplyBC: Apply symmetry boundary conditions
                        ReflectionSymmetry::ReflectionSymmetry_Apply: Apply reflection symmetries
                      Boundary::Boundary_ClearSelection: [level] Unselect all grid variables for boundary conditions
                  GROUP HydroBase_Con2Prim: Convert from conservative to primitive variables
                    GROUP THC_SetExcisionMask: Thorns providing excision should set the bitmask
                    THC_Core::THC_ConsToAll: Computes the primitives from the conservatives
                GROUP SetTmunu: Group for calculating the stress-energy tensor
                  TmunuBase::TmunuBase_ZeroTmunu: Initialise the stress-energy tensor to zero
                  GROUP AddToTmunu: Add to the stress-energy tensor here
                    THC_Core::THC_AddToTmunu: Adds the contribution of the fluid to the global stress-energy tensor
                WeylScal4::WeylScal4_SelectBoundConds: [level] select boundary conditions
                GROUP WeylScal4_ApplyBCs: Apply boundary conditions controlled by thorn Boundary
                  GROUP BoundaryConditions: Execute all boundary conditions
                    Boundary::Boundary_ApplyPhysicalBCs: Apply all requested local physical boundary conditions
                    CartGrid3D::CartGrid3D_ApplyBC: Apply symmetry boundary conditions
                    ReflectionSymmetry::ReflectionSymmetry_Apply: Apply reflection symmetries
                  Boundary::Boundary_ClearSelection: [level] Unselect all grid variables for boundary conditions
              MoL::MoL_ResetDeltaTime: [level] If necessary, change the timestep
          end while
          MoL::MoL_FinishLoop: [level] Control the step size
          MoL::MoL_RestoreSandR: Restoring the Save and Restore variables to the original state
          MoL::MoL_FreeScratchSpace: [level] Free storage for scratch levels
      end while
      GROUP MoL_PseudoEvolution: Calculate pseudo-evolved quantities
        GROUP ADMBase_SetADMVars: Set the ADM variables before this group, and use them afterwards
        GROUP ML_ADMConstraints_evaluate_group: ML_ADMConstraints_evaluate
          ML_ADMConstraints::ML_ADMConstraints_evaluate: ML_ADMConstraints_evaluate
          GROUP ML_ADMConstraints_evaluate_bc_group: ML_ADMConstraints_evaluate
            ML_ADMConstraints::ML_ADMConstraints_evaluate_SelectBCs: [level] ML_ADMConstraints_evaluate_SelectBCs
            GROUP ML_ADMConstraints_evaluate_ApplyBCs: Apply BCs for groups set in ML_ADMConstraints_evaluate
              GROUP BoundaryConditions: Execute all boundary conditions
                Boundary::Boundary_ApplyPhysicalBCs: Apply all requested local physical boundary conditions
                CartGrid3D::CartGrid3D_ApplyBC: Apply symmetry boundary conditions
                ReflectionSymmetry::ReflectionSymmetry_Apply: Apply reflection symmetries
              Boundary::Boundary_ClearSelection: [level] Unselect all grid variables for boundary conditions
        GROUP ML_CCZ4_ConstraintsEverywhere_group: ML_CCZ4_ConstraintsEverywhere
          ML_CCZ4::ML_CCZ4_ConstraintsEverywhere: ML_CCZ4_ConstraintsEverywhere
          GROUP ML_CCZ4_ConstraintsEverywhere_bc_group: ML_CCZ4_ConstraintsEverywhere
            ML_CCZ4::ML_CCZ4_ConstraintsEverywhere_SelectBCs: [level] ML_CCZ4_ConstraintsEverywhere_SelectBCs
            GROUP ML_CCZ4_ConstraintsEverywhere_ApplyBCs: Apply BCs for groups set in ML_CCZ4_ConstraintsEverywhere
              GROUP BoundaryConditions: Execute all boundary conditions
                Boundary::Boundary_ApplyPhysicalBCs: Apply all requested local physical boundary conditions
                CartGrid3D::CartGrid3D_ApplyBC: Apply symmetry boundary conditions
                ReflectionSymmetry::ReflectionSymmetry_Apply: Apply reflection symmetries
              Boundary::Boundary_ClearSelection: [level] Unselect all grid variables for boundary conditions
        GROUP ML_CCZ4_ConstraintsInterior_group: ML_CCZ4_ConstraintsInterior
          ML_CCZ4::ML_CCZ4_ConstraintsInterior: ML_CCZ4_ConstraintsInterior
          GROUP ML_CCZ4_ConstraintsInterior_bc_group: ML_CCZ4_ConstraintsInterior
            ML_CCZ4::ML_CCZ4_ConstraintsInterior_SelectBCs: [level] ML_CCZ4_ConstraintsInterior_SelectBCs
            GROUP ML_CCZ4_ConstraintsInterior_ApplyBCs: Apply BCs for groups set in ML_CCZ4_ConstraintsInterior
              GROUP BoundaryConditions: Execute all boundary conditions
                Boundary::Boundary_ApplyPhysicalBCs: Apply all requested local physical boundary conditions
                CartGrid3D::CartGrid3D_ApplyBC: Apply symmetry boundary conditions
                ReflectionSymmetry::ReflectionSymmetry_Apply: Apply reflection symmetries
              Boundary::Boundary_ClearSelection: [level] Unselect all grid variables for boundary conditions
        GROUP WeylScal4_psi4_calc_Nth_group: WeylScal4_psi4_calc_Nth
          WeylScal4::WeylScal4_psi4_calc_Nth: WeylScal4_psi4_calc_Nth
          GROUP WeylScal4_psi4_calc_Nth_bc_group: WeylScal4_psi4_calc_Nth
            WeylScal4::WeylScal4_psi4_calc_Nth_SelectBCs: [level] WeylScal4_psi4_calc_Nth_SelectBCs
            GROUP WeylScal4_psi4_calc_Nth_ApplyBCs: Apply BCs for groups set in WeylScal4_psi4_calc_Nth
              GROUP BoundaryConditions: Execute all boundary conditions
                Boundary::Boundary_ApplyPhysicalBCs: Apply all requested local physical boundary conditions
                CartGrid3D::CartGrid3D_ApplyBC: Apply symmetry boundary conditions
                ReflectionSymmetry::ReflectionSymmetry_Apply: Apply reflection symmetries
              Boundary::Boundary_ClearSelection: [level] Unselect all grid variables for boundary conditions
    Evolve finer grids recursively
    Restrict from finer grids
    [CCTK_POSTRESTRICT]
      GROUP MoL_PostStep: Ensure that everything is correct after restriction
        ML_CCZ4::ML_CCZ4_SelectBoundConds: [level] select boundary conditions
        GROUP ML_CCZ4_ApplyBCs: Apply boundary conditions controlled by thorn Boundary
          GROUP BoundaryConditions: Execute all boundary conditions
            Boundary::Boundary_ApplyPhysicalBCs: Apply all requested local physical boundary conditions
            CartGrid3D::CartGrid3D_ApplyBC: Apply symmetry boundary conditions
            ReflectionSymmetry::ReflectionSymmetry_Apply: Apply reflection symmetries
          Boundary::Boundary_ClearSelection: [level] Unselect all grid variables for boundary conditions
        ML_ADMConstraints::ML_ADMConstraints_SelectBoundConds: [level] select boundary conditions
        GROUP ML_ADMConstraints_ApplyBCs: Apply boundary conditions controlled by thorn Boundary
          GROUP BoundaryConditions: Execute all boundary conditions
            Boundary::Boundary_ApplyPhysicalBCs: Apply all requested local physical boundary conditions
            CartGrid3D::CartGrid3D_ApplyBC: Apply symmetry boundary conditions
            ReflectionSymmetry::ReflectionSymmetry_Apply: Apply reflection symmetries
          Boundary::Boundary_ClearSelection: [level] Unselect all grid variables for boundary conditions
        ML_CCZ4::ML_CCZ4_ADMBaseInterior: ML_CCZ4_ADMBaseInterior
        ML_CCZ4::ML_CCZ4_ADMBaseBoundaryScalar: ML_CCZ4_ADMBaseBoundaryScalar
        ML_CCZ4::ML_CCZ4_ADMBaseEverywhere: ML_CCZ4_ADMBaseEverywhere
        ML_CCZ4_Helper::ML_CCZ4_ADMBase_SelectBCs: [level] Select boundary conditions for ADMBase variables
        GROUP ML_CCZ4_ADMBase_ApplyBCs: Apply boundary conditions to ADMBase variables
          GROUP BoundaryConditions: Execute all boundary conditions
            Boundary::Boundary_ApplyPhysicalBCs: Apply all requested local physical boundary conditions
            CartGrid3D::CartGrid3D_ApplyBC: Apply symmetry boundary conditions
            ReflectionSymmetry::ReflectionSymmetry_Apply: Apply reflection symmetries
          Boundary::Boundary_ClearSelection: [level] Unselect all grid variables for boundary conditions
        GROUP ADMBase_SetADMVars: Set the ADM variables before this group, and use them afterwards
        GROUP HydroBase_PostStep: Post step tasks for hydro thorns
          GROUP HydroBase_Boundaries: HydroBase-internal Boundary conditions group
            GROUP HydroBase_Select_Boundaries: Group to schedule the boundary condition functions
              THC_Core::THC_SelectBC: [singlemap] Select boundary conditions
            GROUP HydroBase_ApplyBCs: Apply the boundary conditions of HydroBase
              GROUP BoundaryConditions: Execute all boundary conditions
                Boundary::Boundary_ApplyPhysicalBCs: Apply all requested local physical boundary conditions
                CartGrid3D::CartGrid3D_ApplyBC: Apply symmetry boundary conditions
                ReflectionSymmetry::ReflectionSymmetry_Apply: Apply reflection symmetries
              Boundary::Boundary_ClearSelection: [level] Unselect all grid variables for boundary conditions
          GROUP HydroBase_Con2Prim: Convert from conservative to primitive variables
            GROUP THC_SetExcisionMask: Thorns providing excision should set the bitmask
            THC_Core::THC_ConsToAll: Computes the primitives from the conservatives
        GROUP SetTmunu: Group for calculating the stress-energy tensor
          TmunuBase::TmunuBase_ZeroTmunu: Initialise the stress-energy tensor to zero
          GROUP AddToTmunu: Add to the stress-energy tensor here
            THC_Core::THC_AddToTmunu: Adds the contribution of the fluid to the global stress-energy tensor
        WeylScal4::WeylScal4_SelectBoundConds: [level] select boundary conditions
        GROUP WeylScal4_ApplyBCs: Apply boundary conditions controlled by thorn Boundary
          GROUP BoundaryConditions: Execute all boundary conditions
            Boundary::Boundary_ApplyPhysicalBCs: Apply all requested local physical boundary conditions
            CartGrid3D::CartGrid3D_ApplyBC: Apply symmetry boundary conditions
            ReflectionSymmetry::ReflectionSymmetry_Apply: Apply reflection symmetries
          Boundary::Boundary_ClearSelection: [level] Unselect all grid variables for boundary conditions
      GROUP MoL_PseudoEvolutionBoundaries: Apply boundary conditions to pseudo-evolved quantities
        GROUP ML_ADMConstraints_evaluate_bc_group: ML_ADMConstraints_evaluate
          ML_ADMConstraints::ML_ADMConstraints_evaluate_SelectBCs: [level] ML_ADMConstraints_evaluate_SelectBCs
          GROUP ML_ADMConstraints_evaluate_ApplyBCs: Apply BCs for groups set in ML_ADMConstraints_evaluate
            GROUP BoundaryConditions: Execute all boundary conditions
              Boundary::Boundary_ApplyPhysicalBCs: Apply all requested local physical boundary conditions
              CartGrid3D::CartGrid3D_ApplyBC: Apply symmetry boundary conditions
              ReflectionSymmetry::ReflectionSymmetry_Apply: Apply reflection symmetries
            Boundary::Boundary_ClearSelection: [level] Unselect all grid variables for boundary conditions
        GROUP ML_CCZ4_ConstraintsEverywhere_bc_group: ML_CCZ4_ConstraintsEverywhere
          ML_CCZ4::ML_CCZ4_ConstraintsEverywhere_SelectBCs: [level] ML_CCZ4_ConstraintsEverywhere_SelectBCs
          GROUP ML_CCZ4_ConstraintsEverywhere_ApplyBCs: Apply BCs for groups set in ML_CCZ4_ConstraintsEverywhere
            GROUP BoundaryConditions: Execute all boundary conditions
              Boundary::Boundary_ApplyPhysicalBCs: Apply all requested local physical boundary conditions
              CartGrid3D::CartGrid3D_ApplyBC: Apply symmetry boundary conditions
              ReflectionSymmetry::ReflectionSymmetry_Apply: Apply reflection symmetries
            Boundary::Boundary_ClearSelection: [level] Unselect all grid variables for boundary conditions
        GROUP ML_CCZ4_ConstraintsInterior_bc_group: ML_CCZ4_ConstraintsInterior
          ML_CCZ4::ML_CCZ4_ConstraintsInterior_SelectBCs: [level] ML_CCZ4_ConstraintsInterior_SelectBCs
          GROUP ML_CCZ4_ConstraintsInterior_ApplyBCs: Apply BCs for groups set in ML_CCZ4_ConstraintsInterior
            GROUP BoundaryConditions: Execute all boundary conditions
              Boundary::Boundary_ApplyPhysicalBCs: Apply all requested local physical boundary conditions
              CartGrid3D::CartGrid3D_ApplyBC: Apply symmetry boundary conditions
              ReflectionSymmetry::ReflectionSymmetry_Apply: Apply reflection symmetries
            Boundary::Boundary_ClearSelection: [level] Unselect all grid variables for boundary conditions
        GROUP WeylScal4_psi4_calc_Nth_bc_group: WeylScal4_psi4_calc_Nth
          WeylScal4::WeylScal4_psi4_calc_Nth_SelectBCs: [level] WeylScal4_psi4_calc_Nth_SelectBCs
          GROUP WeylScal4_psi4_calc_Nth_ApplyBCs: Apply BCs for groups set in WeylScal4_psi4_calc_Nth
            GROUP BoundaryConditions: Execute all boundary conditions
              Boundary::Boundary_ApplyPhysicalBCs: Apply all requested local physical boundary conditions
              CartGrid3D::CartGrid3D_ApplyBC: Apply symmetry boundary conditions
              ReflectionSymmetry::ReflectionSymmetry_Apply: Apply reflection symmetries
            Boundary::Boundary_ClearSelection: [level] Unselect all grid variables for boundary conditions
    [CCTK_POSTSTEP]
      SphericalSurface::SphericalSurface_Set: [global] Set surface radii
      GROUP zzz_NaNChecker_NaNCheck: Check for NaNs and count them in NaNChecker::NaNsFound
        NaNChecker::NaNChecker_NaNCheck_Prepare: [level] Prepare data structures to check for NaNs
        NaNChecker::NaNChecker_NaNCheck_Check: [local] Check for NaNs
        NaNChecker::NaNChecker_NaNCheck_Finish: [level] Count NaNs in NaNChecker::NaNsFound
      NaNChecker::NaNChecker_TakeAction: [global] [loop-level] Output NaNChecker::NaNmask and take action according to NaNChecker::action_if_found
      SpaceMask::CheckMask: Ensure that all mask values are legal
      GROUP SphericalSurface_HasBeenSet: Set the spherical surfaces before this group, and use it afterwards
        SphericalSurface::SphericalSurface_CheckState: [global] Test the state of the spherical surfaces
      Dissipation::setup_epsdis: Setup spatially varying dissipation
    if (checkpoint)
      [CCTK_CHECKPOINT]
      CarpetIOHDF5::CarpetIOHDF5_EvolutionCheckpoint: [meta] Evolution checkpoint routine
    endif
    if (analysis)
      [CCTK_ANALYSIS]
      CarpetLib::CarpetLib_printtimestats: [global] Print timing statistics if desired
      CarpetLib::CarpetLib_printmemstats: [global] Print memory statistics if desired
      Formaline::Formaline_AnnounceUpdate: [global] Put some meta information about the current run into permanent storage
      LoopControl::LC_statistics_analysis: [meta] Output LoopControl statistics
      GROUP ML_CCZ4_EvolutionAnalysis: Calculate RHS at analysis
        ML_CCZ4::ML_CCZ4_EvolutionAnalysisInit: ML_CCZ4_EvolutionAnalysisInit
        ML_CCZ4::ML_CCZ4_EvolutionAnalysisInterior: ML_CCZ4_EvolutionAnalysisInterior
        ML_CCZ4_Helper::ML_CCZ4_NewRad: Apply NewRad boundary conditions to RHS
      Multipole::Multipole_Calc: [global] Calculate Multipoles
      TerminationTrigger::TerminationTrigger_CheckWalltime: Check elapsed job walltime
      TerminationTrigger::TerminationTrigger_CheckSignal: Check if we received a termination signal
      TerminationTrigger::TerminationTrigger_CheckFile: Check termination file
      WatchDog::WatchDog: Make sure that the run is progressing
    endif
    Output grid variables
    enddo

  Termination routines
    [CCTK_TERMINATE]
      CarpetIOHDF5::CarpetIOHDF5_TerminationCheckpoint: [meta] Termination checkpoint routine
      Formaline::Formaline_AnnounceFinal: [global] Put some meta information about the current run into permanent storage
      LoopControl::LC_statistics_terminate: [meta] Output LoopControl statistics
      MoL::MoL_FreeIndexArrays: Free the MoL bookkeeping index arrays

  Shutdown routines
    [CCTK_SHUTDOWN]
      Timers::Timer_Shutdown: Prepare hierarchical timers

  Routines run after changing the grid hierarchy:
    [CCTK_POSTREGRID]
      CartGrid3D::SpatialCoordinates: Set Coordinates after regridding
      GROUP MaskBase_SetupMask: Set up the weight function
        GROUP MaskBase_SetupMaskAll: Set up the weight function
          CarpetReduce::MaskBase_AllocateMask: [global] Allocate the weight function
          CarpetReduce::MaskBase_InitMask: [global] [loop-local] Initialise the weight function
          GROUP SetupIMaskInternal: Set up the integer weight function (schedule other routines in here)
            CarpetReduce::CoordBase_SetupMask: [global] [loop-local] Set up the outer boundaries of the weight function
            CarpetReduce::CarpetMaskSetup: [global] [loop-singlemap] Set up the weight function for the restriction regions
          GROUP SetupIMask: Set up the integer weight function (schedule other routines in here)
          CarpetReduce::MaskBase_SetMask: [global] [loop-local] Set the weight function
          GROUP SetupMask: Set up the real weight function (schedule other routines in here)
          CarpetReduce::MaskBase_TestMask: [global] Test the weight function
      Dissipation::setup_epsdis: Setup spatially varying dissipation
      GROUP MoL_PostStep: Ensure that everything is correct after regridding
        ML_CCZ4::ML_CCZ4_SelectBoundConds: [level] select boundary conditions
        GROUP ML_CCZ4_ApplyBCs: Apply boundary conditions controlled by thorn Boundary
          GROUP BoundaryConditions: Execute all boundary conditions
            Boundary::Boundary_ApplyPhysicalBCs: Apply all requested local physical boundary conditions
            CartGrid3D::CartGrid3D_ApplyBC: Apply symmetry boundary conditions
            ReflectionSymmetry::ReflectionSymmetry_Apply: Apply reflection symmetries
          Boundary::Boundary_ClearSelection: [level] Unselect all grid variables for boundary conditions
        ML_ADMConstraints::ML_ADMConstraints_SelectBoundConds: [level] select boundary conditions
        GROUP ML_ADMConstraints_ApplyBCs: Apply boundary conditions controlled by thorn Boundary
          GROUP BoundaryConditions: Execute all boundary conditions
            Boundary::Boundary_ApplyPhysicalBCs: Apply all requested local physical boundary conditions
            CartGrid3D::CartGrid3D_ApplyBC: Apply symmetry boundary conditions
            ReflectionSymmetry::ReflectionSymmetry_Apply: Apply reflection symmetries
          Boundary::Boundary_ClearSelection: [level] Unselect all grid variables for boundary conditions
        ML_CCZ4::ML_CCZ4_ADMBaseInterior: ML_CCZ4_ADMBaseInterior
        ML_CCZ4::ML_CCZ4_ADMBaseBoundaryScalar: ML_CCZ4_ADMBaseBoundaryScalar
        ML_CCZ4::ML_CCZ4_ADMBaseEverywhere: ML_CCZ4_ADMBaseEverywhere
        ML_CCZ4_Helper::ML_CCZ4_ADMBase_SelectBCs: [level] Select boundary conditions for ADMBase variables
        GROUP ML_CCZ4_ADMBase_ApplyBCs: Apply boundary conditions to ADMBase variables
          GROUP BoundaryConditions: Execute all boundary conditions
            Boundary::Boundary_ApplyPhysicalBCs: Apply all requested local physical boundary conditions
            CartGrid3D::CartGrid3D_ApplyBC: Apply symmetry boundary conditions
            ReflectionSymmetry::ReflectionSymmetry_Apply: Apply reflection symmetries
          Boundary::Boundary_ClearSelection: [level] Unselect all grid variables for boundary conditions
        GROUP ADMBase_SetADMVars: Set the ADM variables before this group, and use them afterwards
        GROUP HydroBase_PostStep: Post step tasks for hydro thorns
          GROUP HydroBase_Boundaries: HydroBase-internal Boundary conditions group
            GROUP HydroBase_Select_Boundaries: Group to schedule the boundary condition functions
              THC_Core::THC_SelectBC: [singlemap] Select boundary conditions
            GROUP HydroBase_ApplyBCs: Apply the boundary conditions of HydroBase
              GROUP BoundaryConditions: Execute all boundary conditions
                Boundary::Boundary_ApplyPhysicalBCs: Apply all requested local physical boundary conditions
                CartGrid3D::CartGrid3D_ApplyBC: Apply symmetry boundary conditions
                ReflectionSymmetry::ReflectionSymmetry_Apply: Apply reflection symmetries
              Boundary::Boundary_ClearSelection: [level] Unselect all grid variables for boundary conditions
          GROUP HydroBase_Con2Prim: Convert from conservative to primitive variables
            GROUP THC_SetExcisionMask: Thorns providing excision should set the bitmask
            THC_Core::THC_ConsToAll: Computes the primitives from the conservatives
        GROUP SetTmunu: Group for calculating the stress-energy tensor
          TmunuBase::TmunuBase_ZeroTmunu: Initialise the stress-energy tensor to zero
          GROUP AddToTmunu: Add to the stress-energy tensor here
            THC_Core::THC_AddToTmunu: Adds the contribution of the fluid to the global stress-energy tensor
        WeylScal4::WeylScal4_SelectBoundConds: [level] select boundary conditions
        GROUP WeylScal4_ApplyBCs: Apply boundary conditions controlled by thorn Boundary
          GROUP BoundaryConditions: Execute all boundary conditions
            Boundary::Boundary_ApplyPhysicalBCs: Apply all requested local physical boundary conditions
            CartGrid3D::CartGrid3D_ApplyBC: Apply symmetry boundary conditions
            ReflectionSymmetry::ReflectionSymmetry_Apply: Apply reflection symmetries
          Boundary::Boundary_ClearSelection: [level] Unselect all grid variables for boundary conditions
      GROUP MoL_PseudoEvolutionBoundaries: Apply boundary conditions to pseudo-evolved quantities
        GROUP ML_ADMConstraints_evaluate_bc_group: ML_ADMConstraints_evaluate
          ML_ADMConstraints::ML_ADMConstraints_evaluate_SelectBCs: [level] ML_ADMConstraints_evaluate_SelectBCs
          GROUP ML_ADMConstraints_evaluate_ApplyBCs: Apply BCs for groups set in ML_ADMConstraints_evaluate
            GROUP BoundaryConditions: Execute all boundary conditions
              Boundary::Boundary_ApplyPhysicalBCs: Apply all requested local physical boundary conditions
              CartGrid3D::CartGrid3D_ApplyBC: Apply symmetry boundary conditions
              ReflectionSymmetry::ReflectionSymmetry_Apply: Apply reflection symmetries
            Boundary::Boundary_ClearSelection: [level] Unselect all grid variables for boundary conditions
        GROUP ML_CCZ4_ConstraintsEverywhere_bc_group: ML_CCZ4_ConstraintsEverywhere
          ML_CCZ4::ML_CCZ4_ConstraintsEverywhere_SelectBCs: [level] ML_CCZ4_ConstraintsEverywhere_SelectBCs
          GROUP ML_CCZ4_ConstraintsEverywhere_ApplyBCs: Apply BCs for groups set in ML_CCZ4_ConstraintsEverywhere
            GROUP BoundaryConditions: Execute all boundary conditions
              Boundary::Boundary_ApplyPhysicalBCs: Apply all requested local physical boundary conditions
              CartGrid3D::CartGrid3D_ApplyBC: Apply symmetry boundary conditions
              ReflectionSymmetry::ReflectionSymmetry_Apply: Apply reflection symmetries
            Boundary::Boundary_ClearSelection: [level] Unselect all grid variables for boundary conditions
        GROUP ML_CCZ4_ConstraintsInterior_bc_group: ML_CCZ4_ConstraintsInterior
          ML_CCZ4::ML_CCZ4_ConstraintsInterior_SelectBCs: [level] ML_CCZ4_ConstraintsInterior_SelectBCs
          GROUP ML_CCZ4_ConstraintsInterior_ApplyBCs: Apply BCs for groups set in ML_CCZ4_ConstraintsInterior
            GROUP BoundaryConditions: Execute all boundary conditions
              Boundary::Boundary_ApplyPhysicalBCs: Apply all requested local physical boundary conditions
              CartGrid3D::CartGrid3D_ApplyBC: Apply symmetry boundary conditions
              ReflectionSymmetry::ReflectionSymmetry_Apply: Apply reflection symmetries
            Boundary::Boundary_ClearSelection: [level] Unselect all grid variables for boundary conditions
        GROUP WeylScal4_psi4_calc_Nth_bc_group: WeylScal4_psi4_calc_Nth
          WeylScal4::WeylScal4_psi4_calc_Nth_SelectBCs: [level] WeylScal4_psi4_calc_Nth_SelectBCs
          GROUP WeylScal4_psi4_calc_Nth_ApplyBCs: Apply BCs for groups set in WeylScal4_psi4_calc_Nth
            GROUP BoundaryConditions: Execute all boundary conditions
              Boundary::Boundary_ApplyPhysicalBCs: Apply all requested local physical boundary conditions
              CartGrid3D::CartGrid3D_ApplyBC: Apply symmetry boundary conditions
              ReflectionSymmetry::ReflectionSymmetry_Apply: Apply reflection symmetries
            Boundary::Boundary_ClearSelection: [level] Unselect all grid variables for boundary conditions
      SpaceMask::MaskZero: Initialise mask to zero
      SpaceMask::MaskOne: Set mask to one
--------------------------------------------------------------------------------
INFO (Carpet): Multi-Model listing:
   model 0: "world"
INFO (Carpet): Multi-Model process distribution:
   processes 0-15: model 0 "world"
INFO (Carpet): Multi-Model: This is process 0, model 0 "world"
INFO (CarpetLib): Process startup time was 0.958 seconds
Current core file size limit: hard=[unlimited], soft=0 MB
Current addres space size limit: hard=[unlimited], soft=[unlimited]
Current data segment size limit: hard=[unlimited], soft=[unlimited]
Current resident set size limit: hard=[unlimited], soft=[unlimited]
INFO (CycleClock): Measuring CycleClock tick via OpenMP...
INFO (CycleClock): Calibrated CycleClock: 0.313756 ns per clock tick (3.18719 GHz)
INFO (Formaline): Configuration id: config-sim-rva-msi-ubuntu-home-rva-msi-ubuntu-Cactus
INFO (Formaline): Build id: build-sim-rva-msi-ubuntu-rva-msi-ubuntu-2025.09.21-15.06.29-552338
INFO (Formaline): Simulation id: run-SFHo+CCS-rva-msi-ubuntu-rva-msi-ubuntu-2025.11.16-05.23.44-464286
INFO (Formaline): Run id: run-SFHo+CCS-rva-msi-ubuntu-rva-msi-ubuntu-2025.11.16-05.23.44-464286
INFO (Vectors): Using vector size 2 for architecture SSE2 (64-bit precision)
INFO (hwloc): library version 2.7.0, API version 0x20500
--------------------------------------------------------------------------------
AMR driver provided by Carpet
--------------------------------------------------------------------------------
HRSCCore: HRSC for Cactus
--------------------------------------------------------------------------------
HydroBase: Let it flow.
--------------------------------------------------------------------------------
AMR 0D ASCII I/O provided by CarpetIOASCII
--------------------------------------------------------------------------------
AMR 1D ASCII I/O provided by CarpetIOASCII
--------------------------------------------------------------------------------
AMR 2D ASCII I/O provided by CarpetIOASCII
--------------------------------------------------------------------------------
AMR 3D ASCII I/O provided by CarpetIOASCII
--------------------------------------------------------------------------------
AMR info I/O provided by CarpetIOBasic
--------------------------------------------------------------------------------
ML_ADMConstraints
--------------------------------------------------------------------------------
ML_CCZ4
--------------------------------------------------------------------------------
AMR HDF5 I/O provided by CarpetIOHDF5
--------------------------------------------------------------------------------
AMR 0D HDF5 I/O provided by CarpetIOHDF5
--------------------------------------------------------------------------------
AMR 1D HDF5 I/O provided by CarpetIOHDF5
--------------------------------------------------------------------------------
AMR 2D HDF5 I/O provided by CarpetIOHDF5
--------------------------------------------------------------------------------
AMR 3D HDF5 I/O provided by CarpetIOHDF5
--------------------------------------------------------------------------------
MoL: Generalized time integration.
--------------------------------------------------------------------------------
PizzaBase: pizza infrastructure
--------------------------------------------------------------------------------
PizzaIDBase: pizza initial data infrastructure
--------------------------------------------------------------------------------
PizzaTOV: TOV star initial data
--------------------------------------------------------------------------------
Templated Hydrodynamics Code: a modular (relativistic) CFD code for Cactus.
--------------------------------------------------------------------------------
AMR scalar I/O provided by CarpetIOScalar
--------------------------------------------------------------------------------
WeylScal4
--------------------------------------------------------------------------------

INFO (Carpet): MPI is enabled
INFO (Carpet): Carpet is running on 16 processes
INFO (Carpet): This is process 0
INFO (Carpet): OpenMP is enabled
INFO (Carpet): This process contains 1 threads, this is thread 0
INFO (Carpet): There are 16 threads in total
INFO (Carpet): There are 1 threads per process
INFO (Carpet): This process runs on host rva-msi-ubuntu, pid=464286
INFO (Carpet): This process runs on 24 cores: 0-23
INFO (Carpet): Thread 0 runs on 24 cores: 0-23
INFO (Carpet): This simulation is running in 3 dimensions
INFO (Carpet): Boundary specification for map 0:
   nboundaryzones: [[3,3,3],[3,3,3]]
   is_internal   : [[0,0,0],[0,0,0]]
   is_staggered  : [[0,0,0],[0,0,0]]
   shiftout      : [[1,1,1],[0,0,0]]
INFO (Carpet): CoordBase domain specification for map 0:
   physical extent: [0,0,0] : [24,24,24]   ([24,24,24])
   interior extent: [0,0,0] : [23.68,23.68,23.68]   ([23.68,23.68,23.68])
   exterior extent: [-0.96,-0.96,-0.96] : [24.64,24.64,24.64]   ([25.6,25.6,25.6])
   base_spacing   : [0.32,0.32,0.32]
INFO (Carpet): Adapted domain specification for map 0:
   convergence factor: 2
   convergence level : 0
   physical extent   : [0,0,0] : [24,24,24]   ([24,24,24])
   interior extent   : [0,0,0] : [23.68,23.68,23.68]   ([23.68,23.68,23.68])
   exterior extent   : [-0.96,-0.96,-0.96] : [24.64,24.64,24.64]   ([25.6,25.6,25.6])
   spacing           : [0.32,0.32,0.32]
INFO (Carpet): Base grid specification for map 0:
   number of grid points             : [81,81,81]
   number of coarse grid ghost points: [[3,3,3],[3,3,3]]
INFO (Carpet): Buffer zone counts (excluding ghosts):
   [0]: [[0,0,0],[0,0,0]]
   [1]: [[6,6,6],[6,6,6]]
INFO (Carpet): Overlap zone counts:
   [0]: [[0,0,0],[0,0,0]]
   [1]: [[0,0,0],[0,0,0]]
INFO (Carpet): Group and variable statistics:
INFO (Carpet):    There are 757 grid functions in 108 groups
INFO (Carpet):    There are 242 grid scalars in 54 groups
INFO (Carpet):    There are 81 1-dimensional grid arrays in 7 groups
INFO (Carpet):    There are 3 2-dimensional grid arrays in 3 groups
INFO (Carpet):    There are 0 3-dimensional grid arrays in 0 groups
INFO (Carpet):    (The number of variables counts all time levels)
INFO (CarpetIOASCII): I/O Method 'IOASCII_0D' registered: 0D AMR output of grid variables to ASCII files
INFO (CarpetIOASCII): Periodic 0D AMR output requested for:
   CARPET::physical_time_per_hour
INFO (CarpetIOASCII): I/O Method 'IOASCII_1D' registered: 1D AMR output of grid variables to ASCII files
INFO (CarpetIOASCII): I/O Method 'IOASCII_2D' registered: 2D AMR output of grid variables to ASCII files
INFO (CarpetIOASCII): I/O Method 'IOASCII_3D' registered: 3D AMR output of grid variables to ASCII files
INFO (CarpetIOHDF5): I/O Method 'IOHDF5' registered: AMR output of grid variables to HDF5 files
INFO (CarpetIOHDF5): I/O Method 'IOHDF5_0D' registered: 0D AMR output of grid variables to HDF5 files
INFO (CarpetIOHDF5): I/O Method 'IOHDF5_1D' registered: 1D AMR output of grid variables to HDF5 files
INFO (CarpetIOHDF5): Periodic 1D AMR output requested for:
   ADMBASE::alp
   ADMBASE::betax
   ADMBASE::betay
   ADMBASE::betaz
   HYDROBASE::rho
   HYDROBASE::press
   HYDROBASE::eps
   HYDROBASE::vel[0]
   HYDROBASE::vel[1]
   HYDROBASE::vel[2]
   HYDROBASE::w_lorentz
   HYDROBASE::entropy
   ML_ADMCONSTRAINTS::H
   THC_CORE::dens
   THC_CORE::scon[0]
   THC_CORE::scon[1]
   THC_CORE::scon[2]
   THC_CORE::tau
   THC_CORE::volform
   WEYLSCAL4::Psi4r
   WEYLSCAL4::Psi4i
INFO (CarpetIOHDF5): I/O Method 'IOHDF5_2D' registered: 2D AMR output of grid variables to HDF5 files
INFO (CarpetIOHDF5): Periodic 2D AMR output requested for:
   ADMBASE::gxx
   ADMBASE::gxy
   ADMBASE::gxz
   ADMBASE::gyy
   ADMBASE::gyz
   ADMBASE::gzz
   ADMBASE::alp
   ADMBASE::betax
   ADMBASE::betay
   ADMBASE::betaz
   HYDROBASE::rho
   HYDROBASE::press
   HYDROBASE::eps
   HYDROBASE::vel[0]
   HYDROBASE::vel[1]
   HYDROBASE::vel[2]
   HYDROBASE::w_lorentz
   HYDROBASE::entropy
   ML_ADMCONSTRAINTS::H
   THC_CORE::dens
   THC_CORE::scon[0]
   THC_CORE::scon[1]
   THC_CORE::scon[2]
   THC_CORE::tau
   THC_CORE::csound
   THC_CORE::volform
   THC_CORE::bitmask
   WEYLSCAL4::Psi4r
   WEYLSCAL4::Psi4i
INFO (CarpetIOHDF5): I/O Method 'IOHDF5_3D' registered: 3D AMR output of grid variables to HDF5 files
INFO (CarpetIOScalar): Periodic scalar output requested for:
   ADMBASE::alp
   HYDROBASE::rho
   HYDROBASE::press
   HYDROBASE::w_lorentz
   ML_ADMCONSTRAINTS::H
   THC_CORE::dens
--------------------------------------------------------------------------------
INFO (Formaline): Writing tarballs with the Cactus sources into the directory "./data/../../cactus-source"
INFO (MoL): Using Runge-Kutta 3 as the time integrator.
INFO (SymBase): Symmetry on lower x-face: reflection_symmetry
INFO (SymBase): Symmetry on lower y-face: reflection_symmetry
INFO (SymBase): Symmetry on lower z-face: reflection_symmetry
INFO (MoL): The maximum number of evolved variables is 542. 32 are registered.
INFO (MoL): The maximum number of slow evolved variables is 542. 0 are registered.
INFO (MoL): The maximum number of constrained variables is 542. 30 are registered.
INFO (MoL): The maximum number of SandR variables is 542. 0 are registered.
INFO (MoL): The maximum number of evolved array variables is 542. 0 are registered.
INFO (MoL): The maximum number of constrained array variables is 542. 0 are registered.
INFO (MoL): The maximum number of SandR array variables is 542. 0 are registered.
INFO (MoL): The maximum size of any array variables is 0.
INFO (Vectors): Testing vectorisation... [errors may result in segfaults]
INFO (Vectors): 375/375 tests passed 
INFO (CarpetRegrid2): Enforcing grid structure properties, iteration 0
INFO (CarpetRegrid2): Enforcing grid structure properties, iteration 1
INFO (Carpet): Grid structure (superregions, grid points):
   [0][0][0]   exterior: [0,0,0] : [80,80,80]   ([81,81,81] + PADDING) 531441
   [1][0][0]   exterior: [3,3,3] : [88,88,88]   ([86,86,86] + PADDING) 636056
INFO (Carpet): Grid structure (superregions, coordinates):
   [0][0][0]   exterior: [-0.96,-0.96,-0.96] : [24.64,24.64,24.64] : [0.32,0.32,0.32]
   [1][0][0]   exterior: [-0.48,-0.48,-0.48] : [13.12,13.12,13.12] : [0.16,0.16,0.16]
INFO (Carpet): Global grid structure statistics:
INFO (Carpet): GF: rhs: 445k active, 522k owned (+17%), 889k total (+70%), 3 steps/time
INFO (Carpet): GF: vars: 339, pts: 298M active, 337M owned (+13%), 578M total (+72%), 1.0 comp/proc
INFO (Carpet): GA: vars: 307, pts: 1M active, 1M total (+0%)
INFO (Carpet): Total required memory: 4.610 GByte (for GAs and currently active GFs)
INFO (Carpet): Load balance:  min     avg     max     sdv     max/avg-1
INFO (Carpet): Level  0:       7M      9M     11M      1M owned     24%
INFO (Carpet): Level  1:      10M     12M     14M      1M owned     14%
INFO (CartGrid3D): Grid Spacings:
INFO (CartGrid3D): dx=>3.2000000e-01  dy=>3.2000000e-01  dz=>3.2000000e-01
INFO (CartGrid3D): Computational Coordinates:
INFO (CartGrid3D): x=>[-0.960,24.640]  y=>[-0.960,24.640]  z=>[-0.960,24.640]
INFO (CartGrid3D): Indices of Physical Coordinates:
INFO (CartGrid3D): x=>[0,80]  y=>[0,80]  z=>[0,80]
INFO (HRSCCore): Using FD. Method ID = 58.
INFO (TerminationTrigger): Reminding you every 60 minutes about remaining walltime
INFO (Time): Timestep set to 0.08 (courant_static)
INFO (PizzaTOV): PizzaTOV: param_test = 121
INFO (TerminationTrigger): Reminding you every 60 minutes about remaining walltime
INFO (Time): Timestep set to 0.04 (courant_static)
Memory statistics from CarpetLib:
   Current number of objects: 768
   Current allocated memory:  257 MB
   Maximum number of objects: 772
   Maximum allocated memory:  258 MB
   Current administrative memory: 1.1 MB
   Total allocated used system memory: 14.8 MB
   Total allocated free system memory: 21.8 MB
   gh::allmemory:    123132
   dh::allmemory:    721984
   th::allmemory:    13888
   ggf::allmemory:   189992
   gdata::allmemory: 55208
-----------------------------------------------------------------------------------------------------------------------------------
Iteration      Time |            HYDROBASE::rho |          HYDROBASE::press |            HYDROBASE::eps |      ML_ADMCONSTRAINTS::H
                    |        norm2      maximum |        norm2      maximum |        norm2      maximum |        norm2      maximum
-----------------------------------------------------------------------------------------------------------------------------------
        0     0.000 |    0.0000375    0.0020848 |    0.0000011    0.0002180 |    0.0023976    0.0643260 |    0.0001690    0.0360567
       32     1.280 |    0.0000370    0.0021069 |    0.0000009    0.0002411 |    0.0024475    0.0656772 |    0.0000689    0.1159861
       64     2.560 |    0.0000367    0.0019192 |    0.0000008    0.0000645 |    0.0024624    0.0608446 |    0.0000496    0.0068365
       96     3.840 |    0.0000365    0.0019263 |    0.0000008    0.0000641 |    0.0024681    0.0607486 |    0.0000321    0.0057132
      128     5.120 |    0.0000362    0.0019290 |    0.0000008    0.0000655 |    0.0024741    0.0621673 |    0.0000298    0.0037751
      160     6.400 |    0.0000360    0.0019343 |    0.0000008    0.0000663 |    0.0024788    0.0617235 |    0.0000263    0.0030345
      192     7.680 |    0.0000358    0.0018543 |    0.0000008    0.0000539 |    0.0024869    0.0600079 |    0.0000241    0.0041331
      224     8.960 |    0.0000357    0.0010878 |    0.0000008    0.0000300 |    0.0024934    0.0504577 |    0.0000234    0.0022082
      256    10.240 |    0.0000356    0.0010925 |    0.0000008    0.0000291 |    0.0025007    0.0498556 |    0.0000214    0.0022152
      288    11.520 |    0.0000355    0.0011017 |    0.0000008    0.0000295 |    0.0025061    0.0498560 |    0.0000201    0.0021656
      320    12.800 |    0.0000353    0.0010343 |    0.0000008    0.0000461 |    0.0025115    0.0780737 |    0.0000197    0.0025573
      352    14.080 |    0.0000351    0.0010277 |    0.0000008    0.0000442 |    0.0025175    0.0742556 |    0.0000182    0.0018499
      384    15.360 |    0.0000350    0.0010266 |    0.0000008    0.0000360 |    0.0025247    0.0656058 |    0.0000158    0.0024100
      416    16.640 |    0.0000348    0.0010241 |    0.0000007    0.0000330 |    0.0025294    0.0643762 |    0.0000150    0.0018689
      448    17.920 |    0.0000346    0.0009847 |    0.0000007    0.0000336 |    0.0025322    0.0622859 |    0.0000136    0.0015890
      480    19.200 |    0.0000344    0.0008281 |    0.0000007    0.0000321 |    0.0025309    0.0594598 |    0.0000126    0.0014202
      512    20.480 |    0.0000343    0.0006697 |    0.0000007    0.0000300 |    0.0025264    0.0549460 |    0.0000116    0.0013593
      544    21.760 |    0.0000341    0.0005597 |    0.0000007    0.0000212 |    0.0025218    0.0469220 |    0.0000112    0.0013078
      576    23.040 |    0.0000339    0.0005212 |    0.0000006    0.0000156 |    0.0025181    0.0402677 |    0.0000106    0.0012430
      608    24.320 |    0.0000337    0.0005216 |    0.0000006    0.0000158 |    0.0025149    0.0397284 |    0.0000101    0.0011908
-----------------------------------------------------------------------------------------------------------------------------------
Iteration      Time |            HYDROBASE::rho |          HYDROBASE::press |            HYDROBASE::eps |      ML_ADMCONSTRAINTS::H
                    |        norm2      maximum |        norm2      maximum |        norm2      maximum |        norm2      maximum
-----------------------------------------------------------------------------------------------------------------------------------
      640    25.600 |    0.0000335    0.0005182 |    0.0000006    0.0000153 |    0.0025122    0.0389137 |    0.0000097    0.0011228
      672    26.880 |    0.0000333    0.0004981 |    0.0000006    0.0000139 |    0.0025103    0.0381285 |    0.0000092    0.0011612
      704    28.160 |    0.0000331    0.0004855 |    0.0000006    0.0000126 |    0.0025102    0.0376827 |    0.0000088    0.0010718
      736    29.440 |    0.0000328    0.0006084 |    0.0000006    0.0000296 |    0.0025121    0.0557106 |    0.0000084    0.0009895
      768    30.720 |    0.0000326    0.0005496 |    0.0000005    0.0000196 |    0.0025146    0.0469696 |    0.0000081    0.0010418
      800    32.000 |    0.0000324    0.0005367 |    0.0000005    0.0000176 |    0.0025163    0.0461544 |    0.0000079    0.0009643
      832    33.280 |    0.0000321    0.0005213 |    0.0000005    0.0000160 |    0.0025177    0.0454142 |    0.0000076    0.0009294
      864    34.560 |    0.0000319    0.0005073 |    0.0000005    0.0000152 |    0.0025224    0.0448753 |    0.0000074    0.0009490
      896    35.840 |    0.0000317    0.0004993 |    0.0000005    0.0000147 |    0.0025309    0.0442471 |    0.0000072    0.0009023
      928    37.120 |    0.0000314    0.0004955 |    0.0000005    0.0000141 |    0.0025426    0.0435332 |    0.0000071    0.0009016
      960    38.400 |    0.0000312    0.0004914 |    0.0000005    0.0000139 |    0.0025585    0.0433438 |    0.0000069    0.0008863
      992    39.680 |    0.0000310    0.0004882 |    0.0000005    0.0000141 |    0.0025781    0.0434679 |    0.0000067    0.0008561
     1024    40.960 |    0.0000309    0.0004867 |    0.0000005    0.0000141 |    0.0026017    0.0433862 |    0.0000066    0.0008165
     1056    42.240 |    0.0000307    0.0004860 |    0.0000005    0.0000139 |    0.0026313    0.0431105 |    0.0000065    0.0007993
     1088    43.520 |    0.0000306    0.0004850 |    0.0000005    0.0000136 |    0.0026685    0.0428492 |    0.0000063    0.0008049
     1120    44.800 |    0.0000305    0.0004839 |    0.0000005    0.0000135 |    0.0027179    0.0427247 |    0.0000062    0.0007675
     1152    46.080 |    0.0000304    0.0004827 |    0.0000005    0.0000135 |    0.0028711    0.1825392 |    0.0000061    0.0007682
     1184    47.360 |    0.0000303    0.0004830 |    0.0000005    0.0000135 |    0.0046912    0.2034051 |    0.0000060    0.0007425
     1216    48.640 |    0.0000302    0.0004854 |    0.0000005    0.0000135 |    0.0072906    0.4092456 |    0.0000059    0.0007384
     1248    49.920 |    0.0000301    0.0004877 |    0.0000005    0.0000137 |    0.0112487    0.5567127 |    0.0000058    0.0007256
-----------------------------------------------------------------------------------------------------------------------------------
Iteration      Time |            HYDROBASE::rho |          HYDROBASE::press |            HYDROBASE::eps |      ML_ADMCONSTRAINTS::H
                    |        norm2      maximum |        norm2      maximum |        norm2      maximum |        norm2      maximum
-----------------------------------------------------------------------------------------------------------------------------------
     1280    51.200 |    0.0000301    0.0004891 |    0.0000005    0.0000143 |    0.0173160    0.6500129 |    0.0000057    0.0007001
     1312    52.480 |    0.0000300    0.0004901 |    0.0000005    0.0000146 |    0.0255517    0.7038444 |    0.0000057    0.0006978
     1344    53.760 |    0.0000300    0.0004898 |    0.0000005    0.0000142 |    0.0344099    0.7421001 |    0.0000056    0.0006799
     1376    55.040 |    0.0000300    0.0004874 |    0.0000005    0.0000138 |    0.0402391    0.7200728 |    0.0000055    0.0006934
     1408    56.320 |    0.0000299    0.0004848 |    0.0000005    0.0000137 |    0.0484401    0.7888394 |    0.0000055    0.0006331
     1440    57.600 |    0.0000299    0.0004813 |    0.0000005    0.0000134 |    0.0529093    0.7700899 |    0.0000054    0.0006880
     1472    58.880 |    0.0000299    0.0004781 |    0.0000005    0.0000131 |    0.0570730    0.6697381 |    0.0000053    0.0006225
     1504    60.160 |    0.0000299    0.0004769 |    0.0000005    0.0000130 |    0.0639780    0.5809543 |    0.0000053    0.0006362
     1536    61.440 |    0.0000299    0.0004764 |    0.0000005    0.0000131 |    0.0713392    0.5571814 |    0.0000052    0.0006323
     1568    62.720 |    0.0000299    0.0004744 |    0.0000005    0.0000131 |    0.0808737    0.6342072 |    0.0000051    0.0006183
     1600    64.000 |    0.0000299    0.0004727 |    0.0000005    0.0000130 |    0.0892304    0.6816059 |    0.0000051    0.0006014
     1632    65.280 |    0.0000300    0.0004709 |    0.0000005    0.0000129 |    0.0972160    0.7097567 |    0.0000050    0.0006035
     1664    66.560 |    0.0000300    0.0004681 |    0.0000005    0.0000127 |    0.1046655    0.8469275 |    0.0000050    0.0005875
     1696    67.840 |    0.0000301    0.0004657 |    0.0000005    0.0000124 |    0.1115876    0.9071447 |    0.0000049    0.0005805
     1728    69.120 |    0.0000301    0.0004636 |    0.0000005    0.0000121 |    0.1045050    0.8749555 |    0.0000048    0.0005751
     1760    70.400 |    0.0000302    0.0004621 |    0.0000005    0.0000120 |    0.0963385    0.4887983 |    0.0000048    0.0005657
     1792    71.680 |    0.0000303    0.0004611 |    0.0000005    0.0000121 |    0.0885312    0.4217285 |    0.0000047    0.0005583
     1824    72.960 |    0.0000304    0.0004609 |    0.0000005    0.0000122 |    0.0815625    0.4049234 |    0.0000047    0.0005542
     1856    74.240 |    0.0000305    0.0004613 |    0.0000005    0.0000122 |    0.0762354    0.3716789 |    0.0000046    0.0005481
     1888    75.520 |    0.0000306    0.0004617 |    0.0000005    0.0000122 |    0.0705381    0.3739718 |    0.0000046    0.0005369
-----------------------------------------------------------------------------------------------------------------------------------
Iteration      Time |            HYDROBASE::rho |          HYDROBASE::press |            HYDROBASE::eps |      ML_ADMCONSTRAINTS::H
                    |        norm2      maximum |        norm2      maximum |        norm2      maximum |        norm2      maximum
-----------------------------------------------------------------------------------------------------------------------------------
     1920    76.800 |    0.0000308    0.0004622 |    0.0000005    0.0000122 |    0.0642838    0.3645018 |    0.0000045    0.0005412
     1952    78.080 |    0.0000309    0.0004627 |    0.0000005    0.0000122 |    0.0569895    0.3511557 |    0.0000045    0.0005292
     1984    79.360 |    0.0000311    0.0004634 |    0.0000005    0.0000122 |    0.0493052    0.3390011 |    0.0000045    0.0005273
     2016    80.640 |    0.0000312    0.0004644 |    0.0000005    0.0000122 |    0.0420021    0.3392845 |    0.0000044    0.0005170
     2048    81.920 |    0.0000314    0.0004664 |    0.0000005    0.0000123 |    0.0355801    0.3251356 |    0.0000044    0.0005164
     2080    83.200 |    0.0000316    0.0004696 |    0.0000005    0.0000124 |    0.0296699    0.2673618 |    0.0000044    0.0005090
     2112    84.480 |    0.0000317    0.0004744 |    0.0000005    0.0000127 |    0.0242785    0.2677788 |    0.0000043    0.0005094
     2144    85.760 |    0.0000319    0.0004813 |    0.0000005    0.0000131 |    0.0195473    0.2609793 |    0.0000043    0.0004917
     2176    87.040 |    0.0000321    0.0004898 |    0.0000005    0.0000137 |    0.0153862    0.2539777 |    0.0000043    0.0005042
     2208    88.320 |    0.0000323    0.0004987 |    0.0000006    0.0000146 |    0.0117416    0.2386772 |    0.0000043    0.0004866
     2240    89.600 |    0.0000325    0.0005088 |    0.0000006    0.0000157 |    0.0086169    0.2294685 |    0.0000042    0.0004917
     2272    90.880 |    0.0000327    0.0005191 |    0.0000006    0.0000163 |    0.0060303    0.2267970 |    0.0000042    0.0004840
     2304    92.160 |    0.0000329    0.0005275 |    0.0000006    0.0000166 |    0.0041673    0.2187746 |    0.0000042    0.0004806
     2336    93.440 |    0.0000331    0.0005341 |    0.0000006    0.0000171 |    0.0032682    0.1968268 |    0.0000042    0.0004775
     2368    94.720 |    0.0000333    0.0005413 |    0.0000006    0.0000177 |    0.0030911    0.0645351 |    0.0000042    0.0004748
     2400    96.000 |    0.0000335    0.0005478 |    0.0000007    0.0000185 |    0.0030832    0.0466576 |    0.0000042    0.0004696
     2432    97.280 |    0.0000337    0.0005546 |    0.0000007    0.0000194 |    0.0030847    0.0472924 |    0.0000041    0.0004669
     2464    98.560 |    0.0000339    0.0005641 |    0.0000007    0.0000198 |    0.0030905    0.0476375 |    0.0000041    0.0004642
     2496    99.840 |    0.0000341    0.0005756 |    0.0000007    0.0000207 |    0.0030996    0.0481702 |    0.0000041    0.0004634
     2528   101.120 |    0.0000342    0.0005895 |    0.0000007    0.0000216 |    0.0031118    0.0487835 |    0.0000041    0.0004566
-----------------------------------------------------------------------------------------------------------------------------------
Iteration      Time |            HYDROBASE::rho |          HYDROBASE::press |            HYDROBASE::eps |      ML_ADMCONSTRAINTS::H
                    |        norm2      maximum |        norm2      maximum |        norm2      maximum |        norm2      maximum
-----------------------------------------------------------------------------------------------------------------------------------
     2560   102.400 |    0.0000344    0.0005965 |    0.0000007    0.0000219 |    0.0031265    0.0489635 |    0.0000041    0.0004532
     2592   103.680 |    0.0000345    0.0005988 |    0.0000008    0.0000226 |    0.0031441    0.0492326 |    0.0000040    0.0004536
     2624   104.960 |    0.0000346    0.0006028 |    0.0000008    0.0000241 |    0.0031633    0.0503712 |    0.0000040    0.0004473
     2656   106.240 |    0.0000348    0.0006051 |    0.0000008    0.0000249 |    0.0031828    0.0512624 |    0.0000040    0.0004436
     2688   107.520 |    0.0000348    0.0006050 |    0.0000008    0.0000240 |    0.0032023    0.0509014 |    0.0000039    0.0004433
     2720   108.800 |    0.0000349    0.0006032 |    0.0000008    0.0000238 |    0.0032218    0.0506350 |    0.0000039    0.0004392
     2752   110.080 |    0.0000349    0.0006017 |    0.0000008    0.0000233 |    0.0032412    0.0500469 |    0.0000039    0.0004336
     2784   111.360 |    0.0000350    0.0006012 |    0.0000008    0.0000229 |    0.0032602    0.0495012 |    0.0000038    0.0004315
     2816   112.640 |    0.0000350    0.0006002 |    0.0000008    0.0000227 |    0.0032790    0.0493715 |    0.0000038    0.0004272
     2848   113.920 |    0.0000349    0.0005997 |    0.0000008    0.0000227 |    0.0032973    0.0494149 |    0.0000038    0.0004253
     2880   115.200 |    0.0000349    0.0005985 |    0.0000008    0.0000227 |    0.0033148    0.0494012 |    0.0000037    0.0004220
     2912   116.480 |    0.0000348    0.0005966 |    0.0000008    0.0000225 |    0.0033313    0.0492455 |    0.0000037    0.0004167
     2944   117.760 |    0.0000347    0.0005938 |    0.0000007    0.0000219 |    0.0033468    0.0487966 |    0.0000037    0.0004158
     2976   119.040 |    0.0000346    0.0005891 |    0.0000007    0.0000212 |    0.0033613    0.0482794 |    0.0000036    0.0004106
     3008   120.320 |    0.0000345    0.0005737 |    0.0000007    0.0000206 |    0.0033743    0.0479286 |    0.0000036    0.0004082
     3040   121.600 |    0.0000343    0.0005568 |    0.0000007    0.0000190 |    0.0033862    0.0467803 |    0.0000035    0.0004050
     3072   122.880 |    0.0000342    0.0005535 |    0.0000007    0.0000182 |    0.0033974    0.0452276 |    0.0000035    0.0004012
     3104   124.160 |    0.0000340    0.0005499 |    0.0000007    0.0000178 |    0.0034076    0.0457714 |    0.0000035    0.0003978
     3136   125.440 |    0.0000338    0.0005461 |    0.0000007    0.0000179 |    0.0034171    0.0458261 |    0.0000034    0.0003945
     3168   126.720 |    0.0000336    0.0005443 |    0.0000007    0.0000180 |    0.0034258    0.0459294 |    0.0000034    0.0003918
-----------------------------------------------------------------------------------------------------------------------------------
Iteration      Time |            HYDROBASE::rho |          HYDROBASE::press |            HYDROBASE::eps |      ML_ADMCONSTRAINTS::H
                    |        norm2      maximum |        norm2      maximum |        norm2      maximum |        norm2      maximum
-----------------------------------------------------------------------------------------------------------------------------------
     3200   128.000 |    0.0000334    0.0005438 |    0.0000006    0.0000182 |    0.0034339    0.0460804 |    0.0000034    0.0003880
     3232   129.280 |    0.0000332    0.0005422 |    0.0000006    0.0000179 |    0.0034420    0.0458500 |    0.0000033    0.0003854
     3264   130.560 |    0.0000330    0.0005384 |    0.0000006    0.0000174 |    0.0034499    0.0454781 |    0.0000033    0.0003821
     3296   131.840 |    0.0000328    0.0005337 |    0.0000006    0.0000169 |    0.0034578    0.0450297 |    0.0000033    0.0003792
     3328   133.120 |    0.0000326    0.0005288 |    0.0000006    0.0000164 |    0.0034664    0.0445991 |    0.0000033    0.0003763
     3360   134.400 |    0.0000324    0.0005236 |    0.0000006    0.0000160 |    0.0034764    0.0442871 |    0.0000033    0.0003737
     3392   135.680 |    0.0000322    0.0005191 |    0.0000006    0.0000157 |    0.0034884    0.0440632 |    0.0000033    0.0003705
     3424   136.960 |    0.0000320    0.0005155 |    0.0000006    0.0000155 |    0.0035026    0.0438855 |    0.0000033    0.0003679
     3456   138.240 |    0.0000318    0.0005118 |    0.0000005    0.0000152 |    0.0035190    0.0435946 |    0.0000033    0.0003652
     3488   139.520 |    0.0000316    0.0005078 |    0.0000005    0.0000149 |    0.0035375    0.0433169 |    0.0000033    0.0003622
     3520   140.800 |    0.0000314    0.0005039 |    0.0000005    0.0000147 |    0.0035585    0.0431359 |    0.0000033    0.0003601
     3552   142.080 |    0.0000313    0.0005007 |    0.0000005    0.0000144 |    0.0035816    0.0429457 |    0.0000033    0.0003575
     3584   143.360 |    0.0000311    0.0004976 |    0.0000005    0.0000142 |    0.0036056    0.0427476 |    0.0000033    0.0003544
     3616   144.640 |    0.0000310    0.0004944 |    0.0000005    0.0000140 |    0.0036306    0.0425531 |    0.0000034    0.0003530
     3648   145.920 |    0.0000308    0.0004909 |    0.0000005    0.0000138 |    0.0036566    0.0423271 |    0.0000034    0.0003496
     3680   147.200 |    0.0000307    0.0004881 |    0.0000005    0.0000135 |    0.0036830    0.0420864 |    0.0000034    0.0003481
     3712   148.480 |    0.0000306    0.0004855 |    0.0000005    0.0000132 |    0.0037095    0.0418114 |    0.0000034    0.0003456
     3744   149.760 |    0.0000305    0.0004831 |    0.0000005    0.0000129 |    0.0037354    0.0415212 |    0.0000034    0.0003432
     3776   151.040 |    0.0000304    0.0004809 |    0.0000005    0.0000126 |    0.0037604    0.0412585 |    0.0000035    0.0003411
     3808   152.320 |    0.0000303    0.0004789 |    0.0000005    0.0000124 |    0.0037847    0.0410549 |    0.0000035    0.0003389
-----------------------------------------------------------------------------------------------------------------------------------
Iteration      Time |            HYDROBASE::rho |          HYDROBASE::press |            HYDROBASE::eps |      ML_ADMCONSTRAINTS::H
                    |        norm2      maximum |        norm2      maximum |        norm2      maximum |        norm2      maximum
-----------------------------------------------------------------------------------------------------------------------------------
     3840   153.600 |    0.0000302    0.0004776 |    0.0000005    0.0000123 |    0.0038083    0.0409016 |    0.0000035    0.0003367
     3872   154.880 |    0.0000301    0.0004765 |    0.0000005    0.0000121 |    0.0038314    0.0407611 |    0.0000035    0.0003349
     3904   156.160 |    0.0000301    0.0004757 |    0.0000005    0.0000120 |    0.0038541    0.0406414 |    0.0000035    0.0003328
     3936   157.440 |    0.0000300    0.0004750 |    0.0000005    0.0000119 |    0.0038764    0.0405602 |    0.0000035    0.0003308
     3968   158.720 |    0.0000300    0.0004744 |    0.0000005    0.0000119 |    0.0038982    0.0405249 |    0.0000035    0.0003288
     4000   160.000 |    0.0000299    0.0004741 |    0.0000005    0.0000119 |    0.0039190    0.0405457 |    0.0000035    0.0003271
     4032   161.280 |    0.0000299    0.0004744 |    0.0000005    0.0000119 |    0.0039391    0.0406042 |    0.0000035    0.0003251
     4064   162.560 |    0.0000299    0.0004752 |    0.0000005    0.0000120 |    0.0039586    0.0407023 |    0.0000035    0.0003234
     4096   163.840 |    0.0000299    0.0004761 |    0.0000005    0.0000121 |    0.0039776    0.0408061 |    0.0000034    0.0003215
     4128   165.120 |    0.0000299    0.0004771 |    0.0000005    0.0000121 |    0.0039961    0.0408823 |    0.0000034    0.0003199
     4160   166.400 |    0.0000300    0.0004784 |    0.0000005    0.0000122 |    0.0040146    0.0409279 |    0.0000034    0.0003182
     4192   167.680 |    0.0000300    0.0004796 |    0.0000005    0.0000122 |    0.0040334    0.0409390 |    0.0000033    0.0003166
     4224   168.960 |    0.0000301    0.0004809 |    0.0000005    0.0000121 |    0.0040513    0.0409361 |    0.0000033    0.0003149
     4256   170.240 |    0.0000301    0.0004831 |    0.0000005    0.0000121 |    0.0040672    0.0409451 |    0.0000032    0.0003133
     4288   171.520 |    0.0000302    0.0004855 |    0.0000005    0.0000122 |    0.0040813    0.0409854 |    0.0000032    0.0003120
     4320   172.800 |    0.0000303    0.0004883 |    0.0000005    0.0000122 |    0.0040938    0.0410813 |    0.0000031    0.0003105
     4352   174.080 |    0.0000304    0.0004911 |    0.0000005    0.0000124 |    0.0041101    0.0412291 |    0.0000031    0.0003091
     4384   175.360 |    0.0000305    0.0004941 |    0.0000005    0.0000125 |    0.0041471    0.0414339 |    0.0000030    0.0003077
     4416   176.640 |    0.0000306    0.0004971 |    0.0000005    0.0000128 |    0.0041958    0.0416728 |    0.0000030    0.0003064
     4448   177.920 |    0.0000307    0.0004993 |    0.0000005    0.0000130 |    0.0042538    0.0419037 |    0.0000029    0.0003051
-----------------------------------------------------------------------------------------------------------------------------------
Iteration      Time |            HYDROBASE::rho |          HYDROBASE::press |            HYDROBASE::eps |      ML_ADMCONSTRAINTS::H
                    |        norm2      maximum |        norm2      maximum |        norm2      maximum |        norm2      maximum
-----------------------------------------------------------------------------------------------------------------------------------
     4480   179.200 |    0.0000308    0.0005026 |    0.0000005    0.0000132 |    0.0043158    0.0421219 |    0.0000029    0.0003039
     4512   180.480 |    0.0000310    0.0005069 |    0.0000005    0.0000134 |    0.0043783    0.0423250 |    0.0000028    0.0003027
     4544   181.760 |    0.0000311    0.0005105 |    0.0000005    0.0000136 |    0.0044390    0.0425606 |    0.0000028    0.0003016
     4576   183.040 |    0.0000313    0.0005148 |    0.0000005    0.0000139 |    0.0044990    0.0428485 |    0.0000027    0.0003005
     4608   184.320 |    0.0000315    0.0005202 |    0.0000005    0.0000142 |    0.0045581    0.0431954 |    0.0000027    0.0002995
     4640   185.600 |    0.0000316    0.0005263 |    0.0000005    0.0000146 |    0.0046149    0.0436091 |    0.0000027    0.0002983
     4672   186.880 |    0.0000318    0.0005317 |    0.0000005    0.0000151 |    0.0046693    0.0440241 |    0.0000026    0.0002973
     4704   188.160 |    0.0000320    0.0005364 |    0.0000006    0.0000155 |    0.0047214    0.0444389 |    0.0000026    0.0002964
     4736   189.440 |    0.0000322    0.0005413 |    0.0000006    0.0000160 |    0.0047711    0.0448200 |    0.0000026    0.0002954
     4768   190.720 |    0.0000323    0.0005472 |    0.0000006    0.0000164 |    0.0048187    0.0451877 |    0.0000026    0.0002946
     4800   192.000 |    0.0000325    0.0005523 |    0.0000006    0.0000168 |    0.0048642    0.0455081 |    0.0000026    0.0002938
     4832   193.280 |    0.0000327    0.0005572 |    0.0000006    0.0000172 |    0.0049076    0.0458412 |    0.0000026    0.0002927
     4864   194.560 |    0.0000329    0.0005626 |    0.0000006    0.0000176 |    0.0049484    0.0461648 |    0.0000026    0.0002916
     4896   195.840 |    0.0000331    0.0005678 |    0.0000006    0.0000181 |    0.0049869    0.0465355 |    0.0000026    0.0002912
     4928   197.120 |    0.0000333    0.0005746 |    0.0000006    0.0000185 |    0.0050235    0.0469315 |    0.0000026    0.0002897
     4960   198.400 |    0.0000335    0.0005814 |    0.0000007    0.0000191 |    0.0050582    0.0473472 |    0.0000026    0.0002893
     4992   199.680 |    0.0000336    0.0005848 |    0.0000007    0.0000195 |    0.0050914    0.0476755 |    0.0000026    0.0002883
     5024   200.960 |    0.0000338    0.0005896 |    0.0000007    0.0000199 |    0.0051232    0.0479042 |    0.0000026    0.0002868
     5056   202.240 |    0.0000340    0.0005922 |    0.0000007    0.0000202 |    0.0051537    0.0480739 |    0.0000026    0.0002874
     5088   203.520 |    0.0000341    0.0005972 |    0.0000007    0.0000204 |    0.0051830    0.0482097 |    0.0000026    0.0002839
-----------------------------------------------------------------------------------------------------------------------------------
Iteration      Time |            HYDROBASE::rho |          HYDROBASE::press |            HYDROBASE::eps |      ML_ADMCONSTRAINTS::H
                    |        norm2      maximum |        norm2      maximum |        norm2      maximum |        norm2      maximum
-----------------------------------------------------------------------------------------------------------------------------------
     5120   204.800 |    0.0000342    0.0005992 |    0.0000007    0.0000206 |    0.0052112    0.0483151 |    0.0000026    0.0002866
     5152   206.080 |    0.0000344    0.0006007 |    0.0000007    0.0000208 |    0.0052385    0.0483983 |    0.0000026    0.0002834
     5184   207.360 |    0.0000345    0.0006007 |    0.0000007    0.0000210 |    0.0052648    0.0485224 |    0.0000026    0.0002788
     5216   208.640 |    0.0000345    0.0006020 |    0.0000007    0.0000211 |    0.0052903    0.0485825 |    0.0000026    0.0002818
     5248   209.920 |    0.0000346    0.0006023 |    0.0000007    0.0000214 |    0.0053149    0.0487026 |    0.0000026    0.0002817
     5280   211.200 |    0.0000347    0.0006025 |    0.0000007    0.0000216 |    0.0053386    0.0488752 |    0.0000026    0.0002781
     5312   212.480 |    0.0000347    0.0006032 |    0.0000007    0.0000218 |    0.0053614    0.0489603 |    0.0000026    0.0002797
     5344   213.760 |    0.0000347    0.0006034 |    0.0000007    0.0000220 |    0.0053836    0.0490223 |    0.0000026    0.0002785
     5376   215.040 |    0.0000347    0.0006035 |    0.0000007    0.0000220 |    0.0054051    0.0490152 |    0.0000026    0.0002775
     5408   216.320 |    0.0000347    0.0006034 |    0.0000007    0.0000219 |    0.0054261    0.0489092 |    0.0000026    0.0002761
     5440   217.600 |    0.0000346    0.0006031 |    0.0000007    0.0000217 |    0.0054467    0.0487696 |    0.0000025    0.0002752
     5472   218.880 |    0.0000346    0.0006030 |    0.0000007    0.0000216 |    0.0054672    0.0486367 |    0.0000025    0.0002755
     5504   220.160 |    0.0000345    0.0006028 |    0.0000007    0.0000215 |    0.0054880    0.0485069 |    0.0000025    0.0002720
     5536   221.440 |    0.0000344    0.0006021 |    0.0000007    0.0000212 |    0.0055095    0.0483143 |    0.0000025    0.0002708
     5568   222.720 |    0.0000343    0.0006013 |    0.0000007    0.0000210 |    0.0055316    0.0481103 |    0.0000024    0.0002693
     5600   224.000 |    0.0000341    0.0006004 |    0.0000007    0.0000205 |    0.0055522    0.0477950 |    0.0000024    0.0002710
     5632   225.280 |    0.0000340    0.0005989 |    0.0000007    0.0000198 |    0.0055710    0.0472774 |    0.0000024    0.0002673
     5664   226.560 |    0.0000338    0.0005973 |    0.0000007    0.0000192 |    0.0055878    0.0468199 |    0.0000023    0.0002674
     5696   227.840 |    0.0000337    0.0005946 |    0.0000007    0.0000191 |    0.0056027    0.0467190 |    0.0000023    0.0002655
     5728   229.120 |    0.0000335    0.0005897 |    0.0000007    0.0000190 |    0.0056160    0.0466073 |    0.0000023    0.0002665
-----------------------------------------------------------------------------------------------------------------------------------
Iteration      Time |            HYDROBASE::rho |          HYDROBASE::press |            HYDROBASE::eps |      ML_ADMCONSTRAINTS::H
                    |        norm2      maximum |        norm2      maximum |        norm2      maximum |        norm2      maximum
-----------------------------------------------------------------------------------------------------------------------------------
     5760   230.400 |    0.0000333    0.0005817 |    0.0000006    0.0000187 |    0.0056276    0.0463928 |    0.0000023    0.0002663
     5792   231.680 |    0.0000331    0.0005719 |    0.0000006    0.0000185 |    0.0056371    0.0461427 |    0.0000023    0.0002622
     5824   232.960 |    0.0000330    0.0005679 |    0.0000006    0.0000181 |    0.0056445    0.0458454 |    0.0000023    0.0002634
     5856   234.240 |    0.0000328    0.0005644 |    0.0000006    0.0000177 |    0.0056503    0.0454718 |    0.0000022    0.0002615
     5888   235.520 |    0.0000326    0.0005598 |    0.0000006    0.0000174 |    0.0056548    0.0451692 |    0.0000022    0.0002605
     5920   236.800 |    0.0000324    0.0005565 |    0.0000006    0.0000168 |    0.0056584    0.0446691 |    0.0000023    0.0002600
     5952   238.080 |    0.0000322    0.0005536 |    0.0000006    0.0000165 |    0.0056615    0.0443942 |    0.0000023    0.0002592
     5984   239.360 |    0.0000320    0.0005511 |    0.0000006    0.0000163 |    0.0056650    0.0442295 |    0.0000023    0.0002579
     6016   240.640 |    0.0000319    0.0005477 |    0.0000006    0.0000158 |    0.0056696    0.0438356 |    0.0000023    0.0002570
     6048   241.920 |    0.0000317    0.0005441 |    0.0000005    0.0000154 |    0.0056752    0.0434665 |    0.0000023    0.0002559
     6080   243.200 |    0.0000315    0.0005411 |    0.0000005    0.0000150 |    0.0056816    0.0431045 |    0.0000023    0.0002551
     6112   244.480 |    0.0000314    0.0005388 |    0.0000005    0.0000147 |    0.0056890    0.0427638 |    0.0000024    0.0002540
     6144   245.760 |    0.0000312    0.0005359 |    0.0000005    0.0000144 |    0.0056966    0.0425163 |    0.0000024    0.0002531
     6176   247.040 |    0.0000311    0.0005326 |    0.0000005    0.0000141 |    0.0057040    0.0422600 |    0.0000024    0.0002520
     6208   248.320 |    0.0000309    0.0005294 |    0.0000005    0.0000139 |    0.0057112    0.0420457 |    0.0000025    0.0002511
     6240   249.600 |    0.0000308    0.0005262 |    0.0000005    0.0000137 |    0.0057182    0.0418793 |    0.0000025    0.0002504
     6272   250.880 |    0.0000307    0.0005236 |    0.0000005    0.0000135 |    0.0057250    0.0416787 |    0.0000025    0.0002492
     6304   252.160 |    0.0000306    0.0005210 |    0.0000005    0.0000134 |    0.0057315    0.0415010 |    0.0000026    0.0002484
     6336   253.440 |    0.0000305    0.0005189 |    0.0000005    0.0000132 |    0.0057377    0.0413515 |    0.0000026    0.0002476
     6368   254.720 |    0.0000304    0.0005171 |    0.0000005    0.0000131 |    0.0057436    0.0412022 |    0.0000026    0.0002466
Memory statistics from CarpetLib:
   Current number of objects: 768
   Current allocated memory:  257 MB
   Maximum number of objects: 772
   Maximum allocated memory:  258 MB
   Current administrative memory: 1.1 MB
   Total allocated used system memory: 55.4 MB
   Total allocated free system memory: 14.3 MB
   gh::allmemory:    123132
   dh::allmemory:    721984
   th::allmemory:    13888
   ggf::allmemory:   189992
   gdata::allmemory: 55208
-----------------------------------------------------------------------------------------------------------------------------------
Iteration      Time |            HYDROBASE::rho |          HYDROBASE::press |            HYDROBASE::eps |      ML_ADMCONSTRAINTS::H
                    |        norm2      maximum |        norm2      maximum |        norm2      maximum |        norm2      maximum
-----------------------------------------------------------------------------------------------------------------------------------
     6400   256.000 |    0.0000303    0.0005162 |    0.0000005    0.0000130 |    0.0057491    0.0410817 |    0.0000027    0.0002456
     6432   257.280 |    0.0000302    0.0005157 |    0.0000005    0.0000129 |    0.0057543    0.0409894 |    0.0000027    0.0002448
     6464   258.560 |    0.0000302    0.0005155 |    0.0000005    0.0000128 |    0.0057589    0.0409069 |    0.0000027    0.0002439
     6496   259.840 |    0.0000301    0.0005156 |    0.0000005    0.0000127 |    0.0057630    0.0408336 |    0.0000027    0.0002430
     6528   261.120 |    0.0000301    0.0005154 |    0.0000005    0.0000127 |    0.0057664    0.0407665 |    0.0000027    0.0002422
     6560   262.400 |    0.0000301    0.0005153 |    0.0000005    0.0000126 |    0.0057691    0.0407254 |    0.0000027    0.0002415
     6592   263.680 |    0.0000300    0.0005153 |    0.0000005    0.0000127 |    0.0057727    0.0407283 |    0.0000027    0.0002404
     6624   264.960 |    0.0000300    0.0005154 |    0.0000005    0.0000127 |    0.0057765    0.0407488 |    0.0000027    0.0002398
     6656   266.240 |    0.0000300    0.0005157 |    0.0000005    0.0000127 |    0.0057793    0.0407636 |    0.0000026    0.0002388
     6688   267.520 |    0.0000300    0.0005165 |    0.0000005    0.0000127 |    0.0057812    0.0407862 |    0.0000026    0.0002380
     6720   268.800 |    0.0000301    0.0005173 |    0.0000005    0.0000128 |    0.0057824    0.0408251 |    0.0000026    0.0002373
     6752   270.080 |    0.0000301    0.0005188 |    0.0000005    0.0000129 |    0.0057829    0.0408826 |    0.0000026    0.0002362
     6784   271.360 |    0.0000302    0.0005213 |    0.0000005    0.0000130 |    0.0057826    0.0409477 |    0.0000025    0.0002355
     6816   272.640 |    0.0000302    0.0005240 |    0.0000005    0.0000131 |    0.0057813    0.0410068 |    0.0000025    0.0002345
     6848   273.920 |    0.0000303    0.0005266 |    0.0000005    0.0000132 |    0.0057793    0.0410704 |    0.0000024    0.0002336
     6880   275.200 |    0.0000303    0.0005288 |    0.0000005    0.0000133 |    0.0057764    0.0411432 |    0.0000024    0.0002328
     6912   276.480 |    0.0000304    0.0005310 |    0.0000005    0.0000135 |    0.0057726    0.0412279 |    0.0000023    0.0002320
     6944   277.760 |    0.0000305    0.0005334 |    0.0000005    0.0000136 |    0.0057682    0.0413325 |    0.0000023    0.0002309
INFO (CarpetIOHDF5): ---------------------------------------------------------
INFO (CarpetIOHDF5): Dumping periodic checkpoint at iteration 6965, simulation time 278.6
INFO (CarpetIOHDF5): ---------------------------------------------------------
     6976   279.040 |    0.0000306    0.0005360 |    0.0000005    0.0000138 |    0.0057633    0.0414552 |    0.0000022    0.0002305
     7008   280.320 |    0.0000307    0.0005387 |    0.0000005    0.0000140 |    0.0057582    0.0415838 |    0.0000022    0.0002294
-----------------------------------------------------------------------------------------------------------------------------------
Iteration      Time |            HYDROBASE::rho |          HYDROBASE::press |            HYDROBASE::eps |      ML_ADMCONSTRAINTS::H
                    |        norm2      maximum |        norm2      maximum |        norm2      maximum |        norm2      maximum
-----------------------------------------------------------------------------------------------------------------------------------
     7040   281.600 |    0.0000309    0.0005417 |    0.0000005    0.0000143 |    0.0057529    0.0417093 |    0.0000021    0.0002288
     7072   282.880 |    0.0000310    0.0005449 |    0.0000005    0.0000145 |    0.0057475    0.0418552 |    0.0000021    0.0002281
     7104   284.160 |    0.0000311    0.0005491 |    0.0000005    0.0000148 |    0.0057420    0.0420237 |    0.0000021    0.0002273
     7136   285.440 |    0.0000313    0.0005526 |    0.0000005    0.0000151 |    0.0057364    0.0422113 |    0.0000020    0.0002265
     7168   286.720 |    0.0000314    0.0005567 |    0.0000005    0.0000154 |    0.0057307    0.0423910 |    0.0000020    0.0002255
     7200   288.000 |    0.0000316    0.0005609 |    0.0000005    0.0000157 |    0.0057249    0.0425667 |    0.0000020    0.0002249
     7232   289.280 |    0.0000317    0.0005664 |    0.0000006    0.0000161 |    0.0057190    0.0427431 |    0.0000019    0.0002244
     7264   290.560 |    0.0000319    0.0005711 |    0.0000006    0.0000164 |    0.0057131    0.0429285 |    0.0000019    0.0002236
     7296   291.840 |    0.0000321    0.0005754 |    0.0000006    0.0000168 |    0.0057071    0.0431704 |    0.0000019    0.0002229
     7328   293.120 |    0.0000322    0.0005801 |    0.0000006    0.0000172 |    0.0057011    0.0434234 |    0.0000019    0.0002216
     7360   294.400 |    0.0000324    0.0005855 |    0.0000006    0.0000176 |    0.0056950    0.0436616 |    0.0000019    0.0002216
     7392   295.680 |    0.0000326    0.0005916 |    0.0000006    0.0000180 |    0.0056889    0.0438688 |    0.0000019    0.0002228
     7424   296.960 |    0.0000327    0.0005969 |    0.0000006    0.0000182 |    0.0056826    0.0439762 |    0.0000019    0.0002216
     7456   298.240 |    0.0000329    0.0005982 |    0.0000006    0.0000184 |    0.0056761    0.0440305 |    0.0000020    0.0002201
     7488   299.520 |    0.0000331    0.0005994 |    0.0000006    0.0000189 |    0.0056695    0.0442499 |    0.0000020    0.0002194
     7520   300.800 |    0.0000332    0.0006004 |    0.0000006    0.0000190 |    0.0056627    0.0442648 |    0.0000020    0.0002181
     7552   302.080 |    0.0000334    0.0006021 |    0.0000007    0.0000195 |    0.0056559    0.0444933 |    0.0000020    0.0002186
     7584   303.360 |    0.0000335    0.0006030 |    0.0000007    0.0000197 |    0.0056491    0.0445788 |    0.0000020    0.0002172
     7616   304.640 |    0.0000337    0.0006037 |    0.0000007    0.0000200 |    0.0056423    0.0447647 |    0.0000020    0.0002156
     7648   305.920 |    0.0000338    0.0006050 |    0.0000007    0.0000202 |    0.0056355    0.0448958 |    0.0000020    0.0002164
-----------------------------------------------------------------------------------------------------------------------------------
Iteration      Time |            HYDROBASE::rho |          HYDROBASE::press |            HYDROBASE::eps |      ML_ADMCONSTRAINTS::H
                    |        norm2      maximum |        norm2      maximum |        norm2      maximum |        norm2      maximum
-----------------------------------------------------------------------------------------------------------------------------------
     7680   307.200 |    0.0000339    0.0006060 |    0.0000007    0.0000205 |    0.0056288    0.0450441 |    0.0000020    0.0002152
     7712   308.480 |    0.0000340    0.0006070 |    0.0000007    0.0000208 |    0.0056221    0.0453001 |    0.0000021    0.0002137
     7744   309.760 |    0.0000341    0.0006082 |    0.0000007    0.0000211 |    0.0056154    0.0455334 |    0.0000021    0.0002141
     7776   311.040 |    0.0000342    0.0006092 |    0.0000007    0.0000214 |    0.0056087    0.0458352 |    0.0000021    0.0002151
     7808   312.320 |    0.0000342    0.0006098 |    0.0000007    0.0000218 |    0.0056021    0.0463892 |    0.0000021    0.0002125
     7840   313.600 |    0.0000343    0.0006104 |    0.0000007    0.0000222 |    0.0055956    0.0468117 |    0.0000021    0.0002121
     7872   314.880 |    0.0000343    0.0006105 |    0.0000007    0.0000220 |    0.0055893    0.0466505 |    0.0000021    0.0002118
     7904   316.160 |    0.0000343    0.0006106 |    0.0000007    0.0000218 |    0.0055835    0.0463564 |    0.0000020    0.0002111
     7936   317.440 |    0.0000343    0.0006104 |    0.0000007    0.0000217 |    0.0055783    0.0462078 |    0.0000020    0.0002103
     7968   318.720 |    0.0000343    0.0006100 |    0.0000007    0.0000215 |    0.0055741    0.0460365 |    0.0000020    0.0002101
     8000   320.000 |    0.0000343    0.0006096 |    0.0000007    0.0000214 |    0.0055708    0.0459261 |    0.0000020    0.0002095
     8032   321.280 |    0.0000342    0.0006094 |    0.0000007    0.0000213 |    0.0055687    0.0458821 |    0.0000020    0.0002087
     8064   322.560 |    0.0000342    0.0006091 |    0.0000007    0.0000213 |    0.0055680    0.0458621 |    0.0000019    0.0002079
     8096   323.840 |    0.0000341    0.0006085 |    0.0000007    0.0000212 |    0.0055687    0.0458102 |    0.0000019    0.0002065
     8128   325.120 |    0.0000340    0.0006080 |    0.0000007    0.0000211 |    0.0055709    0.0457043 |    0.0000019    0.0002063
     8160   326.400 |    0.0000339    0.0006072 |    0.0000007    0.0000208 |    0.0055747    0.0455294 |    0.0000019    0.0002055
     8192   327.680 |    0.0000338    0.0006065 |    0.0000007    0.0000205 |    0.0055801    0.0453313 |    0.0000018    0.0002068
     8224   328.960 |    0.0000336    0.0006058 |    0.0000007    0.0000202 |    0.0055874    0.0451661 |    0.0000018    0.0002058
     8256   330.240 |    0.0000335    0.0006049 |    0.0000007    0.0000199 |    0.0055965    0.0449943 |    0.0000018    0.0002036
     8288   331.520 |    0.0000334    0.0006037 |    0.0000007    0.0000196 |    0.0056074    0.0448563 |    0.0000018    0.0002035
-----------------------------------------------------------------------------------------------------------------------------------
Iteration      Time |            HYDROBASE::rho |          HYDROBASE::press |            HYDROBASE::eps |      ML_ADMCONSTRAINTS::H
                    |        norm2      maximum |        norm2      maximum |        norm2      maximum |        norm2      maximum
-----------------------------------------------------------------------------------------------------------------------------------
     8320   332.800 |    0.0000332    0.0006025 |    0.0000006    0.0000194 |    0.0056200    0.0447409 |    0.0000018    0.0002019
     8352   334.080 |    0.0000330    0.0006016 |    0.0000006    0.0000192 |    0.0056342    0.0446256 |    0.0000018    0.0002035
     8384   335.360 |    0.0000329    0.0006007 |    0.0000006    0.0000190 |    0.0056498    0.0444805 |    0.0000017    0.0002028
     8416   336.640 |    0.0000327    0.0005974 |    0.0000006    0.0000186 |    0.0056666    0.0442552 |    0.0000017    0.0002016
     8448   337.920 |    0.0000326    0.0005934 |    0.0000006    0.0000182 |    0.0056840    0.0439858 |    0.0000017    0.0002011
     8480   339.200 |    0.0000324    0.0005875 |    0.0000006    0.0000177 |    0.0057021    0.0436235 |    0.0000018    0.0002018
     8512   340.480 |    0.0000322    0.0005754 |    0.0000006    0.0000171 |    0.0057206    0.0431941 |    0.0000018    0.0001993
     8544   341.760 |    0.0000321    0.0005680 |    0.0000006    0.0000166 |    0.0057396    0.0427661 |    0.0000018    0.0002001
     8576   343.040 |    0.0000319    0.0005625 |    0.0000006    0.0000160 |    0.0057590    0.0423273 |    0.0000018    0.0001998
     8608   344.320 |    0.0000317    0.0005596 |    0.0000006    0.0000157 |    0.0057787    0.0420736 |    0.0000018    0.0001987
     8640   345.600 |    0.0000316    0.0005570 |    0.0000005    0.0000159 |    0.0057985    0.0421377 |    0.0000019    0.0001989
     8672   346.880 |    0.0000314    0.0005542 |    0.0000005    0.0000157 |    0.0058182    0.0421096 |    0.0000019    0.0001980
     8704   348.160 |    0.0000313    0.0005534 |    0.0000005    0.0000155 |    0.0058378    0.0419713 |    0.0000019    0.0001976
     8736   349.440 |    0.0000312    0.0005509 |    0.0000005    0.0000153 |    0.0058572    0.0417979 |    0.0000020    0.0001972
     8768   350.720 |    0.0000310    0.0005484 |    0.0000005    0.0000150 |    0.0058765    0.0415847 |    0.0000020    0.0001968
     8800   352.000 |    0.0000309    0.0005457 |    0.0000005    0.0000147 |    0.0058957    0.0413501 |    0.0000021    0.0001961
     8832   353.280 |    0.0000308    0.0005430 |    0.0000005    0.0000144 |    0.0059151    0.0411393 |    0.0000021    0.0001959
     8864   354.560 |    0.0000307    0.0005404 |    0.0000005    0.0000142 |    0.0059348    0.0409624 |    0.0000021    0.0001955
     8896   355.840 |    0.0000306    0.0005378 |    0.0000005    0.0000140 |    0.0059544    0.0408135 |    0.0000022    0.0001951
     8928   357.120 |    0.0000305    0.0005354 |    0.0000005    0.0000139 |    0.0059739    0.0406887 |    0.0000022    0.0001946
-----------------------------------------------------------------------------------------------------------------------------------
Iteration      Time |            HYDROBASE::rho |          HYDROBASE::press |            HYDROBASE::eps |      ML_ADMCONSTRAINTS::H
                    |        norm2      maximum |        norm2      maximum |        norm2      maximum |        norm2      maximum
-----------------------------------------------------------------------------------------------------------------------------------
     8960   358.400 |    0.0000304    0.0005334 |    0.0000005    0.0000137 |    0.0059932    0.0405778 |    0.0000022    0.0001942
     8992   359.680 |    0.0000304    0.0005319 |    0.0000005    0.0000136 |    0.0060122    0.0404794 |    0.0000022    0.0001937
     9024   360.960 |    0.0000303    0.0005307 |    0.0000005    0.0000135 |    0.0060313    0.0404039 |    0.0000023    0.0001933
     9056   362.240 |    0.0000303    0.0005297 |    0.0000005    0.0000134 |    0.0060514    0.0403409 |    0.0000023    0.0001928
     9088   363.520 |    0.0000302    0.0005289 |    0.0000005    0.0000133 |    0.0060718    0.0402887 |    0.0000023    0.0001923
     9120   364.800 |    0.0000302    0.0005283 |    0.0000005    0.0000133 |    0.0060917    0.0402595 |    0.0000023    0.0001919
     9152   366.080 |    0.0000302    0.0005281 |    0.0000005    0.0000133 |    0.0061108    0.0402412 |    0.0000023    0.0001913
     9184   367.360 |    0.0000302    0.0005282 |    0.0000005    0.0000133 |    0.0061288    0.0402821 |    0.0000023    0.0001909
     9216   368.640 |    0.0000302    0.0005286 |    0.0000005    0.0000133 |    0.0061460    0.0403274 |    0.0000022    0.0001903
     9248   369.920 |    0.0000302    0.0005295 |    0.0000005    0.0000133 |    0.0061622    0.0403861 |    0.0000022    0.0001899
     9280   371.200 |    0.0000302    0.0005306 |    0.0000005    0.0000134 |    0.0061778    0.0404549 |    0.0000022    0.0001894
     9312   372.480 |    0.0000302    0.0005315 |    0.0000005    0.0000134 |    0.0061928    0.0405444 |    0.0000022    0.0001887
     9344   373.760 |    0.0000302    0.0005326 |    0.0000005    0.0000135 |    0.0062069    0.0406577 |    0.0000021    0.0001883
     9376   375.040 |    0.0000303    0.0005339 |    0.0000005    0.0000136 |    0.0062202    0.0407962 |    0.0000021    0.0001877
     9408   376.320 |    0.0000303    0.0005357 |    0.0000005    0.0000137 |    0.0062327    0.0409445 |    0.0000020    0.0001872
     9440   377.600 |    0.0000304    0.0005381 |    0.0000005    0.0000139 |    0.0062443    0.0411097 |    0.0000020    0.0001866
     9472   378.880 |    0.0000305    0.0005403 |    0.0000005    0.0000140 |    0.0062552    0.0412911 |    0.0000020    0.0001862
     9504   380.160 |    0.0000306    0.0005424 |    0.0000005    0.0000142 |    0.0062652    0.0414781 |    0.0000019    0.0001857
     9536   381.440 |    0.0000307    0.0005444 |    0.0000005    0.0000144 |    0.0062746    0.0416852 |    0.0000019    0.0001852
     9568   382.720 |    0.0000308    0.0005464 |    0.0000005    0.0000145 |    0.0062832    0.0418910 |    0.0000018    0.0001846
-----------------------------------------------------------------------------------------------------------------------------------
Iteration      Time |            HYDROBASE::rho |          HYDROBASE::press |            HYDROBASE::eps |      ML_ADMCONSTRAINTS::H
                    |        norm2      maximum |        norm2      maximum |        norm2      maximum |        norm2      maximum
-----------------------------------------------------------------------------------------------------------------------------------
     9600   384.000 |    0.0000309    0.0005485 |    0.0000005    0.0000147 |    0.0062911    0.0421149 |    0.0000018    0.0001841
     9632   385.280 |    0.0000310    0.0005509 |    0.0000005    0.0000150 |    0.0062983    0.0423578 |    0.0000017    0.0001836
     9664   386.560 |    0.0000311    0.0005537 |    0.0000005    0.0000152 |    0.0063050    0.0426292 |    0.0000017    0.0001831
     9696   387.840 |    0.0000312    0.0005569 |    0.0000005    0.0000155 |    0.0063110    0.0429040 |    0.0000016    0.0001826
     9728   389.120 |    0.0000314    0.0005602 |    0.0000005    0.0000157 |    0.0063164    0.0431978 |    0.0000016    0.0001821
     9760   390.400 |    0.0000315    0.0005638 |    0.0000005    0.0000160 |    0.0063212    0.0435072 |    0.0000016    0.0001817
     9792   391.680 |    0.0000316    0.0005678 |    0.0000006    0.0000163 |    0.0063254    0.0438208 |    0.0000016    0.0001813
     9824   392.960 |    0.0000318    0.0005727 |    0.0000006    0.0000165 |    0.0063289    0.0441194 |    0.0000016    0.0001807
     9856   394.240 |    0.0000319    0.0005798 |    0.0000006    0.0000168 |    0.0063318    0.0444258 |    0.0000015    0.0001801
     9888   395.520 |    0.0000321    0.0005892 |    0.0000006    0.0000171 |    0.0063341    0.0447007 |    0.0000015    0.0001798
     9920   396.800 |    0.0000322    0.0005940 |    0.0000006    0.0000174 |    0.0063355    0.0449379 |    0.0000015    0.0001796
     9952   398.080 |    0.0000324    0.0005933 |    0.0000006    0.0000177 |    0.0063363    0.0452108 |    0.0000015    0.0001793
     9984   399.360 |    0.0000325    0.0005960 |    0.0000006    0.0000180 |    0.0063364    0.0454427 |    0.0000016    0.0001781
    10016   400.640 |    0.0000327    0.0005978 |    0.0000006    0.0000183 |    0.0063358    0.0456642 |    0.0000016    0.0001778
    10048   401.920 |    0.0000328    0.0005985 |    0.0000006    0.0000185 |    0.0063346    0.0458337 |    0.0000016    0.0001772
    10080   403.200 |    0.0000330    0.0006002 |    0.0000006    0.0000188 |    0.0063327    0.0460508 |    0.0000016    0.0001774
    10112   404.480 |    0.0000331    0.0006016 |    0.0000006    0.0000190 |    0.0063304    0.0461568 |    0.0000016    0.0001770
    10144   405.760 |    0.0000332    0.0006033 |    0.0000006    0.0000193 |    0.0063275    0.0462310 |    0.0000016    0.0001771
    10176   407.040 |    0.0000334    0.0006045 |    0.0000007    0.0000197 |    0.0063240    0.0463373 |    0.0000017    0.0001784
    10208   408.320 |    0.0000335    0.0006057 |    0.0000007    0.0000201 |    0.0063202    0.0463296 |    0.0000017    0.0001802
-----------------------------------------------------------------------------------------------------------------------------------
Iteration      Time |            HYDROBASE::rho |          HYDROBASE::press |            HYDROBASE::eps |      ML_ADMCONSTRAINTS::H
                    |        norm2      maximum |        norm2      maximum |        norm2      maximum |        norm2      maximum
-----------------------------------------------------------------------------------------------------------------------------------
    10240   409.600 |    0.0000336    0.0006067 |    0.0000007    0.0000205 |    0.0063158    0.0463804 |    0.0000017    0.0001813
    10272   410.880 |    0.0000337    0.0006078 |    0.0000007    0.0000207 |    0.0063112    0.0464166 |    0.0000017    0.0001836
    10304   412.160 |    0.0000338    0.0006086 |    0.0000007    0.0000207 |    0.0063063    0.0462434 |    0.0000017    0.0001827
    10336   413.440 |    0.0000339    0.0006089 |    0.0000007    0.0000207 |    0.0063010    0.0461039 |    0.0000017    0.0001823
    10368   414.720 |    0.0000339    0.0006089 |    0.0000007    0.0000207 |    0.0062956    0.0460009 |    0.0000017    0.0001788
    10400   416.000 |    0.0000340    0.0006090 |    0.0000007    0.0000208 |    0.0062901    0.0458103 |    0.0000017    0.0001791
    10432   417.280 |    0.0000340    0.0006090 |    0.0000007    0.0000210 |    0.0062846    0.0457486 |    0.0000017    0.0001841
    10464   418.560 |    0.0000340    0.0006094 |    0.0000007    0.0000212 |    0.0062793    0.0456820 |    0.0000017    0.0001841
    10496   419.840 |    0.0000341    0.0006097 |    0.0000007    0.0000213 |    0.0062744    0.0456239 |    0.0000017    0.0001887
    10528   421.120 |    0.0000341    0.0006097 |    0.0000007    0.0000213 |    0.0062699    0.0455528 |    0.0000017    0.0001885
    10560   422.400 |    0.0000340    0.0006096 |    0.0000007    0.0000213 |    0.0062658    0.0453342 |    0.0000017    0.0001888
    10592   423.680 |    0.0000340    0.0006093 |    0.0000007    0.0000211 |    0.0062624    0.0450546 |    0.0000016    0.0001885
    10624   424.960 |    0.0000340    0.0006091 |    0.0000007    0.0000211 |    0.0062598    0.0448442 |    0.0000016    0.0001893
    10656   426.240 |    0.0000339    0.0006089 |    0.0000007    0.0000210 |    0.0062581    0.0446723 |    0.0000016    0.0001881
    10688   427.520 |    0.0000338    0.0006087 |    0.0000007    0.0000209 |    0.0062576    0.0444669 |    0.0000016    0.0001876
    10720   428.800 |    0.0000338    0.0006083 |    0.0000007    0.0000208 |    0.0062585    0.0442127 |    0.0000016    0.0001877
    10752   430.080 |    0.0000337    0.0006078 |    0.0000007    0.0000207 |    0.0062610    0.0438832 |    0.0000015    0.0001880
    10784   431.360 |    0.0000336    0.0006071 |    0.0000007    0.0000205 |    0.0062653    0.0435500 |    0.0000015    0.0001862
    10816   432.640 |    0.0000335    0.0006064 |    0.0000007    0.0000203 |    0.0062715    0.0432195 |    0.0000015    0.0001859
    10848   433.920 |    0.0000333    0.0006058 |    0.0000007    0.0000201 |    0.0062797    0.0428862 |    0.0000015    0.0001844
-----------------------------------------------------------------------------------------------------------------------------------
Iteration      Time |            HYDROBASE::rho |          HYDROBASE::press |            HYDROBASE::eps |      ML_ADMCONSTRAINTS::H
                    |        norm2      maximum |        norm2      maximum |        norm2      maximum |        norm2      maximum
-----------------------------------------------------------------------------------------------------------------------------------
    10880   435.200 |    0.0000332    0.0006053 |    0.0000007    0.0000198 |    0.0062895    0.0425451 |    0.0000015    0.0001875
    10912   436.480 |    0.0000331    0.0006043 |    0.0000006    0.0000195 |    0.0063006    0.0422487 |    0.0000014    0.0001841
    10944   437.760 |    0.0000329    0.0006034 |    0.0000006    0.0000194 |    0.0063126    0.0419838 |    0.0000014    0.0001859
    10976   439.040 |    0.0000328    0.0006025 |    0.0000006    0.0000192 |    0.0063250    0.0416692 |    0.0000014    0.0001896
    11008   440.320 |    0.0000327    0.0006011 |    0.0000006    0.0000189 |    0.0063377    0.0413504 |    0.0000014    0.0001905
    11040   441.600 |    0.0000325    0.0005994 |    0.0000006    0.0000186 |    0.0063504    0.0410316 |    0.0000015    0.0001925
    11072   442.880 |    0.0000324    0.0005965 |    0.0000006    0.0000180 |    0.0063633    0.0406474 |    0.0000015    0.0001854
    11104   444.160 |    0.0000322    0.0005896 |    0.0000006    0.0000173 |    0.0063762    0.0401974 |    0.0000015    0.0001826
    11136   445.440 |    0.0000321    0.0005756 |    0.0000006    0.0000167 |    0.0063893    0.0396836 |    0.0000015    0.0001821
    11168   446.720 |    0.0000319    0.0005651 |    0.0000006    0.0000162 |    0.0064025    0.0392478 |    0.0000015    0.0001857
    11200   448.000 |    0.0000318    0.0005625 |    0.0000006    0.0000157 |    0.0064156    0.0386068 |    0.0000016    0.0001829
    11232   449.280 |    0.0000316    0.0005599 |    0.0000005    0.0000159 |    0.0064285    0.0388286 |    0.0000016    0.0001847
    11264   450.560 |    0.0000315    0.0005609 |    0.0000005    0.0000159 |    0.0064414    0.0387736 |    0.0000017    0.0001840
    11296   451.840 |    0.0000314    0.0005593 |    0.0000005    0.0000157 |    0.0064541    0.0385484 |    0.0000017    0.0001844
    11328   453.120 |    0.0000312    0.0005567 |    0.0000005    0.0000155 |    0.0064669    0.0383102 |    0.0000017    0.0001847
    11360   454.400 |    0.0000311    0.0005538 |    0.0000005    0.0000152 |    0.0064797    0.0380206 |    0.0000018    0.0001846
    11392   455.680 |    0.0000310    0.0005507 |    0.0000005    0.0000150 |    0.0064927    0.0377134 |    0.0000018    0.0001854
    11424   456.960 |    0.0000309    0.0005479 |    0.0000005    0.0000147 |    0.0065057    0.0374297 |    0.0000019    0.0001856
    11456   458.240 |    0.0000308    0.0005457 |    0.0000005    0.0000145 |    0.0065184    0.0371910 |    0.0000019    0.0001858
    11488   459.520 |    0.0000307    0.0005439 |    0.0000005    0.0000143 |    0.0065307    0.0369791 |    0.0000019    0.0001862
-----------------------------------------------------------------------------------------------------------------------------------
Iteration      Time |            HYDROBASE::rho |          HYDROBASE::press |            HYDROBASE::eps |      ML_ADMCONSTRAINTS::H
                    |        norm2      maximum |        norm2      maximum |        norm2      maximum |        norm2      maximum
-----------------------------------------------------------------------------------------------------------------------------------
    11520   460.800 |    0.0000306    0.0005423 |    0.0000005    0.0000142 |    0.0065425    0.0368037 |    0.0000020    0.0001862
    11552   462.080 |    0.0000305    0.0005410 |    0.0000005    0.0000141 |    0.0065538    0.0366393 |    0.0000020    0.0001865
    11584   463.360 |    0.0000305    0.0005397 |    0.0000005    0.0000140 |    0.0065645    0.0364797 |    0.0000020    0.0001868
    11616   464.640 |    0.0000304    0.0005383 |    0.0000005    0.0000139 |    0.0065760    0.0363252 |    0.0000020    0.0001868
    11648   465.920 |    0.0000304    0.0005370 |    0.0000005    0.0000138 |    0.0065893    0.0362791 |    0.0000020    0.0001870
    11680   467.200 |    0.0000303    0.0005359 |    0.0000005    0.0000137 |    0.0066005    0.0361875 |    0.0000020    0.0001871
    11712   468.480 |    0.0000303    0.0005351 |    0.0000005    0.0000136 |    0.0066103    0.0361151 |    0.0000020    0.0001875
    11744   469.760 |    0.0000303    0.0005346 |    0.0000005    0.0000136 |    0.0066192    0.0360543 |    0.0000020    0.0001873
    11776   471.040 |    0.0000303    0.0005344 |    0.0000005    0.0000136 |    0.0066273    0.0359987 |    0.0000020    0.0001875
    11808   472.320 |    0.0000303    0.0005345 |    0.0000005    0.0000136 |    0.0066346    0.0359497 |    0.0000020    0.0001876
    11840   473.600 |    0.0000303    0.0005350 |    0.0000005    0.0000136 |    0.0066413    0.0359152 |    0.0000020    0.0001874
    11872   474.880 |    0.0000303    0.0005358 |    0.0000005    0.0000137 |    0.0066474    0.0358989 |    0.0000020    0.0001878
    11904   476.160 |    0.0000303    0.0005369 |    0.0000005    0.0000138 |    0.0066529    0.0358936 |    0.0000019    0.0001879
    11936   477.440 |    0.0000304    0.0005383 |    0.0000005    0.0000139 |    0.0066581    0.0358988 |    0.0000019    0.0001878
    11968   478.720 |    0.0000304    0.0005399 |    0.0000005    0.0000140 |    0.0066630    0.0359219 |    0.0000019    0.0001878
    12000   480.000 |    0.0000305    0.0005417 |    0.0000005    0.0000141 |    0.0066676    0.0359599 |    0.0000018    0.0001878
    12032   481.280 |    0.0000305    0.0005436 |    0.0000005    0.0000143 |    0.0066720    0.0360066 |    0.0000018    0.0001883
    12064   482.560 |    0.0000306    0.0005455 |    0.0000005    0.0000144 |    0.0066760    0.0360598 |    0.0000017    0.0001880
    12096   483.840 |    0.0000307    0.0005474 |    0.0000005    0.0000146 |    0.0066797    0.0361075 |    0.0000017    0.0001882
    12128   485.120 |    0.0000308    0.0005493 |    0.0000005    0.0000148 |    0.0066830    0.0361468 |    0.0000016    0.0001883
-----------------------------------------------------------------------------------------------------------------------------------
Iteration      Time |            HYDROBASE::rho |          HYDROBASE::press |            HYDROBASE::eps |      ML_ADMCONSTRAINTS::H
                    |        norm2      maximum |        norm2      maximum |        norm2      maximum |        norm2      maximum
-----------------------------------------------------------------------------------------------------------------------------------
    12160   486.400 |    0.0000308    0.0005512 |    0.0000005    0.0000149 |    0.0066858    0.0361838 |    0.0000016    0.0001882
    12192   487.680 |    0.0000309    0.0005534 |    0.0000005    0.0000151 |    0.0066884    0.0362273 |    0.0000015    0.0001883
    12224   488.960 |    0.0000311    0.0005557 |    0.0000005    0.0000153 |    0.0066906    0.0362715 |    0.0000015    0.0001886
    12256   490.240 |    0.0000312    0.0005582 |    0.0000005    0.0000155 |    0.0066924    0.0363153 |    0.0000015    0.0001885
    12288   491.520 |    0.0000313    0.0005609 |    0.0000005    0.0000157 |    0.0066937    0.0363560 |    0.0000014    0.0001893
    12320   492.800 |    0.0000314    0.0005638 |    0.0000005    0.0000159 |    0.0066946    0.0363962 |    0.0000014    0.0001891
    12352   494.080 |    0.0000315    0.0005672 |    0.0000005    0.0000161 |    0.0066950    0.0364407 |    0.0000014    0.0001891
    12384   495.360 |    0.0000317    0.0005713 |    0.0000006    0.0000163 |    0.0066949    0.0364898 |    0.0000013    0.0001890
    12416   496.640 |    0.0000318    0.0005766 |    0.0000006    0.0000166 |    0.0066944    0.0365466 |    0.0000013    0.0001897
    12448   497.920 |    0.0000319    0.0005835 |    0.0000006    0.0000167 |    0.0066933    0.0365895 |    0.0000013    0.0001917
    12480   499.200 |    0.0000321    0.0005868 |    0.0000006    0.0000170 |    0.0066919    0.0366434 |    0.0000013    0.0001905
    12512   500.480 |    0.0000322    0.0005885 |    0.0000006    0.0000172 |    0.0066900    0.0367040 |    0.0000013    0.0001920
    12544   501.760 |    0.0000323    0.0005910 |    0.0000006    0.0000174 |    0.0066876    0.0368204 |    0.0000013    0.0001937
    12576   503.040 |    0.0000325    0.0005940 |    0.0000006    0.0000176 |    0.0066847    0.0369900 |    0.0000013    0.0001916
    12608   504.320 |    0.0000326    0.0005966 |    0.0000006    0.0000180 |    0.0066811    0.0374103 |    0.0000013    0.0001937
    12640   505.600 |    0.0000328    0.0005992 |    0.0000006    0.0000187 |    0.0066770    0.0378748 |    0.0000013    0.0001901
    12672   506.880 |    0.0000329    0.0006012 |    0.0000006    0.0000189 |    0.0066725    0.0378682 |    0.0000013    0.0001889
    12704   508.160 |    0.0000330    0.0006017 |    0.0000006    0.0000190 |    0.0066676    0.0378181 |    0.0000014    0.0001893
    12736   509.440 |    0.0000331    0.0006027 |    0.0000006    0.0000192 |    0.0066624    0.0378179 |    0.0000014    0.0001927
    12768   510.720 |    0.0000333    0.0006036 |    0.0000006    0.0000195 |    0.0066568    0.0378258 |    0.0000014    0.0001912
Memory statistics from CarpetLib:
   Current number of objects: 768
   Current allocated memory:  257 MB
   Maximum number of objects: 772
   Maximum allocated memory:  258 MB
   Current administrative memory: 1.1 MB
   Total allocated used system memory: 55.4 MB
   Total allocated free system memory: 23 MB
   gh::allmemory:    123132
   dh::allmemory:    721984
   th::allmemory:    13888
   ggf::allmemory:   189992
   gdata::allmemory: 55208
-----------------------------------------------------------------------------------------------------------------------------------
Iteration      Time |            HYDROBASE::rho |          HYDROBASE::press |            HYDROBASE::eps |      ML_ADMCONSTRAINTS::H
                    |        norm2      maximum |        norm2      maximum |        norm2      maximum |        norm2      maximum
-----------------------------------------------------------------------------------------------------------------------------------
    12800   512.000 |    0.0000334    0.0006047 |    0.0000007    0.0000198 |    0.0066509    0.0378433 |    0.0000014    0.0001935
    12832   513.280 |    0.0000335    0.0006054 |    0.0000007    0.0000199 |    0.0066447    0.0377899 |    0.0000014    0.0001925
    12864   514.560 |    0.0000336    0.0006059 |    0.0000007    0.0000200 |    0.0066382    0.0377606 |    0.0000014    0.0001925
    12896   515.840 |    0.0000337    0.0006064 |    0.0000007    0.0000202 |    0.0066315    0.0377337 |    0.0000014    0.0001932
    12928   517.120 |    0.0000337    0.0006070 |    0.0000007    0.0000203 |    0.0066246    0.0377059 |    0.0000014    0.0001931
    12960   518.400 |    0.0000338    0.0006074 |    0.0000007    0.0000205 |    0.0066177    0.0377120 |    0.0000014    0.0001935
    12992   519.680 |    0.0000338    0.0006080 |    0.0000007    0.0000206 |    0.0066108    0.0377793 |    0.0000014    0.0001931
    13024   520.960 |    0.0000339    0.0006082 |    0.0000007    0.0000207 |    0.0066041    0.0378625 |    0.0000014    0.0001941
    13056   522.240 |    0.0000339    0.0006084 |    0.0000007    0.0000208 |    0.0065977    0.0379018 |    0.0000014    0.0001945
    13088   523.520 |    0.0000339    0.0006085 |    0.0000007    0.0000208 |    0.0065916    0.0379032 |    0.0000014    0.0001948
    13120   524.800 |    0.0000339    0.0006086 |    0.0000007    0.0000208 |    0.0065858    0.0378947 |    0.0000014    0.0001952
    13152   526.080 |    0.0000339    0.0006085 |    0.0000007    0.0000208 |    0.0065806    0.0378641 |    0.0000014    0.0001952
    13184   527.360 |    0.0000339    0.0006084 |    0.0000007    0.0000208 |    0.0065759    0.0378104 |    0.0000014    0.0001951
    13216   528.640 |    0.0000338    0.0006082 |    0.0000007    0.0000207 |    0.0065719    0.0377436 |    0.0000014    0.0001954
    13248   529.920 |    0.0000338    0.0006080 |    0.0000007    0.0000206 |    0.0065688    0.0376609 |    0.0000014    0.0001955
    13280   531.200 |    0.0000337    0.0006076 |    0.0000007    0.0000205 |    0.0065666    0.0375705 |    0.0000013    0.0001952
    13312   532.480 |    0.0000337    0.0006073 |    0.0000007    0.0000204 |    0.0065654    0.0374770 |    0.0000013    0.0001957
    13344   533.760 |    0.0000336    0.0006068 |    0.0000007    0.0000203 |    0.0065654    0.0373341 |    0.0000013    0.0001962
    13376   535.040 |    0.0000335    0.0006062 |    0.0000007    0.0000201 |    0.0065666    0.0372053 |    0.0000013    0.0001957
    13408   536.320 |    0.0000334    0.0006056 |    0.0000007    0.0000199 |    0.0065691    0.0370740 |    0.0000013    0.0001955
-----------------------------------------------------------------------------------------------------------------------------------
Iteration      Time |            HYDROBASE::rho |          HYDROBASE::press |            HYDROBASE::eps |      ML_ADMCONSTRAINTS::H
                    |        norm2      maximum |        norm2      maximum |        norm2      maximum |        norm2      maximum
-----------------------------------------------------------------------------------------------------------------------------------
    13440   537.600 |    0.0000333    0.0006049 |    0.0000007    0.0000197 |    0.0065727    0.0369033 |    0.0000013    0.0001957
    13472   538.880 |    0.0000332    0.0006041 |    0.0000006    0.0000195 |    0.0065772    0.0368175 |    0.0000012    0.0001963
    13504   540.160 |    0.0000330    0.0006032 |    0.0000006    0.0000193 |    0.0065826    0.0367285 |    0.0000012    0.0001972
    13536   541.440 |    0.0000329    0.0006022 |    0.0000006    0.0000190 |    0.0065887    0.0366240 |    0.0000012    0.0001968
    13568   542.720 |    0.0000328    0.0006008 |    0.0000006    0.0000187 |    0.0065953    0.0365137 |    0.0000012    0.0001978
    13600   544.000 |    0.0000326    0.0005995 |    0.0000006    0.0000185 |    0.0066025    0.0363741 |    0.0000013    0.0001977
    13632   545.280 |    0.0000325    0.0005979 |    0.0000006    0.0000182 |    0.0066099    0.0362520 |    0.0000013    0.0001970
    13664   546.560 |    0.0000324    0.0005963 |    0.0000006    0.0000179 |    0.0066175    0.0360843 |    0.0000013    0.0001978
    13696   547.840 |    0.0000322    0.0005941 |    0.0000006    0.0000177 |    0.0066252    0.0358968 |    0.0000013    0.0001980
    13728   549.120 |    0.0000321    0.0005910 |    0.0000006    0.0000174 |    0.0066331    0.0356244 |    0.0000013    0.0002006
    13760   550.400 |    0.0000319    0.0005870 |    0.0000006    0.0000171 |    0.0066412    0.0353435 |    0.0000014    0.0001985
    13792   551.680 |    0.0000318    0.0005750 |    0.0000006    0.0000167 |    0.0066493    0.0347257 |    0.0000014    0.0001951
    13824   552.960 |    0.0000317    0.0005587 |    0.0000006    0.0000157 |    0.0066574    0.0343369 |    0.0000014    0.0002038
    13856   554.240 |    0.0000315    0.0005623 |    0.0000005    0.0000159 |    0.0066652    0.0341182 |    0.0000015    0.0002007
INFO (CarpetIOHDF5): ---------------------------------------------------------
INFO (CarpetIOHDF5): Dumping periodic checkpoint at iteration 13872, simulation time 554.88
INFO (CarpetIOHDF5): ---------------------------------------------------------
    13888   555.520 |    0.0000314    0.0005594 |    0.0000005    0.0000157 |    0.0066727    0.0340782 |    0.0000015    0.0001962
    13920   556.800 |    0.0000313    0.0005577 |    0.0000005    0.0000155 |    0.0066797    0.0339439 |    0.0000016    0.0001997
    13952   558.080 |    0.0000312    0.0005554 |    0.0000005    0.0000153 |    0.0066862    0.0338362 |    0.0000016    0.0001990
    13984   559.360 |    0.0000311    0.0005533 |    0.0000005    0.0000152 |    0.0066922    0.0337047 |    0.0000017    0.0001995
    14016   560.640 |    0.0000310    0.0005506 |    0.0000005    0.0000149 |    0.0066978    0.0335565 |    0.0000017    0.0001995
    14048   561.920 |    0.0000309    0.0005479 |    0.0000005    0.0000147 |    0.0067030    0.0334093 |    0.0000017    0.0001993
-----------------------------------------------------------------------------------------------------------------------------------
Iteration      Time |            HYDROBASE::rho |          HYDROBASE::press |            HYDROBASE::eps |      ML_ADMCONSTRAINTS::H
                    |        norm2      maximum |        norm2      maximum |        norm2      maximum |        norm2      maximum
-----------------------------------------------------------------------------------------------------------------------------------
    14080   563.200 |    0.0000308    0.0005457 |    0.0000005    0.0000145 |    0.0067078    0.0332727 |    0.0000018    0.0001995
    14112   564.480 |    0.0000307    0.0005440 |    0.0000005    0.0000143 |    0.0067123    0.0331710 |    0.0000018    0.0001997
    14144   565.760 |    0.0000307    0.0005426 |    0.0000005    0.0000142 |    0.0067165    0.0330861 |    0.0000018    0.0001998
    14176   567.040 |    0.0000306    0.0005415 |    0.0000005    0.0000141 |    0.0067204    0.0330112 |    0.0000018    0.0002000
    14208   568.320 |    0.0000305    0.0005407 |    0.0000005    0.0000140 |    0.0067240    0.0329530 |    0.0000018    0.0002002
    14240   569.600 |    0.0000305    0.0005400 |    0.0000005    0.0000140 |    0.0067275    0.0329016 |    0.0000019    0.0002002
    14272   570.880 |    0.0000305    0.0005393 |    0.0000005    0.0000139 |    0.0067307    0.0328599 |    0.0000019    0.0002001
    14304   572.160 |    0.0000304    0.0005389 |    0.0000005    0.0000139 |    0.0067338    0.0328242 |    0.0000019    0.0002004
    14336   573.440 |    0.0000304    0.0005387 |    0.0000005    0.0000138 |    0.0067374    0.0328017 |    0.0000019    0.0002005
    14368   574.720 |    0.0000304    0.0005388 |    0.0000005    0.0000138 |    0.0067417    0.0327889 |    0.0000019    0.0002005
    14400   576.000 |    0.0000304    0.0005391 |    0.0000005    0.0000139 |    0.0067462    0.0327917 |    0.0000018    0.0002005
    14432   577.280 |    0.0000304    0.0005395 |    0.0000005    0.0000139 |    0.0067502    0.0328040 |    0.0000018    0.0002008
    14464   578.560 |    0.0000304    0.0005402 |    0.0000005    0.0000139 |    0.0067538    0.0328241 |    0.0000018    0.0002008
    14496   579.840 |    0.0000304    0.0005410 |    0.0000005    0.0000140 |    0.0067570    0.0328533 |    0.0000018    0.0002010
    14528   581.120 |    0.0000305    0.0005418 |    0.0000005    0.0000141 |    0.0067597    0.0328865 |    0.0000017    0.0002011
    14560   582.400 |    0.0000305    0.0005427 |    0.0000005    0.0000141 |    0.0067620    0.0329252 |    0.0000017    0.0002012
    14592   583.680 |    0.0000306    0.0005438 |    0.0000005    0.0000142 |    0.0067636    0.0329715 |    0.0000017    0.0002012
    14624   584.960 |    0.0000306    0.0005450 |    0.0000005    0.0000143 |    0.0067646    0.0330243 |    0.0000016    0.0002014
    14656   586.240 |    0.0000307    0.0005465 |    0.0000005    0.0000145 |    0.0067648    0.0330952 |    0.0000016    0.0002016
    14688   587.520 |    0.0000308    0.0005483 |    0.0000005    0.0000146 |    0.0067645    0.0331878 |    0.0000015    0.0002016
-----------------------------------------------------------------------------------------------------------------------------------
Iteration      Time |            HYDROBASE::rho |          HYDROBASE::press |            HYDROBASE::eps |      ML_ADMCONSTRAINTS::H
                    |        norm2      maximum |        norm2      maximum |        norm2      maximum |        norm2      maximum
-----------------------------------------------------------------------------------------------------------------------------------
    14720   588.800 |    0.0000308    0.0005502 |    0.0000005    0.0000148 |    0.0067636    0.0333039 |    0.0000015    0.0002018
    14752   590.080 |    0.0000309    0.0005521 |    0.0000005    0.0000149 |    0.0067622    0.0334237 |    0.0000014    0.0002018
    14784   591.360 |    0.0000310    0.0005542 |    0.0000005    0.0000151 |    0.0067604    0.0335505 |    0.0000014    0.0002020
    14816   592.640 |    0.0000311    0.0005564 |    0.0000005    0.0000153 |    0.0067583    0.0336761 |    0.0000013    0.0002022
    14848   593.920 |    0.0000312    0.0005587 |    0.0000005    0.0000155 |    0.0067557    0.0338033 |    0.0000013    0.0002024
    14880   595.200 |    0.0000313    0.0005612 |    0.0000005    0.0000157 |    0.0067528    0.0339279 |    0.0000013    0.0002027
    14912   596.480 |    0.0000314    0.0005639 |    0.0000005    0.0000159 |    0.0067495    0.0340533 |    0.0000012    0.0002025
    14944   597.760 |    0.0000316    0.0005669 |    0.0000005    0.0000161 |    0.0067458    0.0341833 |    0.0000012    0.0002032
    14976   599.040 |    0.0000317    0.0005703 |    0.0000006    0.0000163 |    0.0067418    0.0343110 |    0.0000012    0.0002037
    15008   600.320 |    0.0000318    0.0005744 |    0.0000006    0.0000165 |    0.0067374    0.0344410 |    0.0000011    0.0002033
    15040   601.600 |    0.0000319    0.0005797 |    0.0000006    0.0000167 |    0.0067327    0.0345728 |    0.0000011    0.0002045
    15072   602.880 |    0.0000321    0.0005856 |    0.0000006    0.0000169 |    0.0067276    0.0348480 |    0.0000011    0.0002042
    15104   604.160 |    0.0000322    0.0005902 |    0.0000006    0.0000172 |    0.0067223    0.0350909 |    0.0000011    0.0002040
    15136   605.440 |    0.0000323    0.0005933 |    0.0000006    0.0000175 |    0.0067167    0.0353074 |    0.0000011    0.0002037
    15168   606.720 |    0.0000325    0.0005958 |    0.0000006    0.0000178 |    0.0067108    0.0355111 |    0.0000011    0.0002051
    15200   608.000 |    0.0000326    0.0005974 |    0.0000006    0.0000180 |    0.0067045    0.0356898 |    0.0000011    0.0002017
    15232   609.280 |    0.0000327    0.0005990 |    0.0000006    0.0000183 |    0.0066978    0.0359387 |    0.0000011    0.0002041
    15264   610.560 |    0.0000328    0.0006000 |    0.0000006    0.0000185 |    0.0066907    0.0361003 |    0.0000012    0.0002046
    15296   611.840 |    0.0000329    0.0006013 |    0.0000006    0.0000187 |    0.0066833    0.0362671 |    0.0000012    0.0002042
    15328   613.120 |    0.0000331    0.0006023 |    0.0000006    0.0000190 |    0.0066756    0.0364585 |    0.0000012    0.0002047
-----------------------------------------------------------------------------------------------------------------------------------
Iteration      Time |            HYDROBASE::rho |          HYDROBASE::press |            HYDROBASE::eps |      ML_ADMCONSTRAINTS::H
                    |        norm2      maximum |        norm2      maximum |        norm2      maximum |        norm2      maximum
-----------------------------------------------------------------------------------------------------------------------------------
    15360   614.400 |    0.0000332    0.0006030 |    0.0000006    0.0000192 |    0.0066676    0.0365796 |    0.0000012    0.0002049
    15392   615.680 |    0.0000333    0.0006040 |    0.0000006    0.0000194 |    0.0066595    0.0366890 |    0.0000012    0.0002046
    15424   616.960 |    0.0000334    0.0006048 |    0.0000007    0.0000196 |    0.0066512    0.0367600 |    0.0000012    0.0002047
    15456   618.240 |    0.0000334    0.0006053 |    0.0000007    0.0000198 |    0.0066427    0.0368217 |    0.0000012    0.0002050
    15488   619.520 |    0.0000335    0.0006060 |    0.0000007    0.0000200 |    0.0066341    0.0369225 |    0.0000012    0.0002055
    15520   620.800 |    0.0000336    0.0006063 |    0.0000007    0.0000201 |    0.0066254    0.0370075 |    0.0000013    0.0002063
    15552   622.080 |    0.0000337    0.0006065 |    0.0000007    0.0000201 |    0.0066167    0.0370828 |    0.0000013    0.0002061
    15584   623.360 |    0.0000337    0.0006069 |    0.0000007    0.0000202 |    0.0066080    0.0371526 |    0.0000013    0.0002064
    15616   624.640 |    0.0000337    0.0006070 |    0.0000007    0.0000203 |    0.0065995    0.0372082 |    0.0000013    0.0002069
    15648   625.920 |    0.0000338    0.0006073 |    0.0000007    0.0000204 |    0.0065911    0.0372400 |    0.0000013    0.0002070
    15680   627.200 |    0.0000338    0.0006074 |    0.0000007    0.0000204 |    0.0065830    0.0372620 |    0.0000012    0.0002079
    15712   628.480 |    0.0000338    0.0006075 |    0.0000007    0.0000204 |    0.0065752    0.0372720 |    0.0000012    0.0002081
    15744   629.760 |    0.0000338    0.0006074 |    0.0000007    0.0000204 |    0.0065680    0.0372652 |    0.0000012    0.0002083
    15776   631.040 |    0.0000337    0.0006073 |    0.0000007    0.0000204 |    0.0065613    0.0372506 |    0.0000012    0.0002084
    15808   632.320 |    0.0000337    0.0006070 |    0.0000007    0.0000203 |    0.0065553    0.0372246 |    0.0000012    0.0002086
    15840   633.600 |    0.0000337    0.0006068 |    0.0000007    0.0000203 |    0.0065501    0.0371918 |    0.0000012    0.0002090
    15872   634.880 |    0.0000336    0.0006065 |    0.0000007    0.0000202 |    0.0065458    0.0371605 |    0.0000012    0.0002095
    15904   636.160 |    0.0000335    0.0006061 |    0.0000007    0.0000201 |    0.0065425    0.0371328 |    0.0000012    0.0002094
    15936   637.440 |    0.0000335    0.0006057 |    0.0000007    0.0000200 |    0.0065403    0.0370924 |    0.0000011    0.0002093
    15968   638.720 |    0.0000334    0.0006052 |    0.0000007    0.0000198 |    0.0065394    0.0370435 |    0.0000011    0.0002096
-----------------------------------------------------------------------------------------------------------------------------------
Iteration      Time |            HYDROBASE::rho |          HYDROBASE::press |            HYDROBASE::eps |      ML_ADMCONSTRAINTS::H
                    |        norm2      maximum |        norm2      maximum |        norm2      maximum |        norm2      maximum
-----------------------------------------------------------------------------------------------------------------------------------
    16000   640.000 |    0.0000333    0.0006045 |    0.0000007    0.0000196 |    0.0065398    0.0369831 |    0.0000011    0.0002098
    16032   641.280 |    0.0000332    0.0006037 |    0.0000006    0.0000194 |    0.0065416    0.0368984 |    0.0000011    0.0002098
    16064   642.560 |    0.0000331    0.0006029 |    0.0000006    0.0000193 |    0.0065445    0.0367839 |    0.0000011    0.0002097
    16096   643.840 |    0.0000330    0.0006022 |    0.0000006    0.0000191 |    0.0065486    0.0366478 |    0.0000011    0.0002095
    16128   645.120 |    0.0000328    0.0006011 |    0.0000006    0.0000188 |    0.0065535    0.0364359 |    0.0000011    0.0002098
    16160   646.400 |    0.0000327    0.0006000 |    0.0000006    0.0000186 |    0.0065592    0.0362791 |    0.0000011    0.0002093
    16192   647.680 |    0.0000326    0.0005987 |    0.0000006    0.0000184 |    0.0065654    0.0361288 |    0.0000011    0.0002094
    16224   648.960 |    0.0000325    0.0005972 |    0.0000006    0.0000181 |    0.0065722    0.0359898 |    0.0000011    0.0002107
    16256   650.240 |    0.0000323    0.0005953 |    0.0000006    0.0000179 |    0.0065794    0.0358005 |    0.0000012    0.0002101
    16288   651.520 |    0.0000322    0.0005933 |    0.0000006    0.0000177 |    0.0065870    0.0356974 |    0.0000012    0.0002117
    16320   652.800 |    0.0000321    0.0005900 |    0.0000006    0.0000174 |    0.0065950    0.0355449 |    0.0000012    0.0002076
    16352   654.080 |    0.0000320    0.0005858 |    0.0000006    0.0000171 |    0.0066032    0.0353464 |    0.0000012    0.0002078
    16384   655.360 |    0.0000318    0.0005634 |    0.0000006    0.0000160 |    0.0066117    0.0345447 |    0.0000013    0.0002086
    16416   656.640 |    0.0000317    0.0005587 |    0.0000006    0.0000155 |    0.0066202    0.0343746 |    0.0000013    0.0002006
    16448   657.920 |    0.0000316    0.0005617 |    0.0000005    0.0000160 |    0.0066287    0.0341735 |    0.0000014    0.0002106
    16480   659.200 |    0.0000315    0.0005584 |    0.0000005    0.0000157 |    0.0066370    0.0340398 |    0.0000014    0.0002091
    16512   660.480 |    0.0000314    0.0005576 |    0.0000005    0.0000156 |    0.0066453    0.0339829 |    0.0000014    0.0002093
    16544   661.760 |    0.0000313    0.0005555 |    0.0000005    0.0000155 |    0.0066533    0.0339361 |    0.0000015    0.0002094
    16576   663.040 |    0.0000312    0.0005537 |    0.0000005    0.0000153 |    0.0066610    0.0338623 |    0.0000015    0.0002087
    16608   664.320 |    0.0000311    0.0005511 |    0.0000005    0.0000151 |    0.0066686    0.0337479 |    0.0000016    0.0002088
-----------------------------------------------------------------------------------------------------------------------------------
Iteration      Time |            HYDROBASE::rho |          HYDROBASE::press |            HYDROBASE::eps |      ML_ADMCONSTRAINTS::H
                    |        norm2      maximum |        norm2      maximum |        norm2      maximum |        norm2      maximum
-----------------------------------------------------------------------------------------------------------------------------------
    16640   665.600 |    0.0000310    0.0005487 |    0.0000005    0.0000149 |    0.0066759    0.0336318 |    0.0000016    0.0002092
    16672   666.880 |    0.0000309    0.0005468 |    0.0000005    0.0000147 |    0.0066831    0.0335216 |    0.0000016    0.0002086
    16704   668.160 |    0.0000308    0.0005449 |    0.0000005    0.0000146 |    0.0066900    0.0334112 |    0.0000017    0.0002087
    16736   669.440 |    0.0000307    0.0005437 |    0.0000005    0.0000145 |    0.0066968    0.0333138 |    0.0000017    0.0002088
    16768   670.720 |    0.0000307    0.0005424 |    0.0000005    0.0000144 |    0.0067034    0.0332584 |    0.0000017    0.0002086
    16800   672.000 |    0.0000306    0.0005414 |    0.0000005    0.0000143 |    0.0067098    0.0332152 |    0.0000017    0.0002085
    16832   673.280 |    0.0000306    0.0005404 |    0.0000005    0.0000142 |    0.0067158    0.0336190 |    0.0000017    0.0002083
    16864   674.560 |    0.0000306    0.0005393 |    0.0000005    0.0000141 |    0.0067221    0.0340470 |    0.0000017    0.0002083
    16896   675.840 |    0.0000305    0.0005383 |    0.0000005    0.0000140 |    0.0067292    0.0335995 |    0.0000017    0.0002082
    16928   677.120 |    0.0000305    0.0005375 |    0.0000005    0.0000140 |    0.0067359    0.0330440 |    0.0000017    0.0002082
    16960   678.400 |    0.0000305    0.0005371 |    0.0000005    0.0000139 |    0.0067423    0.0330275 |    0.0000017    0.0002081
    16992   679.680 |    0.0000305    0.0005370 |    0.0000005    0.0000139 |    0.0067483    0.0330260 |    0.0000017    0.0002080
    17024   680.960 |    0.0000305    0.0005373 |    0.0000005    0.0000140 |    0.0067537    0.0330455 |    0.0000017    0.0002080
    17056   682.240 |    0.0000305    0.0005380 |    0.0000005    0.0000140 |    0.0067584    0.0330817 |    0.0000017    0.0002078
    17088   683.520 |    0.0000305    0.0005388 |    0.0000005    0.0000141 |    0.0067620    0.0331260 |    0.0000016    0.0002076
    17120   684.800 |    0.0000306    0.0005399 |    0.0000005    0.0000142 |    0.0067648    0.0331818 |    0.0000016    0.0002076
    17152   686.080 |    0.0000306    0.0005412 |    0.0000005    0.0000143 |    0.0067670    0.0332441 |    0.0000016    0.0002076
    17184   687.360 |    0.0000306    0.0005423 |    0.0000005    0.0000144 |    0.0067688    0.0333014 |    0.0000015    0.0002075
    17216   688.640 |    0.0000307    0.0005435 |    0.0000005    0.0000145 |    0.0067701    0.0333635 |    0.0000015    0.0002076
    17248   689.920 |    0.0000308    0.0005451 |    0.0000005    0.0000146 |    0.0067710    0.0334414 |    0.0000015    0.0002074
-----------------------------------------------------------------------------------------------------------------------------------
Iteration      Time |            HYDROBASE::rho |          HYDROBASE::press |            HYDROBASE::eps |      ML_ADMCONSTRAINTS::H
                    |        norm2      maximum |        norm2      maximum |        norm2      maximum |        norm2      maximum
-----------------------------------------------------------------------------------------------------------------------------------
    17280   691.200 |    0.0000308    0.0005468 |    0.0000005    0.0000148 |    0.0067715    0.0335299 |    0.0000014    0.0002075
    17312   692.480 |    0.0000309    0.0005485 |    0.0000005    0.0000149 |    0.0067718    0.0336113 |    0.0000014    0.0002075
    17344   693.760 |    0.0000310    0.0005501 |    0.0000005    0.0000150 |    0.0067719    0.0336920 |    0.0000013    0.0002075
    17376   695.040 |    0.0000311    0.0005519 |    0.0000005    0.0000152 |    0.0067721    0.0337822 |    0.0000013    0.0002073
    17408   696.320 |    0.0000312    0.0005540 |    0.0000005    0.0000154 |    0.0067721    0.0338883 |    0.0000012    0.0002073
    17440   697.600 |    0.0000313    0.0005561 |    0.0000005    0.0000156 |    0.0067718    0.0339989 |    0.0000012    0.0002073
    17472   698.880 |    0.0000314    0.0005584 |    0.0000005    0.0000158 |    0.0067710    0.0341135 |    0.0000011    0.0002073
    17504   700.160 |    0.0000315    0.0005607 |    0.0000005    0.0000159 |    0.0067699    0.0342321 |    0.0000011    0.0002072
    17536   701.440 |    0.0000316    0.0005634 |    0.0000005    0.0000161 |    0.0067683    0.0343652 |    0.0000011    0.0002073
    17568   702.720 |    0.0000317    0.0005663 |    0.0000006    0.0000163 |    0.0067663    0.0345077 |    0.0000010    0.0002072
    17600   704.000 |    0.0000318    0.0005694 |    0.0000006    0.0000165 |    0.0067640    0.0346682 |    0.0000010    0.0002075
    17632   705.280 |    0.0000319    0.0005732 |    0.0000006    0.0000167 |    0.0067612    0.0348540 |    0.0000010    0.0002073
    17664   706.560 |    0.0000320    0.0005777 |    0.0000006    0.0000169 |    0.0067581    0.0350792 |    0.0000010    0.0002072
    17696   707.840 |    0.0000322    0.0005833 |    0.0000006    0.0000171 |    0.0067546    0.0353483 |    0.0000010    0.0002072
    17728   709.120 |    0.0000323    0.0005885 |    0.0000006    0.0000173 |    0.0067506    0.0356262 |    0.0000010    0.0002074
    17760   710.400 |    0.0000324    0.0005924 |    0.0000006    0.0000176 |    0.0067463    0.0358206 |    0.0000010    0.0002078
    17792   711.680 |    0.0000325    0.0005947 |    0.0000006    0.0000179 |    0.0067415    0.0359384 |    0.0000010    0.0002071
    17824   712.960 |    0.0000326    0.0005964 |    0.0000006    0.0000181 |    0.0067363    0.0360142 |    0.0000010    0.0002095
    17856   714.240 |    0.0000327    0.0005980 |    0.0000006    0.0000183 |    0.0067305    0.0361555 |    0.0000010    0.0002066
    17888   715.520 |    0.0000329    0.0005994 |    0.0000006    0.0000186 |    0.0067245    0.0362843 |    0.0000010    0.0002080
-----------------------------------------------------------------------------------------------------------------------------------
Iteration      Time |            HYDROBASE::rho |          HYDROBASE::press |            HYDROBASE::eps |      ML_ADMCONSTRAINTS::H
                    |        norm2      maximum |        norm2      maximum |        norm2      maximum |        norm2      maximum
-----------------------------------------------------------------------------------------------------------------------------------
    17920   716.800 |    0.0000330    0.0006006 |    0.0000006    0.0000188 |    0.0067181    0.0364210 |    0.0000010    0.0002067
    17952   718.080 |    0.0000331    0.0006017 |    0.0000006    0.0000190 |    0.0067115    0.0365219 |    0.0000011    0.0002073
    17984   719.360 |    0.0000332    0.0006025 |    0.0000006    0.0000192 |    0.0067047    0.0365764 |    0.0000011    0.0002075
    18016   720.640 |    0.0000332    0.0006032 |    0.0000006    0.0000194 |    0.0066976    0.0366505 |    0.0000011    0.0002074
    18048   721.920 |    0.0000333    0.0006037 |    0.0000007    0.0000195 |    0.0066903    0.0366778 |    0.0000011    0.0002078
    18080   723.200 |    0.0000334    0.0006044 |    0.0000007    0.0000197 |    0.0066828    0.0367133 |    0.0000011    0.0002074
    18112   724.480 |    0.0000335    0.0006048 |    0.0000007    0.0000198 |    0.0066752    0.0367390 |    0.0000011    0.0002072
    18144   725.760 |    0.0000335    0.0006052 |    0.0000007    0.0000199 |    0.0066674    0.0367599 |    0.0000011    0.0002079
    18176   727.040 |    0.0000336    0.0006055 |    0.0000007    0.0000200 |    0.0066597    0.0367773 |    0.0000011    0.0002077
    18208   728.320 |    0.0000336    0.0006057 |    0.0000007    0.0000201 |    0.0066519    0.0367936 |    0.0000011    0.0002074
    18240   729.600 |    0.0000336    0.0006060 |    0.0000007    0.0000201 |    0.0066443    0.0368009 |    0.0000011    0.0002076
    18272   730.880 |    0.0000336    0.0006061 |    0.0000007    0.0000202 |    0.0066368    0.0368069 |    0.0000011    0.0002073
    18304   732.160 |    0.0000336    0.0006062 |    0.0000007    0.0000202 |    0.0066295    0.0368139 |    0.0000011    0.0002073
    18336   733.440 |    0.0000336    0.0006061 |    0.0000007    0.0000202 |    0.0066226    0.0368128 |    0.0000011    0.0002069
    18368   734.720 |    0.0000336    0.0006060 |    0.0000007    0.0000201 |    0.0066160    0.0368063 |    0.0000011    0.0002069
    18400   736.000 |    0.0000336    0.0006059 |    0.0000007    0.0000201 |    0.0066099    0.0367951 |    0.0000011    0.0002071
    18432   737.280 |    0.0000335    0.0006057 |    0.0000007    0.0000200 |    0.0066043    0.0367816 |    0.0000011    0.0002070
    18464   738.560 |    0.0000335    0.0006054 |    0.0000007    0.0000200 |    0.0065994    0.0367629 |    0.0000010    0.0002068
    18496   739.840 |    0.0000334    0.0006051 |    0.0000007    0.0000199 |    0.0065953    0.0367366 |    0.0000010    0.0002068
    18528   741.120 |    0.0000334    0.0006046 |    0.0000007    0.0000197 |    0.0065922    0.0367057 |    0.0000010    0.0002065
-----------------------------------------------------------------------------------------------------------------------------------
Iteration      Time |            HYDROBASE::rho |          HYDROBASE::press |            HYDROBASE::eps |      ML_ADMCONSTRAINTS::H
                    |        norm2      maximum |        norm2      maximum |        norm2      maximum |        norm2      maximum
-----------------------------------------------------------------------------------------------------------------------------------
    18560   742.400 |    0.0000333    0.0006041 |    0.0000007    0.0000196 |    0.0065901    0.0366700 |    0.0000010    0.0002063
    18592   743.680 |    0.0000332    0.0006036 |    0.0000007    0.0000195 |    0.0065888    0.0366310 |    0.0000010    0.0002062
    18624   744.960 |    0.0000331    0.0006030 |    0.0000006    0.0000193 |    0.0065885    0.0365846 |    0.0000010    0.0002058
    18656   746.240 |    0.0000330    0.0006024 |    0.0000006    0.0000192 |    0.0065893    0.0365275 |    0.0000010    0.0002053
    18688   747.520 |    0.0000329    0.0006017 |    0.0000006    0.0000190 |    0.0065912    0.0364554 |    0.0000010    0.0002059
    18720   748.800 |    0.0000328    0.0006007 |    0.0000006    0.0000188 |    0.0065942    0.0363823 |    0.0000010    0.0002056
    18752   750.080 |    0.0000327    0.0005997 |    0.0000006    0.0000186 |    0.0065981    0.0362971 |    0.0000010    0.0002044
    18784   751.360 |    0.0000326    0.0005987 |    0.0000006    0.0000184 |    0.0066027    0.0361980 |    0.0000010    0.0002044
    18816   752.640 |    0.0000325    0.0005974 |    0.0000006    0.0000182 |    0.0066079    0.0360732 |    0.0000010    0.0002039
    18848   753.920 |    0.0000323    0.0005957 |    0.0000006    0.0000179 |    0.0066136    0.0359181 |    0.0000010    0.0002039
    18880   755.200 |    0.0000322    0.0005942 |    0.0000006    0.0000178 |    0.0066197    0.0367204 |    0.0000011    0.0002043
    18912   756.480 |    0.0000321    0.0005907 |    0.0000006    0.0000174 |    0.0066263    0.0358567 |    0.0000011    0.0002065
    18944   757.760 |    0.0000320    0.0005887 |    0.0000006    0.0000173 |    0.0066331    0.0354665 |    0.0000011    0.0002024
    18976   759.040 |    0.0000319    0.0005834 |    0.0000006    0.0000170 |    0.0066400    0.0351997 |    0.0000012    0.0002114
    19008   760.320 |    0.0000317    0.0005598 |    0.0000006    0.0000159 |    0.0066470    0.0343038 |    0.0000012    0.0002146
    19040   761.600 |    0.0000316    0.0005563 |    0.0000006    0.0000154 |    0.0066539    0.0341048 |    0.0000013    0.0002140
    19072   762.880 |    0.0000315    0.0005601 |    0.0000005    0.0000158 |    0.0066609    0.0340618 |    0.0000013    0.0001985
    19104   764.160 |    0.0000314    0.0005582 |    0.0000005    0.0000157 |    0.0066677    0.0340327 |    0.0000013    0.0002023
    19136   765.440 |    0.0000313    0.0005569 |    0.0000005    0.0000156 |    0.0066744    0.0339386 |    0.0000014    0.0002015
    19168   766.720 |    0.0000312    0.0005554 |    0.0000005    0.0000154 |    0.0066809    0.0338741 |    0.0000014    0.0002014
Memory statistics from CarpetLib:
   Current number of objects: 768
   Current allocated memory:  257 MB
   Maximum number of objects: 772
   Maximum allocated memory:  258 MB
   Current administrative memory: 1.1 MB
   Total allocated used system memory: 55.4 MB
   Total allocated free system memory: 29.2 MB
   gh::allmemory:    123132
   dh::allmemory:    721984
   th::allmemory:    13888
   ggf::allmemory:   189992
   gdata::allmemory: 55208
-----------------------------------------------------------------------------------------------------------------------------------
Iteration      Time |            HYDROBASE::rho |          HYDROBASE::press |            HYDROBASE::eps |      ML_ADMCONSTRAINTS::H
                    |        norm2      maximum |        norm2      maximum |        norm2      maximum |        norm2      maximum
-----------------------------------------------------------------------------------------------------------------------------------
    19200   768.000 |    0.0000311    0.0005539 |    0.0000005    0.0000153 |    0.0066874    0.0337925 |    0.0000015    0.0002014
    19232   769.280 |    0.0000310    0.0005518 |    0.0000005    0.0000151 |    0.0066937    0.0337044 |    0.0000015    0.0002008
    19264   770.560 |    0.0000310    0.0005498 |    0.0000005    0.0000149 |    0.0066997    0.0336117 |    0.0000015    0.0002005
    19296   771.840 |    0.0000309    0.0005480 |    0.0000005    0.0000148 |    0.0067054    0.0335216 |    0.0000015    0.0002003
    19328   773.120 |    0.0000308    0.0005465 |    0.0000005    0.0000147 |    0.0067109    0.0334447 |    0.0000016    0.0001999
    19360   774.400 |    0.0000308    0.0005452 |    0.0000005    0.0000145 |    0.0067163    0.0333808 |    0.0000016    0.0001999
    19392   775.680 |    0.0000307    0.0005443 |    0.0000005    0.0000145 |    0.0067217    0.0333299 |    0.0000016    0.0001994
    19424   776.960 |    0.0000307    0.0005435 |    0.0000005    0.0000144 |    0.0067268    0.0332910 |    0.0000016    0.0001991
    19456   778.240 |    0.0000306    0.0005428 |    0.0000005    0.0000143 |    0.0067316    0.0332505 |    0.0000016    0.0001988
    19488   779.520 |    0.0000306    0.0005420 |    0.0000005    0.0000143 |    0.0067360    0.0332133 |    0.0000016    0.0001987
    19520   780.800 |    0.0000306    0.0005413 |    0.0000005    0.0000142 |    0.0067400    0.0331781 |    0.0000016    0.0001983
    19552   782.080 |    0.0000306    0.0005408 |    0.0000005    0.0000142 |    0.0067437    0.0331555 |    0.0000016    0.0001981
    19584   783.360 |    0.0000306    0.0005405 |    0.0000005    0.0000141 |    0.0067471    0.0331507 |    0.0000016    0.0001979
    19616   784.640 |    0.0000306    0.0005408 |    0.0000005    0.0000142 |    0.0067505    0.0331619 |    0.0000016    0.0001977
    19648   785.920 |    0.0000306    0.0005414 |    0.0000005    0.0000142 |    0.0067540    0.0331886 |    0.0000016    0.0001973
    19680   787.200 |    0.0000306    0.0005421 |    0.0000005    0.0000143 |    0.0067577    0.0332309 |    0.0000015    0.0001971
    19712   788.480 |    0.0000306    0.0005431 |    0.0000005    0.0000144 |    0.0067611    0.0332818 |    0.0000015    0.0001968
    19744   789.760 |    0.0000307    0.0005442 |    0.0000005    0.0000145 |    0.0067641    0.0333372 |    0.0000015    0.0001965
    19776   791.040 |    0.0000307    0.0005453 |    0.0000005    0.0000145 |    0.0067668    0.0333949 |    0.0000014    0.0001963
    19808   792.320 |    0.0000307    0.0005463 |    0.0000005    0.0000146 |    0.0067691    0.0334505 |    0.0000014    0.0001961
-----------------------------------------------------------------------------------------------------------------------------------
Iteration      Time |            HYDROBASE::rho |          HYDROBASE::press |            HYDROBASE::eps |      ML_ADMCONSTRAINTS::H
                    |        norm2      maximum |        norm2      maximum |        norm2      maximum |        norm2      maximum
-----------------------------------------------------------------------------------------------------------------------------------
    19840   793.600 |    0.0000308    0.0005475 |    0.0000005    0.0000147 |    0.0067709    0.0335165 |    0.0000014    0.0001958
    19872   794.880 |    0.0000309    0.0005491 |    0.0000005    0.0000149 |    0.0067724    0.0335853 |    0.0000013    0.0001956
    19904   796.160 |    0.0000309    0.0005508 |    0.0000005    0.0000150 |    0.0067736    0.0336627 |    0.0000013    0.0001952
    19936   797.440 |    0.0000310    0.0005524 |    0.0000005    0.0000152 |    0.0067745    0.0337363 |    0.0000012    0.0001949
    19968   798.720 |    0.0000311    0.0005540 |    0.0000005    0.0000153 |    0.0067750    0.0338124 |    0.0000012    0.0001945
    20000   800.000 |    0.0000312    0.0005559 |    0.0000005    0.0000155 |    0.0067753    0.0338930 |    0.0000011    0.0001941
    20032   801.280 |    0.0000313    0.0005580 |    0.0000005    0.0000156 |    0.0067752    0.0339829 |    0.0000011    0.0001936
    20064   802.560 |    0.0000313    0.0005603 |    0.0000005    0.0000158 |    0.0067746    0.0340729 |    0.0000011    0.0001935
    20096   803.840 |    0.0000314    0.0005629 |    0.0000005    0.0000160 |    0.0067736    0.0341693 |    0.0000010    0.0001933
    20128   805.120 |    0.0000315    0.0005657 |    0.0000005    0.0000162 |    0.0067722    0.0342709 |    0.0000010    0.0001926
    20160   806.400 |    0.0000317    0.0005689 |    0.0000006    0.0000164 |    0.0067704    0.0344063 |    0.0000010    0.0001925
    20192   807.680 |    0.0000318    0.0005730 |    0.0000006    0.0000165 |    0.0067681    0.0345725 |    0.0000009    0.0001930
    20224   808.960 |    0.0000319    0.0005782 |    0.0000006    0.0000167 |    0.0067654    0.0347564 |    0.0000009    0.0001928
    20256   810.240 |    0.0000320    0.0005828 |    0.0000006    0.0000168 |    0.0067622    0.0349770 |    0.0000009    0.0001931
    20288   811.520 |    0.0000321    0.0005864 |    0.0000006    0.0000170 |    0.0067585    0.0352054 |    0.0000009    0.0001919
    20320   812.800 |    0.0000322    0.0005889 |    0.0000006    0.0000172 |    0.0067545    0.0354342 |    0.0000009    0.0001919
    20352   814.080 |    0.0000323    0.0005915 |    0.0000006    0.0000175 |    0.0067500    0.0356625 |    0.0000009    0.0001911
    20384   815.360 |    0.0000324    0.0005947 |    0.0000006    0.0000178 |    0.0067451    0.0358532 |    0.0000009    0.0001932
    20416   816.640 |    0.0000325    0.0005969 |    0.0000006    0.0000181 |    0.0067399    0.0359711 |    0.0000009    0.0001920
    20448   817.920 |    0.0000326    0.0005980 |    0.0000006    0.0000183 |    0.0067342    0.0360379 |    0.0000009    0.0001913
-----------------------------------------------------------------------------------------------------------------------------------
Iteration      Time |            HYDROBASE::rho |          HYDROBASE::press |            HYDROBASE::eps |      ML_ADMCONSTRAINTS::H
                    |        norm2      maximum |        norm2      maximum |        norm2      maximum |        norm2      maximum
-----------------------------------------------------------------------------------------------------------------------------------
    20480   819.200 |    0.0000327    0.0005990 |    0.0000006    0.0000184 |    0.0067282    0.0360990 |    0.0000009    0.0001923
    20512   820.480 |    0.0000328    0.0005998 |    0.0000006    0.0000186 |    0.0067220    0.0361697 |    0.0000009    0.0001919
    20544   821.760 |    0.0000329    0.0006008 |    0.0000006    0.0000188 |    0.0067154    0.0362211 |    0.0000009    0.0001906
    20576   823.040 |    0.0000330    0.0006018 |    0.0000006    0.0000190 |    0.0067087    0.0363021 |    0.0000009    0.0001919
    20608   824.320 |    0.0000331    0.0006025 |    0.0000006    0.0000192 |    0.0067016    0.0363621 |    0.0000010    0.0001910
    20640   825.600 |    0.0000332    0.0006031 |    0.0000006    0.0000193 |    0.0066943    0.0364134 |    0.0000010    0.0001911
INFO (CarpetIOHDF5): ---------------------------------------------------------
INFO (CarpetIOHDF5): Dumping periodic checkpoint at iteration 20667, simulation time 826.68
INFO (CarpetIOHDF5): ---------------------------------------------------------
    20672   826.880 |    0.0000333    0.0006037 |    0.0000007    0.0000195 |    0.0066868    0.0364398 |    0.0000010    0.0001903
    20704   828.160 |    0.0000333    0.0006041 |    0.0000007    0.0000196 |    0.0066790    0.0364688 |    0.0000010    0.0001907
    20736   829.440 |    0.0000334    0.0006045 |    0.0000007    0.0000197 |    0.0066711    0.0364843 |    0.0000010    0.0001896
    20768   830.720 |    0.0000334    0.0006048 |    0.0000007    0.0000197 |    0.0066632    0.0364978 |    0.0000010    0.0001901
    20800   832.000 |    0.0000335    0.0006050 |    0.0000007    0.0000198 |    0.0066552    0.0365087 |    0.0000010    0.0001897
    20832   833.280 |    0.0000335    0.0006054 |    0.0000007    0.0000199 |    0.0066473    0.0365191 |    0.0000010    0.0001895
    20864   834.560 |    0.0000335    0.0006056 |    0.0000007    0.0000200 |    0.0066394    0.0365265 |    0.0000010    0.0001887
    20896   835.840 |    0.0000335    0.0006057 |    0.0000007    0.0000200 |    0.0066318    0.0365242 |    0.0000010    0.0001887
    20928   837.120 |    0.0000335    0.0006057 |    0.0000007    0.0000200 |    0.0066243    0.0365132 |    0.0000010    0.0001883
    20960   838.400 |    0.0000335    0.0006056 |    0.0000007    0.0000200 |    0.0066172    0.0365005 |    0.0000010    0.0001883
    20992   839.680 |    0.0000335    0.0006055 |    0.0000007    0.0000199 |    0.0066104    0.0364875 |    0.0000010    0.0001877
    21024   840.960 |    0.0000334    0.0006054 |    0.0000007    0.0000199 |    0.0066041    0.0364787 |    0.0000009    0.0001875
    21056   842.240 |    0.0000334    0.0006052 |    0.0000007    0.0000199 |    0.0065985    0.0364672 |    0.0000009    0.0001872
    21088   843.520 |    0.0000333    0.0006050 |    0.0000007    0.0000198 |    0.0065937    0.0364496 |    0.0000009    0.0001870
-----------------------------------------------------------------------------------------------------------------------------------
Iteration      Time |            HYDROBASE::rho |          HYDROBASE::press |            HYDROBASE::eps |      ML_ADMCONSTRAINTS::H
                    |        norm2      maximum |        norm2      maximum |        norm2      maximum |        norm2      maximum
-----------------------------------------------------------------------------------------------------------------------------------
    21120   844.800 |    0.0000333    0.0006046 |    0.0000007    0.0000197 |    0.0065901    0.0364268 |    0.0000009    0.0001866
    21152   846.080 |    0.0000332    0.0006042 |    0.0000007    0.0000196 |    0.0065877    0.0363970 |    0.0000009    0.0001864
    21184   847.360 |    0.0000331    0.0006036 |    0.0000006    0.0000194 |    0.0065869    0.0363648 |    0.0000009    0.0001859
    21216   848.640 |    0.0000331    0.0006030 |    0.0000006    0.0000193 |    0.0065876    0.0363280 |    0.0000009    0.0001857
    21248   849.920 |    0.0000330    0.0006025 |    0.0000006    0.0000191 |    0.0065896    0.0362963 |    0.0000009    0.0001861
    21280   851.200 |    0.0000329    0.0006020 |    0.0000006    0.0000190 |    0.0065929    0.0362550 |    0.0000009    0.0001856
    21312   852.480 |    0.0000328    0.0006010 |    0.0000006    0.0000188 |    0.0065969    0.0361966 |    0.0000009    0.0001852
    21344   853.760 |    0.0000327    0.0006000 |    0.0000006    0.0000186 |    0.0066015    0.0361355 |    0.0000009    0.0001860
    21376   855.040 |    0.0000326    0.0005991 |    0.0000006    0.0000184 |    0.0066066    0.0360814 |    0.0000009    0.0001851
    21408   856.320 |    0.0000325    0.0005981 |    0.0000006    0.0000182 |    0.0066121    0.0360127 |    0.0000009    0.0001851
    21440   857.600 |    0.0000324    0.0005964 |    0.0000006    0.0000180 |    0.0066182    0.0359159 |    0.0000010    0.0001835
    21472   858.880 |    0.0000322    0.0005951 |    0.0000006    0.0000178 |    0.0066246    0.0358351 |    0.0000010    0.0001846
    21504   860.160 |    0.0000321    0.0005925 |    0.0000006    0.0000175 |    0.0066316    0.0356887 |    0.0000010    0.0001817
    21536   861.440 |    0.0000320    0.0005900 |    0.0000006    0.0000173 |    0.0066389    0.0355275 |    0.0000011    0.0001846
    21568   862.720 |    0.0000319    0.0005855 |    0.0000006    0.0000171 |    0.0066466    0.0353285 |    0.0000011    0.0001851
    21600   864.000 |    0.0000318    0.0005768 |    0.0000006    0.0000168 |    0.0066546    0.0349342 |    0.0000011    0.0001858
    21632   865.280 |    0.0000317    0.0005610 |    0.0000006    0.0000157 |    0.0066627    0.0339869 |    0.0000012    0.0001770
    21664   866.560 |    0.0000316    0.0005561 |    0.0000005    0.0000155 |    0.0066707    0.0338576 |    0.0000012    0.0001897
    21696   867.840 |    0.0000315    0.0005602 |    0.0000005    0.0000158 |    0.0066785    0.0340324 |    0.0000012    0.0001810
    21728   869.120 |    0.0000314    0.0005591 |    0.0000005    0.0000157 |    0.0066858    0.0339552 |    0.0000013    0.0001833
-----------------------------------------------------------------------------------------------------------------------------------
Iteration      Time |            HYDROBASE::rho |          HYDROBASE::press |            HYDROBASE::eps |      ML_ADMCONSTRAINTS::H
                    |        norm2      maximum |        norm2      maximum |        norm2      maximum |        norm2      maximum
-----------------------------------------------------------------------------------------------------------------------------------
    21760   870.400 |    0.0000313    0.0005580 |    0.0000005    0.0000156 |    0.0066925    0.0338821 |    0.0000013    0.0001825
    21792   871.680 |    0.0000312    0.0005565 |    0.0000005    0.0000154 |    0.0066986    0.0338045 |    0.0000014    0.0001827
    21824   872.960 |    0.0000311    0.0005550 |    0.0000005    0.0000153 |    0.0067041    0.0337277 |    0.0000014    0.0001825
    21856   874.240 |    0.0000310    0.0005533 |    0.0000005    0.0000152 |    0.0067090    0.0336406 |    0.0000014    0.0001819
    21888   875.520 |    0.0000310    0.0005513 |    0.0000005    0.0000150 |    0.0067134    0.0335242 |    0.0000014    0.0001820
    21920   876.800 |    0.0000309    0.0005497 |    0.0000005    0.0000149 |    0.0067175    0.0334502 |    0.0000015    0.0001819
    21952   878.080 |    0.0000309    0.0005482 |    0.0000005    0.0000147 |    0.0067211    0.0333641 |    0.0000015    0.0001814
    21984   879.360 |    0.0000308    0.0005470 |    0.0000005    0.0000146 |    0.0067243    0.0333036 |    0.0000015    0.0001812
    22016   880.640 |    0.0000308    0.0005462 |    0.0000005    0.0000146 |    0.0067272    0.0332583 |    0.0000015    0.0001810
    22048   881.920 |    0.0000307    0.0005456 |    0.0000005    0.0000145 |    0.0067299    0.0332189 |    0.0000015    0.0001809
    22080   883.200 |    0.0000307    0.0005450 |    0.0000005    0.0000145 |    0.0067323    0.0331898 |    0.0000015    0.0001808
    22112   884.480 |    0.0000307    0.0005446 |    0.0000005    0.0000144 |    0.0067346    0.0331575 |    0.0000015    0.0001804
    22144   885.760 |    0.0000307    0.0005443 |    0.0000005    0.0000144 |    0.0067376    0.0331320 |    0.0000015    0.0001803
    22176   887.040 |    0.0000306    0.0005441 |    0.0000005    0.0000144 |    0.0067416    0.0331147 |    0.0000015    0.0001801
    22208   888.320 |    0.0000306    0.0005442 |    0.0000005    0.0000144 |    0.0067454    0.0331075 |    0.0000015    0.0001799
    22240   889.600 |    0.0000307    0.0005444 |    0.0000005    0.0000144 |    0.0067485    0.0331140 |    0.0000015    0.0001797
    22272   890.880 |    0.0000307    0.0005450 |    0.0000005    0.0000144 |    0.0067509    0.0331330 |    0.0000015    0.0001796
    22304   892.160 |    0.0000307    0.0005458 |    0.0000005    0.0000145 |    0.0067527    0.0331613 |    0.0000014    0.0001795
    22336   893.440 |    0.0000307    0.0005466 |    0.0000005    0.0000146 |    0.0067541    0.0331944 |    0.0000014    0.0001792
    22368   894.720 |    0.0000307    0.0005476 |    0.0000005    0.0000147 |    0.0067551    0.0332365 |    0.0000014    0.0001790
-----------------------------------------------------------------------------------------------------------------------------------
Iteration      Time |            HYDROBASE::rho |          HYDROBASE::press |            HYDROBASE::eps |      ML_ADMCONSTRAINTS::H
                    |        norm2      maximum |        norm2      maximum |        norm2      maximum |        norm2      maximum
-----------------------------------------------------------------------------------------------------------------------------------
    22400   896.000 |    0.0000308    0.0005486 |    0.0000005    0.0000147 |    0.0067557    0.0332755 |    0.0000013    0.0001790
    22432   897.280 |    0.0000308    0.0005496 |    0.0000005    0.0000148 |    0.0067559    0.0333184 |    0.0000013    0.0001788
    22464   898.560 |    0.0000309    0.0005508 |    0.0000005    0.0000149 |    0.0067560    0.0333674 |    0.0000013    0.0001786
    22496   899.840 |    0.0000310    0.0005522 |    0.0000005    0.0000151 |    0.0067558    0.0334319 |    0.0000012    0.0001785
    22528   901.120 |    0.0000310    0.0005537 |    0.0000005    0.0000152 |    0.0067553    0.0334989 |    0.0000012    0.0001784
    22560   902.400 |    0.0000311    0.0005551 |    0.0000005    0.0000153 |    0.0067545    0.0335583 |    0.0000011    0.0001783
    22592   903.680 |    0.0000312    0.0005565 |    0.0000005    0.0000154 |    0.0067534    0.0336234 |    0.0000011    0.0001782
    22624   904.960 |    0.0000312    0.0005583 |    0.0000005    0.0000156 |    0.0067520    0.0336996 |    0.0000010    0.0001783
    22656   906.240 |    0.0000313    0.0005601 |    0.0000005    0.0000157 |    0.0067503    0.0337866 |    0.0000010    0.0001782
    22688   907.520 |    0.0000314    0.0005622 |    0.0000005    0.0000159 |    0.0067483    0.0338783 |    0.0000010    0.0001781
    22720   908.800 |    0.0000315    0.0005643 |    0.0000005    0.0000160 |    0.0067460    0.0339747 |    0.0000009    0.0001781
    22752   910.080 |    0.0000316    0.0005667 |    0.0000006    0.0000162 |    0.0067433    0.0340866 |    0.0000009    0.0001780
    22784   911.360 |    0.0000317    0.0005694 |    0.0000006    0.0000163 |    0.0067404    0.0342160 |    0.0000009    0.0001780
    22816   912.640 |    0.0000318    0.0005728 |    0.0000006    0.0000165 |    0.0067371    0.0343744 |    0.0000008    0.0001781
    22848   913.920 |    0.0000319    0.0005770 |    0.0000006    0.0000166 |    0.0067336    0.0345661 |    0.0000008    0.0001778
    22880   915.200 |    0.0000320    0.0005820 |    0.0000006    0.0000168 |    0.0067296    0.0347947 |    0.0000008    0.0001779
    22912   916.480 |    0.0000321    0.0005868 |    0.0000006    0.0000170 |    0.0067253    0.0350510 |    0.0000008    0.0001782
    22944   917.760 |    0.0000322    0.0005909 |    0.0000006    0.0000173 |    0.0067205    0.0352642 |    0.0000008    0.0001773
    22976   919.040 |    0.0000323    0.0005939 |    0.0000006    0.0000176 |    0.0067155    0.0354031 |    0.0000008    0.0001775
    23008   920.320 |    0.0000324    0.0005959 |    0.0000006    0.0000178 |    0.0067101    0.0354945 |    0.0000008    0.0001770
-----------------------------------------------------------------------------------------------------------------------------------
Iteration      Time |            HYDROBASE::rho |          HYDROBASE::press |            HYDROBASE::eps |      ML_ADMCONSTRAINTS::H
                    |        norm2      maximum |        norm2      maximum |        norm2      maximum |        norm2      maximum
-----------------------------------------------------------------------------------------------------------------------------------
    23040   921.600 |    0.0000325    0.0005974 |    0.0000006    0.0000180 |    0.0067044    0.0355521 |    0.0000008    0.0001782
    23072   922.880 |    0.0000326    0.0005987 |    0.0000006    0.0000182 |    0.0066985    0.0356097 |    0.0000008    0.0001773
    23104   924.160 |    0.0000327    0.0005996 |    0.0000006    0.0000184 |    0.0066923    0.0356468 |    0.0000008    0.0001769
    23136   925.440 |    0.0000328    0.0006006 |    0.0000006    0.0000186 |    0.0066859    0.0356929 |    0.0000008    0.0001792
    23168   926.720 |    0.0000329    0.0006016 |    0.0000006    0.0000188 |    0.0066792    0.0357341 |    0.0000008    0.0001775
    23200   928.000 |    0.0000330    0.0006023 |    0.0000006    0.0000190 |    0.0066723    0.0357656 |    0.0000009    0.0001776
    23232   929.280 |    0.0000331    0.0006028 |    0.0000006    0.0000191 |    0.0066651    0.0357871 |    0.0000009    0.0001776
    23264   930.560 |    0.0000331    0.0006035 |    0.0000006    0.0000193 |    0.0066577    0.0358161 |    0.0000009    0.0001786
    23296   931.840 |    0.0000332    0.0006039 |    0.0000006    0.0000194 |    0.0066501    0.0358334 |    0.0000009    0.0001776
    23328   933.120 |    0.0000333    0.0006043 |    0.0000007    0.0000194 |    0.0066422    0.0358472 |    0.0000009    0.0001777
    23360   934.400 |    0.0000333    0.0006044 |    0.0000007    0.0000195 |    0.0066342    0.0358520 |    0.0000009    0.0001782
    23392   935.680 |    0.0000333    0.0006047 |    0.0000007    0.0000196 |    0.0066262    0.0358628 |    0.0000009    0.0001780
    23424   936.960 |    0.0000334    0.0006050 |    0.0000007    0.0000196 |    0.0066181    0.0358725 |    0.0000009    0.0001778
    23456   938.240 |    0.0000334    0.0006053 |    0.0000007    0.0000197 |    0.0066101    0.0358822 |    0.0000009    0.0001781
    23488   939.520 |    0.0000334    0.0006055 |    0.0000007    0.0000198 |    0.0066022    0.0358873 |    0.0000009    0.0001778
    23520   940.800 |    0.0000334    0.0006055 |    0.0000007    0.0000198 |    0.0065945    0.0358871 |    0.0000009    0.0001781
    23552   942.080 |    0.0000334    0.0006055 |    0.0000007    0.0000198 |    0.0065870    0.0358786 |    0.0000009    0.0001781
    23584   943.360 |    0.0000334    0.0006054 |    0.0000007    0.0000197 |    0.0065798    0.0358669 |    0.0000009    0.0001779
    23616   944.640 |    0.0000334    0.0006052 |    0.0000007    0.0000197 |    0.0065729    0.0358558 |    0.0000009    0.0001780
    23648   945.920 |    0.0000333    0.0006051 |    0.0000007    0.0000196 |    0.0065666    0.0358431 |    0.0000009    0.0001778
-----------------------------------------------------------------------------------------------------------------------------------
Iteration      Time |            HYDROBASE::rho |          HYDROBASE::press |            HYDROBASE::eps |      ML_ADMCONSTRAINTS::H
                    |        norm2      maximum |        norm2      maximum |        norm2      maximum |        norm2      maximum
-----------------------------------------------------------------------------------------------------------------------------------
    23680   947.200 |    0.0000333    0.0006049 |    0.0000007    0.0000196 |    0.0065608    0.0358261 |    0.0000008    0.0001774
    23712   948.480 |    0.0000332    0.0006046 |    0.0000007    0.0000195 |    0.0065557    0.0358058 |    0.0000008    0.0001777
    23744   949.760 |    0.0000332    0.0006042 |    0.0000006    0.0000194 |    0.0065515    0.0357784 |    0.0000008    0.0001775
    23776   951.040 |    0.0000331    0.0006037 |    0.0000006    0.0000193 |    0.0065486    0.0357470 |    0.0000008    0.0001779
    23808   952.320 |    0.0000330    0.0006032 |    0.0000006    0.0000191 |    0.0065469    0.0357160 |    0.0000008    0.0001772
    23840   953.600 |    0.0000330    0.0006027 |    0.0000006    0.0000190 |    0.0065464    0.0356872 |    0.0000008    0.0001773
    23872   954.880 |    0.0000329    0.0006022 |    0.0000006    0.0000189 |    0.0065468    0.0356538 |    0.0000008    0.0001774
    23904   956.160 |    0.0000328    0.0006015 |    0.0000006    0.0000187 |    0.0065481    0.0356158 |    0.0000008    0.0001769
    23936   957.440 |    0.0000327    0.0006005 |    0.0000006    0.0000185 |    0.0065502    0.0355587 |    0.0000008    0.0001776
    23968   958.720 |    0.0000326    0.0005996 |    0.0000006    0.0000184 |    0.0065530    0.0355116 |    0.0000008    0.0001759
    24000   960.000 |    0.0000325    0.0005987 |    0.0000006    0.0000182 |    0.0065565    0.0354607 |    0.0000009    0.0001761
    24032   961.280 |    0.0000324    0.0005977 |    0.0000006    0.0000180 |    0.0065606    0.0354037 |    0.0000009    0.0001770
    24064   962.560 |    0.0000323    0.0005962 |    0.0000006    0.0000178 |    0.0065654    0.0353259 |    0.0000009    0.0001763
    24096   963.840 |    0.0000322    0.0005949 |    0.0000006    0.0000176 |    0.0065708    0.0352573 |    0.0000009    0.0001768
    24128   965.120 |    0.0000321    0.0005922 |    0.0000006    0.0000173 |    0.0065768    0.0351189 |    0.0000010    0.0001768
    24160   966.400 |    0.0000320    0.0005906 |    0.0000006    0.0000172 |    0.0065832    0.0350359 |    0.0000010    0.0001769
    24192   967.680 |    0.0000319    0.0005864 |    0.0000006    0.0000169 |    0.0065899    0.0348294 |    0.0000010    0.0001753
    24224   968.960 |    0.0000318    0.0005807 |    0.0000006    0.0000167 |    0.0065968    0.0345384 |    0.0000011    0.0001807
    24256   970.240 |    0.0000317    0.0005602 |    0.0000006    0.0000156 |    0.0066038    0.0335220 |    0.0000011    0.0001678
    24288   971.520 |    0.0000316    0.0005640 |    0.0000005    0.0000159 |    0.0066110    0.0337064 |    0.0000012    0.0001744
-----------------------------------------------------------------------------------------------------------------------------------
Iteration      Time |            HYDROBASE::rho |          HYDROBASE::press |            HYDROBASE::eps |      ML_ADMCONSTRAINTS::H
                    |        norm2      maximum |        norm2      maximum |        norm2      maximum |        norm2      maximum
-----------------------------------------------------------------------------------------------------------------------------------
    24320   972.800 |    0.0000315    0.0005623 |    0.0000005    0.0000157 |    0.0066181    0.0335954 |    0.0000012    0.0001745
    24352   974.080 |    0.0000314    0.0005614 |    0.0000005    0.0000157 |    0.0066246    0.0335719 |    0.0000012    0.0001747
    24384   975.360 |    0.0000313    0.0005598 |    0.0000005    0.0000156 |    0.0066301    0.0334901 |    0.0000013    0.0001740
    24416   976.640 |    0.0000312    0.0005585 |    0.0000005    0.0000155 |    0.0066349    0.0334225 |    0.0000013    0.0001741
    24448   977.920 |    0.0000312    0.0005571 |    0.0000005    0.0000154 |    0.0066393    0.0333502 |    0.0000013    0.0001740
    24480   979.200 |    0.0000311    0.0005555 |    0.0000005    0.0000152 |    0.0066431    0.0332703 |    0.0000014    0.0001736
    24512   980.480 |    0.0000310    0.0005537 |    0.0000005    0.0000151 |    0.0066467    0.0331767 |    0.0000014    0.0001734
    24544   981.760 |    0.0000310    0.0005521 |    0.0000005    0.0000149 |    0.0066500    0.0330981 |    0.0000014    0.0001734
    24576   983.040 |    0.0000309    0.0005510 |    0.0000005    0.0000148 |    0.0066531    0.0330401 |    0.0000014    0.0001732
    24608   984.320 |    0.0000309    0.0005499 |    0.0000005    0.0000147 |    0.0066559    0.0329869 |    0.0000014    0.0001729
    24640   985.600 |    0.0000308    0.0005492 |    0.0000005    0.0000147 |    0.0066586    0.0329507 |    0.0000014    0.0001727
    24672   986.880 |    0.0000308    0.0005488 |    0.0000005    0.0000146 |    0.0066609    0.0329249 |    0.0000015    0.0001726
    24704   988.160 |    0.0000308    0.0005483 |    0.0000005    0.0000146 |    0.0066632    0.0329001 |    0.0000015    0.0001722
    24736   989.440 |    0.0000307    0.0005478 |    0.0000005    0.0000146 |    0.0066658    0.0328748 |    0.0000014    0.0001721
    24768   990.720 |    0.0000307    0.0005475 |    0.0000005    0.0000145 |    0.0066689    0.0328581 |    0.0000014    0.0001719
    24800   992.000 |    0.0000307    0.0005474 |    0.0000005    0.0000145 |    0.0066724    0.0328495 |    0.0000014    0.0001717
    24832   993.280 |    0.0000307    0.0005475 |    0.0000005    0.0000145 |    0.0066755    0.0328523 |    0.0000014    0.0001716
    24864   994.560 |    0.0000307    0.0005478 |    0.0000005    0.0000145 |    0.0066778    0.0328669 |    0.0000014    0.0001715
    24896   995.840 |    0.0000308    0.0005483 |    0.0000005    0.0000146 |    0.0066795    0.0328918 |    0.0000014    0.0001712
    24928   997.120 |    0.0000308    0.0005490 |    0.0000005    0.0000147 |    0.0066807    0.0329247 |    0.0000013    0.0001711
-----------------------------------------------------------------------------------------------------------------------------------
Iteration      Time |            HYDROBASE::rho |          HYDROBASE::press |            HYDROBASE::eps |      ML_ADMCONSTRAINTS::H
                    |        norm2      maximum |        norm2      maximum |        norm2      maximum |        norm2      maximum
-----------------------------------------------------------------------------------------------------------------------------------
    24960   998.400 |    0.0000308    0.0005499 |    0.0000005    0.0000147 |    0.0066813    0.0329656 |    0.0000013    0.0001709
    24992   999.680 |    0.0000308    0.0005509 |    0.0000005    0.0000148 |    0.0066816    0.0330125 |    0.0000013    0.0001707
INFO (Carpet): Terminating due to cctk_final_time at t = 1000.000000
INFO (CarpetIOHDF5): ---------------------------------------------------------
INFO (CarpetIOHDF5): Dumping termination checkpoint at iteration 25000, simulation time 1000
INFO (CarpetIOHDF5): ---------------------------------------------------------
--------------------------------------------------------------------------------
Done.
Stopping:
2025年 11月 17日 星期一 04:01:42 CST
Done.
Simfactory Done at date: 2025年11月17日 星期一 04时01分42秒
