Running simulation SFHo+CSSpoint1
Preparing:
Checking:
/home/rva-msi-ubuntu/simulations/SFHo+CSSpoint1/output-0000-active
rva-msi-ubuntu
2025年 11月 21日 星期五 08:21:46 CST
Environment:
Starting:
INFO (Cactus): Increased logging level from 0 to 3
--------------------------------------------------------------------------------

       10                                  
  1   0101       ************************  
  01  1010 10      The Cactus Code V4.17.0    
 1010 1101 011      www.cactuscode.org     
  1001 100101    ************************  
    00010101                               
     100011     (c) Copyright The Authors  
      0100      GNU Licensed. No Warranty  
      0101                                 
--------------------------------------------------------------------------------

Cactus version:    4.17.0
Compile date:      Nov 18 2025 (20:29:45)
Run date:          Nov 21 2025 (08:21:47+0800)
Run host:          rva-msi-ubuntu (pid=47694)
Working directory: /home/rva-msi-ubuntu/simulations/SFHo+CSSpoint1/output-0000
Executable:        /home/rva-msi-ubuntu/simulations/SFHo+CSSpoint1/SIMFACTORY/exe/cactus_sim
Parameter file:    /home/rva-msi-ubuntu/simulations/SFHo+CSSpoint1/output-0000/SFHo+CSS.par
--------------------------------------------------------------------------------

Activating thorn Cactus...Success -> active implementation Cactus
Activation requested for 
--->AEILocalInterp Constants Fortran GSL Formaline TerminationTrigger Carpet CarpetLib CarpetInterp LocalInterp2 CarpetReduce LoopControl Slab Boundary CartGrid3D CoordBase SymBase ReflectionSymmetry CarpetRegrid2 MoL Time PizzaTOV PizzaBase PizzaIDBase PizzaNumUtils HydroBase THC_Core HRSCCore EOS_Thermal EOS_Thermal_Hybrid ADMBase ADMCoupling ADMMacros CoordGauge SpaceMask StaticConformal TmunuBase InitBase GenericFD NewRad ML_CCZ4 ML_CCZ4_Helper ML_ADMConstraints Dissipation WatchDog NaNChecker Multipole WeylScal4 SphericalSurface IOUtil HDF5 CarpetIOASCII CarpetIOScalar CarpetIOHDF5 CarpetIOBasic<---
Thorn Carpet requests automatic activation of MPI
Thorn Carpet requests automatic activation of Timers
Thorn CarpetLib requests automatic activation of Vectors
Thorn CarpetLib requests automatic activation of Boost
Thorn CarpetLib requests automatic activation of CycleClock
Thorn EOS_Thermal_Hybrid requests automatic activation of EOS_Barotropic
Thorn Formaline requests automatic activation of pthreads
Thorn HDF5 requests automatic activation of zlib
Thorn HRSCCore requests automatic activation of CPPUtils
Thorn HRSCCore requests automatic activation of FDCore
Thorn LoopControl requests automatic activation of hwloc
Thorn CPPUtils requests automatic activation of BLAS
Activating thorn ADMBase...Success -> active implementation ADMBase
Activating thorn ADMCoupling...Success -> active implementation ADMCoupling
Activating thorn ADMMacros...Success -> active implementation ADMMacros
Activating thorn AEILocalInterp...Success -> active implementation AEILocalInterp
Activating thorn BLAS...Success -> active implementation BLAS
Activating thorn Boost...Success -> active implementation Boost
Activating thorn Boundary...Success -> active implementation boundary
Activating thorn Carpet...Success -> active implementation Driver
Activating thorn CarpetInterp...Success -> active implementation interp
Activating thorn CarpetIOASCII...Success -> active implementation IOASCII
Activating thorn CarpetIOBasic...Success -> active implementation IOBasic
Activating thorn CarpetIOHDF5...Success -> active implementation IOHDF5
Activating thorn CarpetIOScalar...Success -> active implementation IOScalar
Activating thorn CarpetLib...Success -> active implementation CarpetLib
Activating thorn CarpetReduce...Success -> active implementation reduce
Activating thorn CarpetRegrid2...Success -> active implementation CarpetRegrid2
Activating thorn CartGrid3D...Success -> active implementation grid
Activating thorn Constants...Success -> active implementation Constants
Activating thorn CoordBase...Success -> active implementation CoordBase
Activating thorn CoordGauge...Success -> active implementation CoordGauge
Activating thorn CPPUtils...Success -> active implementation CPPUtils
Activating thorn CycleClock...Success -> active implementation CycleClock
Activating thorn Dissipation...Success -> active implementation Dissipation
Activating thorn EOS_Barotropic...Success -> active implementation EOS_Barotropic
Activating thorn EOS_Thermal...Success -> active implementation EOS_Thermal
Activating thorn EOS_Thermal_Hybrid...Success -> active implementation EOS_Thermal_Hybrid
Activating thorn FDCore...Success -> active implementation FDCore
Activating thorn Formaline...Success -> active implementation Formaline
Activating thorn Fortran...Success -> active implementation Fortran
Activating thorn GenericFD...Success -> active implementation GenericFD
Activating thorn GSL...Success -> active implementation GSL
Activating thorn HDF5...Success -> active implementation HDF5
Activating thorn HRSCCore...Success -> active implementation HRSCCore
Activating thorn hwloc...Success -> active implementation hwloc
Activating thorn HydroBase...Success -> active implementation HydroBase
Activating thorn InitBase...Success -> active implementation InitBase
Activating thorn IOUtil...Success -> active implementation IO
Activating thorn LocalInterp2...Success -> active implementation LocalInterp
Activating thorn LoopControl...Success -> active implementation LoopControl
Activating thorn ML_ADMConstraints...Success -> active implementation ML_ADMConstraints
Activating thorn ML_CCZ4...Success -> active implementation ML_CCZ4
Activating thorn ML_CCZ4_Helper...Success -> active implementation ML_CCZ4_Helper
Activating thorn MoL...Success -> active implementation MethodOfLines
Activating thorn MPI...Success -> active implementation MPI
Activating thorn Multipole...Success -> active implementation multipole
Activating thorn NaNChecker...Success -> active implementation NaNChecker
Activating thorn NewRad...Success -> active implementation NewRad
Activating thorn PizzaBase...Success -> active implementation PizzaBase
Activating thorn PizzaIDBase...Success -> active implementation PizzaIDBase
Activating thorn PizzaNumUtils...Success -> active implementation PizzaNumUtils
Activating thorn PizzaTOV...Success -> active implementation PizzaTOV
Activating thorn pthreads...Success -> active implementation PTHREADS
Activating thorn ReflectionSymmetry...Success -> active implementation ReflectionSymmetry
Activating thorn Slab...Success -> active implementation Slab
Activating thorn SpaceMask...Success -> active implementation SpaceMask
Activating thorn SphericalSurface...Success -> active implementation SphericalSurface
Activating thorn StaticConformal...Success -> active implementation StaticConformal
Activating thorn SymBase...Success -> active implementation SymBase
Activating thorn TerminationTrigger...Success -> active implementation TerminationTrigger
Activating thorn THC_Core...Success -> active implementation THC_Core
Activating thorn Time...Success -> active implementation time
Activating thorn Timers...Success -> active implementation Timers
Activating thorn TmunuBase...Success -> active implementation TmunuBase
Activating thorn Vectors...Success -> active implementation Vectors
Activating thorn WatchDog...Success -> active implementation WatchDog
Activating thorn WeylScal4...Success -> active implementation WeylScal4
Activating thorn zlib...Success -> active implementation zlib
INFO (IOUtil): Recovery directory '../checkpoint' doesn't exist
--------------------------------------------------------------------------------
  if (recover initial data)
    Recover parameters
  endif

  Startup routines
    [CCTK_STARTUP]
      Carpet::MultiModel_Startup: Multi-model Startup routine
      CycleClock::CycleClock_Setup: Set up CycleClock
      LoopControl::LC_setup: Set up LoopControl
      ML_CCZ4_Helper::ML_CCZ4_SetGroupTags: [meta] Set checkpointing and prolongation group tags
      Timers::Timer_Startup: Prepare hierarchical timers
      CarpetIOHDF5::CarpetIOHDF5_SetNumRefinementLevels: [meta] Overwrite 'CarpetRegrid::refinement_levels' with the number of levels found in the checkpoint file
      Carpet::Driver_Startup: Startup routine
      IOUtil::IOUtil_Startup: Startup routine
      CarpetInterp::CarpetInterpStartup: Startup routine
      CarpetReduce::CarpetReduceStartup: Startup routine
      CartGrid3D::SymmetryStartup: Register GH Extension for GridSymmetry
      CoordBase::CoordBase_Startup: Register a GH extension to store the coordinate system handles
      AEILocalInterp::AEILocalInterp_U_Startup: register CCTK_InterpLocalUniform() interpolation operators
      EOS_Thermal_Hybrid::EOS_Hybrid_Register: Register Hybrid EOS as global evolution EOS
      Formaline::Formaline_PrintIDs: [meta] Print the build and simulation ids
      HRSCCore::HRSCC_Startup: [global] Register banner
      HydroBase::HydroBase_StartUp: Startup banner
      CarpetIOASCII::CarpetIOASCIIStartup: [global] Startup routine
      LocalInterp2::LocalInterp2_Startup: register LocalInterp2's interpolation operators
      CarpetIOBasic::CarpetIOBasicStartup: [global] Startup routine
      ML_ADMConstraints::ML_ADMConstraints_Startup: [meta] create banner
      ML_CCZ4::ML_CCZ4_Startup: [meta] create banner
      ML_CCZ4_Helper::ML_CCZ4_RegisterSlicing: [meta] Register slicing
      CarpetIOHDF5::CarpetIOHDF5_Startup: Startup routine
      MoL::MoL_Startup: Startup banner
      PizzaBase::PizzaBase_Startup: Parameter Conversions
      PizzaIDBase::PizzaIDBase_Startup: Parameter Conversions
      PizzaTOV::PizzaTOV_Startup: Parameter Conversions
      Slab::Slab_InitMPIDatatypes: Create MPI datatypes for complex variables in C
      SymBase::SymBase_Startup: Register GH Extension for SymBase
      THC_Core::THC_Init: [global] Register banner
      TerminationTrigger::TerminationTrigger_StartSignalHandler: Start signal handler
      CarpetIOScalar::CarpetIOScalarStartup: [global] Startup routine
      Vectors::Vectors_Startup: Print startup message
      WeylScal4::WeylScal4_Startup: [meta] create banner
      GROUP hwloc_startup: hwloc startup group
        hwloc::hwloc_version: Output hwloc version

  Startup routines which need an existing grid hierarchy
    [CCTK_WRAGH]
      ADMBase::Einstein_InitSymBound: [global] Set up GF symmetries
      Boundary::Boundary_RegisterBCs: [global] Register boundary conditions that this thorn provides
      CarpetRegrid2::CarpetRegrid2_Initialise: [global] Initialise locations of refined regions
      CartGrid3D::RegisterCartGrid3DCoords: [meta] Register coordinates for the Cartesian grid
      CoordGauge::Einstein_ActivateSlicing: Initialize slicing, setup priorities for mixed slicings
      CoordGauge::Einstein_SetNextSlicing: Identify the slicing for the next iteration
      Formaline::Formaline_OutputSource: [meta] Output Cactus source tree
      Formaline::Formaline_RegisterWarnings: [meta] Register to receive warnings and info messages from the flesh
      Formaline::Formaline_AnnounceInitial: [global] Put some meta information about the current run into permanent storage
      HRSCCore::HRSCC_GetGridCoordinates: [global] Store the Cactus indices of the grid coordinates and weights
      HRSCCore::HRSCC_GetMetric: [global] Store the Cactus indices of the diagonal components of the metric and the lapse
      ML_CCZ4_Helper::ML_CCZ4_ParamCompat: [meta] Handle parameter backward compatibility
      MoL::MoL_SetupIndexArrays: Set up the MoL bookkeeping index arrays
      MoL::MoL_SetScheduleStatus: [global] Set the flag so it is ok to register with MoL
      TmunuBase::TmunuBase_SetStressEnergyState: [global] Set the stress_energy_state variable
      GROUP MoL_Register: The group where physics thorns register variables with MoL
        ML_ADMConstraints::ML_ADMConstraints_RegisterVars: [meta] Register Variables for MoL
        ML_CCZ4::ML_CCZ4_RegisterVars: [meta] Register Variables for MoL
        ML_CCZ4_Helper::ML_CCZ4_RegisterConstrained: [meta] Register ADMBase variables as constrained
        THC_Core::THC_MoLRegister: [global] Register variables with MoL
        WeylScal4::WeylScal4_RegisterVars: [meta] Register Variables for MoL
      Slab::Slab_InitTimers: Initialise timers
      SpaceMask::MaskSym: [global] Set grid symmetries for mask
      SpaceMask::MaskSym_emask: [global] Set grid symmetries for emask (compatibility mode)
      GROUP SymBase_Wrapper: Wrapper group for SymBase
        GROUP SymmetryRegister: Register your symmetries here
          CartGrid3D::CartGrid3D_RegisterSymmetryBoundaries: [meta] Register symmetry boundaries
          ML_ADMConstraints::ML_ADMConstraints_RegisterSymmetries: [meta] register symmetries
          ML_CCZ4::ML_CCZ4_RegisterSymmetries: [meta] register symmetries
          ReflectionSymmetry::ReflectionSymmetry_Register: Register reflection symmetry boundaries
          WeylScal4::WeylScal4_RegisterSymmetries: [meta] register symmetries
        SymBase::SymBase_Statistics: Print symmetry boundary face descriptions
      THC_Core::THC_SetupAtmosphere: [global] Setup atmosphere parameters
      THC_Core::THC_HRSCCRegister: [global] Register variable indices with HRSCCore
      MoL::MoL_ReportNumberVariables: [meta] Report how many of each type of variable there are
  Parameter checking routines
    [CCTK_PARAMCHECK]
      ADMBase::ADMBase_ParamCheck: [global] Check consistency of parameters
      Boundary::Boundary_Check: Check dimension of grid variables
      Carpet::CarpetParamCheck: Parameter checking routine
      CarpetLib::CarpetLib_test_prolongate_3d_rf2: [global] Test prolongation operators
      CarpetRegrid2::CarpetRegrid2_ParamCheck: Check parameters
      CartGrid3D::ParamCheck_CartGrid3D: Check coordinates for CartGrid3D
      Dissipation::dissipation_paramcheck: Check dissipation parameters for consistency
      Fortran::CheckFortranParameters: Test whether Fortran parameters work correctly
      HRSCCore::HRSCC_ParamCheck: [global] Check consistency of the parameters
      ML_CCZ4_Helper::ML_CCZ4_ParamCheck: [meta] Check parameters
      MoL::MoL_ParamCheck: Basic parameter checking
      Multipole::Multipole_ParamCheck: [global] Check Multipole parameters
      SphericalSurface::SphericalSurface_ParamCheck: [global] Check that all surface names are unique
      THC_Core::THC_ParamCheck: [global] Check parameters
      TerminationTrigger::TerminationTrigger_ParamCheck: Check consitency of parameters
      TmunuBase::TmunuBase_ParamCheck: [global] Check that no deprecated parameters are used.
      Vectors::Vectors_Test: Run correctness tests.

  Initialisation
    if (NOT (recover initial data AND recovery_mode is 'strict'))
      [CCTK_PREREGRIDINITIAL]
      Set up grid hierarchy
      [CCTK_POSTREGRIDINITIAL]
        CartGrid3D::SpatialCoordinates: Set Coordinates after regridding
        GROUP MaskBase_SetupMask: Set up the weight function
          GROUP MaskBase_SetupMaskAll: Set up the weight function
            CarpetReduce::MaskBase_AllocateMask: [global] Allocate the weight function
            CarpetReduce::MaskBase_InitMask: [global] [loop-local] Initialise the weight function
            GROUP SetupIMaskInternal: Set up the integer weight function (schedule other routines in here)
              CarpetReduce::CoordBase_SetupMask: [global] [loop-local] Set up the outer boundaries of the weight function
              CarpetReduce::CarpetMaskSetup: [global] [loop-singlemap] Set up the weight function for the restriction regions
            GROUP SetupIMask: Set up the integer weight function (schedule other routines in here)
            CarpetReduce::MaskBase_SetMask: [global] [loop-local] Set the weight function
            GROUP SetupMask: Set up the real weight function (schedule other routines in here)
            CarpetReduce::MaskBase_TestMask: [global] Test the weight function
        Dissipation::setup_epsdis: Setup spatially varying dissipation
        GROUP MoL_PseudoEvolutionBoundaries: Apply boundary conditions to pseudo-evolved quantities
          GROUP ML_ADMConstraints_evaluate_bc_group: ML_ADMConstraints_evaluate
            ML_ADMConstraints::ML_ADMConstraints_evaluate_SelectBCs: [level] ML_ADMConstraints_evaluate_SelectBCs
            GROUP ML_ADMConstraints_evaluate_ApplyBCs: Apply BCs for groups set in ML_ADMConstraints_evaluate
              GROUP BoundaryConditions: Execute all boundary conditions
                Boundary::Boundary_ApplyPhysicalBCs: Apply all requested local physical boundary conditions
                CartGrid3D::CartGrid3D_ApplyBC: Apply symmetry boundary conditions
                ReflectionSymmetry::ReflectionSymmetry_Apply: Apply reflection symmetries
              Boundary::Boundary_ClearSelection: [level] Unselect all grid variables for boundary conditions
          GROUP ML_CCZ4_ConstraintsEverywhere_bc_group: ML_CCZ4_ConstraintsEverywhere
            ML_CCZ4::ML_CCZ4_ConstraintsEverywhere_SelectBCs: [level] ML_CCZ4_ConstraintsEverywhere_SelectBCs
            GROUP ML_CCZ4_ConstraintsEverywhere_ApplyBCs: Apply BCs for groups set in ML_CCZ4_ConstraintsEverywhere
              GROUP BoundaryConditions: Execute all boundary conditions
                Boundary::Boundary_ApplyPhysicalBCs: Apply all requested local physical boundary conditions
                CartGrid3D::CartGrid3D_ApplyBC: Apply symmetry boundary conditions
                ReflectionSymmetry::ReflectionSymmetry_Apply: Apply reflection symmetries
              Boundary::Boundary_ClearSelection: [level] Unselect all grid variables for boundary conditions
          GROUP ML_CCZ4_ConstraintsInterior_bc_group: ML_CCZ4_ConstraintsInterior
            ML_CCZ4::ML_CCZ4_ConstraintsInterior_SelectBCs: [level] ML_CCZ4_ConstraintsInterior_SelectBCs
            GROUP ML_CCZ4_ConstraintsInterior_ApplyBCs: Apply BCs for groups set in ML_CCZ4_ConstraintsInterior
              GROUP BoundaryConditions: Execute all boundary conditions
                Boundary::Boundary_ApplyPhysicalBCs: Apply all requested local physical boundary conditions
                CartGrid3D::CartGrid3D_ApplyBC: Apply symmetry boundary conditions
                ReflectionSymmetry::ReflectionSymmetry_Apply: Apply reflection symmetries
              Boundary::Boundary_ClearSelection: [level] Unselect all grid variables for boundary conditions
          GROUP WeylScal4_psi4_calc_Nth_bc_group: WeylScal4_psi4_calc_Nth
            WeylScal4::WeylScal4_psi4_calc_Nth_SelectBCs: [level] WeylScal4_psi4_calc_Nth_SelectBCs
            GROUP WeylScal4_psi4_calc_Nth_ApplyBCs: Apply BCs for groups set in WeylScal4_psi4_calc_Nth
              GROUP BoundaryConditions: Execute all boundary conditions
                Boundary::Boundary_ApplyPhysicalBCs: Apply all requested local physical boundary conditions
                CartGrid3D::CartGrid3D_ApplyBC: Apply symmetry boundary conditions
                ReflectionSymmetry::ReflectionSymmetry_Apply: Apply reflection symmetries
              Boundary::Boundary_ClearSelection: [level] Unselect all grid variables for boundary conditions
        SpaceMask::MaskZero: Initialise mask to zero
        SpaceMask::MaskOne: Set mask to one
      [CCTK_BASEGRID]
        ADMBase::ADMBase_SetShiftStateOn: Set the shift_state variable to 1
        ADMBase::ADMBase_SetDtLapseStateOn: Set the dtlapse_state variable to 1
        ADMBase::ADMBase_SetDtShiftStateOn: Set the dtshift_state variable to 1
        ADMMacros::ADMMacros_SetLocalSpatialOrder: Initialize the local_spatial_order
        CartGrid3D::SpatialSpacings: Set up ranges for spatial 3D Cartesian coordinates (on all grids)
        CartGrid3D::SpatialCoordinates: Set up spatial 3D Cartesian coordinates on the GH
        SphericalSurface::SphericalSurface_SetupRes: [global] [loop-local] Set surface resolution automatically
        Dissipation::dissipation_basegrid: Ensure that there are enough ghost zones
        HRSCCore::HRSCC_ParamStore: [global] Store parameters in private namespace
        ML_ADMConstraints::ML_ADMConstraints_CheckBoundaries: [meta] check boundaries treatment
        ML_CCZ4::ML_CCZ4_CheckBoundaries: [meta] check boundaries treatment
        NaNChecker::NaNChecker_ResetCounter: [global] Reset the NaNChecker::NaNsFound counter
        SpaceMask::MaskZero: Initialise mask to zero
        SpaceMask::MaskOne: Set old style mask to one
        SphericalSurface::SphericalSurface_Setup: [global] Calculate surface coordinate descriptors
        GROUP MaskBase_SetupMask: Set up the weight function
          GROUP MaskBase_SetupMaskAll: Set up the weight function
            CarpetReduce::MaskBase_AllocateMask: [global] Allocate the weight function
            CarpetReduce::MaskBase_InitMask: [global] [loop-local] Initialise the weight function
            GROUP SetupIMaskInternal: Set up the integer weight function (schedule other routines in here)
              CarpetReduce::CoordBase_SetupMask: [global] [loop-local] Set up the outer boundaries of the weight function
              CarpetReduce::CarpetMaskSetup: [global] [loop-singlemap] Set up the weight function for the restriction regions
            GROUP SetupIMask: Set up the integer weight function (schedule other routines in here)
            CarpetReduce::MaskBase_SetMask: [global] [loop-local] Set the weight function
            GROUP SetupMask: Set up the real weight function (schedule other routines in here)
            CarpetReduce::MaskBase_TestMask: [global] Test the weight function
        SphericalSurface::SphericalSurface_Set: [global] Set surface radii to be used for initial setup in other thorns
        GROUP SphericalSurface_HasBeenSet: Set the spherical surfaces before this group, and use it afterwards
          SphericalSurface::SphericalSurface_CheckState: [global] Test the state of the spherical surfaces
        SymBase::SymBase_Check: Check whether the driver set up the grid consistently
        THC_Core::THC_SetSym: [global] Setup symmetries
        TerminationTrigger::TerminationTrigger_ResetTrigger: Clear trigger state
        TerminationTrigger::TerminationTrigger_StartTimer: Start timer
        TerminationTrigger::TerminationTrigger_CreateFile: Create termination file
        Time::Time_Initialise: [global] Initialise Time variables
        Time::TemporalSpacings: [singlemap] Set timestep based on Courant condition (courant_static)
        WeylScal4::WeylScal4_CheckBoundaries: [meta] check boundaries treatment
      [CCTK_INITIAL]
        StaticConformal::StaticConformal_InitialiseState: Set the conformal_state variable to 0
        GROUP ADMBase_InitialData: Schedule group for calculating ADM initial data
        GROUP ADMBase_InitialGauge: Schedule group for the ADM initial gauge condition
          ADMBase::ADMBase_DtLapseZero: Set the dtlapse to 0 at all points
          ADMBase::ADMBase_DtShiftZero: Set the dtshift to 0 at all points
        CarpetIOASCII::CarpetIOASCIIInit: [global] Initialisation routine
        CarpetIOBasic::CarpetIOBasicInit: [global] Initialisation routine
        CarpetIOHDF5::CarpetIOHDF5_Init: [global] Initialisation routine
        CarpetIOScalar::CarpetIOScalarInit: [global] Initialisation routine
        GROUP HydroBase_Initial: HydroBase initial data group
          GROUP PizzaIDBase_InitialData: Construct initial data
            PizzaTOV::PizzaTOV_Initial_Data: TOV-Star initial data
            PizzaTOV::TOVSol_Startup: [global] Print param_test for debug
          GROUP PizzaIDBase_Analysis_Unpert: Analysis of unperturbed data
          GROUP PizzaIDBase_Perturb: Add Perturbation to initial data
            PizzaTOV::PizzaTOV_Perturb_Data: Add Density Perturbation to initial data
          PizzaIDBase::PizzaIDBase_Timelevels: Copy ID to previous timelevels
        GROUP HydroBase_Prim2ConInitial: Recover the conservative variables from the primitive variables
          THC_Core::THC_PrimToAllInitial: Initialize all the other variables
        GROUP ADMBase_PostInitial: Schedule group for modifying the ADM initial data, such as e.g. adding noise
        ML_CCZ4::ML_CCZ4_InitialADMBase1Everywhere: ML_CCZ4_InitialADMBase1Everywhere
        ML_CCZ4::ML_CCZ4_InitialADMBase2Interior: ML_CCZ4_InitialADMBase2Interior
        MoL::MoL_StartLoop: [level] Initialise the step size control
        ML_CCZ4_Helper::ML_CCZ4_ExtrapolateGammas: Extrapolate Gammas and time derivatives of lapse and shift
      [CCTK_POSTINITIAL]
        CarpetIOHDF5::CarpetIOHDF5_CloseFiles: [global] Close all filereader input files
        MoL::MoL_FillAllLevels: A bad routine. Fills all previous timelevels with data copied from the current.
        GROUP MoL_PostStepModify: The group for physics thorns to schedule enforcing constraints
          ML_CCZ4::ML_CCZ4_EnforceEverywhere: ML_CCZ4_EnforceEverywhere
        GROUP MoL_PostStep: Ensure that everything is correct after the initial data have been set up
          ML_CCZ4::ML_CCZ4_SelectBoundConds: [level] select boundary conditions
          GROUP ML_CCZ4_ApplyBCs: Apply boundary conditions controlled by thorn Boundary
            GROUP BoundaryConditions: Execute all boundary conditions
              Boundary::Boundary_ApplyPhysicalBCs: Apply all requested local physical boundary conditions
              CartGrid3D::CartGrid3D_ApplyBC: Apply symmetry boundary conditions
              ReflectionSymmetry::ReflectionSymmetry_Apply: Apply reflection symmetries
            Boundary::Boundary_ClearSelection: [level] Unselect all grid variables for boundary conditions
          ML_ADMConstraints::ML_ADMConstraints_SelectBoundConds: [level] select boundary conditions
          GROUP ML_ADMConstraints_ApplyBCs: Apply boundary conditions controlled by thorn Boundary
            GROUP BoundaryConditions: Execute all boundary conditions
              Boundary::Boundary_ApplyPhysicalBCs: Apply all requested local physical boundary conditions
              CartGrid3D::CartGrid3D_ApplyBC: Apply symmetry boundary conditions
              ReflectionSymmetry::ReflectionSymmetry_Apply: Apply reflection symmetries
            Boundary::Boundary_ClearSelection: [level] Unselect all grid variables for boundary conditions
          ML_CCZ4::ML_CCZ4_ADMBaseInterior: ML_CCZ4_ADMBaseInterior
          ML_CCZ4::ML_CCZ4_ADMBaseBoundaryScalar: ML_CCZ4_ADMBaseBoundaryScalar
          ML_CCZ4::ML_CCZ4_ADMBaseEverywhere: ML_CCZ4_ADMBaseEverywhere
          ML_CCZ4_Helper::ML_CCZ4_ADMBase_SelectBCs: [level] Select boundary conditions for ADMBase variables
          GROUP ML_CCZ4_ADMBase_ApplyBCs: Apply boundary conditions to ADMBase variables
            GROUP BoundaryConditions: Execute all boundary conditions
              Boundary::Boundary_ApplyPhysicalBCs: Apply all requested local physical boundary conditions
              CartGrid3D::CartGrid3D_ApplyBC: Apply symmetry boundary conditions
              ReflectionSymmetry::ReflectionSymmetry_Apply: Apply reflection symmetries
            Boundary::Boundary_ClearSelection: [level] Unselect all grid variables for boundary conditions
          GROUP ADMBase_SetADMVars: Set the ADM variables before this group, and use them afterwards
          GROUP HydroBase_PostStep: Post step tasks for hydro thorns
            GROUP HydroBase_Boundaries: HydroBase-internal Boundary conditions group
              GROUP HydroBase_Select_Boundaries: Group to schedule the boundary condition functions
                THC_Core::THC_SelectBC: [singlemap] Select boundary conditions
              GROUP HydroBase_ApplyBCs: Apply the boundary conditions of HydroBase
                GROUP BoundaryConditions: Execute all boundary conditions
                  Boundary::Boundary_ApplyPhysicalBCs: Apply all requested local physical boundary conditions
                  CartGrid3D::CartGrid3D_ApplyBC: Apply symmetry boundary conditions
                  ReflectionSymmetry::ReflectionSymmetry_Apply: Apply reflection symmetries
                Boundary::Boundary_ClearSelection: [level] Unselect all grid variables for boundary conditions
            GROUP HydroBase_Con2Prim: Convert from conservative to primitive variables
              GROUP THC_SetExcisionMask: Thorns providing excision should set the bitmask
              THC_Core::THC_ConsToAll: Computes the primitives from the conservatives
          GROUP SetTmunu: Group for calculating the stress-energy tensor
            TmunuBase::TmunuBase_ZeroTmunu: Initialise the stress-energy tensor to zero
            GROUP AddToTmunu: Add to the stress-energy tensor here
              THC_Core::THC_AddToTmunu: Adds the contribution of the fluid to the global stress-energy tensor
          WeylScal4::WeylScal4_SelectBoundConds: [level] select boundary conditions
          GROUP WeylScal4_ApplyBCs: Apply boundary conditions controlled by thorn Boundary
            GROUP BoundaryConditions: Execute all boundary conditions
              Boundary::Boundary_ApplyPhysicalBCs: Apply all requested local physical boundary conditions
              CartGrid3D::CartGrid3D_ApplyBC: Apply symmetry boundary conditions
              ReflectionSymmetry::ReflectionSymmetry_Apply: Apply reflection symmetries
            Boundary::Boundary_ClearSelection: [level] Unselect all grid variables for boundary conditions
        GROUP MoL_PseudoEvolution: Calculate pseudo-evolved quantities
          GROUP ADMBase_SetADMVars: Set the ADM variables before this group, and use them afterwards
          GROUP ML_ADMConstraints_evaluate_group: ML_ADMConstraints_evaluate
            ML_ADMConstraints::ML_ADMConstraints_evaluate: ML_ADMConstraints_evaluate
            GROUP ML_ADMConstraints_evaluate_bc_group: ML_ADMConstraints_evaluate
              ML_ADMConstraints::ML_ADMConstraints_evaluate_SelectBCs: [level] ML_ADMConstraints_evaluate_SelectBCs
              GROUP ML_ADMConstraints_evaluate_ApplyBCs: Apply BCs for groups set in ML_ADMConstraints_evaluate
                GROUP BoundaryConditions: Execute all boundary conditions
                  Boundary::Boundary_ApplyPhysicalBCs: Apply all requested local physical boundary conditions
                  CartGrid3D::CartGrid3D_ApplyBC: Apply symmetry boundary conditions
                  ReflectionSymmetry::ReflectionSymmetry_Apply: Apply reflection symmetries
                Boundary::Boundary_ClearSelection: [level] Unselect all grid variables for boundary conditions
          GROUP ML_CCZ4_ConstraintsEverywhere_group: ML_CCZ4_ConstraintsEverywhere
            ML_CCZ4::ML_CCZ4_ConstraintsEverywhere: ML_CCZ4_ConstraintsEverywhere
            GROUP ML_CCZ4_ConstraintsEverywhere_bc_group: ML_CCZ4_ConstraintsEverywhere
              ML_CCZ4::ML_CCZ4_ConstraintsEverywhere_SelectBCs: [level] ML_CCZ4_ConstraintsEverywhere_SelectBCs
              GROUP ML_CCZ4_ConstraintsEverywhere_ApplyBCs: Apply BCs for groups set in ML_CCZ4_ConstraintsEverywhere
                GROUP BoundaryConditions: Execute all boundary conditions
                  Boundary::Boundary_ApplyPhysicalBCs: Apply all requested local physical boundary conditions
                  CartGrid3D::CartGrid3D_ApplyBC: Apply symmetry boundary conditions
                  ReflectionSymmetry::ReflectionSymmetry_Apply: Apply reflection symmetries
                Boundary::Boundary_ClearSelection: [level] Unselect all grid variables for boundary conditions
          GROUP ML_CCZ4_ConstraintsInterior_group: ML_CCZ4_ConstraintsInterior
            ML_CCZ4::ML_CCZ4_ConstraintsInterior: ML_CCZ4_ConstraintsInterior
            GROUP ML_CCZ4_ConstraintsInterior_bc_group: ML_CCZ4_ConstraintsInterior
              ML_CCZ4::ML_CCZ4_ConstraintsInterior_SelectBCs: [level] ML_CCZ4_ConstraintsInterior_SelectBCs
              GROUP ML_CCZ4_ConstraintsInterior_ApplyBCs: Apply BCs for groups set in ML_CCZ4_ConstraintsInterior
                GROUP BoundaryConditions: Execute all boundary conditions
                  Boundary::Boundary_ApplyPhysicalBCs: Apply all requested local physical boundary conditions
                  CartGrid3D::CartGrid3D_ApplyBC: Apply symmetry boundary conditions
                  ReflectionSymmetry::ReflectionSymmetry_Apply: Apply reflection symmetries
                Boundary::Boundary_ClearSelection: [level] Unselect all grid variables for boundary conditions
          GROUP WeylScal4_psi4_calc_Nth_group: WeylScal4_psi4_calc_Nth
            WeylScal4::WeylScal4_psi4_calc_Nth: WeylScal4_psi4_calc_Nth
            GROUP WeylScal4_psi4_calc_Nth_bc_group: WeylScal4_psi4_calc_Nth
              WeylScal4::WeylScal4_psi4_calc_Nth_SelectBCs: [level] WeylScal4_psi4_calc_Nth_SelectBCs
              GROUP WeylScal4_psi4_calc_Nth_ApplyBCs: Apply BCs for groups set in WeylScal4_psi4_calc_Nth
                GROUP BoundaryConditions: Execute all boundary conditions
                  Boundary::Boundary_ApplyPhysicalBCs: Apply all requested local physical boundary conditions
                  CartGrid3D::CartGrid3D_ApplyBC: Apply symmetry boundary conditions
                  ReflectionSymmetry::ReflectionSymmetry_Apply: Apply reflection symmetries
                Boundary::Boundary_ClearSelection: [level] Unselect all grid variables for boundary conditions
      Initialise finer grids recursively
      Restrict from finer grids
      [CCTK_POSTRESTRICTINITIAL]
        GROUP MoL_PostStep: Ensure that everything is correct after restriction
          ML_CCZ4::ML_CCZ4_SelectBoundConds: [level] select boundary conditions
          GROUP ML_CCZ4_ApplyBCs: Apply boundary conditions controlled by thorn Boundary
            GROUP BoundaryConditions: Execute all boundary conditions
              Boundary::Boundary_ApplyPhysicalBCs: Apply all requested local physical boundary conditions
              CartGrid3D::CartGrid3D_ApplyBC: Apply symmetry boundary conditions
              ReflectionSymmetry::ReflectionSymmetry_Apply: Apply reflection symmetries
            Boundary::Boundary_ClearSelection: [level] Unselect all grid variables for boundary conditions
          ML_ADMConstraints::ML_ADMConstraints_SelectBoundConds: [level] select boundary conditions
          GROUP ML_ADMConstraints_ApplyBCs: Apply boundary conditions controlled by thorn Boundary
            GROUP BoundaryConditions: Execute all boundary conditions
              Boundary::Boundary_ApplyPhysicalBCs: Apply all requested local physical boundary conditions
              CartGrid3D::CartGrid3D_ApplyBC: Apply symmetry boundary conditions
              ReflectionSymmetry::ReflectionSymmetry_Apply: Apply reflection symmetries
            Boundary::Boundary_ClearSelection: [level] Unselect all grid variables for boundary conditions
          ML_CCZ4::ML_CCZ4_ADMBaseInterior: ML_CCZ4_ADMBaseInterior
          ML_CCZ4::ML_CCZ4_ADMBaseBoundaryScalar: ML_CCZ4_ADMBaseBoundaryScalar
          ML_CCZ4::ML_CCZ4_ADMBaseEverywhere: ML_CCZ4_ADMBaseEverywhere
          ML_CCZ4_Helper::ML_CCZ4_ADMBase_SelectBCs: [level] Select boundary conditions for ADMBase variables
          GROUP ML_CCZ4_ADMBase_ApplyBCs: Apply boundary conditions to ADMBase variables
            GROUP BoundaryConditions: Execute all boundary conditions
              Boundary::Boundary_ApplyPhysicalBCs: Apply all requested local physical boundary conditions
              CartGrid3D::CartGrid3D_ApplyBC: Apply symmetry boundary conditions
              ReflectionSymmetry::ReflectionSymmetry_Apply: Apply reflection symmetries
            Boundary::Boundary_ClearSelection: [level] Unselect all grid variables for boundary conditions
          GROUP ADMBase_SetADMVars: Set the ADM variables before this group, and use them afterwards
          GROUP HydroBase_PostStep: Post step tasks for hydro thorns
            GROUP HydroBase_Boundaries: HydroBase-internal Boundary conditions group
              GROUP HydroBase_Select_Boundaries: Group to schedule the boundary condition functions
                THC_Core::THC_SelectBC: [singlemap] Select boundary conditions
              GROUP HydroBase_ApplyBCs: Apply the boundary conditions of HydroBase
                GROUP BoundaryConditions: Execute all boundary conditions
                  Boundary::Boundary_ApplyPhysicalBCs: Apply all requested local physical boundary conditions
                  CartGrid3D::CartGrid3D_ApplyBC: Apply symmetry boundary conditions
                  ReflectionSymmetry::ReflectionSymmetry_Apply: Apply reflection symmetries
                Boundary::Boundary_ClearSelection: [level] Unselect all grid variables for boundary conditions
            GROUP HydroBase_Con2Prim: Convert from conservative to primitive variables
              GROUP THC_SetExcisionMask: Thorns providing excision should set the bitmask
              THC_Core::THC_ConsToAll: Computes the primitives from the conservatives
          GROUP SetTmunu: Group for calculating the stress-energy tensor
            TmunuBase::TmunuBase_ZeroTmunu: Initialise the stress-energy tensor to zero
            GROUP AddToTmunu: Add to the stress-energy tensor here
              THC_Core::THC_AddToTmunu: Adds the contribution of the fluid to the global stress-energy tensor
          WeylScal4::WeylScal4_SelectBoundConds: [level] select boundary conditions
          GROUP WeylScal4_ApplyBCs: Apply boundary conditions controlled by thorn Boundary
            GROUP BoundaryConditions: Execute all boundary conditions
              Boundary::Boundary_ApplyPhysicalBCs: Apply all requested local physical boundary conditions
              CartGrid3D::CartGrid3D_ApplyBC: Apply symmetry boundary conditions
              ReflectionSymmetry::ReflectionSymmetry_Apply: Apply reflection symmetries
            Boundary::Boundary_ClearSelection: [level] Unselect all grid variables for boundary conditions
        GROUP MoL_PseudoEvolutionBoundaries: Apply boundary conditions to pseudo-evolved quantities
          GROUP ML_ADMConstraints_evaluate_bc_group: ML_ADMConstraints_evaluate
            ML_ADMConstraints::ML_ADMConstraints_evaluate_SelectBCs: [level] ML_ADMConstraints_evaluate_SelectBCs
            GROUP ML_ADMConstraints_evaluate_ApplyBCs: Apply BCs for groups set in ML_ADMConstraints_evaluate
              GROUP BoundaryConditions: Execute all boundary conditions
                Boundary::Boundary_ApplyPhysicalBCs: Apply all requested local physical boundary conditions
                CartGrid3D::CartGrid3D_ApplyBC: Apply symmetry boundary conditions
                ReflectionSymmetry::ReflectionSymmetry_Apply: Apply reflection symmetries
              Boundary::Boundary_ClearSelection: [level] Unselect all grid variables for boundary conditions
          GROUP ML_CCZ4_ConstraintsEverywhere_bc_group: ML_CCZ4_ConstraintsEverywhere
            ML_CCZ4::ML_CCZ4_ConstraintsEverywhere_SelectBCs: [level] ML_CCZ4_ConstraintsEverywhere_SelectBCs
            GROUP ML_CCZ4_ConstraintsEverywhere_ApplyBCs: Apply BCs for groups set in ML_CCZ4_ConstraintsEverywhere
              GROUP BoundaryConditions: Execute all boundary conditions
                Boundary::Boundary_ApplyPhysicalBCs: Apply all requested local physical boundary conditions
                CartGrid3D::CartGrid3D_ApplyBC: Apply symmetry boundary conditions
                ReflectionSymmetry::ReflectionSymmetry_Apply: Apply reflection symmetries
              Boundary::Boundary_ClearSelection: [level] Unselect all grid variables for boundary conditions
          GROUP ML_CCZ4_ConstraintsInterior_bc_group: ML_CCZ4_ConstraintsInterior
            ML_CCZ4::ML_CCZ4_ConstraintsInterior_SelectBCs: [level] ML_CCZ4_ConstraintsInterior_SelectBCs
            GROUP ML_CCZ4_ConstraintsInterior_ApplyBCs: Apply BCs for groups set in ML_CCZ4_ConstraintsInterior
              GROUP BoundaryConditions: Execute all boundary conditions
                Boundary::Boundary_ApplyPhysicalBCs: Apply all requested local physical boundary conditions
                CartGrid3D::CartGrid3D_ApplyBC: Apply symmetry boundary conditions
                ReflectionSymmetry::ReflectionSymmetry_Apply: Apply reflection symmetries
              Boundary::Boundary_ClearSelection: [level] Unselect all grid variables for boundary conditions
          GROUP WeylScal4_psi4_calc_Nth_bc_group: WeylScal4_psi4_calc_Nth
            WeylScal4::WeylScal4_psi4_calc_Nth_SelectBCs: [level] WeylScal4_psi4_calc_Nth_SelectBCs
            GROUP WeylScal4_psi4_calc_Nth_ApplyBCs: Apply BCs for groups set in WeylScal4_psi4_calc_Nth
              GROUP BoundaryConditions: Execute all boundary conditions
                Boundary::Boundary_ApplyPhysicalBCs: Apply all requested local physical boundary conditions
                CartGrid3D::CartGrid3D_ApplyBC: Apply symmetry boundary conditions
                ReflectionSymmetry::ReflectionSymmetry_Apply: Apply reflection symmetries
              Boundary::Boundary_ClearSelection: [level] Unselect all grid variables for boundary conditions
      [CCTK_POSTPOSTINITIAL]
        GROUP Con2Prim: Convert from conservative to primitive variables (might be redundant)
          GROUP THC_SetExcisionMask: Thorns providing excision should set the bitmask
          THC_Core::THC_ConsToAll: Computes the primitives from the conservatives
      [CCTK_POSTSTEP]
        SphericalSurface::SphericalSurface_Set: [global] Set surface radii
        GROUP zzz_NaNChecker_NaNCheck: Check for NaNs and count them in NaNChecker::NaNsFound
          NaNChecker::NaNChecker_NaNCheck_Prepare: [level] Prepare data structures to check for NaNs
          NaNChecker::NaNChecker_NaNCheck_Check: [local] Check for NaNs
          NaNChecker::NaNChecker_NaNCheck_Finish: [level] Count NaNs in NaNChecker::NaNsFound
        NaNChecker::NaNChecker_TakeAction: [global] [loop-level] Output NaNChecker::NaNmask and take action according to NaNChecker::action_if_found
        SpaceMask::CheckMask: Ensure that all mask values are legal
        GROUP SphericalSurface_HasBeenSet: Set the spherical surfaces before this group, and use it afterwards
          SphericalSurface::SphericalSurface_CheckState: [global] Test the state of the spherical surfaces
        Dissipation::setup_epsdis: Setup spatially varying dissipation
    endif
    if (recover initial data)
      [CCTK_BASEGRID]
        ADMBase::ADMBase_SetShiftStateOn: Set the shift_state variable to 1
        ADMBase::ADMBase_SetDtLapseStateOn: Set the dtlapse_state variable to 1
        ADMBase::ADMBase_SetDtShiftStateOn: Set the dtshift_state variable to 1
        ADMMacros::ADMMacros_SetLocalSpatialOrder: Initialize the local_spatial_order
        CartGrid3D::SpatialSpacings: Set up ranges for spatial 3D Cartesian coordinates (on all grids)
        CartGrid3D::SpatialCoordinates: Set up spatial 3D Cartesian coordinates on the GH
        SphericalSurface::SphericalSurface_SetupRes: [global] [loop-local] Set surface resolution automatically
        Dissipation::dissipation_basegrid: Ensure that there are enough ghost zones
        HRSCCore::HRSCC_ParamStore: [global] Store parameters in private namespace
        ML_ADMConstraints::ML_ADMConstraints_CheckBoundaries: [meta] check boundaries treatment
        ML_CCZ4::ML_CCZ4_CheckBoundaries: [meta] check boundaries treatment
        NaNChecker::NaNChecker_ResetCounter: [global] Reset the NaNChecker::NaNsFound counter
        SpaceMask::MaskZero: Initialise mask to zero
        SpaceMask::MaskOne: Set old style mask to one
        SphericalSurface::SphericalSurface_Setup: [global] Calculate surface coordinate descriptors
        GROUP MaskBase_SetupMask: Set up the weight function
          GROUP MaskBase_SetupMaskAll: Set up the weight function
            CarpetReduce::MaskBase_AllocateMask: [global] Allocate the weight function
            CarpetReduce::MaskBase_InitMask: [global] [loop-local] Initialise the weight function
            GROUP SetupIMaskInternal: Set up the integer weight function (schedule other routines in here)
              CarpetReduce::CoordBase_SetupMask: [global] [loop-local] Set up the outer boundaries of the weight function
              CarpetReduce::CarpetMaskSetup: [global] [loop-singlemap] Set up the weight function for the restriction regions
            GROUP SetupIMask: Set up the integer weight function (schedule other routines in here)
            CarpetReduce::MaskBase_SetMask: [global] [loop-local] Set the weight function
            GROUP SetupMask: Set up the real weight function (schedule other routines in here)
            CarpetReduce::MaskBase_TestMask: [global] Test the weight function
        SphericalSurface::SphericalSurface_Set: [global] Set surface radii to be used for initial setup in other thorns
        GROUP SphericalSurface_HasBeenSet: Set the spherical surfaces before this group, and use it afterwards
          SphericalSurface::SphericalSurface_CheckState: [global] Test the state of the spherical surfaces
        SymBase::SymBase_Check: Check whether the driver set up the grid consistently
        THC_Core::THC_SetSym: [global] Setup symmetries
        TerminationTrigger::TerminationTrigger_ResetTrigger: Clear trigger state
        TerminationTrigger::TerminationTrigger_StartTimer: Start timer
        TerminationTrigger::TerminationTrigger_CreateFile: Create termination file
        Time::Time_Initialise: [global] Initialise Time variables
        Time::TemporalSpacings: [singlemap] Set timestep based on Courant condition (courant_static)
        WeylScal4::WeylScal4_CheckBoundaries: [meta] check boundaries treatment
      [CCTK_RECOVER_VARIABLES]
        IOUtil::IOUtil_RecoverGH: [level] Checkpoint recovery routine
      [CCTK_POST_RECOVER_VARIABLES]
        CarpetIOHDF5::CarpetIOHDF5_InitCheckpointingIntervals: [global] Initialisation of checkpointing intervals after recovery
        CarpetIOHDF5::CarpetIOHDF5_CloseFiles: [meta] Close all initial data checkpoint files after recovery
        GROUP MaskBase_SetupMask: Set up the weight function
          GROUP MaskBase_SetupMaskAll: Set up the weight function
            CarpetReduce::MaskBase_AllocateMask: [global] Allocate the weight function
            CarpetReduce::MaskBase_InitMask: [global] [loop-local] Initialise the weight function
            GROUP SetupIMaskInternal: Set up the integer weight function (schedule other routines in here)
              CarpetReduce::CoordBase_SetupMask: [global] [loop-local] Set up the outer boundaries of the weight function
              CarpetReduce::CarpetMaskSetup: [global] [loop-singlemap] Set up the weight function for the restriction regions
            GROUP SetupIMask: Set up the integer weight function (schedule other routines in here)
            CarpetReduce::MaskBase_SetMask: [global] [loop-local] Set the weight function
            GROUP SetupMask: Set up the real weight function (schedule other routines in here)
            CarpetReduce::MaskBase_TestMask: [global] Test the weight function
        GROUP MoL_PostStep: Ensure that everything is correct after recovery
          ML_CCZ4::ML_CCZ4_SelectBoundConds: [level] select boundary conditions
          GROUP ML_CCZ4_ApplyBCs: Apply boundary conditions controlled by thorn Boundary
            GROUP BoundaryConditions: Execute all boundary conditions
              Boundary::Boundary_ApplyPhysicalBCs: Apply all requested local physical boundary conditions
              CartGrid3D::CartGrid3D_ApplyBC: Apply symmetry boundary conditions
              ReflectionSymmetry::ReflectionSymmetry_Apply: Apply reflection symmetries
            Boundary::Boundary_ClearSelection: [level] Unselect all grid variables for boundary conditions
          ML_ADMConstraints::ML_ADMConstraints_SelectBoundConds: [level] select boundary conditions
          GROUP ML_ADMConstraints_ApplyBCs: Apply boundary conditions controlled by thorn Boundary
            GROUP BoundaryConditions: Execute all boundary conditions
              Boundary::Boundary_ApplyPhysicalBCs: Apply all requested local physical boundary conditions
              CartGrid3D::CartGrid3D_ApplyBC: Apply symmetry boundary conditions
              ReflectionSymmetry::ReflectionSymmetry_Apply: Apply reflection symmetries
            Boundary::Boundary_ClearSelection: [level] Unselect all grid variables for boundary conditions
          ML_CCZ4::ML_CCZ4_ADMBaseInterior: ML_CCZ4_ADMBaseInterior
          ML_CCZ4::ML_CCZ4_ADMBaseBoundaryScalar: ML_CCZ4_ADMBaseBoundaryScalar
          ML_CCZ4::ML_CCZ4_ADMBaseEverywhere: ML_CCZ4_ADMBaseEverywhere
          ML_CCZ4_Helper::ML_CCZ4_ADMBase_SelectBCs: [level] Select boundary conditions for ADMBase variables
          GROUP ML_CCZ4_ADMBase_ApplyBCs: Apply boundary conditions to ADMBase variables
            GROUP BoundaryConditions: Execute all boundary conditions
              Boundary::Boundary_ApplyPhysicalBCs: Apply all requested local physical boundary conditions
              CartGrid3D::CartGrid3D_ApplyBC: Apply symmetry boundary conditions
              ReflectionSymmetry::ReflectionSymmetry_Apply: Apply reflection symmetries
            Boundary::Boundary_ClearSelection: [level] Unselect all grid variables for boundary conditions
          GROUP ADMBase_SetADMVars: Set the ADM variables before this group, and use them afterwards
          GROUP HydroBase_PostStep: Post step tasks for hydro thorns
            GROUP HydroBase_Boundaries: HydroBase-internal Boundary conditions group
              GROUP HydroBase_Select_Boundaries: Group to schedule the boundary condition functions
                THC_Core::THC_SelectBC: [singlemap] Select boundary conditions
              GROUP HydroBase_ApplyBCs: Apply the boundary conditions of HydroBase
                GROUP BoundaryConditions: Execute all boundary conditions
                  Boundary::Boundary_ApplyPhysicalBCs: Apply all requested local physical boundary conditions
                  CartGrid3D::CartGrid3D_ApplyBC: Apply symmetry boundary conditions
                  ReflectionSymmetry::ReflectionSymmetry_Apply: Apply reflection symmetries
                Boundary::Boundary_ClearSelection: [level] Unselect all grid variables for boundary conditions
            GROUP HydroBase_Con2Prim: Convert from conservative to primitive variables
              GROUP THC_SetExcisionMask: Thorns providing excision should set the bitmask
              THC_Core::THC_ConsToAll: Computes the primitives from the conservatives
          GROUP SetTmunu: Group for calculating the stress-energy tensor
            TmunuBase::TmunuBase_ZeroTmunu: Initialise the stress-energy tensor to zero
            GROUP AddToTmunu: Add to the stress-energy tensor here
              THC_Core::THC_AddToTmunu: Adds the contribution of the fluid to the global stress-energy tensor
          WeylScal4::WeylScal4_SelectBoundConds: [level] select boundary conditions
          GROUP WeylScal4_ApplyBCs: Apply boundary conditions controlled by thorn Boundary
            GROUP BoundaryConditions: Execute all boundary conditions
              Boundary::Boundary_ApplyPhysicalBCs: Apply all requested local physical boundary conditions
              CartGrid3D::CartGrid3D_ApplyBC: Apply symmetry boundary conditions
              ReflectionSymmetry::ReflectionSymmetry_Apply: Apply reflection symmetries
            Boundary::Boundary_ClearSelection: [level] Unselect all grid variables for boundary conditions
        GROUP zzz_NaNChecker_NaNCheck: Check for NaNs and count them in NaNChecker::NaNsFound
          NaNChecker::NaNChecker_NaNCheck_Prepare: [level] Prepare data structures to check for NaNs
          NaNChecker::NaNChecker_NaNCheck_Check: [local] Check for NaNs
          NaNChecker::NaNChecker_NaNCheck_Finish: [level] Count NaNs in NaNChecker::NaNsFound
        NaNChecker::NaNChecker_TakeAction: [global] [loop-level] Output NaNChecker::NaNmask and take action according to NaNChecker::action_if_found
        TerminationTrigger::TerminationTrigger_ResetMinutes: [global] Reset Watchtime
    endif
    if (checkpoint initial data)
      [CCTK_CPINITIAL]
        CarpetIOHDF5::CarpetIOHDF5_InitialDataCheckpoint: [meta] Initial data checkpoint routine
    endif
    if (analysis)
      [CCTK_ANALYSIS]
        CarpetLib::CarpetLib_printtimestats: [global] Print timing statistics if desired
        CarpetLib::CarpetLib_printmemstats: [global] Print memory statistics if desired
        Formaline::Formaline_AnnounceUpdate: [global] Put some meta information about the current run into permanent storage
        LoopControl::LC_statistics_analysis: [meta] Output LoopControl statistics
        GROUP ML_CCZ4_EvolutionAnalysis: Calculate RHS at analysis
          ML_CCZ4::ML_CCZ4_EvolutionAnalysisInit: ML_CCZ4_EvolutionAnalysisInit
          ML_CCZ4::ML_CCZ4_EvolutionAnalysisInterior: ML_CCZ4_EvolutionAnalysisInterior
          ML_CCZ4_Helper::ML_CCZ4_NewRad: Apply NewRad boundary conditions to RHS
        Multipole::Multipole_Calc: [global] Calculate Multipoles
        TerminationTrigger::TerminationTrigger_CheckWalltime: Check elapsed job walltime
        TerminationTrigger::TerminationTrigger_CheckSignal: Check if we received a termination signal
        TerminationTrigger::TerminationTrigger_CheckFile: Check termination file
        WatchDog::WatchDog: Make sure that the run is progressing
  endif
  Output grid variables

  do loop over timesteps
    [CCTK_PREREGRID]
    Change grid hierarchy
    [CCTK_POSTREGRID]
      CartGrid3D::SpatialCoordinates: Set Coordinates after regridding
      GROUP MaskBase_SetupMask: Set up the weight function
        GROUP MaskBase_SetupMaskAll: Set up the weight function
          CarpetReduce::MaskBase_AllocateMask: [global] Allocate the weight function
          CarpetReduce::MaskBase_InitMask: [global] [loop-local] Initialise the weight function
          GROUP SetupIMaskInternal: Set up the integer weight function (schedule other routines in here)
            CarpetReduce::CoordBase_SetupMask: [global] [loop-local] Set up the outer boundaries of the weight function
            CarpetReduce::CarpetMaskSetup: [global] [loop-singlemap] Set up the weight function for the restriction regions
          GROUP SetupIMask: Set up the integer weight function (schedule other routines in here)
          CarpetReduce::MaskBase_SetMask: [global] [loop-local] Set the weight function
          GROUP SetupMask: Set up the real weight function (schedule other routines in here)
          CarpetReduce::MaskBase_TestMask: [global] Test the weight function
      Dissipation::setup_epsdis: Setup spatially varying dissipation
      GROUP MoL_PostStep: Ensure that everything is correct after regridding
        ML_CCZ4::ML_CCZ4_SelectBoundConds: [level] select boundary conditions
        GROUP ML_CCZ4_ApplyBCs: Apply boundary conditions controlled by thorn Boundary
          GROUP BoundaryConditions: Execute all boundary conditions
            Boundary::Boundary_ApplyPhysicalBCs: Apply all requested local physical boundary conditions
            CartGrid3D::CartGrid3D_ApplyBC: Apply symmetry boundary conditions
            ReflectionSymmetry::ReflectionSymmetry_Apply: Apply reflection symmetries
          Boundary::Boundary_ClearSelection: [level] Unselect all grid variables for boundary conditions
        ML_ADMConstraints::ML_ADMConstraints_SelectBoundConds: [level] select boundary conditions
        GROUP ML_ADMConstraints_ApplyBCs: Apply boundary conditions controlled by thorn Boundary
          GROUP BoundaryConditions: Execute all boundary conditions
            Boundary::Boundary_ApplyPhysicalBCs: Apply all requested local physical boundary conditions
            CartGrid3D::CartGrid3D_ApplyBC: Apply symmetry boundary conditions
            ReflectionSymmetry::ReflectionSymmetry_Apply: Apply reflection symmetries
          Boundary::Boundary_ClearSelection: [level] Unselect all grid variables for boundary conditions
        ML_CCZ4::ML_CCZ4_ADMBaseInterior: ML_CCZ4_ADMBaseInterior
        ML_CCZ4::ML_CCZ4_ADMBaseBoundaryScalar: ML_CCZ4_ADMBaseBoundaryScalar
        ML_CCZ4::ML_CCZ4_ADMBaseEverywhere: ML_CCZ4_ADMBaseEverywhere
        ML_CCZ4_Helper::ML_CCZ4_ADMBase_SelectBCs: [level] Select boundary conditions for ADMBase variables
        GROUP ML_CCZ4_ADMBase_ApplyBCs: Apply boundary conditions to ADMBase variables
          GROUP BoundaryConditions: Execute all boundary conditions
            Boundary::Boundary_ApplyPhysicalBCs: Apply all requested local physical boundary conditions
            CartGrid3D::CartGrid3D_ApplyBC: Apply symmetry boundary conditions
            ReflectionSymmetry::ReflectionSymmetry_Apply: Apply reflection symmetries
          Boundary::Boundary_ClearSelection: [level] Unselect all grid variables for boundary conditions
        GROUP ADMBase_SetADMVars: Set the ADM variables before this group, and use them afterwards
        GROUP HydroBase_PostStep: Post step tasks for hydro thorns
          GROUP HydroBase_Boundaries: HydroBase-internal Boundary conditions group
            GROUP HydroBase_Select_Boundaries: Group to schedule the boundary condition functions
              THC_Core::THC_SelectBC: [singlemap] Select boundary conditions
            GROUP HydroBase_ApplyBCs: Apply the boundary conditions of HydroBase
              GROUP BoundaryConditions: Execute all boundary conditions
                Boundary::Boundary_ApplyPhysicalBCs: Apply all requested local physical boundary conditions
                CartGrid3D::CartGrid3D_ApplyBC: Apply symmetry boundary conditions
                ReflectionSymmetry::ReflectionSymmetry_Apply: Apply reflection symmetries
              Boundary::Boundary_ClearSelection: [level] Unselect all grid variables for boundary conditions
          GROUP HydroBase_Con2Prim: Convert from conservative to primitive variables
            GROUP THC_SetExcisionMask: Thorns providing excision should set the bitmask
            THC_Core::THC_ConsToAll: Computes the primitives from the conservatives
        GROUP SetTmunu: Group for calculating the stress-energy tensor
          TmunuBase::TmunuBase_ZeroTmunu: Initialise the stress-energy tensor to zero
          GROUP AddToTmunu: Add to the stress-energy tensor here
            THC_Core::THC_AddToTmunu: Adds the contribution of the fluid to the global stress-energy tensor
        WeylScal4::WeylScal4_SelectBoundConds: [level] select boundary conditions
        GROUP WeylScal4_ApplyBCs: Apply boundary conditions controlled by thorn Boundary
          GROUP BoundaryConditions: Execute all boundary conditions
            Boundary::Boundary_ApplyPhysicalBCs: Apply all requested local physical boundary conditions
            CartGrid3D::CartGrid3D_ApplyBC: Apply symmetry boundary conditions
            ReflectionSymmetry::ReflectionSymmetry_Apply: Apply reflection symmetries
          Boundary::Boundary_ClearSelection: [level] Unselect all grid variables for boundary conditions
      GROUP MoL_PseudoEvolutionBoundaries: Apply boundary conditions to pseudo-evolved quantities
        GROUP ML_ADMConstraints_evaluate_bc_group: ML_ADMConstraints_evaluate
          ML_ADMConstraints::ML_ADMConstraints_evaluate_SelectBCs: [level] ML_ADMConstraints_evaluate_SelectBCs
          GROUP ML_ADMConstraints_evaluate_ApplyBCs: Apply BCs for groups set in ML_ADMConstraints_evaluate
            GROUP BoundaryConditions: Execute all boundary conditions
              Boundary::Boundary_ApplyPhysicalBCs: Apply all requested local physical boundary conditions
              CartGrid3D::CartGrid3D_ApplyBC: Apply symmetry boundary conditions
              ReflectionSymmetry::ReflectionSymmetry_Apply: Apply reflection symmetries
            Boundary::Boundary_ClearSelection: [level] Unselect all grid variables for boundary conditions
        GROUP ML_CCZ4_ConstraintsEverywhere_bc_group: ML_CCZ4_ConstraintsEverywhere
          ML_CCZ4::ML_CCZ4_ConstraintsEverywhere_SelectBCs: [level] ML_CCZ4_ConstraintsEverywhere_SelectBCs
          GROUP ML_CCZ4_ConstraintsEverywhere_ApplyBCs: Apply BCs for groups set in ML_CCZ4_ConstraintsEverywhere
            GROUP BoundaryConditions: Execute all boundary conditions
              Boundary::Boundary_ApplyPhysicalBCs: Apply all requested local physical boundary conditions
              CartGrid3D::CartGrid3D_ApplyBC: Apply symmetry boundary conditions
              ReflectionSymmetry::ReflectionSymmetry_Apply: Apply reflection symmetries
            Boundary::Boundary_ClearSelection: [level] Unselect all grid variables for boundary conditions
        GROUP ML_CCZ4_ConstraintsInterior_bc_group: ML_CCZ4_ConstraintsInterior
          ML_CCZ4::ML_CCZ4_ConstraintsInterior_SelectBCs: [level] ML_CCZ4_ConstraintsInterior_SelectBCs
          GROUP ML_CCZ4_ConstraintsInterior_ApplyBCs: Apply BCs for groups set in ML_CCZ4_ConstraintsInterior
            GROUP BoundaryConditions: Execute all boundary conditions
              Boundary::Boundary_ApplyPhysicalBCs: Apply all requested local physical boundary conditions
              CartGrid3D::CartGrid3D_ApplyBC: Apply symmetry boundary conditions
              ReflectionSymmetry::ReflectionSymmetry_Apply: Apply reflection symmetries
            Boundary::Boundary_ClearSelection: [level] Unselect all grid variables for boundary conditions
        GROUP WeylScal4_psi4_calc_Nth_bc_group: WeylScal4_psi4_calc_Nth
          WeylScal4::WeylScal4_psi4_calc_Nth_SelectBCs: [level] WeylScal4_psi4_calc_Nth_SelectBCs
          GROUP WeylScal4_psi4_calc_Nth_ApplyBCs: Apply BCs for groups set in WeylScal4_psi4_calc_Nth
            GROUP BoundaryConditions: Execute all boundary conditions
              Boundary::Boundary_ApplyPhysicalBCs: Apply all requested local physical boundary conditions
              CartGrid3D::CartGrid3D_ApplyBC: Apply symmetry boundary conditions
              ReflectionSymmetry::ReflectionSymmetry_Apply: Apply reflection symmetries
            Boundary::Boundary_ClearSelection: [level] Unselect all grid variables for boundary conditions
      SpaceMask::MaskZero: Initialise mask to zero
      SpaceMask::MaskOne: Set mask to one
    Rotate timelevels
    iteration = iteration+1
    t = t+dt
    [CCTK_PRESTEP]
      CoordGauge::Einstein_SetNextSlicing: Identify the slicing for the next iteration
      LoopControl::LC_steer: [meta] Update LoopControl algorithm preferences
      NaNChecker::NaNChecker_ResetCounter: [global] Reset the NaNChecker::NaNsFound counter
    [CCTK_EVOL]
      MoL::MoL_StartLoop: [level] Initialise the step size control
      while (MoL::MoL_Stepsize_Bad)
        GROUP MoL_Evolution: A single Cactus evolution step using MoL
          GROUP MoL_StartStep: MoL internal setup for the evolution step
            MoL::MoL_SetCounter: [level] Set the counter for the ODE method to loop over
            MoL::MoL_SetTime: [level] Ensure the correct time and timestep are used
            MoL::MoL_AllocateScratchSpace: [level] Allocate storage for scratch levels
          GROUP MoL_PreStep: Physics thorns can schedule preloop setup routines in here
          MoL::MoL_AllocateScratch: Allocate sufficient space for array scratch variables
          MoL::MoL_InitialCopy: Ensure the data is in the correct timelevel
          while (MoL::MoL_Intermediate_Step)
            GROUP MoL_Step: The loop over the intermediate steps for the ODE integrator
              MoL::MoL_InitRHS: Initialise the RHS functions
              GROUP MoL_CalcRHS: Physics thorns schedule the calculation of the discrete spatial operator in here
                GROUP HydroBase_RHS: Groups for scheduling tasks for calculating RHS of hydro variables
                  THC_Core::THC_InitSource: Initializes the source term
                  THC_Core::THC_GRSource: Computes the geometric source terms
                  THC_Core::THC_RHS: Compute the RHS for MoL
                GROUP ML_CCZ4_EvolutionInteriorSplitBy: 
                  ML_CCZ4::ML_CCZ4_EvolutionInteriorSplitBy1: ML_CCZ4_EvolutionInteriorSplitBy1
                  ML_CCZ4::ML_CCZ4_EvolutionInteriorSplitBy2: ML_CCZ4_EvolutionInteriorSplitBy2
                  ML_CCZ4::ML_CCZ4_EvolutionInteriorSplitBy3: ML_CCZ4_EvolutionInteriorSplitBy3
                ML_CCZ4_Helper::ML_CCZ4_NewRad: Apply NewRad boundary conditions to RHS
              GROUP MoL_PostRHS: Modify RHS functions
                Dissipation::dissipation_add: Add Kreiss-Oliger dissipation to the right hand sides
              GROUP MoL_RHSBoundaries: Any 'final' modifications to the RHS functions (boundaries etc.)
              MoL::MoL_Add: Updates calculated with the efficient Runge-Kutta 3 method
              MoL::MoL_DecrementCounter: [level] Alter the counter number
              MoL::MoL_ResetTime: [level] If necessary, change the time
              GROUP MoL_PostStepModify: The group for physics thorns to schedule enforcing constraints
                ML_CCZ4::ML_CCZ4_EnforceEverywhere: ML_CCZ4_EnforceEverywhere
              GROUP MoL_PostStep: The group for physics thorns to schedule boundary calls etc.
                ML_CCZ4::ML_CCZ4_SelectBoundConds: [level] select boundary conditions
                GROUP ML_CCZ4_ApplyBCs: Apply boundary conditions controlled by thorn Boundary
                  GROUP BoundaryConditions: Execute all boundary conditions
                    Boundary::Boundary_ApplyPhysicalBCs: Apply all requested local physical boundary conditions
                    CartGrid3D::CartGrid3D_ApplyBC: Apply symmetry boundary conditions
                    ReflectionSymmetry::ReflectionSymmetry_Apply: Apply reflection symmetries
                  Boundary::Boundary_ClearSelection: [level] Unselect all grid variables for boundary conditions
                ML_ADMConstraints::ML_ADMConstraints_SelectBoundConds: [level] select boundary conditions
                GROUP ML_ADMConstraints_ApplyBCs: Apply boundary conditions controlled by thorn Boundary
                  GROUP BoundaryConditions: Execute all boundary conditions
                    Boundary::Boundary_ApplyPhysicalBCs: Apply all requested local physical boundary conditions
                    CartGrid3D::CartGrid3D_ApplyBC: Apply symmetry boundary conditions
                    ReflectionSymmetry::ReflectionSymmetry_Apply: Apply reflection symmetries
                  Boundary::Boundary_ClearSelection: [level] Unselect all grid variables for boundary conditions
                ML_CCZ4::ML_CCZ4_ADMBaseInterior: ML_CCZ4_ADMBaseInterior
                ML_CCZ4::ML_CCZ4_ADMBaseBoundaryScalar: ML_CCZ4_ADMBaseBoundaryScalar
                ML_CCZ4::ML_CCZ4_ADMBaseEverywhere: ML_CCZ4_ADMBaseEverywhere
                ML_CCZ4_Helper::ML_CCZ4_ADMBase_SelectBCs: [level] Select boundary conditions for ADMBase variables
                GROUP ML_CCZ4_ADMBase_ApplyBCs: Apply boundary conditions to ADMBase variables
                  GROUP BoundaryConditions: Execute all boundary conditions
                    Boundary::Boundary_ApplyPhysicalBCs: Apply all requested local physical boundary conditions
                    CartGrid3D::CartGrid3D_ApplyBC: Apply symmetry boundary conditions
                    ReflectionSymmetry::ReflectionSymmetry_Apply: Apply reflection symmetries
                  Boundary::Boundary_ClearSelection: [level] Unselect all grid variables for boundary conditions
                GROUP ADMBase_SetADMVars: Set the ADM variables before this group, and use them afterwards
                GROUP HydroBase_PostStep: Post step tasks for hydro thorns
                  GROUP HydroBase_Boundaries: HydroBase-internal Boundary conditions group
                    GROUP HydroBase_Select_Boundaries: Group to schedule the boundary condition functions
                      THC_Core::THC_SelectBC: [singlemap] Select boundary conditions
                    GROUP HydroBase_ApplyBCs: Apply the boundary conditions of HydroBase
                      GROUP BoundaryConditions: Execute all boundary conditions
                        Boundary::Boundary_ApplyPhysicalBCs: Apply all requested local physical boundary conditions
                        CartGrid3D::CartGrid3D_ApplyBC: Apply symmetry boundary conditions
                        ReflectionSymmetry::ReflectionSymmetry_Apply: Apply reflection symmetries
                      Boundary::Boundary_ClearSelection: [level] Unselect all grid variables for boundary conditions
                  GROUP HydroBase_Con2Prim: Convert from conservative to primitive variables
                    GROUP THC_SetExcisionMask: Thorns providing excision should set the bitmask
                    THC_Core::THC_ConsToAll: Computes the primitives from the conservatives
                GROUP SetTmunu: Group for calculating the stress-energy tensor
                  TmunuBase::TmunuBase_ZeroTmunu: Initialise the stress-energy tensor to zero
                  GROUP AddToTmunu: Add to the stress-energy tensor here
                    THC_Core::THC_AddToTmunu: Adds the contribution of the fluid to the global stress-energy tensor
                WeylScal4::WeylScal4_SelectBoundConds: [level] select boundary conditions
                GROUP WeylScal4_ApplyBCs: Apply boundary conditions controlled by thorn Boundary
                  GROUP BoundaryConditions: Execute all boundary conditions
                    Boundary::Boundary_ApplyPhysicalBCs: Apply all requested local physical boundary conditions
                    CartGrid3D::CartGrid3D_ApplyBC: Apply symmetry boundary conditions
                    ReflectionSymmetry::ReflectionSymmetry_Apply: Apply reflection symmetries
                  Boundary::Boundary_ClearSelection: [level] Unselect all grid variables for boundary conditions
              MoL::MoL_ResetDeltaTime: [level] If necessary, change the timestep
          end while
          MoL::MoL_FinishLoop: [level] Control the step size
          MoL::MoL_RestoreSandR: Restoring the Save and Restore variables to the original state
          MoL::MoL_FreeScratchSpace: [level] Free storage for scratch levels
      end while
      GROUP MoL_PseudoEvolution: Calculate pseudo-evolved quantities
        GROUP ADMBase_SetADMVars: Set the ADM variables before this group, and use them afterwards
        GROUP ML_ADMConstraints_evaluate_group: ML_ADMConstraints_evaluate
          ML_ADMConstraints::ML_ADMConstraints_evaluate: ML_ADMConstraints_evaluate
          GROUP ML_ADMConstraints_evaluate_bc_group: ML_ADMConstraints_evaluate
            ML_ADMConstraints::ML_ADMConstraints_evaluate_SelectBCs: [level] ML_ADMConstraints_evaluate_SelectBCs
            GROUP ML_ADMConstraints_evaluate_ApplyBCs: Apply BCs for groups set in ML_ADMConstraints_evaluate
              GROUP BoundaryConditions: Execute all boundary conditions
                Boundary::Boundary_ApplyPhysicalBCs: Apply all requested local physical boundary conditions
                CartGrid3D::CartGrid3D_ApplyBC: Apply symmetry boundary conditions
                ReflectionSymmetry::ReflectionSymmetry_Apply: Apply reflection symmetries
              Boundary::Boundary_ClearSelection: [level] Unselect all grid variables for boundary conditions
        GROUP ML_CCZ4_ConstraintsEverywhere_group: ML_CCZ4_ConstraintsEverywhere
          ML_CCZ4::ML_CCZ4_ConstraintsEverywhere: ML_CCZ4_ConstraintsEverywhere
          GROUP ML_CCZ4_ConstraintsEverywhere_bc_group: ML_CCZ4_ConstraintsEverywhere
            ML_CCZ4::ML_CCZ4_ConstraintsEverywhere_SelectBCs: [level] ML_CCZ4_ConstraintsEverywhere_SelectBCs
            GROUP ML_CCZ4_ConstraintsEverywhere_ApplyBCs: Apply BCs for groups set in ML_CCZ4_ConstraintsEverywhere
              GROUP BoundaryConditions: Execute all boundary conditions
                Boundary::Boundary_ApplyPhysicalBCs: Apply all requested local physical boundary conditions
                CartGrid3D::CartGrid3D_ApplyBC: Apply symmetry boundary conditions
                ReflectionSymmetry::ReflectionSymmetry_Apply: Apply reflection symmetries
              Boundary::Boundary_ClearSelection: [level] Unselect all grid variables for boundary conditions
        GROUP ML_CCZ4_ConstraintsInterior_group: ML_CCZ4_ConstraintsInterior
          ML_CCZ4::ML_CCZ4_ConstraintsInterior: ML_CCZ4_ConstraintsInterior
          GROUP ML_CCZ4_ConstraintsInterior_bc_group: ML_CCZ4_ConstraintsInterior
            ML_CCZ4::ML_CCZ4_ConstraintsInterior_SelectBCs: [level] ML_CCZ4_ConstraintsInterior_SelectBCs
            GROUP ML_CCZ4_ConstraintsInterior_ApplyBCs: Apply BCs for groups set in ML_CCZ4_ConstraintsInterior
              GROUP BoundaryConditions: Execute all boundary conditions
                Boundary::Boundary_ApplyPhysicalBCs: Apply all requested local physical boundary conditions
                CartGrid3D::CartGrid3D_ApplyBC: Apply symmetry boundary conditions
                ReflectionSymmetry::ReflectionSymmetry_Apply: Apply reflection symmetries
              Boundary::Boundary_ClearSelection: [level] Unselect all grid variables for boundary conditions
        GROUP WeylScal4_psi4_calc_Nth_group: WeylScal4_psi4_calc_Nth
          WeylScal4::WeylScal4_psi4_calc_Nth: WeylScal4_psi4_calc_Nth
          GROUP WeylScal4_psi4_calc_Nth_bc_group: WeylScal4_psi4_calc_Nth
            WeylScal4::WeylScal4_psi4_calc_Nth_SelectBCs: [level] WeylScal4_psi4_calc_Nth_SelectBCs
            GROUP WeylScal4_psi4_calc_Nth_ApplyBCs: Apply BCs for groups set in WeylScal4_psi4_calc_Nth
              GROUP BoundaryConditions: Execute all boundary conditions
                Boundary::Boundary_ApplyPhysicalBCs: Apply all requested local physical boundary conditions
                CartGrid3D::CartGrid3D_ApplyBC: Apply symmetry boundary conditions
                ReflectionSymmetry::ReflectionSymmetry_Apply: Apply reflection symmetries
              Boundary::Boundary_ClearSelection: [level] Unselect all grid variables for boundary conditions
    Evolve finer grids recursively
    Restrict from finer grids
    [CCTK_POSTRESTRICT]
      GROUP MoL_PostStep: Ensure that everything is correct after restriction
        ML_CCZ4::ML_CCZ4_SelectBoundConds: [level] select boundary conditions
        GROUP ML_CCZ4_ApplyBCs: Apply boundary conditions controlled by thorn Boundary
          GROUP BoundaryConditions: Execute all boundary conditions
            Boundary::Boundary_ApplyPhysicalBCs: Apply all requested local physical boundary conditions
            CartGrid3D::CartGrid3D_ApplyBC: Apply symmetry boundary conditions
            ReflectionSymmetry::ReflectionSymmetry_Apply: Apply reflection symmetries
          Boundary::Boundary_ClearSelection: [level] Unselect all grid variables for boundary conditions
        ML_ADMConstraints::ML_ADMConstraints_SelectBoundConds: [level] select boundary conditions
        GROUP ML_ADMConstraints_ApplyBCs: Apply boundary conditions controlled by thorn Boundary
          GROUP BoundaryConditions: Execute all boundary conditions
            Boundary::Boundary_ApplyPhysicalBCs: Apply all requested local physical boundary conditions
            CartGrid3D::CartGrid3D_ApplyBC: Apply symmetry boundary conditions
            ReflectionSymmetry::ReflectionSymmetry_Apply: Apply reflection symmetries
          Boundary::Boundary_ClearSelection: [level] Unselect all grid variables for boundary conditions
        ML_CCZ4::ML_CCZ4_ADMBaseInterior: ML_CCZ4_ADMBaseInterior
        ML_CCZ4::ML_CCZ4_ADMBaseBoundaryScalar: ML_CCZ4_ADMBaseBoundaryScalar
        ML_CCZ4::ML_CCZ4_ADMBaseEverywhere: ML_CCZ4_ADMBaseEverywhere
        ML_CCZ4_Helper::ML_CCZ4_ADMBase_SelectBCs: [level] Select boundary conditions for ADMBase variables
        GROUP ML_CCZ4_ADMBase_ApplyBCs: Apply boundary conditions to ADMBase variables
          GROUP BoundaryConditions: Execute all boundary conditions
            Boundary::Boundary_ApplyPhysicalBCs: Apply all requested local physical boundary conditions
            CartGrid3D::CartGrid3D_ApplyBC: Apply symmetry boundary conditions
            ReflectionSymmetry::ReflectionSymmetry_Apply: Apply reflection symmetries
          Boundary::Boundary_ClearSelection: [level] Unselect all grid variables for boundary conditions
        GROUP ADMBase_SetADMVars: Set the ADM variables before this group, and use them afterwards
        GROUP HydroBase_PostStep: Post step tasks for hydro thorns
          GROUP HydroBase_Boundaries: HydroBase-internal Boundary conditions group
            GROUP HydroBase_Select_Boundaries: Group to schedule the boundary condition functions
              THC_Core::THC_SelectBC: [singlemap] Select boundary conditions
            GROUP HydroBase_ApplyBCs: Apply the boundary conditions of HydroBase
              GROUP BoundaryConditions: Execute all boundary conditions
                Boundary::Boundary_ApplyPhysicalBCs: Apply all requested local physical boundary conditions
                CartGrid3D::CartGrid3D_ApplyBC: Apply symmetry boundary conditions
                ReflectionSymmetry::ReflectionSymmetry_Apply: Apply reflection symmetries
              Boundary::Boundary_ClearSelection: [level] Unselect all grid variables for boundary conditions
          GROUP HydroBase_Con2Prim: Convert from conservative to primitive variables
            GROUP THC_SetExcisionMask: Thorns providing excision should set the bitmask
            THC_Core::THC_ConsToAll: Computes the primitives from the conservatives
        GROUP SetTmunu: Group for calculating the stress-energy tensor
          TmunuBase::TmunuBase_ZeroTmunu: Initialise the stress-energy tensor to zero
          GROUP AddToTmunu: Add to the stress-energy tensor here
            THC_Core::THC_AddToTmunu: Adds the contribution of the fluid to the global stress-energy tensor
        WeylScal4::WeylScal4_SelectBoundConds: [level] select boundary conditions
        GROUP WeylScal4_ApplyBCs: Apply boundary conditions controlled by thorn Boundary
          GROUP BoundaryConditions: Execute all boundary conditions
            Boundary::Boundary_ApplyPhysicalBCs: Apply all requested local physical boundary conditions
            CartGrid3D::CartGrid3D_ApplyBC: Apply symmetry boundary conditions
            ReflectionSymmetry::ReflectionSymmetry_Apply: Apply reflection symmetries
          Boundary::Boundary_ClearSelection: [level] Unselect all grid variables for boundary conditions
      GROUP MoL_PseudoEvolutionBoundaries: Apply boundary conditions to pseudo-evolved quantities
        GROUP ML_ADMConstraints_evaluate_bc_group: ML_ADMConstraints_evaluate
          ML_ADMConstraints::ML_ADMConstraints_evaluate_SelectBCs: [level] ML_ADMConstraints_evaluate_SelectBCs
          GROUP ML_ADMConstraints_evaluate_ApplyBCs: Apply BCs for groups set in ML_ADMConstraints_evaluate
            GROUP BoundaryConditions: Execute all boundary conditions
              Boundary::Boundary_ApplyPhysicalBCs: Apply all requested local physical boundary conditions
              CartGrid3D::CartGrid3D_ApplyBC: Apply symmetry boundary conditions
              ReflectionSymmetry::ReflectionSymmetry_Apply: Apply reflection symmetries
            Boundary::Boundary_ClearSelection: [level] Unselect all grid variables for boundary conditions
        GROUP ML_CCZ4_ConstraintsEverywhere_bc_group: ML_CCZ4_ConstraintsEverywhere
          ML_CCZ4::ML_CCZ4_ConstraintsEverywhere_SelectBCs: [level] ML_CCZ4_ConstraintsEverywhere_SelectBCs
          GROUP ML_CCZ4_ConstraintsEverywhere_ApplyBCs: Apply BCs for groups set in ML_CCZ4_ConstraintsEverywhere
            GROUP BoundaryConditions: Execute all boundary conditions
              Boundary::Boundary_ApplyPhysicalBCs: Apply all requested local physical boundary conditions
              CartGrid3D::CartGrid3D_ApplyBC: Apply symmetry boundary conditions
              ReflectionSymmetry::ReflectionSymmetry_Apply: Apply reflection symmetries
            Boundary::Boundary_ClearSelection: [level] Unselect all grid variables for boundary conditions
        GROUP ML_CCZ4_ConstraintsInterior_bc_group: ML_CCZ4_ConstraintsInterior
          ML_CCZ4::ML_CCZ4_ConstraintsInterior_SelectBCs: [level] ML_CCZ4_ConstraintsInterior_SelectBCs
          GROUP ML_CCZ4_ConstraintsInterior_ApplyBCs: Apply BCs for groups set in ML_CCZ4_ConstraintsInterior
            GROUP BoundaryConditions: Execute all boundary conditions
              Boundary::Boundary_ApplyPhysicalBCs: Apply all requested local physical boundary conditions
              CartGrid3D::CartGrid3D_ApplyBC: Apply symmetry boundary conditions
              ReflectionSymmetry::ReflectionSymmetry_Apply: Apply reflection symmetries
            Boundary::Boundary_ClearSelection: [level] Unselect all grid variables for boundary conditions
        GROUP WeylScal4_psi4_calc_Nth_bc_group: WeylScal4_psi4_calc_Nth
          WeylScal4::WeylScal4_psi4_calc_Nth_SelectBCs: [level] WeylScal4_psi4_calc_Nth_SelectBCs
          GROUP WeylScal4_psi4_calc_Nth_ApplyBCs: Apply BCs for groups set in WeylScal4_psi4_calc_Nth
            GROUP BoundaryConditions: Execute all boundary conditions
              Boundary::Boundary_ApplyPhysicalBCs: Apply all requested local physical boundary conditions
              CartGrid3D::CartGrid3D_ApplyBC: Apply symmetry boundary conditions
              ReflectionSymmetry::ReflectionSymmetry_Apply: Apply reflection symmetries
            Boundary::Boundary_ClearSelection: [level] Unselect all grid variables for boundary conditions
    [CCTK_POSTSTEP]
      SphericalSurface::SphericalSurface_Set: [global] Set surface radii
      GROUP zzz_NaNChecker_NaNCheck: Check for NaNs and count them in NaNChecker::NaNsFound
        NaNChecker::NaNChecker_NaNCheck_Prepare: [level] Prepare data structures to check for NaNs
        NaNChecker::NaNChecker_NaNCheck_Check: [local] Check for NaNs
        NaNChecker::NaNChecker_NaNCheck_Finish: [level] Count NaNs in NaNChecker::NaNsFound
      NaNChecker::NaNChecker_TakeAction: [global] [loop-level] Output NaNChecker::NaNmask and take action according to NaNChecker::action_if_found
      SpaceMask::CheckMask: Ensure that all mask values are legal
      GROUP SphericalSurface_HasBeenSet: Set the spherical surfaces before this group, and use it afterwards
        SphericalSurface::SphericalSurface_CheckState: [global] Test the state of the spherical surfaces
      Dissipation::setup_epsdis: Setup spatially varying dissipation
    if (checkpoint)
      [CCTK_CHECKPOINT]
      CarpetIOHDF5::CarpetIOHDF5_EvolutionCheckpoint: [meta] Evolution checkpoint routine
    endif
    if (analysis)
      [CCTK_ANALYSIS]
      CarpetLib::CarpetLib_printtimestats: [global] Print timing statistics if desired
      CarpetLib::CarpetLib_printmemstats: [global] Print memory statistics if desired
      Formaline::Formaline_AnnounceUpdate: [global] Put some meta information about the current run into permanent storage
      LoopControl::LC_statistics_analysis: [meta] Output LoopControl statistics
      GROUP ML_CCZ4_EvolutionAnalysis: Calculate RHS at analysis
        ML_CCZ4::ML_CCZ4_EvolutionAnalysisInit: ML_CCZ4_EvolutionAnalysisInit
        ML_CCZ4::ML_CCZ4_EvolutionAnalysisInterior: ML_CCZ4_EvolutionAnalysisInterior
        ML_CCZ4_Helper::ML_CCZ4_NewRad: Apply NewRad boundary conditions to RHS
      Multipole::Multipole_Calc: [global] Calculate Multipoles
      TerminationTrigger::TerminationTrigger_CheckWalltime: Check elapsed job walltime
      TerminationTrigger::TerminationTrigger_CheckSignal: Check if we received a termination signal
      TerminationTrigger::TerminationTrigger_CheckFile: Check termination file
      WatchDog::WatchDog: Make sure that the run is progressing
    endif
    Output grid variables
    enddo

  Termination routines
    [CCTK_TERMINATE]
      CarpetIOHDF5::CarpetIOHDF5_TerminationCheckpoint: [meta] Termination checkpoint routine
      Formaline::Formaline_AnnounceFinal: [global] Put some meta information about the current run into permanent storage
      LoopControl::LC_statistics_terminate: [meta] Output LoopControl statistics
      MoL::MoL_FreeIndexArrays: Free the MoL bookkeeping index arrays

  Shutdown routines
    [CCTK_SHUTDOWN]
      Timers::Timer_Shutdown: Prepare hierarchical timers

  Routines run after changing the grid hierarchy:
    [CCTK_POSTREGRID]
      CartGrid3D::SpatialCoordinates: Set Coordinates after regridding
      GROUP MaskBase_SetupMask: Set up the weight function
        GROUP MaskBase_SetupMaskAll: Set up the weight function
          CarpetReduce::MaskBase_AllocateMask: [global] Allocate the weight function
          CarpetReduce::MaskBase_InitMask: [global] [loop-local] Initialise the weight function
          GROUP SetupIMaskInternal: Set up the integer weight function (schedule other routines in here)
            CarpetReduce::CoordBase_SetupMask: [global] [loop-local] Set up the outer boundaries of the weight function
            CarpetReduce::CarpetMaskSetup: [global] [loop-singlemap] Set up the weight function for the restriction regions
          GROUP SetupIMask: Set up the integer weight function (schedule other routines in here)
          CarpetReduce::MaskBase_SetMask: [global] [loop-local] Set the weight function
          GROUP SetupMask: Set up the real weight function (schedule other routines in here)
          CarpetReduce::MaskBase_TestMask: [global] Test the weight function
      Dissipation::setup_epsdis: Setup spatially varying dissipation
      GROUP MoL_PostStep: Ensure that everything is correct after regridding
        ML_CCZ4::ML_CCZ4_SelectBoundConds: [level] select boundary conditions
        GROUP ML_CCZ4_ApplyBCs: Apply boundary conditions controlled by thorn Boundary
          GROUP BoundaryConditions: Execute all boundary conditions
            Boundary::Boundary_ApplyPhysicalBCs: Apply all requested local physical boundary conditions
            CartGrid3D::CartGrid3D_ApplyBC: Apply symmetry boundary conditions
            ReflectionSymmetry::ReflectionSymmetry_Apply: Apply reflection symmetries
          Boundary::Boundary_ClearSelection: [level] Unselect all grid variables for boundary conditions
        ML_ADMConstraints::ML_ADMConstraints_SelectBoundConds: [level] select boundary conditions
        GROUP ML_ADMConstraints_ApplyBCs: Apply boundary conditions controlled by thorn Boundary
          GROUP BoundaryConditions: Execute all boundary conditions
            Boundary::Boundary_ApplyPhysicalBCs: Apply all requested local physical boundary conditions
            CartGrid3D::CartGrid3D_ApplyBC: Apply symmetry boundary conditions
            ReflectionSymmetry::ReflectionSymmetry_Apply: Apply reflection symmetries
          Boundary::Boundary_ClearSelection: [level] Unselect all grid variables for boundary conditions
        ML_CCZ4::ML_CCZ4_ADMBaseInterior: ML_CCZ4_ADMBaseInterior
        ML_CCZ4::ML_CCZ4_ADMBaseBoundaryScalar: ML_CCZ4_ADMBaseBoundaryScalar
        ML_CCZ4::ML_CCZ4_ADMBaseEverywhere: ML_CCZ4_ADMBaseEverywhere
        ML_CCZ4_Helper::ML_CCZ4_ADMBase_SelectBCs: [level] Select boundary conditions for ADMBase variables
        GROUP ML_CCZ4_ADMBase_ApplyBCs: Apply boundary conditions to ADMBase variables
          GROUP BoundaryConditions: Execute all boundary conditions
            Boundary::Boundary_ApplyPhysicalBCs: Apply all requested local physical boundary conditions
            CartGrid3D::CartGrid3D_ApplyBC: Apply symmetry boundary conditions
            ReflectionSymmetry::ReflectionSymmetry_Apply: Apply reflection symmetries
          Boundary::Boundary_ClearSelection: [level] Unselect all grid variables for boundary conditions
        GROUP ADMBase_SetADMVars: Set the ADM variables before this group, and use them afterwards
        GROUP HydroBase_PostStep: Post step tasks for hydro thorns
          GROUP HydroBase_Boundaries: HydroBase-internal Boundary conditions group
            GROUP HydroBase_Select_Boundaries: Group to schedule the boundary condition functions
              THC_Core::THC_SelectBC: [singlemap] Select boundary conditions
            GROUP HydroBase_ApplyBCs: Apply the boundary conditions of HydroBase
              GROUP BoundaryConditions: Execute all boundary conditions
                Boundary::Boundary_ApplyPhysicalBCs: Apply all requested local physical boundary conditions
                CartGrid3D::CartGrid3D_ApplyBC: Apply symmetry boundary conditions
                ReflectionSymmetry::ReflectionSymmetry_Apply: Apply reflection symmetries
              Boundary::Boundary_ClearSelection: [level] Unselect all grid variables for boundary conditions
          GROUP HydroBase_Con2Prim: Convert from conservative to primitive variables
            GROUP THC_SetExcisionMask: Thorns providing excision should set the bitmask
            THC_Core::THC_ConsToAll: Computes the primitives from the conservatives
        GROUP SetTmunu: Group for calculating the stress-energy tensor
          TmunuBase::TmunuBase_ZeroTmunu: Initialise the stress-energy tensor to zero
          GROUP AddToTmunu: Add to the stress-energy tensor here
            THC_Core::THC_AddToTmunu: Adds the contribution of the fluid to the global stress-energy tensor
        WeylScal4::WeylScal4_SelectBoundConds: [level] select boundary conditions
        GROUP WeylScal4_ApplyBCs: Apply boundary conditions controlled by thorn Boundary
          GROUP BoundaryConditions: Execute all boundary conditions
            Boundary::Boundary_ApplyPhysicalBCs: Apply all requested local physical boundary conditions
            CartGrid3D::CartGrid3D_ApplyBC: Apply symmetry boundary conditions
            ReflectionSymmetry::ReflectionSymmetry_Apply: Apply reflection symmetries
          Boundary::Boundary_ClearSelection: [level] Unselect all grid variables for boundary conditions
      GROUP MoL_PseudoEvolutionBoundaries: Apply boundary conditions to pseudo-evolved quantities
        GROUP ML_ADMConstraints_evaluate_bc_group: ML_ADMConstraints_evaluate
          ML_ADMConstraints::ML_ADMConstraints_evaluate_SelectBCs: [level] ML_ADMConstraints_evaluate_SelectBCs
          GROUP ML_ADMConstraints_evaluate_ApplyBCs: Apply BCs for groups set in ML_ADMConstraints_evaluate
            GROUP BoundaryConditions: Execute all boundary conditions
              Boundary::Boundary_ApplyPhysicalBCs: Apply all requested local physical boundary conditions
              CartGrid3D::CartGrid3D_ApplyBC: Apply symmetry boundary conditions
              ReflectionSymmetry::ReflectionSymmetry_Apply: Apply reflection symmetries
            Boundary::Boundary_ClearSelection: [level] Unselect all grid variables for boundary conditions
        GROUP ML_CCZ4_ConstraintsEverywhere_bc_group: ML_CCZ4_ConstraintsEverywhere
          ML_CCZ4::ML_CCZ4_ConstraintsEverywhere_SelectBCs: [level] ML_CCZ4_ConstraintsEverywhere_SelectBCs
          GROUP ML_CCZ4_ConstraintsEverywhere_ApplyBCs: Apply BCs for groups set in ML_CCZ4_ConstraintsEverywhere
            GROUP BoundaryConditions: Execute all boundary conditions
              Boundary::Boundary_ApplyPhysicalBCs: Apply all requested local physical boundary conditions
              CartGrid3D::CartGrid3D_ApplyBC: Apply symmetry boundary conditions
              ReflectionSymmetry::ReflectionSymmetry_Apply: Apply reflection symmetries
            Boundary::Boundary_ClearSelection: [level] Unselect all grid variables for boundary conditions
        GROUP ML_CCZ4_ConstraintsInterior_bc_group: ML_CCZ4_ConstraintsInterior
          ML_CCZ4::ML_CCZ4_ConstraintsInterior_SelectBCs: [level] ML_CCZ4_ConstraintsInterior_SelectBCs
          GROUP ML_CCZ4_ConstraintsInterior_ApplyBCs: Apply BCs for groups set in ML_CCZ4_ConstraintsInterior
            GROUP BoundaryConditions: Execute all boundary conditions
              Boundary::Boundary_ApplyPhysicalBCs: Apply all requested local physical boundary conditions
              CartGrid3D::CartGrid3D_ApplyBC: Apply symmetry boundary conditions
              ReflectionSymmetry::ReflectionSymmetry_Apply: Apply reflection symmetries
            Boundary::Boundary_ClearSelection: [level] Unselect all grid variables for boundary conditions
        GROUP WeylScal4_psi4_calc_Nth_bc_group: WeylScal4_psi4_calc_Nth
          WeylScal4::WeylScal4_psi4_calc_Nth_SelectBCs: [level] WeylScal4_psi4_calc_Nth_SelectBCs
          GROUP WeylScal4_psi4_calc_Nth_ApplyBCs: Apply BCs for groups set in WeylScal4_psi4_calc_Nth
            GROUP BoundaryConditions: Execute all boundary conditions
              Boundary::Boundary_ApplyPhysicalBCs: Apply all requested local physical boundary conditions
              CartGrid3D::CartGrid3D_ApplyBC: Apply symmetry boundary conditions
              ReflectionSymmetry::ReflectionSymmetry_Apply: Apply reflection symmetries
            Boundary::Boundary_ClearSelection: [level] Unselect all grid variables for boundary conditions
      SpaceMask::MaskZero: Initialise mask to zero
      SpaceMask::MaskOne: Set mask to one
--------------------------------------------------------------------------------
INFO (Carpet): Multi-Model listing:
   model 0: "world"
INFO (Carpet): Multi-Model process distribution:
   processes 0-15: model 0 "world"
INFO (Carpet): Multi-Model: This is process 0, model 0 "world"
INFO (CarpetLib): Process startup time was 1.31 seconds
Current core file size limit: hard=[unlimited], soft=0 MB
Current addres space size limit: hard=[unlimited], soft=[unlimited]
Current data segment size limit: hard=[unlimited], soft=[unlimited]
Current resident set size limit: hard=[unlimited], soft=[unlimited]
INFO (CycleClock): Measuring CycleClock tick via OpenMP...
INFO (CycleClock): Calibrated CycleClock: 0.313758 ns per clock tick (3.18717 GHz)
INFO (Formaline): Configuration id: config-sim-rva-msi-ubuntu-home-rva-msi-ubuntu-Cactus
INFO (Formaline): Build id: build-sim-rva-msi-ubuntu-rva-msi-ubuntu-2025.11.18-12.29.43-71374
INFO (Formaline): Simulation id: run-SFHo+CSS-rva-msi-ubuntu-rva-msi-ubuntu-2025.11.21-00.21.47-47694
INFO (Formaline): Run id: run-SFHo+CSS-rva-msi-ubuntu-rva-msi-ubuntu-2025.11.21-00.21.47-47694
Star model parameters:

Mass (grav.)      = 4.827468807614448e+26
Mass (baryonic)   = 4.902080431985292e+26
Radius (circumf.) = 8.572154285652806e+00
Compactness       = 8.362559327947350e-02
Moment of inertia = 6.538221792302514e+27
Omega (infinity)  = 0.000000000000000e+00
Central
 Restmass density = 2.565657179982706e+24
 Pressure         = 4.661565229895365e+39
 Soundspeed       = 2.840732689684456e+08
 Omega            = 0.000000000000000e+00
 Lapse            = 8.872166691487401e-01
Redshift at surf. = 4.272553219020487e-02
in units (ulength=1.000000000000000e+00 m, utime=1.000000000000000e+00 s, umass=1.000000000000000e+00 kg)

EOS: SFHo+CCS
Mass_ori (grav.)      = 3.584257439104486e-01
Radius_ori (circumf.) = 8.572154285652806e+00
 Restmass density ori = 1.904927033197995e-03
 Pressure_ori         = 3.850969499028657e-05

INFO (Vectors): Using vector size 2 for architecture SSE2 (64-bit precision)
INFO (hwloc): library version 2.7.0, API version 0x20500
--------------------------------------------------------------------------------
AMR driver provided by Carpet
--------------------------------------------------------------------------------
HRSCCore: HRSC for Cactus
--------------------------------------------------------------------------------
HydroBase: Let it flow.
--------------------------------------------------------------------------------
AMR 0D ASCII I/O provided by CarpetIOASCII
--------------------------------------------------------------------------------
AMR 1D ASCII I/O provided by CarpetIOASCII
--------------------------------------------------------------------------------
AMR 2D ASCII I/O provided by CarpetIOASCII
--------------------------------------------------------------------------------
AMR 3D ASCII I/O provided by CarpetIOASCII
--------------------------------------------------------------------------------
AMR info I/O provided by CarpetIOBasic
--------------------------------------------------------------------------------
ML_ADMConstraints
--------------------------------------------------------------------------------
ML_CCZ4
--------------------------------------------------------------------------------
AMR HDF5 I/O provided by CarpetIOHDF5
--------------------------------------------------------------------------------
AMR 0D HDF5 I/O provided by CarpetIOHDF5
--------------------------------------------------------------------------------
AMR 1D HDF5 I/O provided by CarpetIOHDF5
--------------------------------------------------------------------------------
AMR 2D HDF5 I/O provided by CarpetIOHDF5
--------------------------------------------------------------------------------
AMR 3D HDF5 I/O provided by CarpetIOHDF5
--------------------------------------------------------------------------------
MoL: Generalized time integration.
--------------------------------------------------------------------------------
PizzaBase: pizza infrastructure
--------------------------------------------------------------------------------
PizzaIDBase: pizza initial data infrastructure
--------------------------------------------------------------------------------
PizzaTOV: TOV star initial data
--------------------------------------------------------------------------------
Templated Hydrodynamics Code: a modular (relativistic) CFD code for Cactus.
--------------------------------------------------------------------------------
AMR scalar I/O provided by CarpetIOScalar
--------------------------------------------------------------------------------
WeylScal4
--------------------------------------------------------------------------------

INFO (Carpet): MPI is enabled
INFO (Carpet): Carpet is running on 16 processes
INFO (Carpet): This is process 0
INFO (Carpet): OpenMP is enabled
INFO (Carpet): This process contains 1 threads, this is thread 0
INFO (Carpet): There are 16 threads in total
INFO (Carpet): There are 1 threads per process
INFO (Carpet): This process runs on host rva-msi-ubuntu, pid=47694
INFO (Carpet): This process runs on 24 cores: 0-23
INFO (Carpet): Thread 0 runs on 24 cores: 0-23
INFO (Carpet): This simulation is running in 3 dimensions
INFO (Carpet): Boundary specification for map 0:
   nboundaryzones: [[3,3,3],[3,3,3]]
   is_internal   : [[0,0,0],[0,0,0]]
   is_staggered  : [[0,0,0],[0,0,0]]
   shiftout      : [[1,1,1],[0,0,0]]
INFO (Carpet): CoordBase domain specification for map 0:
   physical extent: [0,0,0] : [24,24,24]   ([24,24,24])
   interior extent: [0,0,0] : [23.68,23.68,23.68]   ([23.68,23.68,23.68])
   exterior extent: [-0.96,-0.96,-0.96] : [24.64,24.64,24.64]   ([25.6,25.6,25.6])
   base_spacing   : [0.32,0.32,0.32]
INFO (Carpet): Adapted domain specification for map 0:
   convergence factor: 2
   convergence level : 0
   physical extent   : [0,0,0] : [24,24,24]   ([24,24,24])
   interior extent   : [0,0,0] : [23.68,23.68,23.68]   ([23.68,23.68,23.68])
   exterior extent   : [-0.96,-0.96,-0.96] : [24.64,24.64,24.64]   ([25.6,25.6,25.6])
   spacing           : [0.32,0.32,0.32]
INFO (Carpet): Base grid specification for map 0:
   number of grid points             : [81,81,81]
   number of coarse grid ghost points: [[3,3,3],[3,3,3]]
INFO (Carpet): Buffer zone counts (excluding ghosts):
   [0]: [[0,0,0],[0,0,0]]
   [1]: [[6,6,6],[6,6,6]]
INFO (Carpet): Overlap zone counts:
   [0]: [[0,0,0],[0,0,0]]
   [1]: [[0,0,0],[0,0,0]]
INFO (Carpet): Group and variable statistics:
INFO (Carpet):    There are 757 grid functions in 108 groups
INFO (Carpet):    There are 242 grid scalars in 54 groups
INFO (Carpet):    There are 81 1-dimensional grid arrays in 7 groups
INFO (Carpet):    There are 3 2-dimensional grid arrays in 3 groups
INFO (Carpet):    There are 0 3-dimensional grid arrays in 0 groups
INFO (Carpet):    (The number of variables counts all time levels)
INFO (CarpetIOASCII): I/O Method 'IOASCII_0D' registered: 0D AMR output of grid variables to ASCII files
INFO (CarpetIOASCII): Periodic 0D AMR output requested for:
   CARPET::physical_time_per_hour
INFO (CarpetIOASCII): I/O Method 'IOASCII_1D' registered: 1D AMR output of grid variables to ASCII files
INFO (CarpetIOASCII): I/O Method 'IOASCII_2D' registered: 2D AMR output of grid variables to ASCII files
INFO (CarpetIOASCII): I/O Method 'IOASCII_3D' registered: 3D AMR output of grid variables to ASCII files
INFO (CarpetIOHDF5): I/O Method 'IOHDF5' registered: AMR output of grid variables to HDF5 files
INFO (CarpetIOHDF5): I/O Method 'IOHDF5_0D' registered: 0D AMR output of grid variables to HDF5 files
INFO (CarpetIOHDF5): I/O Method 'IOHDF5_1D' registered: 1D AMR output of grid variables to HDF5 files
INFO (CarpetIOHDF5): Periodic 1D AMR output requested for:
   ADMBASE::alp
   ADMBASE::betax
   ADMBASE::betay
   ADMBASE::betaz
   HYDROBASE::rho
   HYDROBASE::press
   HYDROBASE::eps
   HYDROBASE::vel[0]
   HYDROBASE::vel[1]
   HYDROBASE::vel[2]
   HYDROBASE::w_lorentz
   HYDROBASE::entropy
   ML_ADMCONSTRAINTS::H
   THC_CORE::dens
   THC_CORE::scon[0]
   THC_CORE::scon[1]
   THC_CORE::scon[2]
   THC_CORE::tau
   THC_CORE::volform
   WEYLSCAL4::Psi4r
   WEYLSCAL4::Psi4i
INFO (CarpetIOHDF5): I/O Method 'IOHDF5_2D' registered: 2D AMR output of grid variables to HDF5 files
INFO (CarpetIOHDF5): Periodic 2D AMR output requested for:
   ADMBASE::gxx
   ADMBASE::gxy
   ADMBASE::gxz
   ADMBASE::gyy
   ADMBASE::gyz
   ADMBASE::gzz
   ADMBASE::alp
   ADMBASE::betax
   ADMBASE::betay
   ADMBASE::betaz
   HYDROBASE::rho
   HYDROBASE::press
   HYDROBASE::eps
   HYDROBASE::vel[0]
   HYDROBASE::vel[1]
   HYDROBASE::vel[2]
   HYDROBASE::w_lorentz
   HYDROBASE::entropy
   ML_ADMCONSTRAINTS::H
   THC_CORE::dens
   THC_CORE::scon[0]
   THC_CORE::scon[1]
   THC_CORE::scon[2]
   THC_CORE::tau
   THC_CORE::csound
   THC_CORE::volform
   THC_CORE::bitmask
   WEYLSCAL4::Psi4r
   WEYLSCAL4::Psi4i
INFO (CarpetIOHDF5): I/O Method 'IOHDF5_3D' registered: 3D AMR output of grid variables to HDF5 files
INFO (CarpetIOScalar): Periodic scalar output requested for:
   ADMBASE::alp
   HYDROBASE::rho
   HYDROBASE::press
   HYDROBASE::w_lorentz
   ML_ADMCONSTRAINTS::H
   THC_CORE::dens
--------------------------------------------------------------------------------
INFO (Formaline): Writing tarballs with the Cactus sources into the directory "./data/../../cactus-source"
INFO (MoL): Using Runge-Kutta 3 as the time integrator.
INFO (SymBase): Symmetry on lower x-face: reflection_symmetry
INFO (SymBase): Symmetry on lower y-face: reflection_symmetry
INFO (SymBase): Symmetry on lower z-face: reflection_symmetry
INFO (MoL): The maximum number of evolved variables is 542. 32 are registered.
INFO (MoL): The maximum number of slow evolved variables is 542. 0 are registered.
INFO (MoL): The maximum number of constrained variables is 542. 30 are registered.
INFO (MoL): The maximum number of SandR variables is 542. 0 are registered.
INFO (MoL): The maximum number of evolved array variables is 542. 0 are registered.
INFO (MoL): The maximum number of constrained array variables is 542. 0 are registered.
INFO (MoL): The maximum number of SandR array variables is 542. 0 are registered.
INFO (MoL): The maximum size of any array variables is 0.
INFO (Vectors): Testing vectorisation... [errors may result in segfaults]
INFO (Vectors): 375/375 tests passed 
INFO (CarpetRegrid2): Enforcing grid structure properties, iteration 0
INFO (CarpetRegrid2): Enforcing grid structure properties, iteration 1
INFO (Carpet): Grid structure (superregions, grid points):
   [0][0][0]   exterior: [0,0,0] : [80,80,80]   ([81,81,81] + PADDING) 531441
   [1][0][0]   exterior: [3,3,3] : [88,88,88]   ([86,86,86] + PADDING) 636056
INFO (Carpet): Grid structure (superregions, coordinates):
   [0][0][0]   exterior: [-0.96,-0.96,-0.96] : [24.64,24.64,24.64] : [0.32,0.32,0.32]
   [1][0][0]   exterior: [-0.48,-0.48,-0.48] : [13.12,13.12,13.12] : [0.16,0.16,0.16]
INFO (Carpet): Global grid structure statistics:
INFO (Carpet): GF: rhs: 445k active, 522k owned (+17%), 889k total (+70%), 3 steps/time
INFO (Carpet): GF: vars: 339, pts: 298M active, 337M owned (+13%), 578M total (+72%), 1.0 comp/proc
INFO (Carpet): GA: vars: 307, pts: 1M active, 1M total (+0%)
INFO (Carpet): Total required memory: 4.610 GByte (for GAs and currently active GFs)
INFO (Carpet): Load balance:  min     avg     max     sdv     max/avg-1
INFO (Carpet): Level  0:       7M      9M     11M      1M owned     24%
INFO (Carpet): Level  1:      10M     12M     14M      1M owned     14%
INFO (CartGrid3D): Grid Spacings:
INFO (CartGrid3D): dx=>3.2000000e-01  dy=>3.2000000e-01  dz=>3.2000000e-01
INFO (CartGrid3D): Computational Coordinates:
INFO (CartGrid3D): x=>[-0.960,24.640]  y=>[-0.960,24.640]  z=>[-0.960,24.640]
INFO (CartGrid3D): Indices of Physical Coordinates:
INFO (CartGrid3D): x=>[0,80]  y=>[0,80]  z=>[0,80]
INFO (HRSCCore): Using FD. Method ID = 58.
INFO (TerminationTrigger): Reminding you every 60 minutes about remaining walltime
INFO (Time): Timestep set to 0.08 (courant_static)
INFO (PizzaTOV): PizzaTOV: param_test = 121
INFO (PizzaTOV): >>> Running lzh(), scale=1 <<<
INFO (TerminationTrigger): Reminding you every 60 minutes about remaining walltime
INFO (Time): Timestep set to 0.04 (courant_static)
INFO (PizzaTOV): >>> Running lzh(), scale=1 <<<
Memory statistics from CarpetLib:
   Current number of objects: 768
   Current allocated memory:  257 MB
   Maximum number of objects: 772
   Maximum allocated memory:  258 MB
   Current administrative memory: 1.1 MB
   Total allocated used system memory: 14.8 MB
   Total allocated free system memory: 21.9 MB
   gh::allmemory:    123132
   dh::allmemory:    721984
   th::allmemory:    13888
   ggf::allmemory:   189992
   gdata::allmemory: 55208
-----------------------------------------------------------------------------------------------------------------------------------
Iteration      Time |            HYDROBASE::rho |          HYDROBASE::press |            HYDROBASE::eps |      ML_ADMCONSTRAINTS::H
                    |        norm2      maximum |        norm2      maximum |        norm2      maximum |        norm2      maximum
-----------------------------------------------------------------------------------------------------------------------------------
        0     0.000 |    0.0000375    0.0020877 |    0.0000011    0.0002211 |    0.0024345    0.0644719 |    0.0001558    0.0318255
       32     1.280 |    0.0000370    0.0021276 |    0.0000009    0.0002634 |    0.0024666    0.0668312 |    0.0000644    0.0982617
       64     2.560 |    0.0000367    0.0019156 |    0.0000008    0.0000664 |    0.0024802    0.0612555 |    0.0000456    0.0068992
       96     3.840 |    0.0000364    0.0019323 |    0.0000008    0.0000637 |    0.0024851    0.0609971 |    0.0000291    0.0042301
      128     5.120 |    0.0000361    0.0019238 |    0.0000008    0.0000591 |    0.0024898    0.0605393 |    0.0000252    0.0030747
      160     6.400 |    0.0000359    0.0019781 |    0.0000008    0.0001108 |    0.0024941    0.0623029 |    0.0000235    0.0028193
      192     7.680 |    0.0000357    0.0018239 |    0.0000008    0.0000532 |    0.0025046    0.0598411 |    0.0000216    0.0047154
      224     8.960 |    0.0000356    0.0010490 |    0.0000008    0.0000299 |    0.0025109    0.0510861 |    0.0000210    0.0024526
      256    10.240 |    0.0000355    0.0010560 |    0.0000008    0.0000293 |    0.0025169    0.0515582 |    0.0000193    0.0022007
      288    11.520 |    0.0000354    0.0010504 |    0.0000008    0.0000292 |    0.0025195    0.0527498 |    0.0000185    0.0018696
      320    12.800 |    0.0000352    0.0010303 |    0.0000008    0.0000296 |    0.0025243    0.0498265 |    0.0000177    0.0021287
      352    14.080 |    0.0000350    0.0010363 |    0.0000008    0.0000456 |    0.0025312    0.0726773 |    0.0000168    0.0018923
      384    15.360 |    0.0000348    0.0010519 |    0.0000008    0.0000428 |    0.0025381    0.0681107 |    0.0000153    0.0022274
      416    16.640 |    0.0000347    0.0009607 |    0.0000007    0.0000362 |    0.0025354    0.0657592 |    0.0000143    0.0015524
      448    17.920 |    0.0000345    0.0008661 |    0.0000007    0.0000329 |    0.0025299    0.0607883 |    0.0000132    0.0016050
      480    19.200 |    0.0000343    0.0008574 |    0.0000007    0.0000323 |    0.0025242    0.0601384 |    0.0000124    0.0014332
      512    20.480 |    0.0000341    0.0006892 |    0.0000007    0.0000311 |    0.0025185    0.0539436 |    0.0000117    0.0014075
      544    21.760 |    0.0000339    0.0005194 |    0.0000006    0.0000162 |    0.0025141    0.0409237 |    0.0000112    0.0012779
      576    23.040 |    0.0000337    0.0005204 |    0.0000006    0.0000159 |    0.0025104    0.0404718 |    0.0000106    0.0012719
      608    24.320 |    0.0000335    0.0005237 |    0.0000006    0.0000155 |    0.0025066    0.0388256 |    0.0000101    0.0012047
-----------------------------------------------------------------------------------------------------------------------------------
Iteration      Time |            HYDROBASE::rho |          HYDROBASE::press |            HYDROBASE::eps |      ML_ADMCONSTRAINTS::H
                    |        norm2      maximum |        norm2      maximum |        norm2      maximum |        norm2      maximum
-----------------------------------------------------------------------------------------------------------------------------------
      640    25.600 |    0.0000333    0.0005026 |    0.0000006    0.0000139 |    0.0025031    0.0384813 |    0.0000096    0.0011280
      672    26.880 |    0.0000331    0.0005491 |    0.0000006    0.0000331 |    0.0025008    0.0777299 |    0.0000092    0.0011368
      704    28.160 |    0.0000328    0.0005907 |    0.0000005    0.0000241 |    0.0025005    0.0558990 |    0.0000087    0.0010886
      736    29.440 |    0.0000326    0.0005617 |    0.0000005    0.0000204 |    0.0025017    0.0540940 |    0.0000085    0.0010093
      768    30.720 |    0.0000323    0.0005388 |    0.0000005    0.0000176 |    0.0025034    0.0507049 |    0.0000081    0.0010190
      800    32.000 |    0.0000321    0.0005186 |    0.0000005    0.0000160 |    0.0025071    0.0492991 |    0.0000079    0.0010040
      832    33.280 |    0.0000318    0.0005020 |    0.0000005    0.0000149 |    0.0025151    0.0480774 |    0.0000076    0.0009270
      864    34.560 |    0.0000316    0.0004962 |    0.0000005    0.0000142 |    0.0025260    0.0474421 |    0.0000074    0.0009038
      896    35.840 |    0.0000313    0.0004888 |    0.0000005    0.0000140 |    0.0025410    0.0469833 |    0.0000073    0.0009176
      928    37.120 |    0.0000311    0.0004871 |    0.0000005    0.0000138 |    0.0025613    0.0465057 |    0.0000071    0.0008945
      960    38.400 |    0.0000309    0.0004861 |    0.0000005    0.0000140 |    0.0025861    0.0466057 |    0.0000069    0.0008819
      992    39.680 |    0.0000308    0.0004844 |    0.0000005    0.0000144 |    0.0026171    0.0468764 |    0.0000068    0.0008516
     1024    40.960 |    0.0000306    0.0004826 |    0.0000005    0.0000142 |    0.0026579    0.0466002 |    0.0000066    0.0008215
     1056    42.240 |    0.0000305    0.0004810 |    0.0000005    0.0000138 |    0.0027190    0.0459717 |    0.0000065    0.0007969
     1088    43.520 |    0.0000304    0.0004796 |    0.0000005    0.0000133 |    0.0038518    0.1940503 |    0.0000064    0.0007945
     1120    44.800 |    0.0000303    0.0004791 |    0.0000005    0.0000131 |    0.0060760    0.4501717 |    0.0000062    0.0007794
     1152    46.080 |    0.0000302    0.0004787 |    0.0000005    0.0000132 |    0.0099071    0.4920787 |    0.0000062    0.0007555
     1184    47.360 |    0.0000301    0.0004797 |    0.0000005    0.0000137 |    0.0154451    0.5704464 |    0.0000061    0.0007516
     1216    48.640 |    0.0000300    0.0004819 |    0.0000005    0.0000141 |    0.0226514    0.6249009 |    0.0000060    0.0007443
     1248    49.920 |    0.0000300    0.0004851 |    0.0000005    0.0000141 |    0.0331418    0.7263353 |    0.0000059    0.0007219
-----------------------------------------------------------------------------------------------------------------------------------
Iteration      Time |            HYDROBASE::rho |          HYDROBASE::press |            HYDROBASE::eps |      ML_ADMCONSTRAINTS::H
                    |        norm2      maximum |        norm2      maximum |        norm2      maximum |        norm2      maximum
-----------------------------------------------------------------------------------------------------------------------------------
     1280    51.200 |    0.0000299    0.0004869 |    0.0000005    0.0000141 |    0.0422674    0.7280014 |    0.0000058    0.0007000
     1312    52.480 |    0.0000299    0.0004857 |    0.0000005    0.0000143 |    0.0476970    0.8451844 |    0.0000057    0.0006985
     1344    53.760 |    0.0000299    0.0004828 |    0.0000005    0.0000144 |    0.0529908    0.7979576 |    0.0000056    0.0006756
     1376    55.040 |    0.0000298    0.0004802 |    0.0000005    0.0000139 |    0.0564258    0.6739832 |    0.0000056    0.0007067
     1408    56.320 |    0.0000298    0.0004782 |    0.0000005    0.0000133 |    0.0605547    0.5768138 |    0.0000055    0.0006312
     1440    57.600 |    0.0000298    0.0004747 |    0.0000005    0.0000130 |    0.0689721    0.5741343 |    0.0000054    0.0006792
     1472    58.880 |    0.0000298    0.0004707 |    0.0000005    0.0000130 |    0.0775407    0.6296699 |    0.0000054    0.0006280
     1504    60.160 |    0.0000298    0.0004685 |    0.0000005    0.0000130 |    0.0867179    0.6609212 |    0.0000053    0.0006432
     1536    61.440 |    0.0000298    0.0004677 |    0.0000005    0.0000129 |    0.0960856    0.6741837 |    0.0000052    0.0006247
     1568    62.720 |    0.0000298    0.0004665 |    0.0000005    0.0000127 |    0.1041802    0.6858073 |    0.0000052    0.0006162
     1600    64.000 |    0.0000299    0.0004640 |    0.0000005    0.0000127 |    0.1118721    0.8253472 |    0.0000051    0.0006012
     1632    65.280 |    0.0000299    0.0004612 |    0.0000005    0.0000127 |    0.1083420    0.6543323 |    0.0000050    0.0006042
     1664    66.560 |    0.0000300    0.0004589 |    0.0000005    0.0000125 |    0.0992547    0.5646083 |    0.0000050    0.0005838
     1696    67.840 |    0.0000300    0.0004569 |    0.0000005    0.0000121 |    0.0933452    0.4727242 |    0.0000049    0.0005867
     1728    69.120 |    0.0000301    0.0004548 |    0.0000005    0.0000119 |    0.0885010    0.4397576 |    0.0000049    0.0005695
     1760    70.400 |    0.0000302    0.0004538 |    0.0000005    0.0000119 |    0.0824493    0.3993184 |    0.0000048    0.0005664
     1792    71.680 |    0.0000303    0.0004529 |    0.0000005    0.0000119 |    0.0763280    0.3736849 |    0.0000048    0.0005624
     1824    72.960 |    0.0000304    0.0004524 |    0.0000005    0.0000119 |    0.0700653    0.3699354 |    0.0000047    0.0005485
     1856    74.240 |    0.0000305    0.0004526 |    0.0000005    0.0000120 |    0.0626871    0.3747593 |    0.0000047    0.0005522
     1888    75.520 |    0.0000307    0.0004525 |    0.0000005    0.0000121 |    0.0539512    0.3518977 |    0.0000046    0.0005375
-----------------------------------------------------------------------------------------------------------------------------------
Iteration      Time |            HYDROBASE::rho |          HYDROBASE::press |            HYDROBASE::eps |      ML_ADMCONSTRAINTS::H
                    |        norm2      maximum |        norm2      maximum |        norm2      maximum |        norm2      maximum
-----------------------------------------------------------------------------------------------------------------------------------
     1920    76.800 |    0.0000308    0.0004527 |    0.0000005    0.0000121 |    0.0451208    0.3409365 |    0.0000046    0.0005411
     1952    78.080 |    0.0000310    0.0004536 |    0.0000005    0.0000119 |    0.0371077    0.3321020 |    0.0000045    0.0005282
     1984    79.360 |    0.0000311    0.0004557 |    0.0000005    0.0000118 |    0.0300937    0.3201946 |    0.0000045    0.0005245
     2016    80.640 |    0.0000313    0.0004586 |    0.0000005    0.0000119 |    0.0240103    0.3100264 |    0.0000045    0.0005197
     2048    81.920 |    0.0000315    0.0004618 |    0.0000005    0.0000121 |    0.0185235    0.2986430 |    0.0000044    0.0005146
     2080    83.200 |    0.0000317    0.0004653 |    0.0000005    0.0000126 |    0.0135528    0.2869384 |    0.0000044    0.0005065
     2112    84.480 |    0.0000318    0.0004695 |    0.0000005    0.0000132 |    0.0091262    0.2839208 |    0.0000044    0.0005110
     2144    85.760 |    0.0000320    0.0004749 |    0.0000005    0.0000135 |    0.0056511    0.2700088 |    0.0000043    0.0004937
     2176    87.040 |    0.0000322    0.0004822 |    0.0000005    0.0000137 |    0.0036958    0.2506404 |    0.0000043    0.0005019
     2208    88.320 |    0.0000324    0.0004912 |    0.0000006    0.0000139 |    0.0032568    0.0871931 |    0.0000043    0.0004894
     2240    89.600 |    0.0000326    0.0005012 |    0.0000006    0.0000145 |    0.0032164    0.0453697 |    0.0000043    0.0004913
     2272    90.880 |    0.0000328    0.0005114 |    0.0000006    0.0000154 |    0.0031981    0.0456621 |    0.0000043    0.0004839
     2304    92.160 |    0.0000330    0.0005230 |    0.0000006    0.0000171 |    0.0031931    0.0473471 |    0.0000042    0.0004808
     2336    93.440 |    0.0000332    0.0005355 |    0.0000006    0.0000186 |    0.0031931    0.0485866 |    0.0000042    0.0004772
     2368    94.720 |    0.0000334    0.0005453 |    0.0000007    0.0000193 |    0.0031973    0.0490918 |    0.0000042    0.0004757
     2400    96.000 |    0.0000336    0.0005540 |    0.0000007    0.0000194 |    0.0032043    0.0491269 |    0.0000042    0.0004692
     2432    97.280 |    0.0000338    0.0005634 |    0.0000007    0.0000197 |    0.0032133    0.0491467 |    0.0000042    0.0004704
     2464    98.560 |    0.0000340    0.0005736 |    0.0000007    0.0000209 |    0.0032241    0.0502833 |    0.0000041    0.0004650
     2496    99.840 |    0.0000342    0.0005873 |    0.0000007    0.0000223 |    0.0032364    0.0511643 |    0.0000041    0.0004636
     2528   101.120 |    0.0000343    0.0005974 |    0.0000007    0.0000224 |    0.0032510    0.0512169 |    0.0000041    0.0004583
-----------------------------------------------------------------------------------------------------------------------------------
Iteration      Time |            HYDROBASE::rho |          HYDROBASE::press |            HYDROBASE::eps |      ML_ADMCONSTRAINTS::H
                    |        norm2      maximum |        norm2      maximum |        norm2      maximum |        norm2      maximum
-----------------------------------------------------------------------------------------------------------------------------------
     2560   102.400 |    0.0000345    0.0006003 |    0.0000008    0.0000234 |    0.0032685    0.0511665 |    0.0000041    0.0004551
     2592   103.680 |    0.0000346    0.0006035 |    0.0000008    0.0000254 |    0.0032874    0.0536442 |    0.0000040    0.0004502
     2624   104.960 |    0.0000347    0.0006054 |    0.0000008    0.0000253 |    0.0033081    0.0533076 |    0.0000040    0.0004529
     2656   106.240 |    0.0000348    0.0006052 |    0.0000008    0.0000242 |    0.0033289    0.0523896 |    0.0000040    0.0004454
     2688   107.520 |    0.0000349    0.0006028 |    0.0000008    0.0000238 |    0.0033488    0.0519343 |    0.0000040    0.0004421
     2720   108.800 |    0.0000349    0.0006015 |    0.0000008    0.0000235 |    0.0033677    0.0517462 |    0.0000039    0.0004374
     2752   110.080 |    0.0000350    0.0006007 |    0.0000008    0.0000232 |    0.0033853    0.0515519 |    0.0000039    0.0004354
     2784   111.360 |    0.0000350    0.0005996 |    0.0000008    0.0000231 |    0.0034016    0.0514357 |    0.0000039    0.0004322
     2816   112.640 |    0.0000349    0.0005984 |    0.0000008    0.0000230 |    0.0034166    0.0513448 |    0.0000038    0.0004281
     2848   113.920 |    0.0000349    0.0005967 |    0.0000008    0.0000228 |    0.0034305    0.0511904 |    0.0000038    0.0004239
     2880   115.200 |    0.0000348    0.0005936 |    0.0000008    0.0000225 |    0.0034434    0.0509824 |    0.0000037    0.0004225
     2912   116.480 |    0.0000348    0.0005893 |    0.0000007    0.0000217 |    0.0034557    0.0504296 |    0.0000037    0.0004169
     2944   117.760 |    0.0000347    0.0005695 |    0.0000007    0.0000209 |    0.0034674    0.0498560 |    0.0000037    0.0004154
     2976   119.040 |    0.0000345    0.0005581 |    0.0000007    0.0000194 |    0.0034781    0.0486521 |    0.0000036    0.0004102
     3008   120.320 |    0.0000344    0.0005540 |    0.0000007    0.0000181 |    0.0034880    0.0457782 |    0.0000036    0.0004073
     3040   121.600 |    0.0000342    0.0005503 |    0.0000007    0.0000181 |    0.0034969    0.0475455 |    0.0000035    0.0004040
     3072   122.880 |    0.0000341    0.0005468 |    0.0000007    0.0000179 |    0.0035052    0.0474030 |    0.0000035    0.0004009
     3104   124.160 |    0.0000339    0.0005427 |    0.0000007    0.0000180 |    0.0035131    0.0475085 |    0.0000035    0.0003971
     3136   125.440 |    0.0000337    0.0005415 |    0.0000007    0.0000182 |    0.0035204    0.0477008 |    0.0000034    0.0003939
     3168   126.720 |    0.0000335    0.0005406 |    0.0000006    0.0000181 |    0.0035278    0.0475786 |    0.0000034    0.0003908
-----------------------------------------------------------------------------------------------------------------------------------
Iteration      Time |            HYDROBASE::rho |          HYDROBASE::press |            HYDROBASE::eps |      ML_ADMCONSTRAINTS::H
                    |        norm2      maximum |        norm2      maximum |        norm2      maximum |        norm2      maximum
-----------------------------------------------------------------------------------------------------------------------------------
     3200   128.000 |    0.0000333    0.0005369 |    0.0000006    0.0000177 |    0.0035352    0.0472426 |    0.0000034    0.0003877
     3232   129.280 |    0.0000331    0.0005324 |    0.0000006    0.0000171 |    0.0035425    0.0467928 |    0.0000033    0.0003846
     3264   130.560 |    0.0000328    0.0005289 |    0.0000006    0.0000165 |    0.0035499    0.0462416 |    0.0000033    0.0003817
     3296   131.840 |    0.0000326    0.0005272 |    0.0000006    0.0000161 |    0.0035574    0.0458889 |    0.0000033    0.0003789
     3328   133.120 |    0.0000324    0.0005251 |    0.0000006    0.0000158 |    0.0035652    0.0456228 |    0.0000033    0.0003755
     3360   134.400 |    0.0000322    0.0005229 |    0.0000006    0.0000157 |    0.0035739    0.0455330 |    0.0000033    0.0003735
     3392   135.680 |    0.0000320    0.0005205 |    0.0000006    0.0000155 |    0.0035844    0.0453931 |    0.0000033    0.0003698
     3424   136.960 |    0.0000318    0.0005176 |    0.0000006    0.0000153 |    0.0035970    0.0451954 |    0.0000033    0.0003675
     3456   138.240 |    0.0000316    0.0005145 |    0.0000005    0.0000151 |    0.0036122    0.0450952 |    0.0000033    0.0003650
     3488   139.520 |    0.0000315    0.0005117 |    0.0000005    0.0000150 |    0.0036302    0.0450118 |    0.0000033    0.0003622
     3520   140.800 |    0.0000313    0.0005092 |    0.0000005    0.0000149 |    0.0036506    0.0449051 |    0.0000033    0.0003599
     3552   142.080 |    0.0000311    0.0005069 |    0.0000005    0.0000148 |    0.0036721    0.0448042 |    0.0000033    0.0003577
     3584   143.360 |    0.0000310    0.0005044 |    0.0000005    0.0000146 |    0.0036942    0.0446572 |    0.0000034    0.0003545
     3616   144.640 |    0.0000308    0.0005019 |    0.0000005    0.0000144 |    0.0037167    0.0444951 |    0.0000034    0.0003528
     3648   145.920 |    0.0000307    0.0004996 |    0.0000005    0.0000142 |    0.0037393    0.0442894 |    0.0000034    0.0003498
     3680   147.200 |    0.0000306    0.0004973 |    0.0000005    0.0000139 |    0.0037618    0.0440405 |    0.0000034    0.0003482
     3712   148.480 |    0.0000304    0.0004948 |    0.0000005    0.0000136 |    0.0037843    0.0437736 |    0.0000035    0.0003454
     3744   149.760 |    0.0000303    0.0004924 |    0.0000005    0.0000134 |    0.0038065    0.0434988 |    0.0000035    0.0003431
     3776   151.040 |    0.0000302    0.0004899 |    0.0000005    0.0000131 |    0.0038283    0.0432137 |    0.0000035    0.0003408
     3808   152.320 |    0.0000301    0.0004872 |    0.0000005    0.0000127 |    0.0038499    0.0429026 |    0.0000035    0.0003386
-----------------------------------------------------------------------------------------------------------------------------------
Iteration      Time |            HYDROBASE::rho |          HYDROBASE::press |            HYDROBASE::eps |      ML_ADMCONSTRAINTS::H
                    |        norm2      maximum |        norm2      maximum |        norm2      maximum |        norm2      maximum
-----------------------------------------------------------------------------------------------------------------------------------
     3840   153.600 |    0.0000301    0.0004846 |    0.0000005    0.0000124 |    0.0038710    0.0425910 |    0.0000035    0.0003364
     3872   154.880 |    0.0000300    0.0004823 |    0.0000005    0.0000121 |    0.0038917    0.0422895 |    0.0000035    0.0003345
     3904   156.160 |    0.0000299    0.0004804 |    0.0000005    0.0000118 |    0.0039121    0.0419958 |    0.0000035    0.0003321
     3936   157.440 |    0.0000299    0.0004790 |    0.0000005    0.0000116 |    0.0039321    0.0417605 |    0.0000035    0.0003302
     3968   158.720 |    0.0000299    0.0004782 |    0.0000004    0.0000114 |    0.0039519    0.0415378 |    0.0000035    0.0003282
     4000   160.000 |    0.0000299    0.0004777 |    0.0000004    0.0000112 |    0.0039713    0.0413576 |    0.0000035    0.0003263
     4032   161.280 |    0.0000298    0.0004772 |    0.0000004    0.0000111 |    0.0039903    0.0412872 |    0.0000035    0.0003243
     4064   162.560 |    0.0000298    0.0004764 |    0.0000004    0.0000111 |    0.0040089    0.0412646 |    0.0000035    0.0003224
     4096   163.840 |    0.0000299    0.0004756 |    0.0000004    0.0000111 |    0.0040271    0.0413530 |    0.0000034    0.0003207
     4128   165.120 |    0.0000299    0.0004750 |    0.0000004    0.0000113 |    0.0040451    0.0415479 |    0.0000034    0.0003191
     4160   166.400 |    0.0000299    0.0004757 |    0.0000004    0.0000114 |    0.0040630    0.0417683 |    0.0000033    0.0003173
     4192   167.680 |    0.0000300    0.0004773 |    0.0000004    0.0000116 |    0.0040793    0.0419790 |    0.0000033    0.0003156
     4224   168.960 |    0.0000300    0.0004797 |    0.0000004    0.0000117 |    0.0040940    0.0421470 |    0.0000033    0.0003139
     4256   170.240 |    0.0000301    0.0004827 |    0.0000005    0.0000118 |    0.0041152    0.0422649 |    0.0000032    0.0003125
     4288   171.520 |    0.0000302    0.0004857 |    0.0000005    0.0000119 |    0.0041511    0.0423648 |    0.0000032    0.0003110
     4320   172.800 |    0.0000303    0.0004889 |    0.0000005    0.0000119 |    0.0042020    0.0424900 |    0.0000031    0.0003095
     4352   174.080 |    0.0000303    0.0004920 |    0.0000005    0.0000121 |    0.0042618    0.0426691 |    0.0000030    0.0003082
     4384   175.360 |    0.0000305    0.0004951 |    0.0000005    0.0000123 |    0.0043259    0.0429143 |    0.0000030    0.0003068
     4416   176.640 |    0.0000306    0.0004990 |    0.0000005    0.0000125 |    0.0043902    0.0432048 |    0.0000029    0.0003055
     4448   177.920 |    0.0000307    0.0005037 |    0.0000005    0.0000127 |    0.0044530    0.0435071 |    0.0000029    0.0003043
-----------------------------------------------------------------------------------------------------------------------------------
Iteration      Time |            HYDROBASE::rho |          HYDROBASE::press |            HYDROBASE::eps |      ML_ADMCONSTRAINTS::H
                    |        norm2      maximum |        norm2      maximum |        norm2      maximum |        norm2      maximum
-----------------------------------------------------------------------------------------------------------------------------------
     4480   179.200 |    0.0000308    0.0005091 |    0.0000005    0.0000130 |    0.0045137    0.0438165 |    0.0000028    0.0003030
     4512   180.480 |    0.0000310    0.0005141 |    0.0000005    0.0000133 |    0.0045725    0.0441621 |    0.0000028    0.0003019
     4544   181.760 |    0.0000311    0.0005192 |    0.0000005    0.0000137 |    0.0046295    0.0445707 |    0.0000028    0.0003008
     4576   183.040 |    0.0000313    0.0005240 |    0.0000005    0.0000141 |    0.0046845    0.0450317 |    0.0000027    0.0002997
     4608   184.320 |    0.0000315    0.0005290 |    0.0000005    0.0000146 |    0.0047373    0.0455361 |    0.0000027    0.0002987
     4640   185.600 |    0.0000317    0.0005357 |    0.0000005    0.0000151 |    0.0047878    0.0460484 |    0.0000027    0.0002976
     4672   186.880 |    0.0000318    0.0005422 |    0.0000006    0.0000156 |    0.0048360    0.0465340 |    0.0000026    0.0002967
     4704   188.160 |    0.0000320    0.0005485 |    0.0000006    0.0000160 |    0.0048819    0.0469593 |    0.0000026    0.0002956
     4736   189.440 |    0.0000322    0.0005540 |    0.0000006    0.0000164 |    0.0049257    0.0473187 |    0.0000026    0.0002950
     4768   190.720 |    0.0000324    0.0005591 |    0.0000006    0.0000168 |    0.0049676    0.0476564 |    0.0000026    0.0002939
     4800   192.000 |    0.0000326    0.0005650 |    0.0000006    0.0000172 |    0.0050077    0.0479858 |    0.0000026    0.0002930
     4832   193.280 |    0.0000328    0.0005702 |    0.0000006    0.0000176 |    0.0050460    0.0483415 |    0.0000026    0.0002922
     4864   194.560 |    0.0000330    0.0005778 |    0.0000006    0.0000181 |    0.0050823    0.0487471 |    0.0000026    0.0002912
     4896   195.840 |    0.0000332    0.0005855 |    0.0000006    0.0000187 |    0.0051169    0.0492314 |    0.0000026    0.0002903
     4928   197.120 |    0.0000334    0.0005917 |    0.0000007    0.0000193 |    0.0051501    0.0497502 |    0.0000026    0.0002891
     4960   198.400 |    0.0000335    0.0005962 |    0.0000007    0.0000199 |    0.0051819    0.0501542 |    0.0000026    0.0002879
     4992   199.680 |    0.0000337    0.0005985 |    0.0000007    0.0000202 |    0.0052126    0.0503557 |    0.0000026    0.0002871
     5024   200.960 |    0.0000339    0.0006011 |    0.0000007    0.0000204 |    0.0052424    0.0504893 |    0.0000026    0.0002866
     5056   202.240 |    0.0000340    0.0006021 |    0.0000007    0.0000206 |    0.0052712    0.0505990 |    0.0000026    0.0002855
     5088   203.520 |    0.0000342    0.0006027 |    0.0000007    0.0000208 |    0.0052990    0.0506989 |    0.0000027    0.0002845
-----------------------------------------------------------------------------------------------------------------------------------
Iteration      Time |            HYDROBASE::rho |          HYDROBASE::press |            HYDROBASE::eps |      ML_ADMCONSTRAINTS::H
                    |        norm2      maximum |        norm2      maximum |        norm2      maximum |        norm2      maximum
-----------------------------------------------------------------------------------------------------------------------------------
     5120   204.800 |    0.0000343    0.0006029 |    0.0000007    0.0000209 |    0.0053257    0.0507639 |    0.0000027    0.0002825
     5152   206.080 |    0.0000344    0.0006033 |    0.0000007    0.0000211 |    0.0053514    0.0508309 |    0.0000027    0.0002819
     5184   207.360 |    0.0000345    0.0006034 |    0.0000007    0.0000212 |    0.0053760    0.0509047 |    0.0000027    0.0002830
     5216   208.640 |    0.0000346    0.0006038 |    0.0000007    0.0000212 |    0.0053997    0.0508705 |    0.0000026    0.0002813
     5248   209.920 |    0.0000346    0.0006042 |    0.0000007    0.0000213 |    0.0054223    0.0508908 |    0.0000026    0.0002800
     5280   211.200 |    0.0000347    0.0006047 |    0.0000007    0.0000214 |    0.0054441    0.0508500 |    0.0000026    0.0002792
     5312   212.480 |    0.0000347    0.0006052 |    0.0000007    0.0000214 |    0.0054649    0.0507558 |    0.0000026    0.0002773
     5344   213.760 |    0.0000347    0.0006055 |    0.0000007    0.0000214 |    0.0054850    0.0506502 |    0.0000026    0.0002765
     5376   215.040 |    0.0000347    0.0006057 |    0.0000007    0.0000215 |    0.0055043    0.0505906 |    0.0000026    0.0002759
     5408   216.320 |    0.0000346    0.0006057 |    0.0000007    0.0000214 |    0.0055229    0.0504248 |    0.0000026    0.0002754
     5440   217.600 |    0.0000346    0.0006058 |    0.0000007    0.0000213 |    0.0055409    0.0502325 |    0.0000025    0.0002745
     5472   218.880 |    0.0000345    0.0006053 |    0.0000007    0.0000212 |    0.0055584    0.0500159 |    0.0000025    0.0002732
     5504   220.160 |    0.0000344    0.0006046 |    0.0000007    0.0000210 |    0.0055755    0.0497439 |    0.0000025    0.0002721
     5536   221.440 |    0.0000343    0.0006038 |    0.0000007    0.0000207 |    0.0055922    0.0494013 |    0.0000025    0.0002710
     5568   222.720 |    0.0000341    0.0006030 |    0.0000007    0.0000203 |    0.0056089    0.0490303 |    0.0000024    0.0002697
     5600   224.000 |    0.0000340    0.0006019 |    0.0000007    0.0000200 |    0.0056255    0.0486379 |    0.0000024    0.0002697
     5632   225.280 |    0.0000339    0.0006005 |    0.0000007    0.0000196 |    0.0056425    0.0482399 |    0.0000024    0.0002682
     5664   226.560 |    0.0000337    0.0005995 |    0.0000007    0.0000194 |    0.0056582    0.0479421 |    0.0000023    0.0002666
     5696   227.840 |    0.0000335    0.0005984 |    0.0000007    0.0000190 |    0.0056715    0.0475428 |    0.0000023    0.0002669
     5728   229.120 |    0.0000334    0.0005965 |    0.0000007    0.0000187 |    0.0056827    0.0471804 |    0.0000023    0.0002642
-----------------------------------------------------------------------------------------------------------------------------------
Iteration      Time |            HYDROBASE::rho |          HYDROBASE::press |            HYDROBASE::eps |      ML_ADMCONSTRAINTS::H
                    |        norm2      maximum |        norm2      maximum |        norm2      maximum |        norm2      maximum
-----------------------------------------------------------------------------------------------------------------------------------
     5760   230.400 |    0.0000332    0.0005953 |    0.0000006    0.0000184 |    0.0056902    0.0468839 |    0.0000023    0.0002649
     5792   231.680 |    0.0000330    0.0005939 |    0.0000006    0.0000182 |    0.0056972    0.0465724 |    0.0000023    0.0002629
     5824   232.960 |    0.0000328    0.0005853 |    0.0000006    0.0000178 |    0.0057109    0.0461518 |    0.0000023    0.0002626
     5856   234.240 |    0.0000326    0.0005749 |    0.0000006    0.0000173 |    0.0057304    0.0457273 |    0.0000023    0.0002616
     5888   235.520 |    0.0000324    0.0005702 |    0.0000006    0.0000170 |    0.0057552    0.0453968 |    0.0000023    0.0002602
     5920   236.800 |    0.0000322    0.0005662 |    0.0000006    0.0000168 |    0.0057842    0.0451565 |    0.0000023    0.0002592
     5952   238.080 |    0.0000321    0.0005620 |    0.0000006    0.0000165 |    0.0058142    0.0448515 |    0.0000023    0.0002584
     5984   239.360 |    0.0000319    0.0005587 |    0.0000006    0.0000161 |    0.0058433    0.0445334 |    0.0000023    0.0002572
     6016   240.640 |    0.0000317    0.0005550 |    0.0000006    0.0000158 |    0.0058703    0.0442082 |    0.0000023    0.0002569
     6048   241.920 |    0.0000315    0.0005511 |    0.0000005    0.0000154 |    0.0058953    0.0438839 |    0.0000023    0.0002555
     6080   243.200 |    0.0000314    0.0005473 |    0.0000005    0.0000151 |    0.0059185    0.0436267 |    0.0000024    0.0002547
     6112   244.480 |    0.0000312    0.0005438 |    0.0000005    0.0000147 |    0.0059400    0.0433422 |    0.0000024    0.0002535
     6144   245.760 |    0.0000311    0.0005399 |    0.0000005    0.0000144 |    0.0059599    0.0430584 |    0.0000024    0.0002526
     6176   247.040 |    0.0000309    0.0005365 |    0.0000005    0.0000142 |    0.0059778    0.0428609 |    0.0000025    0.0002518
     6208   248.320 |    0.0000308    0.0005337 |    0.0000005    0.0000139 |    0.0059938    0.0426735 |    0.0000025    0.0002509
     6240   249.600 |    0.0000307    0.0005313 |    0.0000005    0.0000136 |    0.0060082    0.0424931 |    0.0000025    0.0002498
     6272   250.880 |    0.0000306    0.0005283 |    0.0000005    0.0000134 |    0.0060205    0.0423645 |    0.0000026    0.0002491
     6304   252.160 |    0.0000305    0.0005253 |    0.0000005    0.0000132 |    0.0060310    0.0422616 |    0.0000026    0.0002475
     6336   253.440 |    0.0000304    0.0005226 |    0.0000005    0.0000130 |    0.0060398    0.0421764 |    0.0000026    0.0002472
     6368   254.720 |    0.0000303    0.0005202 |    0.0000005    0.0000129 |    0.0060472    0.0421637 |    0.0000027    0.0002460
Memory statistics from CarpetLib:
   Current number of objects: 768
   Current allocated memory:  257 MB
   Maximum number of objects: 772
   Maximum allocated memory:  258 MB
   Current administrative memory: 1.1 MB
   Total allocated used system memory: 55.3 MB
   Total allocated free system memory: 14.3 MB
   gh::allmemory:    123132
   dh::allmemory:    721984
   th::allmemory:    13888
   ggf::allmemory:   189992
   gdata::allmemory: 55208
-----------------------------------------------------------------------------------------------------------------------------------
Iteration      Time |            HYDROBASE::rho |          HYDROBASE::press |            HYDROBASE::eps |      ML_ADMCONSTRAINTS::H
                    |        norm2      maximum |        norm2      maximum |        norm2      maximum |        norm2      maximum
-----------------------------------------------------------------------------------------------------------------------------------
     6400   256.000 |    0.0000302    0.0005179 |    0.0000005    0.0000128 |    0.0060536    0.0422022 |    0.0000027    0.0002453
     6432   257.280 |    0.0000301    0.0005164 |    0.0000005    0.0000126 |    0.0060587    0.0422598 |    0.0000027    0.0002444
     6464   258.560 |    0.0000301    0.0005152 |    0.0000005    0.0000125 |    0.0060628    0.0423409 |    0.0000027    0.0002433
     6496   259.840 |    0.0000300    0.0005138 |    0.0000005    0.0000125 |    0.0060657    0.0424644 |    0.0000027    0.0002427
     6528   261.120 |    0.0000300    0.0005138 |    0.0000005    0.0000124 |    0.0060676    0.0426330 |    0.0000027    0.0002420
     6560   262.400 |    0.0000300    0.0005144 |    0.0000005    0.0000124 |    0.0060694    0.0428361 |    0.0000027    0.0002408
     6592   263.680 |    0.0000300    0.0005148 |    0.0000005    0.0000125 |    0.0060723    0.0430705 |    0.0000027    0.0002400
     6624   264.960 |    0.0000300    0.0005156 |    0.0000005    0.0000125 |    0.0060740    0.0433190 |    0.0000027    0.0002393
     6656   266.240 |    0.0000300    0.0005167 |    0.0000005    0.0000126 |    0.0060741    0.0435719 |    0.0000026    0.0002386
     6688   267.520 |    0.0000300    0.0005180 |    0.0000005    0.0000126 |    0.0060731    0.0438404 |    0.0000026    0.0002380
     6720   268.800 |    0.0000300    0.0005199 |    0.0000005    0.0000127 |    0.0060708    0.0441208 |    0.0000026    0.0002371
     6752   270.080 |    0.0000301    0.0005221 |    0.0000005    0.0000129 |    0.0060677    0.0443859 |    0.0000025    0.0002365
     6784   271.360 |    0.0000301    0.0005243 |    0.0000005    0.0000130 |    0.0060636    0.0446280 |    0.0000025    0.0002352
     6816   272.640 |    0.0000302    0.0005265 |    0.0000005    0.0000131 |    0.0060586    0.0449454 |    0.0000024    0.0002348
     6848   273.920 |    0.0000303    0.0005288 |    0.0000005    0.0000133 |    0.0060531    0.0454637 |    0.0000024    0.0002341
     6880   275.200 |    0.0000303    0.0005315 |    0.0000005    0.0000134 |    0.0060468    0.0459273 |    0.0000023    0.0002333
     6912   276.480 |    0.0000304    0.0005345 |    0.0000005    0.0000137 |    0.0060397    0.0463477 |    0.0000023    0.0002328
     6944   277.760 |    0.0000305    0.0005377 |    0.0000005    0.0000139 |    0.0060321    0.0467015 |    0.0000022    0.0002318
INFO (CarpetIOHDF5): ---------------------------------------------------------
INFO (CarpetIOHDF5): Dumping periodic checkpoint at iteration 6954, simulation time 278.16
INFO (CarpetIOHDF5): ---------------------------------------------------------
     6976   279.040 |    0.0000306    0.0005408 |    0.0000005    0.0000141 |    0.0060241    0.0469964 |    0.0000022    0.0002310
     7008   280.320 |    0.0000308    0.0005438 |    0.0000005    0.0000143 |    0.0060160    0.0472340 |    0.0000022    0.0002305
-----------------------------------------------------------------------------------------------------------------------------------
Iteration      Time |            HYDROBASE::rho |          HYDROBASE::press |            HYDROBASE::eps |      ML_ADMCONSTRAINTS::H
                    |        norm2      maximum |        norm2      maximum |        norm2      maximum |        norm2      maximum
-----------------------------------------------------------------------------------------------------------------------------------
     7040   281.600 |    0.0000309    0.0005465 |    0.0000005    0.0000146 |    0.0060079    0.0474633 |    0.0000021    0.0002300
     7072   282.880 |    0.0000310    0.0005494 |    0.0000005    0.0000149 |    0.0059996    0.0476500 |    0.0000021    0.0002290
     7104   284.160 |    0.0000312    0.0005523 |    0.0000005    0.0000152 |    0.0059914    0.0477946 |    0.0000020    0.0002285
     7136   285.440 |    0.0000313    0.0005558 |    0.0000005    0.0000155 |    0.0059833    0.0478959 |    0.0000020    0.0002280
     7168   286.720 |    0.0000315    0.0005595 |    0.0000005    0.0000158 |    0.0059752    0.0479687 |    0.0000020    0.0002283
     7200   288.000 |    0.0000316    0.0005638 |    0.0000005    0.0000162 |    0.0059674    0.0480265 |    0.0000020    0.0002269
     7232   289.280 |    0.0000318    0.0005665 |    0.0000006    0.0000165 |    0.0059596    0.0480945 |    0.0000019    0.0002260
     7264   290.560 |    0.0000319    0.0005708 |    0.0000006    0.0000169 |    0.0059520    0.0481076 |    0.0000019    0.0002257
     7296   291.840 |    0.0000321    0.0005765 |    0.0000006    0.0000172 |    0.0059445    0.0480389 |    0.0000019    0.0002252
     7328   293.120 |    0.0000323    0.0005838 |    0.0000006    0.0000176 |    0.0059372    0.0479273 |    0.0000019    0.0002230
     7360   294.400 |    0.0000325    0.0005929 |    0.0000006    0.0000179 |    0.0059297    0.0478036 |    0.0000019    0.0002257
     7392   295.680 |    0.0000326    0.0005960 |    0.0000006    0.0000183 |    0.0059222    0.0476818 |    0.0000019    0.0002245
     7424   296.960 |    0.0000328    0.0005961 |    0.0000006    0.0000186 |    0.0059147    0.0475678 |    0.0000020    0.0002250
     7456   298.240 |    0.0000330    0.0005972 |    0.0000006    0.0000189 |    0.0059072    0.0474411 |    0.0000020    0.0002206
     7488   299.520 |    0.0000331    0.0005994 |    0.0000006    0.0000190 |    0.0058998    0.0472663 |    0.0000020    0.0002225
     7520   300.800 |    0.0000333    0.0006009 |    0.0000007    0.0000195 |    0.0058924    0.0471067 |    0.0000020    0.0002225
     7552   302.080 |    0.0000334    0.0006028 |    0.0000007    0.0000200 |    0.0058850    0.0470635 |    0.0000020    0.0002195
     7584   303.360 |    0.0000336    0.0006044 |    0.0000007    0.0000206 |    0.0058778    0.0467512 |    0.0000020    0.0002210
     7616   304.640 |    0.0000337    0.0006054 |    0.0000007    0.0000206 |    0.0058705    0.0465135 |    0.0000020    0.0002198
     7648   305.920 |    0.0000338    0.0006052 |    0.0000007    0.0000207 |    0.0058633    0.0463038 |    0.0000021    0.0002195
-----------------------------------------------------------------------------------------------------------------------------------
Iteration      Time |            HYDROBASE::rho |          HYDROBASE::press |            HYDROBASE::eps |      ML_ADMCONSTRAINTS::H
                    |        norm2      maximum |        norm2      maximum |        norm2      maximum |        norm2      maximum
-----------------------------------------------------------------------------------------------------------------------------------
     7680   307.200 |    0.0000339    0.0006056 |    0.0000007    0.0000208 |    0.0058561    0.0460076 |    0.0000021    0.0002161
     7712   308.480 |    0.0000340    0.0006062 |    0.0000007    0.0000212 |    0.0058490    0.0463170 |    0.0000021    0.0002167
     7744   309.760 |    0.0000341    0.0006069 |    0.0000007    0.0000220 |    0.0058419    0.0468063 |    0.0000021    0.0002137
     7776   311.040 |    0.0000342    0.0006069 |    0.0000007    0.0000218 |    0.0058348    0.0464372 |    0.0000021    0.0002162
     7808   312.320 |    0.0000342    0.0006071 |    0.0000007    0.0000218 |    0.0058279    0.0462166 |    0.0000021    0.0002152
     7840   313.600 |    0.0000343    0.0006074 |    0.0000007    0.0000219 |    0.0058211    0.0462620 |    0.0000021    0.0002159
     7872   314.880 |    0.0000343    0.0006075 |    0.0000007    0.0000220 |    0.0058144    0.0460797 |    0.0000021    0.0002151
     7904   316.160 |    0.0000343    0.0006069 |    0.0000007    0.0000218 |    0.0058078    0.0457206 |    0.0000020    0.0002146
     7936   317.440 |    0.0000343    0.0006065 |    0.0000007    0.0000217 |    0.0058014    0.0454569 |    0.0000020    0.0002142
     7968   318.720 |    0.0000343    0.0006062 |    0.0000007    0.0000217 |    0.0057951    0.0452798 |    0.0000020    0.0002134
     8000   320.000 |    0.0000342    0.0006060 |    0.0000007    0.0000216 |    0.0057891    0.0450635 |    0.0000020    0.0002126
     8032   321.280 |    0.0000342    0.0006055 |    0.0000007    0.0000215 |    0.0057838    0.0448073 |    0.0000020    0.0002122
     8064   322.560 |    0.0000341    0.0006050 |    0.0000007    0.0000214 |    0.0057795    0.0445515 |    0.0000019    0.0002122
     8096   323.840 |    0.0000340    0.0006045 |    0.0000007    0.0000213 |    0.0057764    0.0443182 |    0.0000019    0.0002112
     8128   325.120 |    0.0000339    0.0006038 |    0.0000007    0.0000211 |    0.0057747    0.0440722 |    0.0000019    0.0002106
     8160   326.400 |    0.0000338    0.0006029 |    0.0000007    0.0000210 |    0.0057748    0.0437871 |    0.0000019    0.0002098
     8192   327.680 |    0.0000337    0.0006021 |    0.0000007    0.0000208 |    0.0057769    0.0434850 |    0.0000018    0.0002101
     8224   328.960 |    0.0000335    0.0006012 |    0.0000007    0.0000206 |    0.0057810    0.0432043 |    0.0000018    0.0002085
     8256   330.240 |    0.0000334    0.0006003 |    0.0000007    0.0000204 |    0.0057874    0.0428926 |    0.0000018    0.0002088
     8288   331.520 |    0.0000332    0.0005991 |    0.0000007    0.0000201 |    0.0057962    0.0425182 |    0.0000018    0.0002074
-----------------------------------------------------------------------------------------------------------------------------------
Iteration      Time |            HYDROBASE::rho |          HYDROBASE::press |            HYDROBASE::eps |      ML_ADMCONSTRAINTS::H
                    |        norm2      maximum |        norm2      maximum |        norm2      maximum |        norm2      maximum
-----------------------------------------------------------------------------------------------------------------------------------
     8320   332.800 |    0.0000331    0.0005978 |    0.0000006    0.0000199 |    0.0058072    0.0421651 |    0.0000018    0.0002076
     8352   334.080 |    0.0000329    0.0005955 |    0.0000006    0.0000195 |    0.0058203    0.0416012 |    0.0000018    0.0002081
     8384   335.360 |    0.0000328    0.0005922 |    0.0000006    0.0000191 |    0.0058355    0.0408792 |    0.0000017    0.0002085
     8416   336.640 |    0.0000326    0.0005861 |    0.0000006    0.0000187 |    0.0058523    0.0406700 |    0.0000017    0.0002049
     8448   337.920 |    0.0000324    0.0005708 |    0.0000006    0.0000183 |    0.0058704    0.0403327 |    0.0000018    0.0002034
     8480   339.200 |    0.0000323    0.0005595 |    0.0000006    0.0000166 |    0.0058896    0.0389666 |    0.0000018    0.0002048
     8512   340.480 |    0.0000321    0.0005563 |    0.0000006    0.0000158 |    0.0059104    0.0384310 |    0.0000018    0.0002049
     8544   341.760 |    0.0000319    0.0005512 |    0.0000006    0.0000158 |    0.0059327    0.0385239 |    0.0000018    0.0002044
     8576   343.040 |    0.0000318    0.0005457 |    0.0000006    0.0000156 |    0.0059569    0.0382241 |    0.0000018    0.0002042
     8608   344.320 |    0.0000316    0.0005429 |    0.0000005    0.0000161 |    0.0059829    0.0385999 |    0.0000019    0.0002031
     8640   345.600 |    0.0000315    0.0005425 |    0.0000005    0.0000158 |    0.0060106    0.0383211 |    0.0000019    0.0002028
     8672   346.880 |    0.0000313    0.0005398 |    0.0000005    0.0000156 |    0.0060397    0.0381239 |    0.0000019    0.0002022
     8704   348.160 |    0.0000312    0.0005378 |    0.0000005    0.0000154 |    0.0060698    0.0379222 |    0.0000020    0.0002018
     8736   349.440 |    0.0000311    0.0005362 |    0.0000005    0.0000152 |    0.0061007    0.0377203 |    0.0000020    0.0002012
     8768   350.720 |    0.0000309    0.0005335 |    0.0000005    0.0000149 |    0.0061319    0.0374621 |    0.0000020    0.0002008
     8800   352.000 |    0.0000308    0.0005309 |    0.0000005    0.0000146 |    0.0061630    0.0371493 |    0.0000021    0.0002000
     8832   353.280 |    0.0000307    0.0005284 |    0.0000005    0.0000143 |    0.0061937    0.0369000 |    0.0000021    0.0001999
     8864   354.560 |    0.0000306    0.0005258 |    0.0000005    0.0000141 |    0.0062238    0.0366536 |    0.0000022    0.0001995
     8896   355.840 |    0.0000305    0.0005235 |    0.0000005    0.0000139 |    0.0062526    0.0364505 |    0.0000022    0.0001989
     8928   357.120 |    0.0000304    0.0005213 |    0.0000005    0.0000138 |    0.0062800    0.0363106 |    0.0000022    0.0001986
-----------------------------------------------------------------------------------------------------------------------------------
Iteration      Time |            HYDROBASE::rho |          HYDROBASE::press |            HYDROBASE::eps |      ML_ADMCONSTRAINTS::H
                    |        norm2      maximum |        norm2      maximum |        norm2      maximum |        norm2      maximum
-----------------------------------------------------------------------------------------------------------------------------------
     8960   358.400 |    0.0000304    0.0005195 |    0.0000005    0.0000137 |    0.0063061    0.0361917 |    0.0000022    0.0001980
     8992   359.680 |    0.0000303    0.0005179 |    0.0000005    0.0000136 |    0.0063308    0.0360690 |    0.0000022    0.0001974
     9024   360.960 |    0.0000302    0.0005168 |    0.0000005    0.0000135 |    0.0063541    0.0359530 |    0.0000023    0.0001971
     9056   362.240 |    0.0000302    0.0005160 |    0.0000005    0.0000134 |    0.0063766    0.0358451 |    0.0000023    0.0001965
     9088   363.520 |    0.0000301    0.0005155 |    0.0000005    0.0000133 |    0.0064006    0.0357748 |    0.0000023    0.0001960
     9120   364.800 |    0.0000301    0.0005152 |    0.0000005    0.0000133 |    0.0064246    0.0357170 |    0.0000023    0.0001955
     9152   366.080 |    0.0000301    0.0005151 |    0.0000005    0.0000133 |    0.0064465    0.0356686 |    0.0000023    0.0001950
     9184   367.360 |    0.0000301    0.0005154 |    0.0000005    0.0000133 |    0.0064667    0.0356337 |    0.0000022    0.0001945
     9216   368.640 |    0.0000301    0.0005160 |    0.0000005    0.0000133 |    0.0064856    0.0356200 |    0.0000022    0.0001941
     9248   369.920 |    0.0000301    0.0005169 |    0.0000005    0.0000134 |    0.0065032    0.0356189 |    0.0000022    0.0001934
     9280   371.200 |    0.0000301    0.0005180 |    0.0000005    0.0000134 |    0.0065195    0.0356291 |    0.0000022    0.0001930
     9312   372.480 |    0.0000302    0.0005193 |    0.0000005    0.0000135 |    0.0065347    0.0356531 |    0.0000021    0.0001925
     9344   373.760 |    0.0000302    0.0005209 |    0.0000005    0.0000136 |    0.0065487    0.0356919 |    0.0000021    0.0001919
     9376   375.040 |    0.0000302    0.0005226 |    0.0000005    0.0000137 |    0.0065616    0.0357446 |    0.0000021    0.0001914
     9408   376.320 |    0.0000303    0.0005245 |    0.0000005    0.0000139 |    0.0065734    0.0358130 |    0.0000020    0.0001908
     9440   377.600 |    0.0000304    0.0005266 |    0.0000005    0.0000140 |    0.0065840    0.0358716 |    0.0000020    0.0001904
     9472   378.880 |    0.0000304    0.0005288 |    0.0000005    0.0000141 |    0.0065935    0.0359277 |    0.0000019    0.0001900
     9504   380.160 |    0.0000305    0.0005310 |    0.0000005    0.0000142 |    0.0066022    0.0359928 |    0.0000019    0.0001895
     9536   381.440 |    0.0000306    0.0005333 |    0.0000005    0.0000144 |    0.0066095    0.0360765 |    0.0000018    0.0001889
     9568   382.720 |    0.0000307    0.0005357 |    0.0000005    0.0000146 |    0.0066162    0.0361762 |    0.0000018    0.0001884
-----------------------------------------------------------------------------------------------------------------------------------
Iteration      Time |            HYDROBASE::rho |          HYDROBASE::press |            HYDROBASE::eps |      ML_ADMCONSTRAINTS::H
                    |        norm2      maximum |        norm2      maximum |        norm2      maximum |        norm2      maximum
-----------------------------------------------------------------------------------------------------------------------------------
     9600   384.000 |    0.0000308    0.0005380 |    0.0000005    0.0000147 |    0.0066219    0.0362829 |    0.0000017    0.0001880
     9632   385.280 |    0.0000309    0.0005405 |    0.0000005    0.0000149 |    0.0066266    0.0363963 |    0.0000017    0.0001874
     9664   386.560 |    0.0000310    0.0005431 |    0.0000005    0.0000152 |    0.0066307    0.0365164 |    0.0000017    0.0001868
     9696   387.840 |    0.0000312    0.0005458 |    0.0000005    0.0000154 |    0.0066339    0.0366448 |    0.0000016    0.0001863
     9728   389.120 |    0.0000313    0.0005486 |    0.0000005    0.0000156 |    0.0066363    0.0367791 |    0.0000016    0.0001861
     9760   390.400 |    0.0000314    0.0005515 |    0.0000005    0.0000159 |    0.0066381    0.0369213 |    0.0000016    0.0001856
     9792   391.680 |    0.0000316    0.0005546 |    0.0000005    0.0000162 |    0.0066390    0.0370759 |    0.0000016    0.0001851
     9824   392.960 |    0.0000317    0.0005579 |    0.0000006    0.0000165 |    0.0066393    0.0372302 |    0.0000016    0.0001847
     9856   394.240 |    0.0000319    0.0005615 |    0.0000006    0.0000168 |    0.0066388    0.0373708 |    0.0000015    0.0001841
     9888   395.520 |    0.0000320    0.0005653 |    0.0000006    0.0000170 |    0.0066373    0.0375245 |    0.0000015    0.0001838
     9920   396.800 |    0.0000321    0.0005696 |    0.0000006    0.0000173 |    0.0066352    0.0376771 |    0.0000016    0.0001832
     9952   398.080 |    0.0000323    0.0005748 |    0.0000006    0.0000175 |    0.0066325    0.0378185 |    0.0000016    0.0001834
     9984   399.360 |    0.0000324    0.0005791 |    0.0000006    0.0000178 |    0.0066292    0.0379587 |    0.0000016    0.0001815
    10016   400.640 |    0.0000326    0.0005816 |    0.0000006    0.0000180 |    0.0066255    0.0381274 |    0.0000016    0.0001822
    10048   401.920 |    0.0000327    0.0005847 |    0.0000006    0.0000182 |    0.0066213    0.0383325 |    0.0000016    0.0001830
    10080   403.200 |    0.0000329    0.0005881 |    0.0000006    0.0000184 |    0.0066168    0.0385261 |    0.0000016    0.0001812
    10112   404.480 |    0.0000330    0.0005909 |    0.0000006    0.0000186 |    0.0066118    0.0388150 |    0.0000016    0.0001811
    10144   405.760 |    0.0000331    0.0005923 |    0.0000006    0.0000189 |    0.0066066    0.0391316 |    0.0000016    0.0001799
    10176   407.040 |    0.0000333    0.0005940 |    0.0000006    0.0000191 |    0.0066011    0.0393027 |    0.0000017    0.0001792
    10208   408.320 |    0.0000334    0.0005955 |    0.0000007    0.0000194 |    0.0065952    0.0394343 |    0.0000017    0.0001786
-----------------------------------------------------------------------------------------------------------------------------------
Iteration      Time |            HYDROBASE::rho |          HYDROBASE::press |            HYDROBASE::eps |      ML_ADMCONSTRAINTS::H
                    |        norm2      maximum |        norm2      maximum |        norm2      maximum |        norm2      maximum
-----------------------------------------------------------------------------------------------------------------------------------
    10240   409.600 |    0.0000335    0.0005969 |    0.0000007    0.0000196 |    0.0065892    0.0396060 |    0.0000017    0.0001790
    10272   410.880 |    0.0000336    0.0005994 |    0.0000007    0.0000202 |    0.0065829    0.0397729 |    0.0000017    0.0001800
    10304   412.160 |    0.0000337    0.0006020 |    0.0000007    0.0000207 |    0.0065765    0.0400764 |    0.0000017    0.0001787
    10336   413.440 |    0.0000338    0.0006038 |    0.0000007    0.0000212 |    0.0065701    0.0401306 |    0.0000017    0.0001794
    10368   414.720 |    0.0000338    0.0006035 |    0.0000007    0.0000210 |    0.0065637    0.0401319 |    0.0000017    0.0001785
    10400   416.000 |    0.0000339    0.0006035 |    0.0000007    0.0000209 |    0.0065572    0.0400534 |    0.0000017    0.0001780
    10432   417.280 |    0.0000339    0.0006031 |    0.0000007    0.0000207 |    0.0065508    0.0399718 |    0.0000017    0.0001769
    10464   418.560 |    0.0000339    0.0006032 |    0.0000007    0.0000206 |    0.0065446    0.0399930 |    0.0000017    0.0001767
    10496   419.840 |    0.0000340    0.0006035 |    0.0000007    0.0000209 |    0.0065386    0.0400144 |    0.0000017    0.0001769
    10528   421.120 |    0.0000340    0.0006037 |    0.0000007    0.0000212 |    0.0065329    0.0400775 |    0.0000017    0.0001769
    10560   422.400 |    0.0000339    0.0006040 |    0.0000007    0.0000212 |    0.0065275    0.0400988 |    0.0000017    0.0001758
    10592   423.680 |    0.0000339    0.0006038 |    0.0000007    0.0000211 |    0.0065224    0.0400725 |    0.0000016    0.0001758
    10624   424.960 |    0.0000339    0.0006032 |    0.0000007    0.0000209 |    0.0065178    0.0400142 |    0.0000016    0.0001754
    10656   426.240 |    0.0000338    0.0006027 |    0.0000007    0.0000207 |    0.0065137    0.0399407 |    0.0000016    0.0001752
    10688   427.520 |    0.0000338    0.0006022 |    0.0000007    0.0000205 |    0.0065103    0.0398928 |    0.0000016    0.0001747
    10720   428.800 |    0.0000337    0.0006018 |    0.0000007    0.0000204 |    0.0065076    0.0398503 |    0.0000016    0.0001748
    10752   430.080 |    0.0000336    0.0006012 |    0.0000007    0.0000204 |    0.0065056    0.0398263 |    0.0000015    0.0001740
    10784   431.360 |    0.0000335    0.0006006 |    0.0000007    0.0000203 |    0.0065045    0.0397894 |    0.0000015    0.0001730
    10816   432.640 |    0.0000334    0.0005999 |    0.0000007    0.0000201 |    0.0065045    0.0397384 |    0.0000015    0.0001745
    10848   433.920 |    0.0000333    0.0005990 |    0.0000007    0.0000200 |    0.0065055    0.0396465 |    0.0000015    0.0001765
-----------------------------------------------------------------------------------------------------------------------------------
Iteration      Time |            HYDROBASE::rho |          HYDROBASE::press |            HYDROBASE::eps |      ML_ADMCONSTRAINTS::H
                    |        norm2      maximum |        norm2      maximum |        norm2      maximum |        norm2      maximum
-----------------------------------------------------------------------------------------------------------------------------------
    10880   435.200 |    0.0000331    0.0005979 |    0.0000006    0.0000196 |    0.0065075    0.0395142 |    0.0000015    0.0001753
    10912   436.480 |    0.0000330    0.0005966 |    0.0000006    0.0000195 |    0.0065104    0.0394189 |    0.0000014    0.0001761
    10944   437.760 |    0.0000329    0.0005952 |    0.0000006    0.0000192 |    0.0065143    0.0393043 |    0.0000014    0.0001775
    10976   439.040 |    0.0000327    0.0005929 |    0.0000006    0.0000191 |    0.0065188    0.0392321 |    0.0000014    0.0001766
    11008   440.320 |    0.0000326    0.0005904 |    0.0000006    0.0000189 |    0.0065239    0.0390971 |    0.0000014    0.0001787
    11040   441.600 |    0.0000324    0.0005863 |    0.0000006    0.0000187 |    0.0065294    0.0389181 |    0.0000015    0.0001820
    11072   442.880 |    0.0000323    0.0005814 |    0.0000006    0.0000185 |    0.0065355    0.0386459 |    0.0000015    0.0001841
    11104   444.160 |    0.0000321    0.0005614 |    0.0000006    0.0000170 |    0.0065419    0.0374043 |    0.0000015    0.0001789
    11136   445.440 |    0.0000320    0.0005587 |    0.0000006    0.0000163 |    0.0065487    0.0369981 |    0.0000015    0.0001832
    11168   446.720 |    0.0000318    0.0005534 |    0.0000006    0.0000154 |    0.0065559    0.0366898 |    0.0000015    0.0001804
    11200   448.000 |    0.0000317    0.0005495 |    0.0000006    0.0000154 |    0.0065636    0.0364580 |    0.0000016    0.0001825
    11232   449.280 |    0.0000316    0.0005459 |    0.0000005    0.0000157 |    0.0065716    0.0365141 |    0.0000016    0.0001827
    11264   450.560 |    0.0000314    0.0005444 |    0.0000005    0.0000156 |    0.0065801    0.0364363 |    0.0000017    0.0001835
    11296   451.840 |    0.0000313    0.0005439 |    0.0000005    0.0000154 |    0.0065889    0.0363489 |    0.0000017    0.0001844
    11328   453.120 |    0.0000312    0.0005430 |    0.0000005    0.0000153 |    0.0065978    0.0362575 |    0.0000017    0.0001852
    11360   454.400 |    0.0000311    0.0005411 |    0.0000005    0.0000151 |    0.0066069    0.0361246 |    0.0000018    0.0001858
    11392   455.680 |    0.0000309    0.0005391 |    0.0000005    0.0000149 |    0.0066162    0.0359611 |    0.0000018    0.0001864
    11424   456.960 |    0.0000308    0.0005372 |    0.0000005    0.0000146 |    0.0066258    0.0357723 |    0.0000018    0.0001869
    11456   458.240 |    0.0000307    0.0005352 |    0.0000005    0.0000143 |    0.0066355    0.0355728 |    0.0000019    0.0001877
    11488   459.520 |    0.0000306    0.0005332 |    0.0000005    0.0000141 |    0.0066456    0.0353993 |    0.0000019    0.0001881
-----------------------------------------------------------------------------------------------------------------------------------
Iteration      Time |            HYDROBASE::rho |          HYDROBASE::press |            HYDROBASE::eps |      ML_ADMCONSTRAINTS::H
                    |        norm2      maximum |        norm2      maximum |        norm2      maximum |        norm2      maximum
-----------------------------------------------------------------------------------------------------------------------------------
    11520   460.800 |    0.0000306    0.0005313 |    0.0000005    0.0000140 |    0.0066558    0.0353092 |    0.0000019    0.0001886
    11552   462.080 |    0.0000305    0.0005295 |    0.0000005    0.0000139 |    0.0066664    0.0352732 |    0.0000020    0.0001892
    11584   463.360 |    0.0000304    0.0005279 |    0.0000005    0.0000139 |    0.0066775    0.0352178 |    0.0000020    0.0001897
    11616   464.640 |    0.0000304    0.0005267 |    0.0000005    0.0000138 |    0.0066886    0.0351439 |    0.0000020    0.0001906
    11648   465.920 |    0.0000303    0.0005262 |    0.0000005    0.0000137 |    0.0066995    0.0350673 |    0.0000020    0.0001909
    11680   467.200 |    0.0000303    0.0005259 |    0.0000005    0.0000136 |    0.0067102    0.0350010 |    0.0000020    0.0001914
    11712   468.480 |    0.0000303    0.0005256 |    0.0000005    0.0000136 |    0.0067213    0.0349627 |    0.0000020    0.0001919
    11744   469.760 |    0.0000302    0.0005255 |    0.0000005    0.0000136 |    0.0067335    0.0349561 |    0.0000020    0.0001924
    11776   471.040 |    0.0000302    0.0005254 |    0.0000005    0.0000136 |    0.0067464    0.0349661 |    0.0000020    0.0001932
    11808   472.320 |    0.0000302    0.0005255 |    0.0000005    0.0000136 |    0.0067592    0.0349852 |    0.0000020    0.0001935
    11840   473.600 |    0.0000302    0.0005258 |    0.0000005    0.0000136 |    0.0067716    0.0350094 |    0.0000020    0.0001940
    11872   474.880 |    0.0000303    0.0005265 |    0.0000005    0.0000137 |    0.0067834    0.0350334 |    0.0000019    0.0001946
    11904   476.160 |    0.0000303    0.0005276 |    0.0000005    0.0000137 |    0.0067943    0.0350710 |    0.0000019    0.0001950
    11936   477.440 |    0.0000303    0.0005292 |    0.0000005    0.0000138 |    0.0068047    0.0351294 |    0.0000019    0.0001955
    11968   478.720 |    0.0000304    0.0005309 |    0.0000005    0.0000139 |    0.0068147    0.0352164 |    0.0000019    0.0001961
    12000   480.000 |    0.0000304    0.0005327 |    0.0000005    0.0000140 |    0.0068243    0.0353381 |    0.0000018    0.0001967
    12032   481.280 |    0.0000305    0.0005348 |    0.0000005    0.0000142 |    0.0068334    0.0354877 |    0.0000018    0.0001973
    12064   482.560 |    0.0000305    0.0005369 |    0.0000005    0.0000144 |    0.0068421    0.0356283 |    0.0000017    0.0001977
    12096   483.840 |    0.0000306    0.0005389 |    0.0000005    0.0000146 |    0.0068503    0.0357460 |    0.0000017    0.0001981
    12128   485.120 |    0.0000307    0.0005408 |    0.0000005    0.0000147 |    0.0068581    0.0358595 |    0.0000016    0.0001985
-----------------------------------------------------------------------------------------------------------------------------------
Iteration      Time |            HYDROBASE::rho |          HYDROBASE::press |            HYDROBASE::eps |      ML_ADMCONSTRAINTS::H
                    |        norm2      maximum |        norm2      maximum |        norm2      maximum |        norm2      maximum
-----------------------------------------------------------------------------------------------------------------------------------
    12160   486.400 |    0.0000308    0.0005425 |    0.0000005    0.0000149 |    0.0068655    0.0359741 |    0.0000016    0.0001990
    12192   487.680 |    0.0000309    0.0005442 |    0.0000005    0.0000150 |    0.0068722    0.0360992 |    0.0000015    0.0002000
    12224   488.960 |    0.0000310    0.0005460 |    0.0000005    0.0000152 |    0.0068785    0.0362270 |    0.0000015    0.0002002
    12256   490.240 |    0.0000311    0.0005481 |    0.0000005    0.0000153 |    0.0068843    0.0363626 |    0.0000015    0.0002010
    12288   491.520 |    0.0000312    0.0005502 |    0.0000005    0.0000155 |    0.0068895    0.0365018 |    0.0000014    0.0002015
    12320   492.800 |    0.0000313    0.0005524 |    0.0000005    0.0000157 |    0.0068940    0.0366438 |    0.0000014    0.0002019
    12352   494.080 |    0.0000314    0.0005546 |    0.0000005    0.0000159 |    0.0068978    0.0367907 |    0.0000014    0.0002024
    12384   495.360 |    0.0000315    0.0005569 |    0.0000005    0.0000161 |    0.0069011    0.0369378 |    0.0000013    0.0002026
    12416   496.640 |    0.0000317    0.0005594 |    0.0000006    0.0000164 |    0.0069036    0.0370765 |    0.0000013    0.0002034
    12448   497.920 |    0.0000318    0.0005622 |    0.0000006    0.0000166 |    0.0069055    0.0371984 |    0.0000013    0.0002040
    12480   499.200 |    0.0000319    0.0005651 |    0.0000006    0.0000168 |    0.0069068    0.0373204 |    0.0000013    0.0002048
    12512   500.480 |    0.0000321    0.0005686 |    0.0000006    0.0000170 |    0.0069073    0.0374437 |    0.0000013    0.0002054
    12544   501.760 |    0.0000322    0.0005724 |    0.0000006    0.0000173 |    0.0069073    0.0375705 |    0.0000013    0.0002056
    12576   503.040 |    0.0000323    0.0005782 |    0.0000006    0.0000175 |    0.0069066    0.0376889 |    0.0000013    0.0002060
    12608   504.320 |    0.0000325    0.0005847 |    0.0000006    0.0000177 |    0.0069054    0.0378161 |    0.0000013    0.0002077
    12640   505.600 |    0.0000326    0.0005899 |    0.0000006    0.0000179 |    0.0069033    0.0379531 |    0.0000013    0.0002069
    12672   506.880 |    0.0000327    0.0005923 |    0.0000006    0.0000181 |    0.0069005    0.0381284 |    0.0000013    0.0002085
    12704   508.160 |    0.0000328    0.0005938 |    0.0000006    0.0000182 |    0.0068972    0.0383346 |    0.0000014    0.0002086
    12736   509.440 |    0.0000330    0.0005953 |    0.0000006    0.0000185 |    0.0068934    0.0386176 |    0.0000014    0.0002114
    12768   510.720 |    0.0000331    0.0005965 |    0.0000006    0.0000187 |    0.0068892    0.0389087 |    0.0000014    0.0002107
Memory statistics from CarpetLib:
   Current number of objects: 768
   Current allocated memory:  257 MB
   Maximum number of objects: 772
   Maximum allocated memory:  258 MB
   Current administrative memory: 1.1 MB
   Total allocated used system memory: 55.4 MB
   Total allocated free system memory: 29.2 MB
   gh::allmemory:    123132
   dh::allmemory:    721984
   th::allmemory:    13888
   ggf::allmemory:   189992
   gdata::allmemory: 55208
-----------------------------------------------------------------------------------------------------------------------------------
Iteration      Time |            HYDROBASE::rho |          HYDROBASE::press |            HYDROBASE::eps |      ML_ADMCONSTRAINTS::H
                    |        norm2      maximum |        norm2      maximum |        norm2      maximum |        norm2      maximum
-----------------------------------------------------------------------------------------------------------------------------------
    12800   512.000 |    0.0000332    0.0005979 |    0.0000006    0.0000190 |    0.0068846    0.0391764 |    0.0000014    0.0002118
    12832   513.280 |    0.0000333    0.0005996 |    0.0000006    0.0000197 |    0.0068797    0.0395017 |    0.0000014    0.0002117
    12864   514.560 |    0.0000334    0.0006015 |    0.0000007    0.0000200 |    0.0068744    0.0397342 |    0.0000014    0.0002124
    12896   515.840 |    0.0000335    0.0006023 |    0.0000007    0.0000199 |    0.0068689    0.0397046 |    0.0000014    0.0002143
    12928   517.120 |    0.0000335    0.0006025 |    0.0000007    0.0000199 |    0.0068631    0.0396820 |    0.0000014    0.0002136
    12960   518.400 |    0.0000336    0.0006028 |    0.0000007    0.0000200 |    0.0068573    0.0396892 |    0.0000014    0.0002149
    12992   519.680 |    0.0000336    0.0006033 |    0.0000007    0.0000202 |    0.0068515    0.0397480 |    0.0000014    0.0002166
    13024   520.960 |    0.0000337    0.0006040 |    0.0000007    0.0000204 |    0.0068458    0.0398350 |    0.0000014    0.0002163
    13056   522.240 |    0.0000337    0.0006047 |    0.0000007    0.0000206 |    0.0068401    0.0398679 |    0.0000014    0.0002157
    13088   523.520 |    0.0000337    0.0006051 |    0.0000007    0.0000206 |    0.0068347    0.0399581 |    0.0000014    0.0002172
    13120   524.800 |    0.0000337    0.0006051 |    0.0000007    0.0000207 |    0.0068294    0.0399598 |    0.0000014    0.0002171
    13152   526.080 |    0.0000337    0.0006049 |    0.0000007    0.0000206 |    0.0068243    0.0399346 |    0.0000014    0.0002181
    13184   527.360 |    0.0000337    0.0006046 |    0.0000007    0.0000205 |    0.0068196    0.0399005 |    0.0000014    0.0002186
    13216   528.640 |    0.0000337    0.0006043 |    0.0000007    0.0000204 |    0.0068152    0.0398809 |    0.0000014    0.0002193
    13248   529.920 |    0.0000336    0.0006041 |    0.0000007    0.0000204 |    0.0068111    0.0398834 |    0.0000014    0.0002197
    13280   531.200 |    0.0000336    0.0006039 |    0.0000007    0.0000204 |    0.0068075    0.0398784 |    0.0000013    0.0002203
    13312   532.480 |    0.0000335    0.0006035 |    0.0000007    0.0000202 |    0.0068043    0.0398567 |    0.0000013    0.0002205
    13344   533.760 |    0.0000334    0.0006030 |    0.0000007    0.0000201 |    0.0068016    0.0398086 |    0.0000013    0.0002207
    13376   535.040 |    0.0000334    0.0006024 |    0.0000007    0.0000199 |    0.0067995    0.0397519 |    0.0000013    0.0002214
    13408   536.320 |    0.0000333    0.0006017 |    0.0000007    0.0000198 |    0.0067980    0.0396846 |    0.0000013    0.0002211
-----------------------------------------------------------------------------------------------------------------------------------
Iteration      Time |            HYDROBASE::rho |          HYDROBASE::press |            HYDROBASE::eps |      ML_ADMCONSTRAINTS::H
                    |        norm2      maximum |        norm2      maximum |        norm2      maximum |        norm2      maximum
-----------------------------------------------------------------------------------------------------------------------------------
    13440   537.600 |    0.0000332    0.0006008 |    0.0000007    0.0000196 |    0.0067974    0.0395954 |    0.0000013    0.0002222
    13472   538.880 |    0.0000331    0.0005999 |    0.0000006    0.0000194 |    0.0067977    0.0395129 |    0.0000013    0.0002222
    13504   540.160 |    0.0000329    0.0005990 |    0.0000006    0.0000193 |    0.0067989    0.0394256 |    0.0000012    0.0002225
INFO (CarpetIOHDF5): ---------------------------------------------------------
INFO (CarpetIOHDF5): Dumping periodic checkpoint at iteration 13533, simulation time 541.32
INFO (CarpetIOHDF5): ---------------------------------------------------------
    13536   541.440 |    0.0000328    0.0005978 |    0.0000006    0.0000191 |    0.0068012    0.0393029 |    0.0000012    0.0002229
    13568   542.720 |    0.0000327    0.0005961 |    0.0000006    0.0000189 |    0.0068044    0.0391306 |    0.0000013    0.0002229
    13600   544.000 |    0.0000326    0.0005943 |    0.0000006    0.0000187 |    0.0068084    0.0389115 |    0.0000013    0.0002238
    13632   545.280 |    0.0000324    0.0005916 |    0.0000006    0.0000184 |    0.0068135    0.0386294 |    0.0000013    0.0002240
    13664   546.560 |    0.0000323    0.0005870 |    0.0000006    0.0000180 |    0.0068195    0.0381180 |    0.0000013    0.0002261
    13696   547.840 |    0.0000322    0.0005738 |    0.0000006    0.0000172 |    0.0068266    0.0376101 |    0.0000013    0.0002215
    13728   549.120 |    0.0000320    0.0005614 |    0.0000006    0.0000165 |    0.0068343    0.0371273 |    0.0000013    0.0002224
    13760   550.400 |    0.0000319    0.0005576 |    0.0000006    0.0000158 |    0.0068423    0.0367521 |    0.0000014    0.0002241
    13792   551.680 |    0.0000318    0.0005533 |    0.0000006    0.0000157 |    0.0068504    0.0366319 |    0.0000014    0.0002224
    13824   552.960 |    0.0000317    0.0005514 |    0.0000006    0.0000161 |    0.0068584    0.0368735 |    0.0000014    0.0002247
    13856   554.240 |    0.0000315    0.0005521 |    0.0000005    0.0000159 |    0.0068664    0.0367838 |    0.0000015    0.0002243
    13888   555.520 |    0.0000314    0.0005511 |    0.0000005    0.0000158 |    0.0068742    0.0367299 |    0.0000015    0.0002242
    13920   556.800 |    0.0000313    0.0005492 |    0.0000005    0.0000156 |    0.0068820    0.0366252 |    0.0000016    0.0002246
    13952   558.080 |    0.0000312    0.0005469 |    0.0000005    0.0000154 |    0.0068896    0.0364934 |    0.0000016    0.0002245
    13984   559.360 |    0.0000311    0.0005443 |    0.0000005    0.0000151 |    0.0068971    0.0363133 |    0.0000016    0.0002249
    14016   560.640 |    0.0000310    0.0005416 |    0.0000005    0.0000149 |    0.0069044    0.0361339 |    0.0000017    0.0002248
    14048   561.920 |    0.0000309    0.0005388 |    0.0000005    0.0000146 |    0.0069115    0.0359599 |    0.0000017    0.0002250
-----------------------------------------------------------------------------------------------------------------------------------
Iteration      Time |            HYDROBASE::rho |          HYDROBASE::press |            HYDROBASE::eps |      ML_ADMCONSTRAINTS::H
                    |        norm2      maximum |        norm2      maximum |        norm2      maximum |        norm2      maximum
-----------------------------------------------------------------------------------------------------------------------------------
    14080   563.200 |    0.0000308    0.0005364 |    0.0000005    0.0000144 |    0.0069183    0.0358027 |    0.0000017    0.0002249
    14112   564.480 |    0.0000307    0.0005344 |    0.0000005    0.0000143 |    0.0069247    0.0356815 |    0.0000018    0.0002253
    14144   565.760 |    0.0000307    0.0005328 |    0.0000005    0.0000141 |    0.0069309    0.0356022 |    0.0000018    0.0002251
    14176   567.040 |    0.0000306    0.0005316 |    0.0000005    0.0000141 |    0.0069367    0.0355533 |    0.0000018    0.0002253
    14208   568.320 |    0.0000305    0.0005307 |    0.0000005    0.0000140 |    0.0069421    0.0355161 |    0.0000018    0.0002254
    14240   569.600 |    0.0000305    0.0005300 |    0.0000005    0.0000140 |    0.0069473    0.0354772 |    0.0000018    0.0002254
    14272   570.880 |    0.0000304    0.0005295 |    0.0000005    0.0000139 |    0.0069524    0.0354436 |    0.0000019    0.0002255
    14304   572.160 |    0.0000304    0.0005291 |    0.0000005    0.0000139 |    0.0069585    0.0354214 |    0.0000019    0.0002255
    14336   573.440 |    0.0000304    0.0005290 |    0.0000005    0.0000139 |    0.0069643    0.0354197 |    0.0000019    0.0002256
    14368   574.720 |    0.0000304    0.0005291 |    0.0000005    0.0000139 |    0.0069688    0.0354292 |    0.0000018    0.0002256
    14400   576.000 |    0.0000304    0.0005293 |    0.0000005    0.0000139 |    0.0069726    0.0354505 |    0.0000018    0.0002257
    14432   577.280 |    0.0000304    0.0005297 |    0.0000005    0.0000139 |    0.0069762    0.0354867 |    0.0000018    0.0002258
    14464   578.560 |    0.0000304    0.0005302 |    0.0000005    0.0000140 |    0.0069798    0.0355170 |    0.0000018    0.0002257
    14496   579.840 |    0.0000304    0.0005308 |    0.0000005    0.0000140 |    0.0069835    0.0355359 |    0.0000018    0.0002258
    14528   581.120 |    0.0000304    0.0005316 |    0.0000005    0.0000140 |    0.0069873    0.0355695 |    0.0000017    0.0002259
    14560   582.400 |    0.0000305    0.0005326 |    0.0000005    0.0000141 |    0.0069911    0.0356287 |    0.0000017    0.0002262
    14592   583.680 |    0.0000305    0.0005339 |    0.0000005    0.0000142 |    0.0069948    0.0357218 |    0.0000017    0.0002260
    14624   584.960 |    0.0000306    0.0005355 |    0.0000005    0.0000143 |    0.0069982    0.0358354 |    0.0000016    0.0002260
    14656   586.240 |    0.0000306    0.0005373 |    0.0000005    0.0000145 |    0.0070009    0.0359486 |    0.0000016    0.0002261
    14688   587.520 |    0.0000307    0.0005392 |    0.0000005    0.0000146 |    0.0070033    0.0360566 |    0.0000016    0.0002261
-----------------------------------------------------------------------------------------------------------------------------------
Iteration      Time |            HYDROBASE::rho |          HYDROBASE::press |            HYDROBASE::eps |      ML_ADMCONSTRAINTS::H
                    |        norm2      maximum |        norm2      maximum |        norm2      maximum |        norm2      maximum
-----------------------------------------------------------------------------------------------------------------------------------
    14720   588.800 |    0.0000308    0.0005410 |    0.0000005    0.0000148 |    0.0070051    0.0361674 |    0.0000015    0.0002262
    14752   590.080 |    0.0000308    0.0005429 |    0.0000005    0.0000149 |    0.0070065    0.0362824 |    0.0000015    0.0002262
    14784   591.360 |    0.0000309    0.0005448 |    0.0000005    0.0000151 |    0.0070074    0.0364042 |    0.0000014    0.0002262
    14816   592.640 |    0.0000310    0.0005467 |    0.0000005    0.0000152 |    0.0070079    0.0365317 |    0.0000014    0.0002265
    14848   593.920 |    0.0000311    0.0005486 |    0.0000005    0.0000154 |    0.0070078    0.0366599 |    0.0000013    0.0002265
    14880   595.200 |    0.0000312    0.0005506 |    0.0000005    0.0000156 |    0.0070072    0.0367777 |    0.0000013    0.0002264
    14912   596.480 |    0.0000313    0.0005525 |    0.0000005    0.0000158 |    0.0070061    0.0368950 |    0.0000013    0.0002267
    14944   597.760 |    0.0000314    0.0005545 |    0.0000005    0.0000159 |    0.0070046    0.0370000 |    0.0000012    0.0002267
    14976   599.040 |    0.0000315    0.0005567 |    0.0000005    0.0000161 |    0.0070026    0.0371138 |    0.0000012    0.0002270
    15008   600.320 |    0.0000316    0.0005589 |    0.0000006    0.0000163 |    0.0070002    0.0372239 |    0.0000012    0.0002272
    15040   601.600 |    0.0000317    0.0005614 |    0.0000006    0.0000165 |    0.0069974    0.0373400 |    0.0000012    0.0002273
    15072   602.880 |    0.0000319    0.0005644 |    0.0000006    0.0000167 |    0.0069943    0.0374509 |    0.0000011    0.0002267
    15104   604.160 |    0.0000320    0.0005677 |    0.0000006    0.0000169 |    0.0069907    0.0375619 |    0.0000011    0.0002274
    15136   605.440 |    0.0000321    0.0005718 |    0.0000006    0.0000171 |    0.0069868    0.0376694 |    0.0000011    0.0002275
    15168   606.720 |    0.0000322    0.0005764 |    0.0000006    0.0000173 |    0.0069824    0.0377796 |    0.0000011    0.0002275
    15200   608.000 |    0.0000323    0.0005823 |    0.0000006    0.0000175 |    0.0069776    0.0378730 |    0.0000011    0.0002279
    15232   609.280 |    0.0000324    0.0005870 |    0.0000006    0.0000176 |    0.0069725    0.0379747 |    0.0000011    0.0002274
    15264   610.560 |    0.0000326    0.0005881 |    0.0000006    0.0000178 |    0.0069670    0.0380446 |    0.0000012    0.0002284
    15296   611.840 |    0.0000327    0.0005899 |    0.0000006    0.0000179 |    0.0069612    0.0381563 |    0.0000012    0.0002284
    15328   613.120 |    0.0000328    0.0005930 |    0.0000006    0.0000181 |    0.0069552    0.0382948 |    0.0000012    0.0002271
-----------------------------------------------------------------------------------------------------------------------------------
Iteration      Time |            HYDROBASE::rho |          HYDROBASE::press |            HYDROBASE::eps |      ML_ADMCONSTRAINTS::H
                    |        norm2      maximum |        norm2      maximum |        norm2      maximum |        norm2      maximum
-----------------------------------------------------------------------------------------------------------------------------------
    15360   614.400 |    0.0000329    0.0005957 |    0.0000006    0.0000184 |    0.0069489    0.0385410 |    0.0000012    0.0002285
    15392   615.680 |    0.0000330    0.0005972 |    0.0000006    0.0000189 |    0.0069424    0.0391772 |    0.0000012    0.0002270
    15424   616.960 |    0.0000331    0.0005984 |    0.0000006    0.0000194 |    0.0069357    0.0394600 |    0.0000012    0.0002307
    15456   618.240 |    0.0000332    0.0005997 |    0.0000006    0.0000193 |    0.0069288    0.0393590 |    0.0000012    0.0002328
    15488   619.520 |    0.0000332    0.0006001 |    0.0000006    0.0000193 |    0.0069217    0.0392966 |    0.0000012    0.0002314
    15520   620.800 |    0.0000333    0.0006005 |    0.0000007    0.0000194 |    0.0069145    0.0393212 |    0.0000012    0.0002304
    15552   622.080 |    0.0000334    0.0006010 |    0.0000007    0.0000194 |    0.0069073    0.0392896 |    0.0000012    0.0002312
    15584   623.360 |    0.0000334    0.0006020 |    0.0000007    0.0000197 |    0.0069000    0.0393403 |    0.0000012    0.0002310
    15616   624.640 |    0.0000335    0.0006026 |    0.0000007    0.0000199 |    0.0068928    0.0393888 |    0.0000012    0.0002305
    15648   625.920 |    0.0000335    0.0006032 |    0.0000007    0.0000201 |    0.0068858    0.0393806 |    0.0000012    0.0002309
    15680   627.200 |    0.0000335    0.0006034 |    0.0000007    0.0000200 |    0.0068791    0.0393392 |    0.0000012    0.0002311
    15712   628.480 |    0.0000335    0.0006035 |    0.0000007    0.0000200 |    0.0068727    0.0392894 |    0.0000012    0.0002316
    15744   629.760 |    0.0000335    0.0006036 |    0.0000007    0.0000200 |    0.0068666    0.0392615 |    0.0000012    0.0002314
    15776   631.040 |    0.0000335    0.0006037 |    0.0000007    0.0000200 |    0.0068610    0.0392209 |    0.0000012    0.0002316
    15808   632.320 |    0.0000335    0.0006037 |    0.0000007    0.0000200 |    0.0068556    0.0391931 |    0.0000012    0.0002318
    15840   633.600 |    0.0000335    0.0006038 |    0.0000007    0.0000200 |    0.0068506    0.0391707 |    0.0000012    0.0002312
    15872   634.880 |    0.0000334    0.0006038 |    0.0000007    0.0000200 |    0.0068459    0.0391371 |    0.0000012    0.0002319
    15904   636.160 |    0.0000334    0.0006034 |    0.0000007    0.0000199 |    0.0068416    0.0390936 |    0.0000012    0.0002309
    15936   637.440 |    0.0000333    0.0006030 |    0.0000007    0.0000198 |    0.0068378    0.0390460 |    0.0000011    0.0002298
    15968   638.720 |    0.0000333    0.0006026 |    0.0000007    0.0000197 |    0.0068344    0.0389938 |    0.0000011    0.0002304
-----------------------------------------------------------------------------------------------------------------------------------
Iteration      Time |            HYDROBASE::rho |          HYDROBASE::press |            HYDROBASE::eps |      ML_ADMCONSTRAINTS::H
                    |        norm2      maximum |        norm2      maximum |        norm2      maximum |        norm2      maximum
-----------------------------------------------------------------------------------------------------------------------------------
    16000   640.000 |    0.0000332    0.0006023 |    0.0000007    0.0000195 |    0.0068318    0.0389418 |    0.0000011    0.0002306
    16032   641.280 |    0.0000331    0.0006018 |    0.0000006    0.0000194 |    0.0068300    0.0388930 |    0.0000011    0.0002309
    16064   642.560 |    0.0000330    0.0006013 |    0.0000006    0.0000193 |    0.0068290    0.0388364 |    0.0000011    0.0002287
    16096   643.840 |    0.0000329    0.0006006 |    0.0000006    0.0000191 |    0.0068288    0.0387626 |    0.0000011    0.0002316
    16128   645.120 |    0.0000328    0.0005997 |    0.0000006    0.0000190 |    0.0068293    0.0386429 |    0.0000011    0.0002306
    16160   646.400 |    0.0000327    0.0005989 |    0.0000006    0.0000187 |    0.0068304    0.0385127 |    0.0000011    0.0002309
    16192   647.680 |    0.0000326    0.0005977 |    0.0000006    0.0000185 |    0.0068321    0.0383227 |    0.0000011    0.0002311
    16224   648.960 |    0.0000325    0.0005962 |    0.0000006    0.0000184 |    0.0068343    0.0381616 |    0.0000011    0.0002301
    16256   650.240 |    0.0000324    0.0005943 |    0.0000006    0.0000181 |    0.0068370    0.0379043 |    0.0000011    0.0002312
    16288   651.520 |    0.0000322    0.0005917 |    0.0000006    0.0000179 |    0.0068403    0.0376038 |    0.0000012    0.0002294
    16320   652.800 |    0.0000321    0.0005883 |    0.0000006    0.0000176 |    0.0068441    0.0372432 |    0.0000012    0.0002312
    16352   654.080 |    0.0000320    0.0005797 |    0.0000006    0.0000169 |    0.0068485    0.0367341 |    0.0000012    0.0002280
    16384   655.360 |    0.0000319    0.0005605 |    0.0000006    0.0000160 |    0.0068531    0.0361347 |    0.0000013    0.0002267
    16416   656.640 |    0.0000318    0.0005583 |    0.0000006    0.0000156 |    0.0068574    0.0360411 |    0.0000013    0.0002289
    16448   657.920 |    0.0000316    0.0005565 |    0.0000006    0.0000158 |    0.0068613    0.0361289 |    0.0000013    0.0002280
    16480   659.200 |    0.0000315    0.0005569 |    0.0000005    0.0000158 |    0.0068647    0.0361529 |    0.0000014    0.0002282
    16512   660.480 |    0.0000314    0.0005564 |    0.0000005    0.0000157 |    0.0068678    0.0361057 |    0.0000014    0.0002285
    16544   661.760 |    0.0000313    0.0005555 |    0.0000005    0.0000156 |    0.0068704    0.0360525 |    0.0000014    0.0002277
    16576   663.040 |    0.0000312    0.0005539 |    0.0000005    0.0000155 |    0.0068728    0.0359999 |    0.0000015    0.0002276
    16608   664.320 |    0.0000311    0.0005524 |    0.0000005    0.0000153 |    0.0068749    0.0358895 |    0.0000015    0.0002270
-----------------------------------------------------------------------------------------------------------------------------------
Iteration      Time |            HYDROBASE::rho |          HYDROBASE::press |            HYDROBASE::eps |      ML_ADMCONSTRAINTS::H
                    |        norm2      maximum |        norm2      maximum |        norm2      maximum |        norm2      maximum
-----------------------------------------------------------------------------------------------------------------------------------
    16640   665.600 |    0.0000310    0.0005503 |    0.0000005    0.0000151 |    0.0068769    0.0357645 |    0.0000015    0.0002269
    16672   666.880 |    0.0000309    0.0005484 |    0.0000005    0.0000149 |    0.0068788    0.0356420 |    0.0000016    0.0002263
    16704   668.160 |    0.0000309    0.0005466 |    0.0000005    0.0000147 |    0.0068806    0.0355224 |    0.0000016    0.0002258
    16736   669.440 |    0.0000308    0.0005451 |    0.0000005    0.0000145 |    0.0068825    0.0354335 |    0.0000016    0.0002256
    16768   670.720 |    0.0000307    0.0005440 |    0.0000005    0.0000144 |    0.0068844    0.0353628 |    0.0000017    0.0002248
    16800   672.000 |    0.0000307    0.0005431 |    0.0000005    0.0000144 |    0.0068866    0.0353341 |    0.0000017    0.0002242
    16832   673.280 |    0.0000306    0.0005423 |    0.0000005    0.0000143 |    0.0068889    0.0352931 |    0.0000017    0.0002237
    16864   674.560 |    0.0000306    0.0005417 |    0.0000005    0.0000142 |    0.0068918    0.0352609 |    0.0000017    0.0002231
    16896   675.840 |    0.0000306    0.0005410 |    0.0000005    0.0000141 |    0.0068952    0.0352146 |    0.0000017    0.0002227
    16928   677.120 |    0.0000305    0.0005403 |    0.0000005    0.0000141 |    0.0068995    0.0351831 |    0.0000017    0.0002220
    16960   678.400 |    0.0000305    0.0005397 |    0.0000005    0.0000140 |    0.0069043    0.0351520 |    0.0000017    0.0002215
    16992   679.680 |    0.0000305    0.0005395 |    0.0000005    0.0000140 |    0.0069092    0.0351389 |    0.0000017    0.0002210
    17024   680.960 |    0.0000305    0.0005396 |    0.0000005    0.0000140 |    0.0069137    0.0351610 |    0.0000017    0.0002207
    17056   682.240 |    0.0000305    0.0005401 |    0.0000005    0.0000140 |    0.0069178    0.0351987 |    0.0000017    0.0002200
    17088   683.520 |    0.0000305    0.0005409 |    0.0000005    0.0000141 |    0.0069217    0.0352528 |    0.0000016    0.0002198
    17120   684.800 |    0.0000305    0.0005422 |    0.0000005    0.0000142 |    0.0069252    0.0353234 |    0.0000016    0.0002190
    17152   686.080 |    0.0000306    0.0005436 |    0.0000005    0.0000143 |    0.0069283    0.0353945 |    0.0000016    0.0002190
    17184   687.360 |    0.0000306    0.0005452 |    0.0000005    0.0000144 |    0.0069304    0.0354749 |    0.0000016    0.0002186
    17216   688.640 |    0.0000306    0.0005468 |    0.0000005    0.0000145 |    0.0069321    0.0355627 |    0.0000015    0.0002187
    17248   689.920 |    0.0000307    0.0005485 |    0.0000005    0.0000147 |    0.0069331    0.0356603 |    0.0000015    0.0002177
-----------------------------------------------------------------------------------------------------------------------------------
Iteration      Time |            HYDROBASE::rho |          HYDROBASE::press |            HYDROBASE::eps |      ML_ADMCONSTRAINTS::H
                    |        norm2      maximum |        norm2      maximum |        norm2      maximum |        norm2      maximum
-----------------------------------------------------------------------------------------------------------------------------------
    17280   691.200 |    0.0000307    0.0005503 |    0.0000005    0.0000148 |    0.0069339    0.0357439 |    0.0000014    0.0002173
    17312   692.480 |    0.0000308    0.0005520 |    0.0000005    0.0000149 |    0.0069342    0.0358101 |    0.0000014    0.0002170
    17344   693.760 |    0.0000309    0.0005536 |    0.0000005    0.0000150 |    0.0069342    0.0358767 |    0.0000014    0.0002165
    17376   695.040 |    0.0000309    0.0005553 |    0.0000005    0.0000152 |    0.0069340    0.0359570 |    0.0000013    0.0002160
    17408   696.320 |    0.0000310    0.0005571 |    0.0000005    0.0000153 |    0.0069334    0.0360275 |    0.0000013    0.0002157
    17440   697.600 |    0.0000311    0.0005589 |    0.0000005    0.0000155 |    0.0069326    0.0360836 |    0.0000012    0.0002156
    17472   698.880 |    0.0000312    0.0005606 |    0.0000005    0.0000156 |    0.0069314    0.0361275 |    0.0000012    0.0002150
    17504   700.160 |    0.0000313    0.0005627 |    0.0000005    0.0000158 |    0.0069300    0.0361963 |    0.0000012    0.0002147
    17536   701.440 |    0.0000314    0.0005648 |    0.0000005    0.0000159 |    0.0069283    0.0362826 |    0.0000011    0.0002141
    17568   702.720 |    0.0000315    0.0005674 |    0.0000005    0.0000161 |    0.0069265    0.0363636 |    0.0000011    0.0002139
    17600   704.000 |    0.0000316    0.0005705 |    0.0000006    0.0000163 |    0.0069248    0.0364405 |    0.0000011    0.0002143
    17632   705.280 |    0.0000317    0.0005741 |    0.0000006    0.0000164 |    0.0069229    0.0365189 |    0.0000010    0.0002133
    17664   706.560 |    0.0000318    0.0005783 |    0.0000006    0.0000166 |    0.0069207    0.0365877 |    0.0000010    0.0002138
    17696   707.840 |    0.0000319    0.0005841 |    0.0000006    0.0000168 |    0.0069180    0.0366488 |    0.0000010    0.0002137
    17728   709.120 |    0.0000320    0.0005870 |    0.0000006    0.0000170 |    0.0069150    0.0367177 |    0.0000010    0.0002120
    17760   710.400 |    0.0000321    0.0005883 |    0.0000006    0.0000171 |    0.0069114    0.0367808 |    0.0000010    0.0002133
    17792   711.680 |    0.0000322    0.0005901 |    0.0000006    0.0000173 |    0.0069075    0.0368323 |    0.0000010    0.0002136
    17824   712.960 |    0.0000323    0.0005922 |    0.0000006    0.0000174 |    0.0069031    0.0368895 |    0.0000010    0.0002122
    17856   714.240 |    0.0000324    0.0005942 |    0.0000006    0.0000176 |    0.0068982    0.0369824 |    0.0000010    0.0002120
    17888   715.520 |    0.0000325    0.0005961 |    0.0000006    0.0000179 |    0.0068929    0.0371863 |    0.0000010    0.0002104
-----------------------------------------------------------------------------------------------------------------------------------
Iteration      Time |            HYDROBASE::rho |          HYDROBASE::press |            HYDROBASE::eps |      ML_ADMCONSTRAINTS::H
                    |        norm2      maximum |        norm2      maximum |        norm2      maximum |        norm2      maximum
-----------------------------------------------------------------------------------------------------------------------------------
    17920   716.800 |    0.0000326    0.0005975 |    0.0000006    0.0000182 |    0.0068871    0.0375271 |    0.0000010    0.0002111
    17952   718.080 |    0.0000327    0.0005990 |    0.0000006    0.0000184 |    0.0068810    0.0378249 |    0.0000010    0.0002113
    17984   719.360 |    0.0000328    0.0006003 |    0.0000006    0.0000187 |    0.0068744    0.0380011 |    0.0000010    0.0002105
    18016   720.640 |    0.0000329    0.0006015 |    0.0000006    0.0000189 |    0.0068674    0.0380613 |    0.0000010    0.0002112
    18048   721.920 |    0.0000330    0.0006021 |    0.0000006    0.0000190 |    0.0068598    0.0381164 |    0.0000011    0.0002097
    18080   723.200 |    0.0000331    0.0006024 |    0.0000006    0.0000191 |    0.0068519    0.0381233 |    0.0000011    0.0002091
    18112   724.480 |    0.0000331    0.0006028 |    0.0000006    0.0000192 |    0.0068437    0.0381400 |    0.0000011    0.0002107
    18144   725.760 |    0.0000332    0.0006033 |    0.0000006    0.0000193 |    0.0068354    0.0381440 |    0.0000011    0.0002099
    18176   727.040 |    0.0000333    0.0006038 |    0.0000007    0.0000194 |    0.0068268    0.0381501 |    0.0000011    0.0002098
    18208   728.320 |    0.0000333    0.0006043 |    0.0000007    0.0000196 |    0.0068181    0.0381533 |    0.0000011    0.0002098
    18240   729.600 |    0.0000333    0.0006048 |    0.0000007    0.0000197 |    0.0068094    0.0381375 |    0.0000011    0.0002087
    18272   730.880 |    0.0000334    0.0006050 |    0.0000007    0.0000197 |    0.0068008    0.0381104 |    0.0000011    0.0002089
    18304   732.160 |    0.0000334    0.0006053 |    0.0000007    0.0000198 |    0.0067922    0.0380677 |    0.0000011    0.0002092
    18336   733.440 |    0.0000334    0.0006053 |    0.0000007    0.0000198 |    0.0067837    0.0380313 |    0.0000011    0.0002088
    18368   734.720 |    0.0000334    0.0006054 |    0.0000007    0.0000198 |    0.0067754    0.0379795 |    0.0000011    0.0002087
    18400   736.000 |    0.0000334    0.0006055 |    0.0000007    0.0000198 |    0.0067673    0.0379283 |    0.0000011    0.0002080
    18432   737.280 |    0.0000334    0.0006055 |    0.0000007    0.0000198 |    0.0067594    0.0378770 |    0.0000011    0.0002083
    18464   738.560 |    0.0000333    0.0006053 |    0.0000007    0.0000198 |    0.0067518    0.0378284 |    0.0000010    0.0002080
    18496   739.840 |    0.0000333    0.0006051 |    0.0000007    0.0000197 |    0.0067446    0.0377709 |    0.0000010    0.0002078
    18528   741.120 |    0.0000332    0.0006048 |    0.0000007    0.0000196 |    0.0067379    0.0377111 |    0.0000010    0.0002077
-----------------------------------------------------------------------------------------------------------------------------------
Iteration      Time |            HYDROBASE::rho |          HYDROBASE::press |            HYDROBASE::eps |      ML_ADMCONSTRAINTS::H
                    |        norm2      maximum |        norm2      maximum |        norm2      maximum |        norm2      maximum
-----------------------------------------------------------------------------------------------------------------------------------
    18560   742.400 |    0.0000332    0.0006044 |    0.0000007    0.0000195 |    0.0067318    0.0376479 |    0.0000010    0.0002074
    18592   743.680 |    0.0000331    0.0006040 |    0.0000006    0.0000194 |    0.0067264    0.0375792 |    0.0000010    0.0002067
    18624   744.960 |    0.0000330    0.0006035 |    0.0000006    0.0000193 |    0.0067217    0.0375060 |    0.0000010    0.0002065
    18656   746.240 |    0.0000330    0.0006030 |    0.0000006    0.0000192 |    0.0067177    0.0374263 |    0.0000010    0.0002069
    18688   747.520 |    0.0000329    0.0006025 |    0.0000006    0.0000190 |    0.0067144    0.0373278 |    0.0000010    0.0002063
    18720   748.800 |    0.0000328    0.0006018 |    0.0000006    0.0000189 |    0.0067120    0.0372266 |    0.0000010    0.0002062
    18752   750.080 |    0.0000327    0.0006010 |    0.0000006    0.0000187 |    0.0067103    0.0371197 |    0.0000010    0.0002055
    18784   751.360 |    0.0000326    0.0006002 |    0.0000006    0.0000185 |    0.0067096    0.0369943 |    0.0000010    0.0002054
    18816   752.640 |    0.0000325    0.0005992 |    0.0000006    0.0000183 |    0.0067097    0.0368454 |    0.0000010    0.0002047
    18848   753.920 |    0.0000324    0.0005980 |    0.0000006    0.0000181 |    0.0067107    0.0366874 |    0.0000010    0.0002052
    18880   755.200 |    0.0000323    0.0005965 |    0.0000006    0.0000179 |    0.0067125    0.0364573 |    0.0000011    0.0002037
    18912   756.480 |    0.0000322    0.0005950 |    0.0000006    0.0000177 |    0.0067151    0.0361827 |    0.0000011    0.0002050
    18944   757.760 |    0.0000321    0.0005922 |    0.0000006    0.0000174 |    0.0067183    0.0357490 |    0.0000011    0.0002053
    18976   759.040 |    0.0000320    0.0005891 |    0.0000006    0.0000172 |    0.0067221    0.0353269 |    0.0000011    0.0002062
    19008   760.320 |    0.0000319    0.0005813 |    0.0000006    0.0000168 |    0.0067264    0.0351012 |    0.0000012    0.0002042
    19040   761.600 |    0.0000317    0.0005626 |    0.0000006    0.0000160 |    0.0067309    0.0348606 |    0.0000012    0.0001996
    19072   762.880 |    0.0000316    0.0005597 |    0.0000006    0.0000155 |    0.0067358    0.0345551 |    0.0000012    0.0002028
    19104   764.160 |    0.0000315    0.0005624 |    0.0000005    0.0000159 |    0.0067407    0.0344082 |    0.0000013    0.0002013
    19136   765.440 |    0.0000314    0.0005614 |    0.0000005    0.0000158 |    0.0067456    0.0345098 |    0.0000013    0.0002026
    19168   766.720 |    0.0000313    0.0005595 |    0.0000005    0.0000157 |    0.0067505    0.0344170 |    0.0000013    0.0002018
Memory statistics from CarpetLib:
   Current number of objects: 768
   Current allocated memory:  257 MB
   Maximum number of objects: 772
   Maximum allocated memory:  258 MB
   Current administrative memory: 1.1 MB
   Total allocated used system memory: 55.4 MB
   Total allocated free system memory: 29.2 MB
   gh::allmemory:    123132
   dh::allmemory:    721984
   th::allmemory:    13888
   ggf::allmemory:   189992
   gdata::allmemory: 55208
-----------------------------------------------------------------------------------------------------------------------------------
Iteration      Time |            HYDROBASE::rho |          HYDROBASE::press |            HYDROBASE::eps |      ML_ADMCONSTRAINTS::H
                    |        norm2      maximum |        norm2      maximum |        norm2      maximum |        norm2      maximum
-----------------------------------------------------------------------------------------------------------------------------------
    19200   768.000 |    0.0000313    0.0005579 |    0.0000005    0.0000155 |    0.0067552    0.0343198 |    0.0000014    0.0002024
    19232   769.280 |    0.0000312    0.0005562 |    0.0000005    0.0000154 |    0.0067597    0.0342015 |    0.0000014    0.0002018
    19264   770.560 |    0.0000311    0.0005542 |    0.0000005    0.0000152 |    0.0067639    0.0340862 |    0.0000014    0.0002015
    19296   771.840 |    0.0000310    0.0005521 |    0.0000005    0.0000150 |    0.0067678    0.0339732 |    0.0000015    0.0002011
    19328   773.120 |    0.0000309    0.0005504 |    0.0000005    0.0000149 |    0.0067715    0.0338544 |    0.0000015    0.0002010
    19360   774.400 |    0.0000309    0.0005489 |    0.0000005    0.0000147 |    0.0067748    0.0337490 |    0.0000015    0.0002007
    19392   775.680 |    0.0000308    0.0005477 |    0.0000005    0.0000146 |    0.0067780    0.0336589 |    0.0000015    0.0002002
    19424   776.960 |    0.0000308    0.0005468 |    0.0000005    0.0000146 |    0.0067809    0.0335815 |    0.0000016    0.0002001
    19456   778.240 |    0.0000307    0.0005462 |    0.0000005    0.0000145 |    0.0067840    0.0335166 |    0.0000016    0.0001998
    19488   779.520 |    0.0000307    0.0005457 |    0.0000005    0.0000145 |    0.0067875    0.0334542 |    0.0000016    0.0001997
    19520   780.800 |    0.0000307    0.0005451 |    0.0000005    0.0000144 |    0.0067907    0.0333944 |    0.0000016    0.0001995
    19552   782.080 |    0.0000306    0.0005446 |    0.0000005    0.0000143 |    0.0067933    0.0333383 |    0.0000016    0.0001992
    19584   783.360 |    0.0000306    0.0005442 |    0.0000005    0.0000143 |    0.0067954    0.0332992 |    0.0000016    0.0001993
    19616   784.640 |    0.0000306    0.0005440 |    0.0000005    0.0000143 |    0.0067972    0.0332756 |    0.0000016    0.0001990
    19648   785.920 |    0.0000306    0.0005441 |    0.0000005    0.0000143 |    0.0067987    0.0332601 |    0.0000015    0.0001988
    19680   787.200 |    0.0000306    0.0005445 |    0.0000005    0.0000143 |    0.0068001    0.0332609 |    0.0000015    0.0001986
    19712   788.480 |    0.0000306    0.0005450 |    0.0000005    0.0000144 |    0.0068013    0.0332767 |    0.0000015    0.0001985
    19744   789.760 |    0.0000307    0.0005459 |    0.0000005    0.0000144 |    0.0068024    0.0332980 |    0.0000015    0.0001983
    19776   791.040 |    0.0000307    0.0005469 |    0.0000005    0.0000145 |    0.0068033    0.0333255 |    0.0000015    0.0001981
    19808   792.320 |    0.0000307    0.0005479 |    0.0000005    0.0000146 |    0.0068039    0.0333578 |    0.0000014    0.0001981
-----------------------------------------------------------------------------------------------------------------------------------
Iteration      Time |            HYDROBASE::rho |          HYDROBASE::press |            HYDROBASE::eps |      ML_ADMCONSTRAINTS::H
                    |        norm2      maximum |        norm2      maximum |        norm2      maximum |        norm2      maximum
-----------------------------------------------------------------------------------------------------------------------------------
    19840   793.600 |    0.0000308    0.0005489 |    0.0000005    0.0000147 |    0.0068042    0.0333991 |    0.0000014    0.0001981
    19872   794.880 |    0.0000308    0.0005500 |    0.0000005    0.0000148 |    0.0068042    0.0334408 |    0.0000014    0.0001980
    19904   796.160 |    0.0000308    0.0005513 |    0.0000005    0.0000149 |    0.0068040    0.0334824 |    0.0000013    0.0001981
    19936   797.440 |    0.0000309    0.0005529 |    0.0000005    0.0000150 |    0.0068034    0.0335275 |    0.0000013    0.0001978
    19968   798.720 |    0.0000310    0.0005543 |    0.0000005    0.0000152 |    0.0068026    0.0335771 |    0.0000012    0.0001977
INFO (CarpetIOHDF5): ---------------------------------------------------------
INFO (CarpetIOHDF5): Dumping periodic checkpoint at iteration 19976, simulation time 799.04
INFO (CarpetIOHDF5): ---------------------------------------------------------
    20000   800.000 |    0.0000310    0.0005556 |    0.0000005    0.0000153 |    0.0068015    0.0336235 |    0.0000012    0.0001975
    20032   801.280 |    0.0000311    0.0005571 |    0.0000005    0.0000154 |    0.0068001    0.0336718 |    0.0000012    0.0001974
    20064   802.560 |    0.0000312    0.0005588 |    0.0000005    0.0000155 |    0.0067984    0.0337418 |    0.0000011    0.0001971
    20096   803.840 |    0.0000313    0.0005605 |    0.0000005    0.0000157 |    0.0067964    0.0338254 |    0.0000011    0.0001972
    20128   805.120 |    0.0000314    0.0005624 |    0.0000005    0.0000158 |    0.0067939    0.0339049 |    0.0000011    0.0001970
    20160   806.400 |    0.0000315    0.0005645 |    0.0000005    0.0000160 |    0.0067910    0.0339877 |    0.0000010    0.0001969
    20192   807.680 |    0.0000315    0.0005669 |    0.0000006    0.0000161 |    0.0067876    0.0340760 |    0.0000010    0.0001967
    20224   808.960 |    0.0000316    0.0005696 |    0.0000006    0.0000163 |    0.0067838    0.0341669 |    0.0000010    0.0001966
    20256   810.240 |    0.0000317    0.0005729 |    0.0000006    0.0000164 |    0.0067795    0.0342588 |    0.0000009    0.0001965
    20288   811.520 |    0.0000318    0.0005769 |    0.0000006    0.0000166 |    0.0067747    0.0344313 |    0.0000009    0.0001965
    20320   812.800 |    0.0000319    0.0005815 |    0.0000006    0.0000167 |    0.0067694    0.0346618 |    0.0000009    0.0001962
    20352   814.080 |    0.0000320    0.0005861 |    0.0000006    0.0000169 |    0.0067638    0.0348903 |    0.0000009    0.0001963
    20384   815.360 |    0.0000321    0.0005896 |    0.0000006    0.0000172 |    0.0067577    0.0350891 |    0.0000009    0.0001960
    20416   816.640 |    0.0000322    0.0005922 |    0.0000006    0.0000174 |    0.0067513    0.0352512 |    0.0000009    0.0001957
    20448   817.920 |    0.0000323    0.0005942 |    0.0000006    0.0000176 |    0.0067446    0.0353691 |    0.0000009    0.0001976
-----------------------------------------------------------------------------------------------------------------------------------
Iteration      Time |            HYDROBASE::rho |          HYDROBASE::press |            HYDROBASE::eps |      ML_ADMCONSTRAINTS::H
                    |        norm2      maximum |        norm2      maximum |        norm2      maximum |        norm2      maximum
-----------------------------------------------------------------------------------------------------------------------------------
    20480   819.200 |    0.0000324    0.0005958 |    0.0000006    0.0000178 |    0.0067375    0.0354825 |    0.0000009    0.0001966
    20512   820.480 |    0.0000325    0.0005970 |    0.0000006    0.0000179 |    0.0067301    0.0356051 |    0.0000009    0.0001958
    20544   821.760 |    0.0000326    0.0005982 |    0.0000006    0.0000181 |    0.0067223    0.0357624 |    0.0000009    0.0001963
    20576   823.040 |    0.0000327    0.0005991 |    0.0000006    0.0000183 |    0.0067143    0.0358785 |    0.0000009    0.0001962
    20608   824.320 |    0.0000328    0.0005998 |    0.0000006    0.0000184 |    0.0067061    0.0359549 |    0.0000009    0.0001953
    20640   825.600 |    0.0000329    0.0006008 |    0.0000006    0.0000186 |    0.0066977    0.0360455 |    0.0000009    0.0001968
    20672   826.880 |    0.0000329    0.0006016 |    0.0000006    0.0000188 |    0.0066889    0.0361388 |    0.0000009    0.0001952
    20704   828.160 |    0.0000330    0.0006020 |    0.0000006    0.0000189 |    0.0066796    0.0361988 |    0.0000010    0.0001957
    20736   829.440 |    0.0000331    0.0006026 |    0.0000006    0.0000190 |    0.0066702    0.0362631 |    0.0000010    0.0001951
    20768   830.720 |    0.0000331    0.0006028 |    0.0000006    0.0000191 |    0.0066605    0.0362854 |    0.0000010    0.0001962
    20800   832.000 |    0.0000332    0.0006031 |    0.0000006    0.0000192 |    0.0066508    0.0363198 |    0.0000010    0.0001964
    20832   833.280 |    0.0000332    0.0006033 |    0.0000006    0.0000192 |    0.0066411    0.0363380 |    0.0000010    0.0001959
    20864   834.560 |    0.0000332    0.0006037 |    0.0000007    0.0000193 |    0.0066316    0.0363598 |    0.0000010    0.0001961
    20896   835.840 |    0.0000333    0.0006039 |    0.0000007    0.0000194 |    0.0066221    0.0363700 |    0.0000010    0.0001962
    20928   837.120 |    0.0000333    0.0006041 |    0.0000007    0.0000194 |    0.0066129    0.0363848 |    0.0000010    0.0001962
    20960   838.400 |    0.0000333    0.0006042 |    0.0000007    0.0000195 |    0.0066038    0.0363858 |    0.0000010    0.0001958
    20992   839.680 |    0.0000333    0.0006042 |    0.0000007    0.0000195 |    0.0065949    0.0363799 |    0.0000010    0.0001958
    21024   840.960 |    0.0000333    0.0006041 |    0.0000007    0.0000194 |    0.0065863    0.0363712 |    0.0000009    0.0001958
    21056   842.240 |    0.0000332    0.0006040 |    0.0000007    0.0000194 |    0.0065779    0.0363568 |    0.0000009    0.0001958
    21088   843.520 |    0.0000332    0.0006039 |    0.0000007    0.0000194 |    0.0065698    0.0363382 |    0.0000009    0.0001957
-----------------------------------------------------------------------------------------------------------------------------------
Iteration      Time |            HYDROBASE::rho |          HYDROBASE::press |            HYDROBASE::eps |      ML_ADMCONSTRAINTS::H
                    |        norm2      maximum |        norm2      maximum |        norm2      maximum |        norm2      maximum
-----------------------------------------------------------------------------------------------------------------------------------
    21120   844.800 |    0.0000332    0.0006037 |    0.0000007    0.0000193 |    0.0065620    0.0363180 |    0.0000009    0.0001956
    21152   846.080 |    0.0000331    0.0006034 |    0.0000006    0.0000193 |    0.0065546    0.0362881 |    0.0000009    0.0001955
    21184   847.360 |    0.0000331    0.0006031 |    0.0000006    0.0000192 |    0.0065478    0.0362509 |    0.0000009    0.0001954
    21216   848.640 |    0.0000330    0.0006026 |    0.0000006    0.0000191 |    0.0065417    0.0362169 |    0.0000009    0.0001956
    21248   849.920 |    0.0000329    0.0006022 |    0.0000006    0.0000190 |    0.0065363    0.0361750 |    0.0000009    0.0001950
    21280   851.200 |    0.0000329    0.0006017 |    0.0000006    0.0000189 |    0.0065318    0.0361244 |    0.0000009    0.0001949
    21312   852.480 |    0.0000328    0.0006011 |    0.0000006    0.0000187 |    0.0065283    0.0360698 |    0.0000009    0.0001946
    21344   853.760 |    0.0000327    0.0006002 |    0.0000006    0.0000186 |    0.0065259    0.0359934 |    0.0000009    0.0001942
    21376   855.040 |    0.0000326    0.0005995 |    0.0000006    0.0000184 |    0.0065246    0.0359002 |    0.0000009    0.0001948
    21408   856.320 |    0.0000325    0.0005986 |    0.0000006    0.0000182 |    0.0065241    0.0357867 |    0.0000009    0.0001944
    21440   857.600 |    0.0000324    0.0005976 |    0.0000006    0.0000181 |    0.0065245    0.0356900 |    0.0000009    0.0001939
    21472   858.880 |    0.0000323    0.0005962 |    0.0000006    0.0000179 |    0.0065255    0.0355765 |    0.0000010    0.0001939
    21504   860.160 |    0.0000322    0.0005951 |    0.0000006    0.0000177 |    0.0065270    0.0354994 |    0.0000010    0.0001934
    21536   861.440 |    0.0000321    0.0005927 |    0.0000006    0.0000175 |    0.0065291    0.0353823 |    0.0000010    0.0001941
    21568   862.720 |    0.0000320    0.0005907 |    0.0000006    0.0000173 |    0.0065317    0.0352854 |    0.0000010    0.0001939
    21600   864.000 |    0.0000319    0.0005872 |    0.0000006    0.0000171 |    0.0065350    0.0351153 |    0.0000011    0.0001912
    21632   865.280 |    0.0000318    0.0005833 |    0.0000006    0.0000169 |    0.0065389    0.0349246 |    0.0000011    0.0001932
    21664   866.560 |    0.0000317    0.0005630 |    0.0000006    0.0000159 |    0.0065435    0.0340425 |    0.0000011    0.0002012
    21696   867.840 |    0.0000316    0.0005582 |    0.0000006    0.0000155 |    0.0065486    0.0338855 |    0.0000012    0.0001936
    21728   869.120 |    0.0000316    0.0005629 |    0.0000005    0.0000159 |    0.0065543    0.0339099 |    0.0000012    0.0001897
-----------------------------------------------------------------------------------------------------------------------------------
Iteration      Time |            HYDROBASE::rho |          HYDROBASE::press |            HYDROBASE::eps |      ML_ADMCONSTRAINTS::H
                    |        norm2      maximum |        norm2      maximum |        norm2      maximum |        norm2      maximum
-----------------------------------------------------------------------------------------------------------------------------------
    21760   870.400 |    0.0000315    0.0005601 |    0.0000005    0.0000157 |    0.0065603    0.0337747 |    0.0000012    0.0001920
    21792   871.680 |    0.0000314    0.0005594 |    0.0000005    0.0000157 |    0.0065667    0.0337425 |    0.0000013    0.0001911
    21824   872.960 |    0.0000313    0.0005579 |    0.0000005    0.0000155 |    0.0065732    0.0336703 |    0.0000013    0.0001910
    21856   874.240 |    0.0000312    0.0005565 |    0.0000005    0.0000154 |    0.0065798    0.0335987 |    0.0000013    0.0001908
    21888   875.520 |    0.0000311    0.0005551 |    0.0000005    0.0000153 |    0.0065864    0.0335292 |    0.0000014    0.0001907
    21920   876.800 |    0.0000311    0.0005533 |    0.0000005    0.0000152 |    0.0065928    0.0334420 |    0.0000014    0.0001901
    21952   878.080 |    0.0000310    0.0005513 |    0.0000005    0.0000150 |    0.0065989    0.0333455 |    0.0000014    0.0001899
    21984   879.360 |    0.0000309    0.0005500 |    0.0000005    0.0000149 |    0.0066048    0.0332822 |    0.0000014    0.0001898
    22016   880.640 |    0.0000309    0.0005486 |    0.0000005    0.0000147 |    0.0066104    0.0332132 |    0.0000014    0.0001895
    22048   881.920 |    0.0000308    0.0005477 |    0.0000005    0.0000147 |    0.0066157    0.0331698 |    0.0000015    0.0001891
    22080   883.200 |    0.0000308    0.0005470 |    0.0000005    0.0000146 |    0.0066207    0.0331371 |    0.0000015    0.0001889
    22112   884.480 |    0.0000308    0.0005464 |    0.0000005    0.0000146 |    0.0066255    0.0331104 |    0.0000015    0.0001887
    22144   885.760 |    0.0000307    0.0005458 |    0.0000005    0.0000145 |    0.0066304    0.0330792 |    0.0000015    0.0001884
    22176   887.040 |    0.0000307    0.0005452 |    0.0000005    0.0000144 |    0.0066357    0.0330513 |    0.0000015    0.0001882
    22208   888.320 |    0.0000307    0.0005447 |    0.0000005    0.0000144 |    0.0066405    0.0330316 |    0.0000015    0.0001880
    22240   889.600 |    0.0000307    0.0005445 |    0.0000005    0.0000144 |    0.0066448    0.0330213 |    0.0000015    0.0001877
    22272   890.880 |    0.0000307    0.0005446 |    0.0000005    0.0000144 |    0.0066488    0.0330271 |    0.0000014    0.0001874
    22304   892.160 |    0.0000307    0.0005449 |    0.0000005    0.0000144 |    0.0066525    0.0330480 |    0.0000014    0.0001872
    22336   893.440 |    0.0000307    0.0005455 |    0.0000005    0.0000145 |    0.0066559    0.0330802 |    0.0000014    0.0001870
    22368   894.720 |    0.0000307    0.0005463 |    0.0000005    0.0000146 |    0.0066590    0.0331234 |    0.0000014    0.0001868
-----------------------------------------------------------------------------------------------------------------------------------
Iteration      Time |            HYDROBASE::rho |          HYDROBASE::press |            HYDROBASE::eps |      ML_ADMCONSTRAINTS::H
                    |        norm2      maximum |        norm2      maximum |        norm2      maximum |        norm2      maximum
-----------------------------------------------------------------------------------------------------------------------------------
    22400   896.000 |    0.0000308    0.0005472 |    0.0000005    0.0000146 |    0.0066618    0.0331727 |    0.0000014    0.0001865
    22432   897.280 |    0.0000308    0.0005483 |    0.0000005    0.0000147 |    0.0066640    0.0332257 |    0.0000013    0.0001863
    22464   898.560 |    0.0000308    0.0005493 |    0.0000005    0.0000148 |    0.0066659    0.0332779 |    0.0000013    0.0001860
    22496   899.840 |    0.0000309    0.0005504 |    0.0000005    0.0000149 |    0.0066673    0.0333335 |    0.0000013    0.0001859
    22528   901.120 |    0.0000309    0.0005518 |    0.0000005    0.0000150 |    0.0066682    0.0334020 |    0.0000012    0.0001856
    22560   902.400 |    0.0000310    0.0005532 |    0.0000005    0.0000152 |    0.0066687    0.0334741 |    0.0000012    0.0001855
    22592   903.680 |    0.0000311    0.0005546 |    0.0000005    0.0000153 |    0.0066688    0.0335450 |    0.0000012    0.0001853
    22624   904.960 |    0.0000311    0.0005559 |    0.0000005    0.0000154 |    0.0066685    0.0336088 |    0.0000011    0.0001850
    22656   906.240 |    0.0000312    0.0005573 |    0.0000005    0.0000155 |    0.0066678    0.0336802 |    0.0000011    0.0001848
    22688   907.520 |    0.0000313    0.0005590 |    0.0000005    0.0000156 |    0.0066667    0.0337664 |    0.0000010    0.0001846
    22720   908.800 |    0.0000313    0.0005607 |    0.0000005    0.0000158 |    0.0066652    0.0338519 |    0.0000010    0.0001845
    22752   910.080 |    0.0000314    0.0005624 |    0.0000005    0.0000159 |    0.0066633    0.0339380 |    0.0000010    0.0001842
    22784   911.360 |    0.0000315    0.0005642 |    0.0000005    0.0000160 |    0.0066610    0.0340310 |    0.0000009    0.0001841
    22816   912.640 |    0.0000316    0.0005662 |    0.0000006    0.0000162 |    0.0066583    0.0341346 |    0.0000009    0.0001838
    22848   913.920 |    0.0000317    0.0005685 |    0.0000006    0.0000163 |    0.0066552    0.0342479 |    0.0000009    0.0001840
    22880   915.200 |    0.0000318    0.0005711 |    0.0000006    0.0000165 |    0.0066518    0.0343810 |    0.0000009    0.0001836
    22912   916.480 |    0.0000319    0.0005740 |    0.0000006    0.0000166 |    0.0066479    0.0345269 |    0.0000008    0.0001836
    22944   917.760 |    0.0000320    0.0005775 |    0.0000006    0.0000167 |    0.0066437    0.0347051 |    0.0000008    0.0001833
    22976   919.040 |    0.0000320    0.0005816 |    0.0000006    0.0000169 |    0.0066392    0.0349100 |    0.0000008    0.0001831
    23008   920.320 |    0.0000321    0.0005859 |    0.0000006    0.0000170 |    0.0066343    0.0351209 |    0.0000008    0.0001832
-----------------------------------------------------------------------------------------------------------------------------------
Iteration      Time |            HYDROBASE::rho |          HYDROBASE::press |            HYDROBASE::eps |      ML_ADMCONSTRAINTS::H
                    |        norm2      maximum |        norm2      maximum |        norm2      maximum |        norm2      maximum
-----------------------------------------------------------------------------------------------------------------------------------
    23040   921.600 |    0.0000322    0.0005895 |    0.0000006    0.0000172 |    0.0066290    0.0353008 |    0.0000008    0.0001829
    23072   922.880 |    0.0000323    0.0005922 |    0.0000006    0.0000175 |    0.0066233    0.0354354 |    0.0000008    0.0001817
    23104   924.160 |    0.0000324    0.0005941 |    0.0000006    0.0000176 |    0.0066173    0.0355289 |    0.0000008    0.0001820
    23136   925.440 |    0.0000325    0.0005958 |    0.0000006    0.0000179 |    0.0066109    0.0356146 |    0.0000008    0.0001825
    23168   926.720 |    0.0000326    0.0005969 |    0.0000006    0.0000180 |    0.0066042    0.0356652 |    0.0000008    0.0001807
    23200   928.000 |    0.0000327    0.0005980 |    0.0000006    0.0000182 |    0.0065972    0.0357270 |    0.0000008    0.0001822
    23232   929.280 |    0.0000327    0.0005989 |    0.0000006    0.0000183 |    0.0065900    0.0357709 |    0.0000008    0.0001816
    23264   930.560 |    0.0000328    0.0005997 |    0.0000006    0.0000185 |    0.0065824    0.0358151 |    0.0000008    0.0001815
    23296   931.840 |    0.0000329    0.0006004 |    0.0000006    0.0000186 |    0.0065746    0.0358492 |    0.0000009    0.0001818
    23328   933.120 |    0.0000329    0.0006010 |    0.0000006    0.0000187 |    0.0065664    0.0358794 |    0.0000009    0.0001816
    23360   934.400 |    0.0000330    0.0006015 |    0.0000006    0.0000189 |    0.0065580    0.0359069 |    0.0000009    0.0001815
    23392   935.680 |    0.0000330    0.0006020 |    0.0000006    0.0000190 |    0.0065495    0.0359326 |    0.0000009    0.0001817
    23424   936.960 |    0.0000331    0.0006022 |    0.0000006    0.0000190 |    0.0065408    0.0359366 |    0.0000009    0.0001810
    23456   938.240 |    0.0000331    0.0006024 |    0.0000006    0.0000191 |    0.0065320    0.0359508 |    0.0000009    0.0001810
    23488   939.520 |    0.0000331    0.0006027 |    0.0000006    0.0000191 |    0.0065233    0.0359615 |    0.0000009    0.0001810
    23520   940.800 |    0.0000332    0.0006029 |    0.0000006    0.0000192 |    0.0065146    0.0359708 |    0.0000009    0.0001808
    23552   942.080 |    0.0000332    0.0006031 |    0.0000006    0.0000192 |    0.0065059    0.0359801 |    0.0000009    0.0001805
    23584   943.360 |    0.0000332    0.0006032 |    0.0000006    0.0000193 |    0.0064974    0.0359819 |    0.0000009    0.0001803
    23616   944.640 |    0.0000332    0.0006032 |    0.0000006    0.0000193 |    0.0064891    0.0359802 |    0.0000009    0.0001804
    23648   945.920 |    0.0000331    0.0006031 |    0.0000006    0.0000192 |    0.0064809    0.0359711 |    0.0000009    0.0001803
-----------------------------------------------------------------------------------------------------------------------------------
Iteration      Time |            HYDROBASE::rho |          HYDROBASE::press |            HYDROBASE::eps |      ML_ADMCONSTRAINTS::H
                    |        norm2      maximum |        norm2      maximum |        norm2      maximum |        norm2      maximum
-----------------------------------------------------------------------------------------------------------------------------------
    23680   947.200 |    0.0000331    0.0006030 |    0.0000006    0.0000192 |    0.0064730    0.0359638 |    0.0000008    0.0001799
    23712   948.480 |    0.0000331    0.0006028 |    0.0000006    0.0000192 |    0.0064655    0.0359542 |    0.0000008    0.0001799
    23744   949.760 |    0.0000331    0.0006027 |    0.0000006    0.0000191 |    0.0064582    0.0359428 |    0.0000008    0.0001796
    23776   951.040 |    0.0000330    0.0006024 |    0.0000006    0.0000191 |    0.0064515    0.0359261 |    0.0000008    0.0001796
    23808   952.320 |    0.0000330    0.0006021 |    0.0000006    0.0000190 |    0.0064451    0.0359064 |    0.0000008    0.0001790
    23840   953.600 |    0.0000329    0.0006017 |    0.0000006    0.0000189 |    0.0064394    0.0358826 |    0.0000008    0.0001790
    23872   954.880 |    0.0000329    0.0006011 |    0.0000006    0.0000188 |    0.0064342    0.0358500 |    0.0000008    0.0001790
    23904   956.160 |    0.0000328    0.0006005 |    0.0000006    0.0000186 |    0.0064296    0.0358164 |    0.0000008    0.0001786
    23936   957.440 |    0.0000327    0.0005999 |    0.0000006    0.0000185 |    0.0064259    0.0357787 |    0.0000008    0.0001789
    23968   958.720 |    0.0000326    0.0005992 |    0.0000006    0.0000184 |    0.0064229    0.0357450 |    0.0000008    0.0001782
    24000   960.000 |    0.0000326    0.0005985 |    0.0000006    0.0000182 |    0.0064209    0.0357023 |    0.0000008    0.0001784
    24032   961.280 |    0.0000325    0.0005976 |    0.0000006    0.0000181 |    0.0064197    0.0356525 |    0.0000009    0.0001783
    24064   962.560 |    0.0000324    0.0005962 |    0.0000006    0.0000179 |    0.0064193    0.0355823 |    0.0000009    0.0001781
    24096   963.840 |    0.0000323    0.0005952 |    0.0000006    0.0000178 |    0.0064197    0.0355312 |    0.0000009    0.0001777
    24128   965.120 |    0.0000322    0.0005939 |    0.0000006    0.0000176 |    0.0064208    0.0354613 |    0.0000009    0.0001768
    24160   966.400 |    0.0000321    0.0005912 |    0.0000006    0.0000173 |    0.0064225    0.0353150 |    0.0000009    0.0001759
    24192   967.680 |    0.0000320    0.0005898 |    0.0000006    0.0000172 |    0.0064249    0.0352550 |    0.0000010    0.0001775
    24224   968.960 |    0.0000319    0.0005855 |    0.0000006    0.0000170 |    0.0064279    0.0350265 |    0.0000010    0.0001774
    24256   970.240 |    0.0000318    0.0005816 |    0.0000006    0.0000168 |    0.0064314    0.0348446 |    0.0000010    0.0001750
    24288   971.520 |    0.0000317    0.0005638 |    0.0000006    0.0000160 |    0.0064354    0.0339452 |    0.0000011    0.0001794
-----------------------------------------------------------------------------------------------------------------------------------
Iteration      Time |            HYDROBASE::rho |          HYDROBASE::press |            HYDROBASE::eps |      ML_ADMCONSTRAINTS::H
                    |        norm2      maximum |        norm2      maximum |        norm2      maximum |        norm2      maximum
-----------------------------------------------------------------------------------------------------------------------------------
    24320   972.800 |    0.0000317    0.0005596 |    0.0000006    0.0000156 |    0.0064399    0.0336695 |    0.0000011    0.0001766
    24352   974.080 |    0.0000316    0.0005634 |    0.0000006    0.0000160 |    0.0064448    0.0339235 |    0.0000011    0.0001760
    24384   975.360 |    0.0000315    0.0005610 |    0.0000005    0.0000158 |    0.0064501    0.0337892 |    0.0000012    0.0001752
    24416   976.640 |    0.0000314    0.0005603 |    0.0000005    0.0000157 |    0.0064557    0.0337610 |    0.0000012    0.0001746
    24448   977.920 |    0.0000313    0.0005587 |    0.0000005    0.0000156 |    0.0064616    0.0336805 |    0.0000012    0.0001742
    24480   979.200 |    0.0000313    0.0005574 |    0.0000005    0.0000155 |    0.0064677    0.0336139 |    0.0000013    0.0001740
    24512   980.480 |    0.0000312    0.0005560 |    0.0000005    0.0000154 |    0.0064739    0.0335407 |    0.0000013    0.0001736
    24544   981.760 |    0.0000311    0.0005546 |    0.0000005    0.0000152 |    0.0064802    0.0334692 |    0.0000013    0.0001734
    24576   983.040 |    0.0000311    0.0005529 |    0.0000005    0.0000151 |    0.0064863    0.0333810 |    0.0000013    0.0001730
    24608   984.320 |    0.0000310    0.0005515 |    0.0000005    0.0000150 |    0.0064923    0.0333114 |    0.0000013    0.0001728
    24640   985.600 |    0.0000310    0.0005505 |    0.0000005    0.0000149 |    0.0064980    0.0332585 |    0.0000014    0.0001725
    24672   986.880 |    0.0000309    0.0005497 |    0.0000005    0.0000148 |    0.0065034    0.0332159 |    0.0000014    0.0001722
    24704   988.160 |    0.0000309    0.0005491 |    0.0000005    0.0000148 |    0.0065085    0.0331853 |    0.0000014    0.0001719
    24736   989.440 |    0.0000309    0.0005487 |    0.0000005    0.0000147 |    0.0065132    0.0331642 |    0.0000014    0.0001716
    24768   990.720 |    0.0000308    0.0005483 |    0.0000005    0.0000147 |    0.0065175    0.0331424 |    0.0000014    0.0001714
    24800   992.000 |    0.0000308    0.0005479 |    0.0000005    0.0000147 |    0.0065218    0.0331196 |    0.0000014    0.0001711
    24832   993.280 |    0.0000308    0.0005475 |    0.0000005    0.0000146 |    0.0065261    0.0331000 |    0.0000014    0.0001708
    24864   994.560 |    0.0000308    0.0005474 |    0.0000005    0.0000146 |    0.0065306    0.0330914 |    0.0000014    0.0001706
    24896   995.840 |    0.0000308    0.0005475 |    0.0000005    0.0000146 |    0.0065355    0.0330944 |    0.0000014    0.0001703
    24928   997.120 |    0.0000308    0.0005478 |    0.0000005    0.0000146 |    0.0065399    0.0331085 |    0.0000013    0.0001701
-----------------------------------------------------------------------------------------------------------------------------------
Iteration      Time |            HYDROBASE::rho |          HYDROBASE::press |            HYDROBASE::eps |      ML_ADMCONSTRAINTS::H
                    |        norm2      maximum |        norm2      maximum |        norm2      maximum |        norm2      maximum
-----------------------------------------------------------------------------------------------------------------------------------
    24960   998.400 |    0.0000308    0.0005483 |    0.0000005    0.0000147 |    0.0065434    0.0331299 |    0.0000013    0.0001698
    24992   999.680 |    0.0000308    0.0005490 |    0.0000005    0.0000147 |    0.0065462    0.0331600 |    0.0000013    0.0001695
INFO (Carpet): Terminating due to cctk_final_time at t = 1000.000000
INFO (CarpetIOHDF5): ---------------------------------------------------------
INFO (CarpetIOHDF5): Dumping termination checkpoint at iteration 25000, simulation time 1000
INFO (CarpetIOHDF5): ---------------------------------------------------------
--------------------------------------------------------------------------------
Done.
Stopping:
2025年 11月 21日 星期五 23:26:14 CST
Done.
Simfactory Done at date: 2025年11月21日 星期五 23时26分14秒
