Running simulation SFHo+CCSpoint2nopert
Preparing:
Checking:
/home/rva-msi-ubuntu/simulations/SFHo+CCSpoint2nopert/output-0000-active
rva-msi-ubuntu
2025年 11月 15日 星期六 13:56:17 CST
Environment:
Starting:
INFO (Cactus): Increased logging level from 0 to 3
--------------------------------------------------------------------------------

       10                                  
  1   0101       ************************  
  01  1010 10      The Cactus Code V4.17.0    
 1010 1101 011      www.cactuscode.org     
  1001 100101    ************************  
    00010101                               
     100011     (c) Copyright The Authors  
      0100      GNU Licensed. No Warranty  
      0101                                 
--------------------------------------------------------------------------------

Cactus version:    4.17.0
Compile date:      Sep 21 2025 (23:06:30)
Run date:          Nov 15 2025 (13:56:18+0800)
Run host:          rva-msi-ubuntu (pid=406866)
Working directory: /home/rva-msi-ubuntu/simulations/SFHo+CCSpoint2nopert/output-0000
Executable:        /home/rva-msi-ubuntu/simulations/SFHo+CCSpoint2nopert/SIMFACTORY/exe/cactus_sim
Parameter file:    /home/rva-msi-ubuntu/simulations/SFHo+CCSpoint2nopert/output-0000/SFHo+CCS.par
--------------------------------------------------------------------------------

Activating thorn Cactus...Success -> active implementation Cactus
Activation requested for 
--->AEILocalInterp Constants Fortran GSL Formaline TerminationTrigger Carpet CarpetLib CarpetInterp LocalInterp2 CarpetReduce LoopControl Slab Boundary CartGrid3D CoordBase SymBase ReflectionSymmetry CarpetRegrid2 MoL Time PizzaTOV PizzaBase PizzaIDBase PizzaNumUtils HydroBase THC_Core HRSCCore EOS_Thermal EOS_Thermal_Hybrid ADMBase ADMCoupling ADMMacros CoordGauge SpaceMask StaticConformal TmunuBase InitBase GenericFD NewRad ML_CCZ4 ML_CCZ4_Helper ML_ADMConstraints Dissipation WatchDog NaNChecker Multipole WeylScal4 SphericalSurface IOUtil HDF5 CarpetIOASCII CarpetIOScalar CarpetIOHDF5 CarpetIOBasic<---
Thorn Carpet requests automatic activation of MPI
Thorn Carpet requests automatic activation of Timers
Thorn CarpetLib requests automatic activation of Vectors
Thorn CarpetLib requests automatic activation of Boost
Thorn CarpetLib requests automatic activation of CycleClock
Thorn EOS_Thermal_Hybrid requests automatic activation of EOS_Barotropic
Thorn Formaline requests automatic activation of pthreads
Thorn HDF5 requests automatic activation of zlib
Thorn HRSCCore requests automatic activation of CPPUtils
Thorn HRSCCore requests automatic activation of FDCore
Thorn LoopControl requests automatic activation of hwloc
Thorn CPPUtils requests automatic activation of BLAS
Activating thorn ADMBase...Success -> active implementation ADMBase
Activating thorn ADMCoupling...Success -> active implementation ADMCoupling
Activating thorn ADMMacros...Success -> active implementation ADMMacros
Activating thorn AEILocalInterp...Success -> active implementation AEILocalInterp
Activating thorn BLAS...Success -> active implementation BLAS
Activating thorn Boost...Success -> active implementation Boost
Activating thorn Boundary...Success -> active implementation boundary
Activating thorn Carpet...Success -> active implementation Driver
Activating thorn CarpetInterp...Success -> active implementation interp
Activating thorn CarpetIOASCII...Success -> active implementation IOASCII
Activating thorn CarpetIOBasic...Success -> active implementation IOBasic
Activating thorn CarpetIOHDF5...Success -> active implementation IOHDF5
Activating thorn CarpetIOScalar...Success -> active implementation IOScalar
Activating thorn CarpetLib...Success -> active implementation CarpetLib
Activating thorn CarpetReduce...Success -> active implementation reduce
Activating thorn CarpetRegrid2...Success -> active implementation CarpetRegrid2
Activating thorn CartGrid3D...Success -> active implementation grid
Activating thorn Constants...Success -> active implementation Constants
Activating thorn CoordBase...Success -> active implementation CoordBase
Activating thorn CoordGauge...Success -> active implementation CoordGauge
Activating thorn CPPUtils...Success -> active implementation CPPUtils
Activating thorn CycleClock...Success -> active implementation CycleClock
Activating thorn Dissipation...Success -> active implementation Dissipation
Activating thorn EOS_Barotropic...Success -> active implementation EOS_Barotropic
Activating thorn EOS_Thermal...Success -> active implementation EOS_Thermal
Activating thorn EOS_Thermal_Hybrid...Success -> active implementation EOS_Thermal_Hybrid
Activating thorn FDCore...Success -> active implementation FDCore
Activating thorn Formaline...Success -> active implementation Formaline
Activating thorn Fortran...Success -> active implementation Fortran
Activating thorn GenericFD...Success -> active implementation GenericFD
Activating thorn GSL...Success -> active implementation GSL
Activating thorn HDF5...Success -> active implementation HDF5
Activating thorn HRSCCore...Success -> active implementation HRSCCore
Activating thorn hwloc...Success -> active implementation hwloc
Activating thorn HydroBase...Success -> active implementation HydroBase
Activating thorn InitBase...Success -> active implementation InitBase
Activating thorn IOUtil...Success -> active implementation IO
Activating thorn LocalInterp2...Success -> active implementation LocalInterp
Activating thorn LoopControl...Success -> active implementation LoopControl
Activating thorn ML_ADMConstraints...Success -> active implementation ML_ADMConstraints
Activating thorn ML_CCZ4...Success -> active implementation ML_CCZ4
Activating thorn ML_CCZ4_Helper...Success -> active implementation ML_CCZ4_Helper
Activating thorn MoL...Success -> active implementation MethodOfLines
Activating thorn MPI...Success -> active implementation MPI
Activating thorn Multipole...Success -> active implementation multipole
Activating thorn NaNChecker...Success -> active implementation NaNChecker
Activating thorn NewRad...Success -> active implementation NewRad
Activating thorn PizzaBase...Success -> active implementation PizzaBase
Activating thorn PizzaIDBase...Success -> active implementation PizzaIDBase
Activating thorn PizzaNumUtils...Success -> active implementation PizzaNumUtils
Activating thorn PizzaTOV...Success -> active implementation PizzaTOV
Activating thorn pthreads...Success -> active implementation PTHREADS
Activating thorn ReflectionSymmetry...Success -> active implementation ReflectionSymmetry
Activating thorn Slab...Success -> active implementation Slab
Activating thorn SpaceMask...Success -> active implementation SpaceMask
Activating thorn SphericalSurface...Success -> active implementation SphericalSurface
Activating thorn StaticConformal...Success -> active implementation StaticConformal
Activating thorn SymBase...Success -> active implementation SymBase
Activating thorn TerminationTrigger...Success -> active implementation TerminationTrigger
Activating thorn THC_Core...Success -> active implementation THC_Core
Activating thorn Time...Success -> active implementation time
Activating thorn Timers...Success -> active implementation Timers
Activating thorn TmunuBase...Success -> active implementation TmunuBase
Activating thorn Vectors...Success -> active implementation Vectors
Activating thorn WatchDog...Success -> active implementation WatchDog
Activating thorn WeylScal4...Success -> active implementation WeylScal4
Activating thorn zlib...Success -> active implementation zlib
INFO (IOUtil): Recovery directory '../checkpoint' doesn't exist
--------------------------------------------------------------------------------
  if (recover initial data)
    Recover parameters
  endif

  Startup routines
    [CCTK_STARTUP]
      Carpet::MultiModel_Startup: Multi-model Startup routine
      CycleClock::CycleClock_Setup: Set up CycleClock
      LoopControl::LC_setup: Set up LoopControl
      ML_CCZ4_Helper::ML_CCZ4_SetGroupTags: [meta] Set checkpointing and prolongation group tags
      Timers::Timer_Startup: Prepare hierarchical timers
      CarpetIOHDF5::CarpetIOHDF5_SetNumRefinementLevels: [meta] Overwrite 'CarpetRegrid::refinement_levels' with the number of levels found in the checkpoint file
      Carpet::Driver_Startup: Startup routine
      IOUtil::IOUtil_Startup: Startup routine
      CarpetInterp::CarpetInterpStartup: Startup routine
      CarpetReduce::CarpetReduceStartup: Startup routine
      CartGrid3D::SymmetryStartup: Register GH Extension for GridSymmetry
      CoordBase::CoordBase_Startup: Register a GH extension to store the coordinate system handles
      AEILocalInterp::AEILocalInterp_U_Startup: register CCTK_InterpLocalUniform() interpolation operators
      EOS_Thermal_Hybrid::EOS_Hybrid_Register: Register Hybrid EOS as global evolution EOS
      Formaline::Formaline_PrintIDs: [meta] Print the build and simulation ids
      HRSCCore::HRSCC_Startup: [global] Register banner
      HydroBase::HydroBase_StartUp: Startup banner
      CarpetIOASCII::CarpetIOASCIIStartup: [global] Startup routine
      LocalInterp2::LocalInterp2_Startup: register LocalInterp2's interpolation operators
      CarpetIOBasic::CarpetIOBasicStartup: [global] Startup routine
      ML_ADMConstraints::ML_ADMConstraints_Startup: [meta] create banner
      ML_CCZ4::ML_CCZ4_Startup: [meta] create banner
      ML_CCZ4_Helper::ML_CCZ4_RegisterSlicing: [meta] Register slicing
      CarpetIOHDF5::CarpetIOHDF5_Startup: Startup routine
      MoL::MoL_Startup: Startup banner
      PizzaBase::PizzaBase_Startup: Parameter Conversions
      PizzaIDBase::PizzaIDBase_Startup: Parameter Conversions
      PizzaTOV::PizzaTOV_Startup: Parameter Conversions
      Slab::Slab_InitMPIDatatypes: Create MPI datatypes for complex variables in C
      SymBase::SymBase_Startup: Register GH Extension for SymBase
      THC_Core::THC_Init: [global] Register banner
      TerminationTrigger::TerminationTrigger_StartSignalHandler: Start signal handler
      CarpetIOScalar::CarpetIOScalarStartup: [global] Startup routine
      Vectors::Vectors_Startup: Print startup message
      WeylScal4::WeylScal4_Startup: [meta] create banner
      GROUP hwloc_startup: hwloc startup group
        hwloc::hwloc_version: Output hwloc version

  Startup routines which need an existing grid hierarchy
    [CCTK_WRAGH]
      ADMBase::Einstein_InitSymBound: [global] Set up GF symmetries
      Boundary::Boundary_RegisterBCs: [global] Register boundary conditions that this thorn provides
      CarpetRegrid2::CarpetRegrid2_Initialise: [global] Initialise locations of refined regions
      CartGrid3D::RegisterCartGrid3DCoords: [meta] Register coordinates for the Cartesian grid
      CoordGauge::Einstein_ActivateSlicing: Initialize slicing, setup priorities for mixed slicings
      CoordGauge::Einstein_SetNextSlicing: Identify the slicing for the next iteration
      Formaline::Formaline_OutputSource: [meta] Output Cactus source tree
      Formaline::Formaline_RegisterWarnings: [meta] Register to receive warnings and info messages from the flesh
      Formaline::Formaline_AnnounceInitial: [global] Put some meta information about the current run into permanent storage
      HRSCCore::HRSCC_GetGridCoordinates: [global] Store the Cactus indices of the grid coordinates and weights
      HRSCCore::HRSCC_GetMetric: [global] Store the Cactus indices of the diagonal components of the metric and the lapse
      ML_CCZ4_Helper::ML_CCZ4_ParamCompat: [meta] Handle parameter backward compatibility
      MoL::MoL_SetupIndexArrays: Set up the MoL bookkeeping index arrays
      MoL::MoL_SetScheduleStatus: [global] Set the flag so it is ok to register with MoL
      TmunuBase::TmunuBase_SetStressEnergyState: [global] Set the stress_energy_state variable
      GROUP MoL_Register: The group where physics thorns register variables with MoL
        ML_ADMConstraints::ML_ADMConstraints_RegisterVars: [meta] Register Variables for MoL
        ML_CCZ4::ML_CCZ4_RegisterVars: [meta] Register Variables for MoL
        ML_CCZ4_Helper::ML_CCZ4_RegisterConstrained: [meta] Register ADMBase variables as constrained
        THC_Core::THC_MoLRegister: [global] Register variables with MoL
        WeylScal4::WeylScal4_RegisterVars: [meta] Register Variables for MoL
      Slab::Slab_InitTimers: Initialise timers
      SpaceMask::MaskSym: [global] Set grid symmetries for mask
      SpaceMask::MaskSym_emask: [global] Set grid symmetries for emask (compatibility mode)
      GROUP SymBase_Wrapper: Wrapper group for SymBase
        GROUP SymmetryRegister: Register your symmetries here
          CartGrid3D::CartGrid3D_RegisterSymmetryBoundaries: [meta] Register symmetry boundaries
          ML_ADMConstraints::ML_ADMConstraints_RegisterSymmetries: [meta] register symmetries
          ML_CCZ4::ML_CCZ4_RegisterSymmetries: [meta] register symmetries
          ReflectionSymmetry::ReflectionSymmetry_Register: Register reflection symmetry boundaries
          WeylScal4::WeylScal4_RegisterSymmetries: [meta] register symmetries
        SymBase::SymBase_Statistics: Print symmetry boundary face descriptions
      THC_Core::THC_SetupAtmosphere: [global] Setup atmosphere parameters
      THC_Core::THC_HRSCCRegister: [global] Register variable indices with HRSCCore
      MoL::MoL_ReportNumberVariables: [meta] Report how many of each type of variable there are
  Parameter checking routines
    [CCTK_PARAMCHECK]
      ADMBase::ADMBase_ParamCheck: [global] Check consistency of parameters
      Boundary::Boundary_Check: Check dimension of grid variables
      Carpet::CarpetParamCheck: Parameter checking routine
      CarpetLib::CarpetLib_test_prolongate_3d_rf2: [global] Test prolongation operators
      CarpetRegrid2::CarpetRegrid2_ParamCheck: Check parameters
      CartGrid3D::ParamCheck_CartGrid3D: Check coordinates for CartGrid3D
      Dissipation::dissipation_paramcheck: Check dissipation parameters for consistency
      Fortran::CheckFortranParameters: Test whether Fortran parameters work correctly
      HRSCCore::HRSCC_ParamCheck: [global] Check consistency of the parameters
      ML_CCZ4_Helper::ML_CCZ4_ParamCheck: [meta] Check parameters
      MoL::MoL_ParamCheck: Basic parameter checking
      Multipole::Multipole_ParamCheck: [global] Check Multipole parameters
      SphericalSurface::SphericalSurface_ParamCheck: [global] Check that all surface names are unique
      THC_Core::THC_ParamCheck: [global] Check parameters
      TerminationTrigger::TerminationTrigger_ParamCheck: Check consitency of parameters
      TmunuBase::TmunuBase_ParamCheck: [global] Check that no deprecated parameters are used.
      Vectors::Vectors_Test: Run correctness tests.

  Initialisation
    if (NOT (recover initial data AND recovery_mode is 'strict'))
      [CCTK_PREREGRIDINITIAL]
      Set up grid hierarchy
      [CCTK_POSTREGRIDINITIAL]
        CartGrid3D::SpatialCoordinates: Set Coordinates after regridding
        GROUP MaskBase_SetupMask: Set up the weight function
          GROUP MaskBase_SetupMaskAll: Set up the weight function
            CarpetReduce::MaskBase_AllocateMask: [global] Allocate the weight function
            CarpetReduce::MaskBase_InitMask: [global] [loop-local] Initialise the weight function
            GROUP SetupIMaskInternal: Set up the integer weight function (schedule other routines in here)
              CarpetReduce::CoordBase_SetupMask: [global] [loop-local] Set up the outer boundaries of the weight function
              CarpetReduce::CarpetMaskSetup: [global] [loop-singlemap] Set up the weight function for the restriction regions
            GROUP SetupIMask: Set up the integer weight function (schedule other routines in here)
            CarpetReduce::MaskBase_SetMask: [global] [loop-local] Set the weight function
            GROUP SetupMask: Set up the real weight function (schedule other routines in here)
            CarpetReduce::MaskBase_TestMask: [global] Test the weight function
        Dissipation::setup_epsdis: Setup spatially varying dissipation
        GROUP MoL_PseudoEvolutionBoundaries: Apply boundary conditions to pseudo-evolved quantities
          GROUP ML_ADMConstraints_evaluate_bc_group: ML_ADMConstraints_evaluate
            ML_ADMConstraints::ML_ADMConstraints_evaluate_SelectBCs: [level] ML_ADMConstraints_evaluate_SelectBCs
            GROUP ML_ADMConstraints_evaluate_ApplyBCs: Apply BCs for groups set in ML_ADMConstraints_evaluate
              GROUP BoundaryConditions: Execute all boundary conditions
                Boundary::Boundary_ApplyPhysicalBCs: Apply all requested local physical boundary conditions
                CartGrid3D::CartGrid3D_ApplyBC: Apply symmetry boundary conditions
                ReflectionSymmetry::ReflectionSymmetry_Apply: Apply reflection symmetries
              Boundary::Boundary_ClearSelection: [level] Unselect all grid variables for boundary conditions
          GROUP ML_CCZ4_ConstraintsEverywhere_bc_group: ML_CCZ4_ConstraintsEverywhere
            ML_CCZ4::ML_CCZ4_ConstraintsEverywhere_SelectBCs: [level] ML_CCZ4_ConstraintsEverywhere_SelectBCs
            GROUP ML_CCZ4_ConstraintsEverywhere_ApplyBCs: Apply BCs for groups set in ML_CCZ4_ConstraintsEverywhere
              GROUP BoundaryConditions: Execute all boundary conditions
                Boundary::Boundary_ApplyPhysicalBCs: Apply all requested local physical boundary conditions
                CartGrid3D::CartGrid3D_ApplyBC: Apply symmetry boundary conditions
                ReflectionSymmetry::ReflectionSymmetry_Apply: Apply reflection symmetries
              Boundary::Boundary_ClearSelection: [level] Unselect all grid variables for boundary conditions
          GROUP ML_CCZ4_ConstraintsInterior_bc_group: ML_CCZ4_ConstraintsInterior
            ML_CCZ4::ML_CCZ4_ConstraintsInterior_SelectBCs: [level] ML_CCZ4_ConstraintsInterior_SelectBCs
            GROUP ML_CCZ4_ConstraintsInterior_ApplyBCs: Apply BCs for groups set in ML_CCZ4_ConstraintsInterior
              GROUP BoundaryConditions: Execute all boundary conditions
                Boundary::Boundary_ApplyPhysicalBCs: Apply all requested local physical boundary conditions
                CartGrid3D::CartGrid3D_ApplyBC: Apply symmetry boundary conditions
                ReflectionSymmetry::ReflectionSymmetry_Apply: Apply reflection symmetries
              Boundary::Boundary_ClearSelection: [level] Unselect all grid variables for boundary conditions
          GROUP WeylScal4_psi4_calc_Nth_bc_group: WeylScal4_psi4_calc_Nth
            WeylScal4::WeylScal4_psi4_calc_Nth_SelectBCs: [level] WeylScal4_psi4_calc_Nth_SelectBCs
            GROUP WeylScal4_psi4_calc_Nth_ApplyBCs: Apply BCs for groups set in WeylScal4_psi4_calc_Nth
              GROUP BoundaryConditions: Execute all boundary conditions
                Boundary::Boundary_ApplyPhysicalBCs: Apply all requested local physical boundary conditions
                CartGrid3D::CartGrid3D_ApplyBC: Apply symmetry boundary conditions
                ReflectionSymmetry::ReflectionSymmetry_Apply: Apply reflection symmetries
              Boundary::Boundary_ClearSelection: [level] Unselect all grid variables for boundary conditions
        SpaceMask::MaskZero: Initialise mask to zero
        SpaceMask::MaskOne: Set mask to one
      [CCTK_BASEGRID]
        ADMBase::ADMBase_SetShiftStateOn: Set the shift_state variable to 1
        ADMBase::ADMBase_SetDtLapseStateOn: Set the dtlapse_state variable to 1
        ADMBase::ADMBase_SetDtShiftStateOn: Set the dtshift_state variable to 1
        ADMMacros::ADMMacros_SetLocalSpatialOrder: Initialize the local_spatial_order
        CartGrid3D::SpatialSpacings: Set up ranges for spatial 3D Cartesian coordinates (on all grids)
        CartGrid3D::SpatialCoordinates: Set up spatial 3D Cartesian coordinates on the GH
        SphericalSurface::SphericalSurface_SetupRes: [global] [loop-local] Set surface resolution automatically
        Dissipation::dissipation_basegrid: Ensure that there are enough ghost zones
        HRSCCore::HRSCC_ParamStore: [global] Store parameters in private namespace
        ML_ADMConstraints::ML_ADMConstraints_CheckBoundaries: [meta] check boundaries treatment
        ML_CCZ4::ML_CCZ4_CheckBoundaries: [meta] check boundaries treatment
        NaNChecker::NaNChecker_ResetCounter: [global] Reset the NaNChecker::NaNsFound counter
        SpaceMask::MaskZero: Initialise mask to zero
        SpaceMask::MaskOne: Set old style mask to one
        SphericalSurface::SphericalSurface_Setup: [global] Calculate surface coordinate descriptors
        GROUP MaskBase_SetupMask: Set up the weight function
          GROUP MaskBase_SetupMaskAll: Set up the weight function
            CarpetReduce::MaskBase_AllocateMask: [global] Allocate the weight function
            CarpetReduce::MaskBase_InitMask: [global] [loop-local] Initialise the weight function
            GROUP SetupIMaskInternal: Set up the integer weight function (schedule other routines in here)
              CarpetReduce::CoordBase_SetupMask: [global] [loop-local] Set up the outer boundaries of the weight function
              CarpetReduce::CarpetMaskSetup: [global] [loop-singlemap] Set up the weight function for the restriction regions
            GROUP SetupIMask: Set up the integer weight function (schedule other routines in here)
            CarpetReduce::MaskBase_SetMask: [global] [loop-local] Set the weight function
            GROUP SetupMask: Set up the real weight function (schedule other routines in here)
            CarpetReduce::MaskBase_TestMask: [global] Test the weight function
        SphericalSurface::SphericalSurface_Set: [global] Set surface radii to be used for initial setup in other thorns
        GROUP SphericalSurface_HasBeenSet: Set the spherical surfaces before this group, and use it afterwards
          SphericalSurface::SphericalSurface_CheckState: [global] Test the state of the spherical surfaces
        SymBase::SymBase_Check: Check whether the driver set up the grid consistently
        THC_Core::THC_SetSym: [global] Setup symmetries
        TerminationTrigger::TerminationTrigger_ResetTrigger: Clear trigger state
        TerminationTrigger::TerminationTrigger_StartTimer: Start timer
        TerminationTrigger::TerminationTrigger_CreateFile: Create termination file
        Time::Time_Initialise: [global] Initialise Time variables
        Time::TemporalSpacings: [singlemap] Set timestep based on Courant condition (courant_static)
        WeylScal4::WeylScal4_CheckBoundaries: [meta] check boundaries treatment
      [CCTK_INITIAL]
        StaticConformal::StaticConformal_InitialiseState: Set the conformal_state variable to 0
        GROUP ADMBase_InitialData: Schedule group for calculating ADM initial data
        GROUP ADMBase_InitialGauge: Schedule group for the ADM initial gauge condition
          ADMBase::ADMBase_DtLapseZero: Set the dtlapse to 0 at all points
          ADMBase::ADMBase_DtShiftZero: Set the dtshift to 0 at all points
        CarpetIOASCII::CarpetIOASCIIInit: [global] Initialisation routine
        CarpetIOBasic::CarpetIOBasicInit: [global] Initialisation routine
        CarpetIOHDF5::CarpetIOHDF5_Init: [global] Initialisation routine
        CarpetIOScalar::CarpetIOScalarInit: [global] Initialisation routine
        GROUP HydroBase_Initial: HydroBase initial data group
          GROUP PizzaIDBase_InitialData: Construct initial data
            PizzaTOV::PizzaTOV_Initial_Data: TOV-Star initial data
            PizzaTOV::TOVSol_Startup: [global] Print param_test for debug
          GROUP PizzaIDBase_Analysis_Unpert: Analysis of unperturbed data
          GROUP PizzaIDBase_Perturb: Add Perturbation to initial data
            PizzaTOV::PizzaTOV_Perturb_Data: Add Density Perturbation to initial data
          PizzaIDBase::PizzaIDBase_Timelevels: Copy ID to previous timelevels
        GROUP HydroBase_Prim2ConInitial: Recover the conservative variables from the primitive variables
          THC_Core::THC_PrimToAllInitial: Initialize all the other variables
        GROUP ADMBase_PostInitial: Schedule group for modifying the ADM initial data, such as e.g. adding noise
        ML_CCZ4::ML_CCZ4_InitialADMBase1Everywhere: ML_CCZ4_InitialADMBase1Everywhere
        ML_CCZ4::ML_CCZ4_InitialADMBase2Interior: ML_CCZ4_InitialADMBase2Interior
        MoL::MoL_StartLoop: [level] Initialise the step size control
        ML_CCZ4_Helper::ML_CCZ4_ExtrapolateGammas: Extrapolate Gammas and time derivatives of lapse and shift
      [CCTK_POSTINITIAL]
        CarpetIOHDF5::CarpetIOHDF5_CloseFiles: [global] Close all filereader input files
        MoL::MoL_FillAllLevels: A bad routine. Fills all previous timelevels with data copied from the current.
        GROUP MoL_PostStepModify: The group for physics thorns to schedule enforcing constraints
          ML_CCZ4::ML_CCZ4_EnforceEverywhere: ML_CCZ4_EnforceEverywhere
        GROUP MoL_PostStep: Ensure that everything is correct after the initial data have been set up
          ML_CCZ4::ML_CCZ4_SelectBoundConds: [level] select boundary conditions
          GROUP ML_CCZ4_ApplyBCs: Apply boundary conditions controlled by thorn Boundary
            GROUP BoundaryConditions: Execute all boundary conditions
              Boundary::Boundary_ApplyPhysicalBCs: Apply all requested local physical boundary conditions
              CartGrid3D::CartGrid3D_ApplyBC: Apply symmetry boundary conditions
              ReflectionSymmetry::ReflectionSymmetry_Apply: Apply reflection symmetries
            Boundary::Boundary_ClearSelection: [level] Unselect all grid variables for boundary conditions
          ML_ADMConstraints::ML_ADMConstraints_SelectBoundConds: [level] select boundary conditions
          GROUP ML_ADMConstraints_ApplyBCs: Apply boundary conditions controlled by thorn Boundary
            GROUP BoundaryConditions: Execute all boundary conditions
              Boundary::Boundary_ApplyPhysicalBCs: Apply all requested local physical boundary conditions
              CartGrid3D::CartGrid3D_ApplyBC: Apply symmetry boundary conditions
              ReflectionSymmetry::ReflectionSymmetry_Apply: Apply reflection symmetries
            Boundary::Boundary_ClearSelection: [level] Unselect all grid variables for boundary conditions
          ML_CCZ4::ML_CCZ4_ADMBaseInterior: ML_CCZ4_ADMBaseInterior
          ML_CCZ4::ML_CCZ4_ADMBaseBoundaryScalar: ML_CCZ4_ADMBaseBoundaryScalar
          ML_CCZ4::ML_CCZ4_ADMBaseEverywhere: ML_CCZ4_ADMBaseEverywhere
          ML_CCZ4_Helper::ML_CCZ4_ADMBase_SelectBCs: [level] Select boundary conditions for ADMBase variables
          GROUP ML_CCZ4_ADMBase_ApplyBCs: Apply boundary conditions to ADMBase variables
            GROUP BoundaryConditions: Execute all boundary conditions
              Boundary::Boundary_ApplyPhysicalBCs: Apply all requested local physical boundary conditions
              CartGrid3D::CartGrid3D_ApplyBC: Apply symmetry boundary conditions
              ReflectionSymmetry::ReflectionSymmetry_Apply: Apply reflection symmetries
            Boundary::Boundary_ClearSelection: [level] Unselect all grid variables for boundary conditions
          GROUP ADMBase_SetADMVars: Set the ADM variables before this group, and use them afterwards
          GROUP HydroBase_PostStep: Post step tasks for hydro thorns
            GROUP HydroBase_Boundaries: HydroBase-internal Boundary conditions group
              GROUP HydroBase_Select_Boundaries: Group to schedule the boundary condition functions
                THC_Core::THC_SelectBC: [singlemap] Select boundary conditions
              GROUP HydroBase_ApplyBCs: Apply the boundary conditions of HydroBase
                GROUP BoundaryConditions: Execute all boundary conditions
                  Boundary::Boundary_ApplyPhysicalBCs: Apply all requested local physical boundary conditions
                  CartGrid3D::CartGrid3D_ApplyBC: Apply symmetry boundary conditions
                  ReflectionSymmetry::ReflectionSymmetry_Apply: Apply reflection symmetries
                Boundary::Boundary_ClearSelection: [level] Unselect all grid variables for boundary conditions
            GROUP HydroBase_Con2Prim: Convert from conservative to primitive variables
              GROUP THC_SetExcisionMask: Thorns providing excision should set the bitmask
              THC_Core::THC_ConsToAll: Computes the primitives from the conservatives
          GROUP SetTmunu: Group for calculating the stress-energy tensor
            TmunuBase::TmunuBase_ZeroTmunu: Initialise the stress-energy tensor to zero
            GROUP AddToTmunu: Add to the stress-energy tensor here
              THC_Core::THC_AddToTmunu: Adds the contribution of the fluid to the global stress-energy tensor
          WeylScal4::WeylScal4_SelectBoundConds: [level] select boundary conditions
          GROUP WeylScal4_ApplyBCs: Apply boundary conditions controlled by thorn Boundary
            GROUP BoundaryConditions: Execute all boundary conditions
              Boundary::Boundary_ApplyPhysicalBCs: Apply all requested local physical boundary conditions
              CartGrid3D::CartGrid3D_ApplyBC: Apply symmetry boundary conditions
              ReflectionSymmetry::ReflectionSymmetry_Apply: Apply reflection symmetries
            Boundary::Boundary_ClearSelection: [level] Unselect all grid variables for boundary conditions
        GROUP MoL_PseudoEvolution: Calculate pseudo-evolved quantities
          GROUP ADMBase_SetADMVars: Set the ADM variables before this group, and use them afterwards
          GROUP ML_ADMConstraints_evaluate_group: ML_ADMConstraints_evaluate
            ML_ADMConstraints::ML_ADMConstraints_evaluate: ML_ADMConstraints_evaluate
            GROUP ML_ADMConstraints_evaluate_bc_group: ML_ADMConstraints_evaluate
              ML_ADMConstraints::ML_ADMConstraints_evaluate_SelectBCs: [level] ML_ADMConstraints_evaluate_SelectBCs
              GROUP ML_ADMConstraints_evaluate_ApplyBCs: Apply BCs for groups set in ML_ADMConstraints_evaluate
                GROUP BoundaryConditions: Execute all boundary conditions
                  Boundary::Boundary_ApplyPhysicalBCs: Apply all requested local physical boundary conditions
                  CartGrid3D::CartGrid3D_ApplyBC: Apply symmetry boundary conditions
                  ReflectionSymmetry::ReflectionSymmetry_Apply: Apply reflection symmetries
                Boundary::Boundary_ClearSelection: [level] Unselect all grid variables for boundary conditions
          GROUP ML_CCZ4_ConstraintsEverywhere_group: ML_CCZ4_ConstraintsEverywhere
            ML_CCZ4::ML_CCZ4_ConstraintsEverywhere: ML_CCZ4_ConstraintsEverywhere
            GROUP ML_CCZ4_ConstraintsEverywhere_bc_group: ML_CCZ4_ConstraintsEverywhere
              ML_CCZ4::ML_CCZ4_ConstraintsEverywhere_SelectBCs: [level] ML_CCZ4_ConstraintsEverywhere_SelectBCs
              GROUP ML_CCZ4_ConstraintsEverywhere_ApplyBCs: Apply BCs for groups set in ML_CCZ4_ConstraintsEverywhere
                GROUP BoundaryConditions: Execute all boundary conditions
                  Boundary::Boundary_ApplyPhysicalBCs: Apply all requested local physical boundary conditions
                  CartGrid3D::CartGrid3D_ApplyBC: Apply symmetry boundary conditions
                  ReflectionSymmetry::ReflectionSymmetry_Apply: Apply reflection symmetries
                Boundary::Boundary_ClearSelection: [level] Unselect all grid variables for boundary conditions
          GROUP ML_CCZ4_ConstraintsInterior_group: ML_CCZ4_ConstraintsInterior
            ML_CCZ4::ML_CCZ4_ConstraintsInterior: ML_CCZ4_ConstraintsInterior
            GROUP ML_CCZ4_ConstraintsInterior_bc_group: ML_CCZ4_ConstraintsInterior
              ML_CCZ4::ML_CCZ4_ConstraintsInterior_SelectBCs: [level] ML_CCZ4_ConstraintsInterior_SelectBCs
              GROUP ML_CCZ4_ConstraintsInterior_ApplyBCs: Apply BCs for groups set in ML_CCZ4_ConstraintsInterior
                GROUP BoundaryConditions: Execute all boundary conditions
                  Boundary::Boundary_ApplyPhysicalBCs: Apply all requested local physical boundary conditions
                  CartGrid3D::CartGrid3D_ApplyBC: Apply symmetry boundary conditions
                  ReflectionSymmetry::ReflectionSymmetry_Apply: Apply reflection symmetries
                Boundary::Boundary_ClearSelection: [level] Unselect all grid variables for boundary conditions
          GROUP WeylScal4_psi4_calc_Nth_group: WeylScal4_psi4_calc_Nth
            WeylScal4::WeylScal4_psi4_calc_Nth: WeylScal4_psi4_calc_Nth
            GROUP WeylScal4_psi4_calc_Nth_bc_group: WeylScal4_psi4_calc_Nth
              WeylScal4::WeylScal4_psi4_calc_Nth_SelectBCs: [level] WeylScal4_psi4_calc_Nth_SelectBCs
              GROUP WeylScal4_psi4_calc_Nth_ApplyBCs: Apply BCs for groups set in WeylScal4_psi4_calc_Nth
                GROUP BoundaryConditions: Execute all boundary conditions
                  Boundary::Boundary_ApplyPhysicalBCs: Apply all requested local physical boundary conditions
                  CartGrid3D::CartGrid3D_ApplyBC: Apply symmetry boundary conditions
                  ReflectionSymmetry::ReflectionSymmetry_Apply: Apply reflection symmetries
                Boundary::Boundary_ClearSelection: [level] Unselect all grid variables for boundary conditions
      Initialise finer grids recursively
      Restrict from finer grids
      [CCTK_POSTRESTRICTINITIAL]
        GROUP MoL_PostStep: Ensure that everything is correct after restriction
          ML_CCZ4::ML_CCZ4_SelectBoundConds: [level] select boundary conditions
          GROUP ML_CCZ4_ApplyBCs: Apply boundary conditions controlled by thorn Boundary
            GROUP BoundaryConditions: Execute all boundary conditions
              Boundary::Boundary_ApplyPhysicalBCs: Apply all requested local physical boundary conditions
              CartGrid3D::CartGrid3D_ApplyBC: Apply symmetry boundary conditions
              ReflectionSymmetry::ReflectionSymmetry_Apply: Apply reflection symmetries
            Boundary::Boundary_ClearSelection: [level] Unselect all grid variables for boundary conditions
          ML_ADMConstraints::ML_ADMConstraints_SelectBoundConds: [level] select boundary conditions
          GROUP ML_ADMConstraints_ApplyBCs: Apply boundary conditions controlled by thorn Boundary
            GROUP BoundaryConditions: Execute all boundary conditions
              Boundary::Boundary_ApplyPhysicalBCs: Apply all requested local physical boundary conditions
              CartGrid3D::CartGrid3D_ApplyBC: Apply symmetry boundary conditions
              ReflectionSymmetry::ReflectionSymmetry_Apply: Apply reflection symmetries
            Boundary::Boundary_ClearSelection: [level] Unselect all grid variables for boundary conditions
          ML_CCZ4::ML_CCZ4_ADMBaseInterior: ML_CCZ4_ADMBaseInterior
          ML_CCZ4::ML_CCZ4_ADMBaseBoundaryScalar: ML_CCZ4_ADMBaseBoundaryScalar
          ML_CCZ4::ML_CCZ4_ADMBaseEverywhere: ML_CCZ4_ADMBaseEverywhere
          ML_CCZ4_Helper::ML_CCZ4_ADMBase_SelectBCs: [level] Select boundary conditions for ADMBase variables
          GROUP ML_CCZ4_ADMBase_ApplyBCs: Apply boundary conditions to ADMBase variables
            GROUP BoundaryConditions: Execute all boundary conditions
              Boundary::Boundary_ApplyPhysicalBCs: Apply all requested local physical boundary conditions
              CartGrid3D::CartGrid3D_ApplyBC: Apply symmetry boundary conditions
              ReflectionSymmetry::ReflectionSymmetry_Apply: Apply reflection symmetries
            Boundary::Boundary_ClearSelection: [level] Unselect all grid variables for boundary conditions
          GROUP ADMBase_SetADMVars: Set the ADM variables before this group, and use them afterwards
          GROUP HydroBase_PostStep: Post step tasks for hydro thorns
            GROUP HydroBase_Boundaries: HydroBase-internal Boundary conditions group
              GROUP HydroBase_Select_Boundaries: Group to schedule the boundary condition functions
                THC_Core::THC_SelectBC: [singlemap] Select boundary conditions
              GROUP HydroBase_ApplyBCs: Apply the boundary conditions of HydroBase
                GROUP BoundaryConditions: Execute all boundary conditions
                  Boundary::Boundary_ApplyPhysicalBCs: Apply all requested local physical boundary conditions
                  CartGrid3D::CartGrid3D_ApplyBC: Apply symmetry boundary conditions
                  ReflectionSymmetry::ReflectionSymmetry_Apply: Apply reflection symmetries
                Boundary::Boundary_ClearSelection: [level] Unselect all grid variables for boundary conditions
            GROUP HydroBase_Con2Prim: Convert from conservative to primitive variables
              GROUP THC_SetExcisionMask: Thorns providing excision should set the bitmask
              THC_Core::THC_ConsToAll: Computes the primitives from the conservatives
          GROUP SetTmunu: Group for calculating the stress-energy tensor
            TmunuBase::TmunuBase_ZeroTmunu: Initialise the stress-energy tensor to zero
            GROUP AddToTmunu: Add to the stress-energy tensor here
              THC_Core::THC_AddToTmunu: Adds the contribution of the fluid to the global stress-energy tensor
          WeylScal4::WeylScal4_SelectBoundConds: [level] select boundary conditions
          GROUP WeylScal4_ApplyBCs: Apply boundary conditions controlled by thorn Boundary
            GROUP BoundaryConditions: Execute all boundary conditions
              Boundary::Boundary_ApplyPhysicalBCs: Apply all requested local physical boundary conditions
              CartGrid3D::CartGrid3D_ApplyBC: Apply symmetry boundary conditions
              ReflectionSymmetry::ReflectionSymmetry_Apply: Apply reflection symmetries
            Boundary::Boundary_ClearSelection: [level] Unselect all grid variables for boundary conditions
        GROUP MoL_PseudoEvolutionBoundaries: Apply boundary conditions to pseudo-evolved quantities
          GROUP ML_ADMConstraints_evaluate_bc_group: ML_ADMConstraints_evaluate
            ML_ADMConstraints::ML_ADMConstraints_evaluate_SelectBCs: [level] ML_ADMConstraints_evaluate_SelectBCs
            GROUP ML_ADMConstraints_evaluate_ApplyBCs: Apply BCs for groups set in ML_ADMConstraints_evaluate
              GROUP BoundaryConditions: Execute all boundary conditions
                Boundary::Boundary_ApplyPhysicalBCs: Apply all requested local physical boundary conditions
                CartGrid3D::CartGrid3D_ApplyBC: Apply symmetry boundary conditions
                ReflectionSymmetry::ReflectionSymmetry_Apply: Apply reflection symmetries
              Boundary::Boundary_ClearSelection: [level] Unselect all grid variables for boundary conditions
          GROUP ML_CCZ4_ConstraintsEverywhere_bc_group: ML_CCZ4_ConstraintsEverywhere
            ML_CCZ4::ML_CCZ4_ConstraintsEverywhere_SelectBCs: [level] ML_CCZ4_ConstraintsEverywhere_SelectBCs
            GROUP ML_CCZ4_ConstraintsEverywhere_ApplyBCs: Apply BCs for groups set in ML_CCZ4_ConstraintsEverywhere
              GROUP BoundaryConditions: Execute all boundary conditions
                Boundary::Boundary_ApplyPhysicalBCs: Apply all requested local physical boundary conditions
                CartGrid3D::CartGrid3D_ApplyBC: Apply symmetry boundary conditions
                ReflectionSymmetry::ReflectionSymmetry_Apply: Apply reflection symmetries
              Boundary::Boundary_ClearSelection: [level] Unselect all grid variables for boundary conditions
          GROUP ML_CCZ4_ConstraintsInterior_bc_group: ML_CCZ4_ConstraintsInterior
            ML_CCZ4::ML_CCZ4_ConstraintsInterior_SelectBCs: [level] ML_CCZ4_ConstraintsInterior_SelectBCs
            GROUP ML_CCZ4_ConstraintsInterior_ApplyBCs: Apply BCs for groups set in ML_CCZ4_ConstraintsInterior
              GROUP BoundaryConditions: Execute all boundary conditions
                Boundary::Boundary_ApplyPhysicalBCs: Apply all requested local physical boundary conditions
                CartGrid3D::CartGrid3D_ApplyBC: Apply symmetry boundary conditions
                ReflectionSymmetry::ReflectionSymmetry_Apply: Apply reflection symmetries
              Boundary::Boundary_ClearSelection: [level] Unselect all grid variables for boundary conditions
          GROUP WeylScal4_psi4_calc_Nth_bc_group: WeylScal4_psi4_calc_Nth
            WeylScal4::WeylScal4_psi4_calc_Nth_SelectBCs: [level] WeylScal4_psi4_calc_Nth_SelectBCs
            GROUP WeylScal4_psi4_calc_Nth_ApplyBCs: Apply BCs for groups set in WeylScal4_psi4_calc_Nth
              GROUP BoundaryConditions: Execute all boundary conditions
                Boundary::Boundary_ApplyPhysicalBCs: Apply all requested local physical boundary conditions
                CartGrid3D::CartGrid3D_ApplyBC: Apply symmetry boundary conditions
                ReflectionSymmetry::ReflectionSymmetry_Apply: Apply reflection symmetries
              Boundary::Boundary_ClearSelection: [level] Unselect all grid variables for boundary conditions
      [CCTK_POSTPOSTINITIAL]
        GROUP Con2Prim: Convert from conservative to primitive variables (might be redundant)
          GROUP THC_SetExcisionMask: Thorns providing excision should set the bitmask
          THC_Core::THC_ConsToAll: Computes the primitives from the conservatives
      [CCTK_POSTSTEP]
        SphericalSurface::SphericalSurface_Set: [global] Set surface radii
        GROUP zzz_NaNChecker_NaNCheck: Check for NaNs and count them in NaNChecker::NaNsFound
          NaNChecker::NaNChecker_NaNCheck_Prepare: [level] Prepare data structures to check for NaNs
          NaNChecker::NaNChecker_NaNCheck_Check: [local] Check for NaNs
          NaNChecker::NaNChecker_NaNCheck_Finish: [level] Count NaNs in NaNChecker::NaNsFound
        NaNChecker::NaNChecker_TakeAction: [global] [loop-level] Output NaNChecker::NaNmask and take action according to NaNChecker::action_if_found
        SpaceMask::CheckMask: Ensure that all mask values are legal
        GROUP SphericalSurface_HasBeenSet: Set the spherical surfaces before this group, and use it afterwards
          SphericalSurface::SphericalSurface_CheckState: [global] Test the state of the spherical surfaces
        Dissipation::setup_epsdis: Setup spatially varying dissipation
    endif
    if (recover initial data)
      [CCTK_BASEGRID]
        ADMBase::ADMBase_SetShiftStateOn: Set the shift_state variable to 1
        ADMBase::ADMBase_SetDtLapseStateOn: Set the dtlapse_state variable to 1
        ADMBase::ADMBase_SetDtShiftStateOn: Set the dtshift_state variable to 1
        ADMMacros::ADMMacros_SetLocalSpatialOrder: Initialize the local_spatial_order
        CartGrid3D::SpatialSpacings: Set up ranges for spatial 3D Cartesian coordinates (on all grids)
        CartGrid3D::SpatialCoordinates: Set up spatial 3D Cartesian coordinates on the GH
        SphericalSurface::SphericalSurface_SetupRes: [global] [loop-local] Set surface resolution automatically
        Dissipation::dissipation_basegrid: Ensure that there are enough ghost zones
        HRSCCore::HRSCC_ParamStore: [global] Store parameters in private namespace
        ML_ADMConstraints::ML_ADMConstraints_CheckBoundaries: [meta] check boundaries treatment
        ML_CCZ4::ML_CCZ4_CheckBoundaries: [meta] check boundaries treatment
        NaNChecker::NaNChecker_ResetCounter: [global] Reset the NaNChecker::NaNsFound counter
        SpaceMask::MaskZero: Initialise mask to zero
        SpaceMask::MaskOne: Set old style mask to one
        SphericalSurface::SphericalSurface_Setup: [global] Calculate surface coordinate descriptors
        GROUP MaskBase_SetupMask: Set up the weight function
          GROUP MaskBase_SetupMaskAll: Set up the weight function
            CarpetReduce::MaskBase_AllocateMask: [global] Allocate the weight function
            CarpetReduce::MaskBase_InitMask: [global] [loop-local] Initialise the weight function
            GROUP SetupIMaskInternal: Set up the integer weight function (schedule other routines in here)
              CarpetReduce::CoordBase_SetupMask: [global] [loop-local] Set up the outer boundaries of the weight function
              CarpetReduce::CarpetMaskSetup: [global] [loop-singlemap] Set up the weight function for the restriction regions
            GROUP SetupIMask: Set up the integer weight function (schedule other routines in here)
            CarpetReduce::MaskBase_SetMask: [global] [loop-local] Set the weight function
            GROUP SetupMask: Set up the real weight function (schedule other routines in here)
            CarpetReduce::MaskBase_TestMask: [global] Test the weight function
        SphericalSurface::SphericalSurface_Set: [global] Set surface radii to be used for initial setup in other thorns
        GROUP SphericalSurface_HasBeenSet: Set the spherical surfaces before this group, and use it afterwards
          SphericalSurface::SphericalSurface_CheckState: [global] Test the state of the spherical surfaces
        SymBase::SymBase_Check: Check whether the driver set up the grid consistently
        THC_Core::THC_SetSym: [global] Setup symmetries
        TerminationTrigger::TerminationTrigger_ResetTrigger: Clear trigger state
        TerminationTrigger::TerminationTrigger_StartTimer: Start timer
        TerminationTrigger::TerminationTrigger_CreateFile: Create termination file
        Time::Time_Initialise: [global] Initialise Time variables
        Time::TemporalSpacings: [singlemap] Set timestep based on Courant condition (courant_static)
        WeylScal4::WeylScal4_CheckBoundaries: [meta] check boundaries treatment
      [CCTK_RECOVER_VARIABLES]
        IOUtil::IOUtil_RecoverGH: [level] Checkpoint recovery routine
      [CCTK_POST_RECOVER_VARIABLES]
        CarpetIOHDF5::CarpetIOHDF5_InitCheckpointingIntervals: [global] Initialisation of checkpointing intervals after recovery
        CarpetIOHDF5::CarpetIOHDF5_CloseFiles: [meta] Close all initial data checkpoint files after recovery
        GROUP MaskBase_SetupMask: Set up the weight function
          GROUP MaskBase_SetupMaskAll: Set up the weight function
            CarpetReduce::MaskBase_AllocateMask: [global] Allocate the weight function
            CarpetReduce::MaskBase_InitMask: [global] [loop-local] Initialise the weight function
            GROUP SetupIMaskInternal: Set up the integer weight function (schedule other routines in here)
              CarpetReduce::CoordBase_SetupMask: [global] [loop-local] Set up the outer boundaries of the weight function
              CarpetReduce::CarpetMaskSetup: [global] [loop-singlemap] Set up the weight function for the restriction regions
            GROUP SetupIMask: Set up the integer weight function (schedule other routines in here)
            CarpetReduce::MaskBase_SetMask: [global] [loop-local] Set the weight function
            GROUP SetupMask: Set up the real weight function (schedule other routines in here)
            CarpetReduce::MaskBase_TestMask: [global] Test the weight function
        GROUP MoL_PostStep: Ensure that everything is correct after recovery
          ML_CCZ4::ML_CCZ4_SelectBoundConds: [level] select boundary conditions
          GROUP ML_CCZ4_ApplyBCs: Apply boundary conditions controlled by thorn Boundary
            GROUP BoundaryConditions: Execute all boundary conditions
              Boundary::Boundary_ApplyPhysicalBCs: Apply all requested local physical boundary conditions
              CartGrid3D::CartGrid3D_ApplyBC: Apply symmetry boundary conditions
              ReflectionSymmetry::ReflectionSymmetry_Apply: Apply reflection symmetries
            Boundary::Boundary_ClearSelection: [level] Unselect all grid variables for boundary conditions
          ML_ADMConstraints::ML_ADMConstraints_SelectBoundConds: [level] select boundary conditions
          GROUP ML_ADMConstraints_ApplyBCs: Apply boundary conditions controlled by thorn Boundary
            GROUP BoundaryConditions: Execute all boundary conditions
              Boundary::Boundary_ApplyPhysicalBCs: Apply all requested local physical boundary conditions
              CartGrid3D::CartGrid3D_ApplyBC: Apply symmetry boundary conditions
              ReflectionSymmetry::ReflectionSymmetry_Apply: Apply reflection symmetries
            Boundary::Boundary_ClearSelection: [level] Unselect all grid variables for boundary conditions
          ML_CCZ4::ML_CCZ4_ADMBaseInterior: ML_CCZ4_ADMBaseInterior
          ML_CCZ4::ML_CCZ4_ADMBaseBoundaryScalar: ML_CCZ4_ADMBaseBoundaryScalar
          ML_CCZ4::ML_CCZ4_ADMBaseEverywhere: ML_CCZ4_ADMBaseEverywhere
          ML_CCZ4_Helper::ML_CCZ4_ADMBase_SelectBCs: [level] Select boundary conditions for ADMBase variables
          GROUP ML_CCZ4_ADMBase_ApplyBCs: Apply boundary conditions to ADMBase variables
            GROUP BoundaryConditions: Execute all boundary conditions
              Boundary::Boundary_ApplyPhysicalBCs: Apply all requested local physical boundary conditions
              CartGrid3D::CartGrid3D_ApplyBC: Apply symmetry boundary conditions
              ReflectionSymmetry::ReflectionSymmetry_Apply: Apply reflection symmetries
            Boundary::Boundary_ClearSelection: [level] Unselect all grid variables for boundary conditions
          GROUP ADMBase_SetADMVars: Set the ADM variables before this group, and use them afterwards
          GROUP HydroBase_PostStep: Post step tasks for hydro thorns
            GROUP HydroBase_Boundaries: HydroBase-internal Boundary conditions group
              GROUP HydroBase_Select_Boundaries: Group to schedule the boundary condition functions
                THC_Core::THC_SelectBC: [singlemap] Select boundary conditions
              GROUP HydroBase_ApplyBCs: Apply the boundary conditions of HydroBase
                GROUP BoundaryConditions: Execute all boundary conditions
                  Boundary::Boundary_ApplyPhysicalBCs: Apply all requested local physical boundary conditions
                  CartGrid3D::CartGrid3D_ApplyBC: Apply symmetry boundary conditions
                  ReflectionSymmetry::ReflectionSymmetry_Apply: Apply reflection symmetries
                Boundary::Boundary_ClearSelection: [level] Unselect all grid variables for boundary conditions
            GROUP HydroBase_Con2Prim: Convert from conservative to primitive variables
              GROUP THC_SetExcisionMask: Thorns providing excision should set the bitmask
              THC_Core::THC_ConsToAll: Computes the primitives from the conservatives
          GROUP SetTmunu: Group for calculating the stress-energy tensor
            TmunuBase::TmunuBase_ZeroTmunu: Initialise the stress-energy tensor to zero
            GROUP AddToTmunu: Add to the stress-energy tensor here
              THC_Core::THC_AddToTmunu: Adds the contribution of the fluid to the global stress-energy tensor
          WeylScal4::WeylScal4_SelectBoundConds: [level] select boundary conditions
          GROUP WeylScal4_ApplyBCs: Apply boundary conditions controlled by thorn Boundary
            GROUP BoundaryConditions: Execute all boundary conditions
              Boundary::Boundary_ApplyPhysicalBCs: Apply all requested local physical boundary conditions
              CartGrid3D::CartGrid3D_ApplyBC: Apply symmetry boundary conditions
              ReflectionSymmetry::ReflectionSymmetry_Apply: Apply reflection symmetries
            Boundary::Boundary_ClearSelection: [level] Unselect all grid variables for boundary conditions
        GROUP zzz_NaNChecker_NaNCheck: Check for NaNs and count them in NaNChecker::NaNsFound
          NaNChecker::NaNChecker_NaNCheck_Prepare: [level] Prepare data structures to check for NaNs
          NaNChecker::NaNChecker_NaNCheck_Check: [local] Check for NaNs
          NaNChecker::NaNChecker_NaNCheck_Finish: [level] Count NaNs in NaNChecker::NaNsFound
        NaNChecker::NaNChecker_TakeAction: [global] [loop-level] Output NaNChecker::NaNmask and take action according to NaNChecker::action_if_found
        TerminationTrigger::TerminationTrigger_ResetMinutes: [global] Reset Watchtime
    endif
    if (checkpoint initial data)
      [CCTK_CPINITIAL]
        CarpetIOHDF5::CarpetIOHDF5_InitialDataCheckpoint: [meta] Initial data checkpoint routine
    endif
    if (analysis)
      [CCTK_ANALYSIS]
        CarpetLib::CarpetLib_printtimestats: [global] Print timing statistics if desired
        CarpetLib::CarpetLib_printmemstats: [global] Print memory statistics if desired
        Formaline::Formaline_AnnounceUpdate: [global] Put some meta information about the current run into permanent storage
        LoopControl::LC_statistics_analysis: [meta] Output LoopControl statistics
        GROUP ML_CCZ4_EvolutionAnalysis: Calculate RHS at analysis
          ML_CCZ4::ML_CCZ4_EvolutionAnalysisInit: ML_CCZ4_EvolutionAnalysisInit
          ML_CCZ4::ML_CCZ4_EvolutionAnalysisInterior: ML_CCZ4_EvolutionAnalysisInterior
          ML_CCZ4_Helper::ML_CCZ4_NewRad: Apply NewRad boundary conditions to RHS
        Multipole::Multipole_Calc: [global] Calculate Multipoles
        TerminationTrigger::TerminationTrigger_CheckWalltime: Check elapsed job walltime
        TerminationTrigger::TerminationTrigger_CheckSignal: Check if we received a termination signal
        TerminationTrigger::TerminationTrigger_CheckFile: Check termination file
        WatchDog::WatchDog: Make sure that the run is progressing
  endif
  Output grid variables

  do loop over timesteps
    [CCTK_PREREGRID]
    Change grid hierarchy
    [CCTK_POSTREGRID]
      CartGrid3D::SpatialCoordinates: Set Coordinates after regridding
      GROUP MaskBase_SetupMask: Set up the weight function
        GROUP MaskBase_SetupMaskAll: Set up the weight function
          CarpetReduce::MaskBase_AllocateMask: [global] Allocate the weight function
          CarpetReduce::MaskBase_InitMask: [global] [loop-local] Initialise the weight function
          GROUP SetupIMaskInternal: Set up the integer weight function (schedule other routines in here)
            CarpetReduce::CoordBase_SetupMask: [global] [loop-local] Set up the outer boundaries of the weight function
            CarpetReduce::CarpetMaskSetup: [global] [loop-singlemap] Set up the weight function for the restriction regions
          GROUP SetupIMask: Set up the integer weight function (schedule other routines in here)
          CarpetReduce::MaskBase_SetMask: [global] [loop-local] Set the weight function
          GROUP SetupMask: Set up the real weight function (schedule other routines in here)
          CarpetReduce::MaskBase_TestMask: [global] Test the weight function
      Dissipation::setup_epsdis: Setup spatially varying dissipation
      GROUP MoL_PostStep: Ensure that everything is correct after regridding
        ML_CCZ4::ML_CCZ4_SelectBoundConds: [level] select boundary conditions
        GROUP ML_CCZ4_ApplyBCs: Apply boundary conditions controlled by thorn Boundary
          GROUP BoundaryConditions: Execute all boundary conditions
            Boundary::Boundary_ApplyPhysicalBCs: Apply all requested local physical boundary conditions
            CartGrid3D::CartGrid3D_ApplyBC: Apply symmetry boundary conditions
            ReflectionSymmetry::ReflectionSymmetry_Apply: Apply reflection symmetries
          Boundary::Boundary_ClearSelection: [level] Unselect all grid variables for boundary conditions
        ML_ADMConstraints::ML_ADMConstraints_SelectBoundConds: [level] select boundary conditions
        GROUP ML_ADMConstraints_ApplyBCs: Apply boundary conditions controlled by thorn Boundary
          GROUP BoundaryConditions: Execute all boundary conditions
            Boundary::Boundary_ApplyPhysicalBCs: Apply all requested local physical boundary conditions
            CartGrid3D::CartGrid3D_ApplyBC: Apply symmetry boundary conditions
            ReflectionSymmetry::ReflectionSymmetry_Apply: Apply reflection symmetries
          Boundary::Boundary_ClearSelection: [level] Unselect all grid variables for boundary conditions
        ML_CCZ4::ML_CCZ4_ADMBaseInterior: ML_CCZ4_ADMBaseInterior
        ML_CCZ4::ML_CCZ4_ADMBaseBoundaryScalar: ML_CCZ4_ADMBaseBoundaryScalar
        ML_CCZ4::ML_CCZ4_ADMBaseEverywhere: ML_CCZ4_ADMBaseEverywhere
        ML_CCZ4_Helper::ML_CCZ4_ADMBase_SelectBCs: [level] Select boundary conditions for ADMBase variables
        GROUP ML_CCZ4_ADMBase_ApplyBCs: Apply boundary conditions to ADMBase variables
          GROUP BoundaryConditions: Execute all boundary conditions
            Boundary::Boundary_ApplyPhysicalBCs: Apply all requested local physical boundary conditions
            CartGrid3D::CartGrid3D_ApplyBC: Apply symmetry boundary conditions
            ReflectionSymmetry::ReflectionSymmetry_Apply: Apply reflection symmetries
          Boundary::Boundary_ClearSelection: [level] Unselect all grid variables for boundary conditions
        GROUP ADMBase_SetADMVars: Set the ADM variables before this group, and use them afterwards
        GROUP HydroBase_PostStep: Post step tasks for hydro thorns
          GROUP HydroBase_Boundaries: HydroBase-internal Boundary conditions group
            GROUP HydroBase_Select_Boundaries: Group to schedule the boundary condition functions
              THC_Core::THC_SelectBC: [singlemap] Select boundary conditions
            GROUP HydroBase_ApplyBCs: Apply the boundary conditions of HydroBase
              GROUP BoundaryConditions: Execute all boundary conditions
                Boundary::Boundary_ApplyPhysicalBCs: Apply all requested local physical boundary conditions
                CartGrid3D::CartGrid3D_ApplyBC: Apply symmetry boundary conditions
                ReflectionSymmetry::ReflectionSymmetry_Apply: Apply reflection symmetries
              Boundary::Boundary_ClearSelection: [level] Unselect all grid variables for boundary conditions
          GROUP HydroBase_Con2Prim: Convert from conservative to primitive variables
            GROUP THC_SetExcisionMask: Thorns providing excision should set the bitmask
            THC_Core::THC_ConsToAll: Computes the primitives from the conservatives
        GROUP SetTmunu: Group for calculating the stress-energy tensor
          TmunuBase::TmunuBase_ZeroTmunu: Initialise the stress-energy tensor to zero
          GROUP AddToTmunu: Add to the stress-energy tensor here
            THC_Core::THC_AddToTmunu: Adds the contribution of the fluid to the global stress-energy tensor
        WeylScal4::WeylScal4_SelectBoundConds: [level] select boundary conditions
        GROUP WeylScal4_ApplyBCs: Apply boundary conditions controlled by thorn Boundary
          GROUP BoundaryConditions: Execute all boundary conditions
            Boundary::Boundary_ApplyPhysicalBCs: Apply all requested local physical boundary conditions
            CartGrid3D::CartGrid3D_ApplyBC: Apply symmetry boundary conditions
            ReflectionSymmetry::ReflectionSymmetry_Apply: Apply reflection symmetries
          Boundary::Boundary_ClearSelection: [level] Unselect all grid variables for boundary conditions
      GROUP MoL_PseudoEvolutionBoundaries: Apply boundary conditions to pseudo-evolved quantities
        GROUP ML_ADMConstraints_evaluate_bc_group: ML_ADMConstraints_evaluate
          ML_ADMConstraints::ML_ADMConstraints_evaluate_SelectBCs: [level] ML_ADMConstraints_evaluate_SelectBCs
          GROUP ML_ADMConstraints_evaluate_ApplyBCs: Apply BCs for groups set in ML_ADMConstraints_evaluate
            GROUP BoundaryConditions: Execute all boundary conditions
              Boundary::Boundary_ApplyPhysicalBCs: Apply all requested local physical boundary conditions
              CartGrid3D::CartGrid3D_ApplyBC: Apply symmetry boundary conditions
              ReflectionSymmetry::ReflectionSymmetry_Apply: Apply reflection symmetries
            Boundary::Boundary_ClearSelection: [level] Unselect all grid variables for boundary conditions
        GROUP ML_CCZ4_ConstraintsEverywhere_bc_group: ML_CCZ4_ConstraintsEverywhere
          ML_CCZ4::ML_CCZ4_ConstraintsEverywhere_SelectBCs: [level] ML_CCZ4_ConstraintsEverywhere_SelectBCs
          GROUP ML_CCZ4_ConstraintsEverywhere_ApplyBCs: Apply BCs for groups set in ML_CCZ4_ConstraintsEverywhere
            GROUP BoundaryConditions: Execute all boundary conditions
              Boundary::Boundary_ApplyPhysicalBCs: Apply all requested local physical boundary conditions
              CartGrid3D::CartGrid3D_ApplyBC: Apply symmetry boundary conditions
              ReflectionSymmetry::ReflectionSymmetry_Apply: Apply reflection symmetries
            Boundary::Boundary_ClearSelection: [level] Unselect all grid variables for boundary conditions
        GROUP ML_CCZ4_ConstraintsInterior_bc_group: ML_CCZ4_ConstraintsInterior
          ML_CCZ4::ML_CCZ4_ConstraintsInterior_SelectBCs: [level] ML_CCZ4_ConstraintsInterior_SelectBCs
          GROUP ML_CCZ4_ConstraintsInterior_ApplyBCs: Apply BCs for groups set in ML_CCZ4_ConstraintsInterior
            GROUP BoundaryConditions: Execute all boundary conditions
              Boundary::Boundary_ApplyPhysicalBCs: Apply all requested local physical boundary conditions
              CartGrid3D::CartGrid3D_ApplyBC: Apply symmetry boundary conditions
              ReflectionSymmetry::ReflectionSymmetry_Apply: Apply reflection symmetries
            Boundary::Boundary_ClearSelection: [level] Unselect all grid variables for boundary conditions
        GROUP WeylScal4_psi4_calc_Nth_bc_group: WeylScal4_psi4_calc_Nth
          WeylScal4::WeylScal4_psi4_calc_Nth_SelectBCs: [level] WeylScal4_psi4_calc_Nth_SelectBCs
          GROUP WeylScal4_psi4_calc_Nth_ApplyBCs: Apply BCs for groups set in WeylScal4_psi4_calc_Nth
            GROUP BoundaryConditions: Execute all boundary conditions
              Boundary::Boundary_ApplyPhysicalBCs: Apply all requested local physical boundary conditions
              CartGrid3D::CartGrid3D_ApplyBC: Apply symmetry boundary conditions
              ReflectionSymmetry::ReflectionSymmetry_Apply: Apply reflection symmetries
            Boundary::Boundary_ClearSelection: [level] Unselect all grid variables for boundary conditions
      SpaceMask::MaskZero: Initialise mask to zero
      SpaceMask::MaskOne: Set mask to one
    Rotate timelevels
    iteration = iteration+1
    t = t+dt
    [CCTK_PRESTEP]
      CoordGauge::Einstein_SetNextSlicing: Identify the slicing for the next iteration
      LoopControl::LC_steer: [meta] Update LoopControl algorithm preferences
      NaNChecker::NaNChecker_ResetCounter: [global] Reset the NaNChecker::NaNsFound counter
    [CCTK_EVOL]
      MoL::MoL_StartLoop: [level] Initialise the step size control
      while (MoL::MoL_Stepsize_Bad)
        GROUP MoL_Evolution: A single Cactus evolution step using MoL
          GROUP MoL_StartStep: MoL internal setup for the evolution step
            MoL::MoL_SetCounter: [level] Set the counter for the ODE method to loop over
            MoL::MoL_SetTime: [level] Ensure the correct time and timestep are used
            MoL::MoL_AllocateScratchSpace: [level] Allocate storage for scratch levels
          GROUP MoL_PreStep: Physics thorns can schedule preloop setup routines in here
          MoL::MoL_AllocateScratch: Allocate sufficient space for array scratch variables
          MoL::MoL_InitialCopy: Ensure the data is in the correct timelevel
          while (MoL::MoL_Intermediate_Step)
            GROUP MoL_Step: The loop over the intermediate steps for the ODE integrator
              MoL::MoL_InitRHS: Initialise the RHS functions
              GROUP MoL_CalcRHS: Physics thorns schedule the calculation of the discrete spatial operator in here
                GROUP HydroBase_RHS: Groups for scheduling tasks for calculating RHS of hydro variables
                  THC_Core::THC_InitSource: Initializes the source term
                  THC_Core::THC_GRSource: Computes the geometric source terms
                  THC_Core::THC_RHS: Compute the RHS for MoL
                GROUP ML_CCZ4_EvolutionInteriorSplitBy: 
                  ML_CCZ4::ML_CCZ4_EvolutionInteriorSplitBy1: ML_CCZ4_EvolutionInteriorSplitBy1
                  ML_CCZ4::ML_CCZ4_EvolutionInteriorSplitBy2: ML_CCZ4_EvolutionInteriorSplitBy2
                  ML_CCZ4::ML_CCZ4_EvolutionInteriorSplitBy3: ML_CCZ4_EvolutionInteriorSplitBy3
                ML_CCZ4_Helper::ML_CCZ4_NewRad: Apply NewRad boundary conditions to RHS
              GROUP MoL_PostRHS: Modify RHS functions
                Dissipation::dissipation_add: Add Kreiss-Oliger dissipation to the right hand sides
              GROUP MoL_RHSBoundaries: Any 'final' modifications to the RHS functions (boundaries etc.)
              MoL::MoL_Add: Updates calculated with the efficient Runge-Kutta 3 method
              MoL::MoL_DecrementCounter: [level] Alter the counter number
              MoL::MoL_ResetTime: [level] If necessary, change the time
              GROUP MoL_PostStepModify: The group for physics thorns to schedule enforcing constraints
                ML_CCZ4::ML_CCZ4_EnforceEverywhere: ML_CCZ4_EnforceEverywhere
              GROUP MoL_PostStep: The group for physics thorns to schedule boundary calls etc.
                ML_CCZ4::ML_CCZ4_SelectBoundConds: [level] select boundary conditions
                GROUP ML_CCZ4_ApplyBCs: Apply boundary conditions controlled by thorn Boundary
                  GROUP BoundaryConditions: Execute all boundary conditions
                    Boundary::Boundary_ApplyPhysicalBCs: Apply all requested local physical boundary conditions
                    CartGrid3D::CartGrid3D_ApplyBC: Apply symmetry boundary conditions
                    ReflectionSymmetry::ReflectionSymmetry_Apply: Apply reflection symmetries
                  Boundary::Boundary_ClearSelection: [level] Unselect all grid variables for boundary conditions
                ML_ADMConstraints::ML_ADMConstraints_SelectBoundConds: [level] select boundary conditions
                GROUP ML_ADMConstraints_ApplyBCs: Apply boundary conditions controlled by thorn Boundary
                  GROUP BoundaryConditions: Execute all boundary conditions
                    Boundary::Boundary_ApplyPhysicalBCs: Apply all requested local physical boundary conditions
                    CartGrid3D::CartGrid3D_ApplyBC: Apply symmetry boundary conditions
                    ReflectionSymmetry::ReflectionSymmetry_Apply: Apply reflection symmetries
                  Boundary::Boundary_ClearSelection: [level] Unselect all grid variables for boundary conditions
                ML_CCZ4::ML_CCZ4_ADMBaseInterior: ML_CCZ4_ADMBaseInterior
                ML_CCZ4::ML_CCZ4_ADMBaseBoundaryScalar: ML_CCZ4_ADMBaseBoundaryScalar
                ML_CCZ4::ML_CCZ4_ADMBaseEverywhere: ML_CCZ4_ADMBaseEverywhere
                ML_CCZ4_Helper::ML_CCZ4_ADMBase_SelectBCs: [level] Select boundary conditions for ADMBase variables
                GROUP ML_CCZ4_ADMBase_ApplyBCs: Apply boundary conditions to ADMBase variables
                  GROUP BoundaryConditions: Execute all boundary conditions
                    Boundary::Boundary_ApplyPhysicalBCs: Apply all requested local physical boundary conditions
                    CartGrid3D::CartGrid3D_ApplyBC: Apply symmetry boundary conditions
                    ReflectionSymmetry::ReflectionSymmetry_Apply: Apply reflection symmetries
                  Boundary::Boundary_ClearSelection: [level] Unselect all grid variables for boundary conditions
                GROUP ADMBase_SetADMVars: Set the ADM variables before this group, and use them afterwards
                GROUP HydroBase_PostStep: Post step tasks for hydro thorns
                  GROUP HydroBase_Boundaries: HydroBase-internal Boundary conditions group
                    GROUP HydroBase_Select_Boundaries: Group to schedule the boundary condition functions
                      THC_Core::THC_SelectBC: [singlemap] Select boundary conditions
                    GROUP HydroBase_ApplyBCs: Apply the boundary conditions of HydroBase
                      GROUP BoundaryConditions: Execute all boundary conditions
                        Boundary::Boundary_ApplyPhysicalBCs: Apply all requested local physical boundary conditions
                        CartGrid3D::CartGrid3D_ApplyBC: Apply symmetry boundary conditions
                        ReflectionSymmetry::ReflectionSymmetry_Apply: Apply reflection symmetries
                      Boundary::Boundary_ClearSelection: [level] Unselect all grid variables for boundary conditions
                  GROUP HydroBase_Con2Prim: Convert from conservative to primitive variables
                    GROUP THC_SetExcisionMask: Thorns providing excision should set the bitmask
                    THC_Core::THC_ConsToAll: Computes the primitives from the conservatives
                GROUP SetTmunu: Group for calculating the stress-energy tensor
                  TmunuBase::TmunuBase_ZeroTmunu: Initialise the stress-energy tensor to zero
                  GROUP AddToTmunu: Add to the stress-energy tensor here
                    THC_Core::THC_AddToTmunu: Adds the contribution of the fluid to the global stress-energy tensor
                WeylScal4::WeylScal4_SelectBoundConds: [level] select boundary conditions
                GROUP WeylScal4_ApplyBCs: Apply boundary conditions controlled by thorn Boundary
                  GROUP BoundaryConditions: Execute all boundary conditions
                    Boundary::Boundary_ApplyPhysicalBCs: Apply all requested local physical boundary conditions
                    CartGrid3D::CartGrid3D_ApplyBC: Apply symmetry boundary conditions
                    ReflectionSymmetry::ReflectionSymmetry_Apply: Apply reflection symmetries
                  Boundary::Boundary_ClearSelection: [level] Unselect all grid variables for boundary conditions
              MoL::MoL_ResetDeltaTime: [level] If necessary, change the timestep
          end while
          MoL::MoL_FinishLoop: [level] Control the step size
          MoL::MoL_RestoreSandR: Restoring the Save and Restore variables to the original state
          MoL::MoL_FreeScratchSpace: [level] Free storage for scratch levels
      end while
      GROUP MoL_PseudoEvolution: Calculate pseudo-evolved quantities
        GROUP ADMBase_SetADMVars: Set the ADM variables before this group, and use them afterwards
        GROUP ML_ADMConstraints_evaluate_group: ML_ADMConstraints_evaluate
          ML_ADMConstraints::ML_ADMConstraints_evaluate: ML_ADMConstraints_evaluate
          GROUP ML_ADMConstraints_evaluate_bc_group: ML_ADMConstraints_evaluate
            ML_ADMConstraints::ML_ADMConstraints_evaluate_SelectBCs: [level] ML_ADMConstraints_evaluate_SelectBCs
            GROUP ML_ADMConstraints_evaluate_ApplyBCs: Apply BCs for groups set in ML_ADMConstraints_evaluate
              GROUP BoundaryConditions: Execute all boundary conditions
                Boundary::Boundary_ApplyPhysicalBCs: Apply all requested local physical boundary conditions
                CartGrid3D::CartGrid3D_ApplyBC: Apply symmetry boundary conditions
                ReflectionSymmetry::ReflectionSymmetry_Apply: Apply reflection symmetries
              Boundary::Boundary_ClearSelection: [level] Unselect all grid variables for boundary conditions
        GROUP ML_CCZ4_ConstraintsEverywhere_group: ML_CCZ4_ConstraintsEverywhere
          ML_CCZ4::ML_CCZ4_ConstraintsEverywhere: ML_CCZ4_ConstraintsEverywhere
          GROUP ML_CCZ4_ConstraintsEverywhere_bc_group: ML_CCZ4_ConstraintsEverywhere
            ML_CCZ4::ML_CCZ4_ConstraintsEverywhere_SelectBCs: [level] ML_CCZ4_ConstraintsEverywhere_SelectBCs
            GROUP ML_CCZ4_ConstraintsEverywhere_ApplyBCs: Apply BCs for groups set in ML_CCZ4_ConstraintsEverywhere
              GROUP BoundaryConditions: Execute all boundary conditions
                Boundary::Boundary_ApplyPhysicalBCs: Apply all requested local physical boundary conditions
                CartGrid3D::CartGrid3D_ApplyBC: Apply symmetry boundary conditions
                ReflectionSymmetry::ReflectionSymmetry_Apply: Apply reflection symmetries
              Boundary::Boundary_ClearSelection: [level] Unselect all grid variables for boundary conditions
        GROUP ML_CCZ4_ConstraintsInterior_group: ML_CCZ4_ConstraintsInterior
          ML_CCZ4::ML_CCZ4_ConstraintsInterior: ML_CCZ4_ConstraintsInterior
          GROUP ML_CCZ4_ConstraintsInterior_bc_group: ML_CCZ4_ConstraintsInterior
            ML_CCZ4::ML_CCZ4_ConstraintsInterior_SelectBCs: [level] ML_CCZ4_ConstraintsInterior_SelectBCs
            GROUP ML_CCZ4_ConstraintsInterior_ApplyBCs: Apply BCs for groups set in ML_CCZ4_ConstraintsInterior
              GROUP BoundaryConditions: Execute all boundary conditions
                Boundary::Boundary_ApplyPhysicalBCs: Apply all requested local physical boundary conditions
                CartGrid3D::CartGrid3D_ApplyBC: Apply symmetry boundary conditions
                ReflectionSymmetry::ReflectionSymmetry_Apply: Apply reflection symmetries
              Boundary::Boundary_ClearSelection: [level] Unselect all grid variables for boundary conditions
        GROUP WeylScal4_psi4_calc_Nth_group: WeylScal4_psi4_calc_Nth
          WeylScal4::WeylScal4_psi4_calc_Nth: WeylScal4_psi4_calc_Nth
          GROUP WeylScal4_psi4_calc_Nth_bc_group: WeylScal4_psi4_calc_Nth
            WeylScal4::WeylScal4_psi4_calc_Nth_SelectBCs: [level] WeylScal4_psi4_calc_Nth_SelectBCs
            GROUP WeylScal4_psi4_calc_Nth_ApplyBCs: Apply BCs for groups set in WeylScal4_psi4_calc_Nth
              GROUP BoundaryConditions: Execute all boundary conditions
                Boundary::Boundary_ApplyPhysicalBCs: Apply all requested local physical boundary conditions
                CartGrid3D::CartGrid3D_ApplyBC: Apply symmetry boundary conditions
                ReflectionSymmetry::ReflectionSymmetry_Apply: Apply reflection symmetries
              Boundary::Boundary_ClearSelection: [level] Unselect all grid variables for boundary conditions
    Evolve finer grids recursively
    Restrict from finer grids
    [CCTK_POSTRESTRICT]
      GROUP MoL_PostStep: Ensure that everything is correct after restriction
        ML_CCZ4::ML_CCZ4_SelectBoundConds: [level] select boundary conditions
        GROUP ML_CCZ4_ApplyBCs: Apply boundary conditions controlled by thorn Boundary
          GROUP BoundaryConditions: Execute all boundary conditions
            Boundary::Boundary_ApplyPhysicalBCs: Apply all requested local physical boundary conditions
            CartGrid3D::CartGrid3D_ApplyBC: Apply symmetry boundary conditions
            ReflectionSymmetry::ReflectionSymmetry_Apply: Apply reflection symmetries
          Boundary::Boundary_ClearSelection: [level] Unselect all grid variables for boundary conditions
        ML_ADMConstraints::ML_ADMConstraints_SelectBoundConds: [level] select boundary conditions
        GROUP ML_ADMConstraints_ApplyBCs: Apply boundary conditions controlled by thorn Boundary
          GROUP BoundaryConditions: Execute all boundary conditions
            Boundary::Boundary_ApplyPhysicalBCs: Apply all requested local physical boundary conditions
            CartGrid3D::CartGrid3D_ApplyBC: Apply symmetry boundary conditions
            ReflectionSymmetry::ReflectionSymmetry_Apply: Apply reflection symmetries
          Boundary::Boundary_ClearSelection: [level] Unselect all grid variables for boundary conditions
        ML_CCZ4::ML_CCZ4_ADMBaseInterior: ML_CCZ4_ADMBaseInterior
        ML_CCZ4::ML_CCZ4_ADMBaseBoundaryScalar: ML_CCZ4_ADMBaseBoundaryScalar
        ML_CCZ4::ML_CCZ4_ADMBaseEverywhere: ML_CCZ4_ADMBaseEverywhere
        ML_CCZ4_Helper::ML_CCZ4_ADMBase_SelectBCs: [level] Select boundary conditions for ADMBase variables
        GROUP ML_CCZ4_ADMBase_ApplyBCs: Apply boundary conditions to ADMBase variables
          GROUP BoundaryConditions: Execute all boundary conditions
            Boundary::Boundary_ApplyPhysicalBCs: Apply all requested local physical boundary conditions
            CartGrid3D::CartGrid3D_ApplyBC: Apply symmetry boundary conditions
            ReflectionSymmetry::ReflectionSymmetry_Apply: Apply reflection symmetries
          Boundary::Boundary_ClearSelection: [level] Unselect all grid variables for boundary conditions
        GROUP ADMBase_SetADMVars: Set the ADM variables before this group, and use them afterwards
        GROUP HydroBase_PostStep: Post step tasks for hydro thorns
          GROUP HydroBase_Boundaries: HydroBase-internal Boundary conditions group
            GROUP HydroBase_Select_Boundaries: Group to schedule the boundary condition functions
              THC_Core::THC_SelectBC: [singlemap] Select boundary conditions
            GROUP HydroBase_ApplyBCs: Apply the boundary conditions of HydroBase
              GROUP BoundaryConditions: Execute all boundary conditions
                Boundary::Boundary_ApplyPhysicalBCs: Apply all requested local physical boundary conditions
                CartGrid3D::CartGrid3D_ApplyBC: Apply symmetry boundary conditions
                ReflectionSymmetry::ReflectionSymmetry_Apply: Apply reflection symmetries
              Boundary::Boundary_ClearSelection: [level] Unselect all grid variables for boundary conditions
          GROUP HydroBase_Con2Prim: Convert from conservative to primitive variables
            GROUP THC_SetExcisionMask: Thorns providing excision should set the bitmask
            THC_Core::THC_ConsToAll: Computes the primitives from the conservatives
        GROUP SetTmunu: Group for calculating the stress-energy tensor
          TmunuBase::TmunuBase_ZeroTmunu: Initialise the stress-energy tensor to zero
          GROUP AddToTmunu: Add to the stress-energy tensor here
            THC_Core::THC_AddToTmunu: Adds the contribution of the fluid to the global stress-energy tensor
        WeylScal4::WeylScal4_SelectBoundConds: [level] select boundary conditions
        GROUP WeylScal4_ApplyBCs: Apply boundary conditions controlled by thorn Boundary
          GROUP BoundaryConditions: Execute all boundary conditions
            Boundary::Boundary_ApplyPhysicalBCs: Apply all requested local physical boundary conditions
            CartGrid3D::CartGrid3D_ApplyBC: Apply symmetry boundary conditions
            ReflectionSymmetry::ReflectionSymmetry_Apply: Apply reflection symmetries
          Boundary::Boundary_ClearSelection: [level] Unselect all grid variables for boundary conditions
      GROUP MoL_PseudoEvolutionBoundaries: Apply boundary conditions to pseudo-evolved quantities
        GROUP ML_ADMConstraints_evaluate_bc_group: ML_ADMConstraints_evaluate
          ML_ADMConstraints::ML_ADMConstraints_evaluate_SelectBCs: [level] ML_ADMConstraints_evaluate_SelectBCs
          GROUP ML_ADMConstraints_evaluate_ApplyBCs: Apply BCs for groups set in ML_ADMConstraints_evaluate
            GROUP BoundaryConditions: Execute all boundary conditions
              Boundary::Boundary_ApplyPhysicalBCs: Apply all requested local physical boundary conditions
              CartGrid3D::CartGrid3D_ApplyBC: Apply symmetry boundary conditions
              ReflectionSymmetry::ReflectionSymmetry_Apply: Apply reflection symmetries
            Boundary::Boundary_ClearSelection: [level] Unselect all grid variables for boundary conditions
        GROUP ML_CCZ4_ConstraintsEverywhere_bc_group: ML_CCZ4_ConstraintsEverywhere
          ML_CCZ4::ML_CCZ4_ConstraintsEverywhere_SelectBCs: [level] ML_CCZ4_ConstraintsEverywhere_SelectBCs
          GROUP ML_CCZ4_ConstraintsEverywhere_ApplyBCs: Apply BCs for groups set in ML_CCZ4_ConstraintsEverywhere
            GROUP BoundaryConditions: Execute all boundary conditions
              Boundary::Boundary_ApplyPhysicalBCs: Apply all requested local physical boundary conditions
              CartGrid3D::CartGrid3D_ApplyBC: Apply symmetry boundary conditions
              ReflectionSymmetry::ReflectionSymmetry_Apply: Apply reflection symmetries
            Boundary::Boundary_ClearSelection: [level] Unselect all grid variables for boundary conditions
        GROUP ML_CCZ4_ConstraintsInterior_bc_group: ML_CCZ4_ConstraintsInterior
          ML_CCZ4::ML_CCZ4_ConstraintsInterior_SelectBCs: [level] ML_CCZ4_ConstraintsInterior_SelectBCs
          GROUP ML_CCZ4_ConstraintsInterior_ApplyBCs: Apply BCs for groups set in ML_CCZ4_ConstraintsInterior
            GROUP BoundaryConditions: Execute all boundary conditions
              Boundary::Boundary_ApplyPhysicalBCs: Apply all requested local physical boundary conditions
              CartGrid3D::CartGrid3D_ApplyBC: Apply symmetry boundary conditions
              ReflectionSymmetry::ReflectionSymmetry_Apply: Apply reflection symmetries
            Boundary::Boundary_ClearSelection: [level] Unselect all grid variables for boundary conditions
        GROUP WeylScal4_psi4_calc_Nth_bc_group: WeylScal4_psi4_calc_Nth
          WeylScal4::WeylScal4_psi4_calc_Nth_SelectBCs: [level] WeylScal4_psi4_calc_Nth_SelectBCs
          GROUP WeylScal4_psi4_calc_Nth_ApplyBCs: Apply BCs for groups set in WeylScal4_psi4_calc_Nth
            GROUP BoundaryConditions: Execute all boundary conditions
              Boundary::Boundary_ApplyPhysicalBCs: Apply all requested local physical boundary conditions
              CartGrid3D::CartGrid3D_ApplyBC: Apply symmetry boundary conditions
              ReflectionSymmetry::ReflectionSymmetry_Apply: Apply reflection symmetries
            Boundary::Boundary_ClearSelection: [level] Unselect all grid variables for boundary conditions
    [CCTK_POSTSTEP]
      SphericalSurface::SphericalSurface_Set: [global] Set surface radii
      GROUP zzz_NaNChecker_NaNCheck: Check for NaNs and count them in NaNChecker::NaNsFound
        NaNChecker::NaNChecker_NaNCheck_Prepare: [level] Prepare data structures to check for NaNs
        NaNChecker::NaNChecker_NaNCheck_Check: [local] Check for NaNs
        NaNChecker::NaNChecker_NaNCheck_Finish: [level] Count NaNs in NaNChecker::NaNsFound
      NaNChecker::NaNChecker_TakeAction: [global] [loop-level] Output NaNChecker::NaNmask and take action according to NaNChecker::action_if_found
      SpaceMask::CheckMask: Ensure that all mask values are legal
      GROUP SphericalSurface_HasBeenSet: Set the spherical surfaces before this group, and use it afterwards
        SphericalSurface::SphericalSurface_CheckState: [global] Test the state of the spherical surfaces
      Dissipation::setup_epsdis: Setup spatially varying dissipation
    if (checkpoint)
      [CCTK_CHECKPOINT]
      CarpetIOHDF5::CarpetIOHDF5_EvolutionCheckpoint: [meta] Evolution checkpoint routine
    endif
    if (analysis)
      [CCTK_ANALYSIS]
      CarpetLib::CarpetLib_printtimestats: [global] Print timing statistics if desired
      CarpetLib::CarpetLib_printmemstats: [global] Print memory statistics if desired
      Formaline::Formaline_AnnounceUpdate: [global] Put some meta information about the current run into permanent storage
      LoopControl::LC_statistics_analysis: [meta] Output LoopControl statistics
      GROUP ML_CCZ4_EvolutionAnalysis: Calculate RHS at analysis
        ML_CCZ4::ML_CCZ4_EvolutionAnalysisInit: ML_CCZ4_EvolutionAnalysisInit
        ML_CCZ4::ML_CCZ4_EvolutionAnalysisInterior: ML_CCZ4_EvolutionAnalysisInterior
        ML_CCZ4_Helper::ML_CCZ4_NewRad: Apply NewRad boundary conditions to RHS
      Multipole::Multipole_Calc: [global] Calculate Multipoles
      TerminationTrigger::TerminationTrigger_CheckWalltime: Check elapsed job walltime
      TerminationTrigger::TerminationTrigger_CheckSignal: Check if we received a termination signal
      TerminationTrigger::TerminationTrigger_CheckFile: Check termination file
      WatchDog::WatchDog: Make sure that the run is progressing
    endif
    Output grid variables
    enddo

  Termination routines
    [CCTK_TERMINATE]
      CarpetIOHDF5::CarpetIOHDF5_TerminationCheckpoint: [meta] Termination checkpoint routine
      Formaline::Formaline_AnnounceFinal: [global] Put some meta information about the current run into permanent storage
      LoopControl::LC_statistics_terminate: [meta] Output LoopControl statistics
      MoL::MoL_FreeIndexArrays: Free the MoL bookkeeping index arrays

  Shutdown routines
    [CCTK_SHUTDOWN]
      Timers::Timer_Shutdown: Prepare hierarchical timers

  Routines run after changing the grid hierarchy:
    [CCTK_POSTREGRID]
      CartGrid3D::SpatialCoordinates: Set Coordinates after regridding
      GROUP MaskBase_SetupMask: Set up the weight function
        GROUP MaskBase_SetupMaskAll: Set up the weight function
          CarpetReduce::MaskBase_AllocateMask: [global] Allocate the weight function
          CarpetReduce::MaskBase_InitMask: [global] [loop-local] Initialise the weight function
          GROUP SetupIMaskInternal: Set up the integer weight function (schedule other routines in here)
            CarpetReduce::CoordBase_SetupMask: [global] [loop-local] Set up the outer boundaries of the weight function
            CarpetReduce::CarpetMaskSetup: [global] [loop-singlemap] Set up the weight function for the restriction regions
          GROUP SetupIMask: Set up the integer weight function (schedule other routines in here)
          CarpetReduce::MaskBase_SetMask: [global] [loop-local] Set the weight function
          GROUP SetupMask: Set up the real weight function (schedule other routines in here)
          CarpetReduce::MaskBase_TestMask: [global] Test the weight function
      Dissipation::setup_epsdis: Setup spatially varying dissipation
      GROUP MoL_PostStep: Ensure that everything is correct after regridding
        ML_CCZ4::ML_CCZ4_SelectBoundConds: [level] select boundary conditions
        GROUP ML_CCZ4_ApplyBCs: Apply boundary conditions controlled by thorn Boundary
          GROUP BoundaryConditions: Execute all boundary conditions
            Boundary::Boundary_ApplyPhysicalBCs: Apply all requested local physical boundary conditions
            CartGrid3D::CartGrid3D_ApplyBC: Apply symmetry boundary conditions
            ReflectionSymmetry::ReflectionSymmetry_Apply: Apply reflection symmetries
          Boundary::Boundary_ClearSelection: [level] Unselect all grid variables for boundary conditions
        ML_ADMConstraints::ML_ADMConstraints_SelectBoundConds: [level] select boundary conditions
        GROUP ML_ADMConstraints_ApplyBCs: Apply boundary conditions controlled by thorn Boundary
          GROUP BoundaryConditions: Execute all boundary conditions
            Boundary::Boundary_ApplyPhysicalBCs: Apply all requested local physical boundary conditions
            CartGrid3D::CartGrid3D_ApplyBC: Apply symmetry boundary conditions
            ReflectionSymmetry::ReflectionSymmetry_Apply: Apply reflection symmetries
          Boundary::Boundary_ClearSelection: [level] Unselect all grid variables for boundary conditions
        ML_CCZ4::ML_CCZ4_ADMBaseInterior: ML_CCZ4_ADMBaseInterior
        ML_CCZ4::ML_CCZ4_ADMBaseBoundaryScalar: ML_CCZ4_ADMBaseBoundaryScalar
        ML_CCZ4::ML_CCZ4_ADMBaseEverywhere: ML_CCZ4_ADMBaseEverywhere
        ML_CCZ4_Helper::ML_CCZ4_ADMBase_SelectBCs: [level] Select boundary conditions for ADMBase variables
        GROUP ML_CCZ4_ADMBase_ApplyBCs: Apply boundary conditions to ADMBase variables
          GROUP BoundaryConditions: Execute all boundary conditions
            Boundary::Boundary_ApplyPhysicalBCs: Apply all requested local physical boundary conditions
            CartGrid3D::CartGrid3D_ApplyBC: Apply symmetry boundary conditions
            ReflectionSymmetry::ReflectionSymmetry_Apply: Apply reflection symmetries
          Boundary::Boundary_ClearSelection: [level] Unselect all grid variables for boundary conditions
        GROUP ADMBase_SetADMVars: Set the ADM variables before this group, and use them afterwards
        GROUP HydroBase_PostStep: Post step tasks for hydro thorns
          GROUP HydroBase_Boundaries: HydroBase-internal Boundary conditions group
            GROUP HydroBase_Select_Boundaries: Group to schedule the boundary condition functions
              THC_Core::THC_SelectBC: [singlemap] Select boundary conditions
            GROUP HydroBase_ApplyBCs: Apply the boundary conditions of HydroBase
              GROUP BoundaryConditions: Execute all boundary conditions
                Boundary::Boundary_ApplyPhysicalBCs: Apply all requested local physical boundary conditions
                CartGrid3D::CartGrid3D_ApplyBC: Apply symmetry boundary conditions
                ReflectionSymmetry::ReflectionSymmetry_Apply: Apply reflection symmetries
              Boundary::Boundary_ClearSelection: [level] Unselect all grid variables for boundary conditions
          GROUP HydroBase_Con2Prim: Convert from conservative to primitive variables
            GROUP THC_SetExcisionMask: Thorns providing excision should set the bitmask
            THC_Core::THC_ConsToAll: Computes the primitives from the conservatives
        GROUP SetTmunu: Group for calculating the stress-energy tensor
          TmunuBase::TmunuBase_ZeroTmunu: Initialise the stress-energy tensor to zero
          GROUP AddToTmunu: Add to the stress-energy tensor here
            THC_Core::THC_AddToTmunu: Adds the contribution of the fluid to the global stress-energy tensor
        WeylScal4::WeylScal4_SelectBoundConds: [level] select boundary conditions
        GROUP WeylScal4_ApplyBCs: Apply boundary conditions controlled by thorn Boundary
          GROUP BoundaryConditions: Execute all boundary conditions
            Boundary::Boundary_ApplyPhysicalBCs: Apply all requested local physical boundary conditions
            CartGrid3D::CartGrid3D_ApplyBC: Apply symmetry boundary conditions
            ReflectionSymmetry::ReflectionSymmetry_Apply: Apply reflection symmetries
          Boundary::Boundary_ClearSelection: [level] Unselect all grid variables for boundary conditions
      GROUP MoL_PseudoEvolutionBoundaries: Apply boundary conditions to pseudo-evolved quantities
        GROUP ML_ADMConstraints_evaluate_bc_group: ML_ADMConstraints_evaluate
          ML_ADMConstraints::ML_ADMConstraints_evaluate_SelectBCs: [level] ML_ADMConstraints_evaluate_SelectBCs
          GROUP ML_ADMConstraints_evaluate_ApplyBCs: Apply BCs for groups set in ML_ADMConstraints_evaluate
            GROUP BoundaryConditions: Execute all boundary conditions
              Boundary::Boundary_ApplyPhysicalBCs: Apply all requested local physical boundary conditions
              CartGrid3D::CartGrid3D_ApplyBC: Apply symmetry boundary conditions
              ReflectionSymmetry::ReflectionSymmetry_Apply: Apply reflection symmetries
            Boundary::Boundary_ClearSelection: [level] Unselect all grid variables for boundary conditions
        GROUP ML_CCZ4_ConstraintsEverywhere_bc_group: ML_CCZ4_ConstraintsEverywhere
          ML_CCZ4::ML_CCZ4_ConstraintsEverywhere_SelectBCs: [level] ML_CCZ4_ConstraintsEverywhere_SelectBCs
          GROUP ML_CCZ4_ConstraintsEverywhere_ApplyBCs: Apply BCs for groups set in ML_CCZ4_ConstraintsEverywhere
            GROUP BoundaryConditions: Execute all boundary conditions
              Boundary::Boundary_ApplyPhysicalBCs: Apply all requested local physical boundary conditions
              CartGrid3D::CartGrid3D_ApplyBC: Apply symmetry boundary conditions
              ReflectionSymmetry::ReflectionSymmetry_Apply: Apply reflection symmetries
            Boundary::Boundary_ClearSelection: [level] Unselect all grid variables for boundary conditions
        GROUP ML_CCZ4_ConstraintsInterior_bc_group: ML_CCZ4_ConstraintsInterior
          ML_CCZ4::ML_CCZ4_ConstraintsInterior_SelectBCs: [level] ML_CCZ4_ConstraintsInterior_SelectBCs
          GROUP ML_CCZ4_ConstraintsInterior_ApplyBCs: Apply BCs for groups set in ML_CCZ4_ConstraintsInterior
            GROUP BoundaryConditions: Execute all boundary conditions
              Boundary::Boundary_ApplyPhysicalBCs: Apply all requested local physical boundary conditions
              CartGrid3D::CartGrid3D_ApplyBC: Apply symmetry boundary conditions
              ReflectionSymmetry::ReflectionSymmetry_Apply: Apply reflection symmetries
            Boundary::Boundary_ClearSelection: [level] Unselect all grid variables for boundary conditions
        GROUP WeylScal4_psi4_calc_Nth_bc_group: WeylScal4_psi4_calc_Nth
          WeylScal4::WeylScal4_psi4_calc_Nth_SelectBCs: [level] WeylScal4_psi4_calc_Nth_SelectBCs
          GROUP WeylScal4_psi4_calc_Nth_ApplyBCs: Apply BCs for groups set in WeylScal4_psi4_calc_Nth
            GROUP BoundaryConditions: Execute all boundary conditions
              Boundary::Boundary_ApplyPhysicalBCs: Apply all requested local physical boundary conditions
              CartGrid3D::CartGrid3D_ApplyBC: Apply symmetry boundary conditions
              ReflectionSymmetry::ReflectionSymmetry_Apply: Apply reflection symmetries
            Boundary::Boundary_ClearSelection: [level] Unselect all grid variables for boundary conditions
      SpaceMask::MaskZero: Initialise mask to zero
      SpaceMask::MaskOne: Set mask to one
--------------------------------------------------------------------------------
INFO (Carpet): Multi-Model listing:
   model 0: "world"
INFO (Carpet): Multi-Model process distribution:
   processes 0-15: model 0 "world"
INFO (Carpet): Multi-Model: This is process 0, model 0 "world"
INFO (CarpetLib): Process startup time was 1.08 seconds
Current core file size limit: hard=[unlimited], soft=0 MB
Current addres space size limit: hard=[unlimited], soft=[unlimited]
Current data segment size limit: hard=[unlimited], soft=[unlimited]
Current resident set size limit: hard=[unlimited], soft=[unlimited]
INFO (CycleClock): Measuring CycleClock tick via OpenMP...
INFO (CycleClock): Calibrated CycleClock: 0.31376 ns per clock tick (3.18715 GHz)
INFO (Formaline): Configuration id: config-sim-rva-msi-ubuntu-home-rva-msi-ubuntu-Cactus
INFO (Formaline): Build id: build-sim-rva-msi-ubuntu-rva-msi-ubuntu-2025.09.21-15.06.29-552338
INFO (Formaline): Simulation id: run-SFHo+CCS-rva-msi-ubuntu-rva-msi-ubuntu-2025.11.15-05.56.18-406866
INFO (Formaline): Run id: run-SFHo+CCS-rva-msi-ubuntu-rva-msi-ubuntu-2025.11.15-05.56.18-406866
INFO (Vectors): Using vector size 2 for architecture SSE2 (64-bit precision)
INFO (hwloc): library version 2.7.0, API version 0x20500
--------------------------------------------------------------------------------
AMR driver provided by Carpet
--------------------------------------------------------------------------------
HRSCCore: HRSC for Cactus
--------------------------------------------------------------------------------
HydroBase: Let it flow.
--------------------------------------------------------------------------------
AMR 0D ASCII I/O provided by CarpetIOASCII
--------------------------------------------------------------------------------
AMR 1D ASCII I/O provided by CarpetIOASCII
--------------------------------------------------------------------------------
AMR 2D ASCII I/O provided by CarpetIOASCII
--------------------------------------------------------------------------------
AMR 3D ASCII I/O provided by CarpetIOASCII
--------------------------------------------------------------------------------
AMR info I/O provided by CarpetIOBasic
--------------------------------------------------------------------------------
ML_ADMConstraints
--------------------------------------------------------------------------------
ML_CCZ4
--------------------------------------------------------------------------------
AMR HDF5 I/O provided by CarpetIOHDF5
--------------------------------------------------------------------------------
AMR 0D HDF5 I/O provided by CarpetIOHDF5
--------------------------------------------------------------------------------
AMR 1D HDF5 I/O provided by CarpetIOHDF5
--------------------------------------------------------------------------------
AMR 2D HDF5 I/O provided by CarpetIOHDF5
--------------------------------------------------------------------------------
AMR 3D HDF5 I/O provided by CarpetIOHDF5
--------------------------------------------------------------------------------
MoL: Generalized time integration.
--------------------------------------------------------------------------------
PizzaBase: pizza infrastructure
--------------------------------------------------------------------------------
PizzaIDBase: pizza initial data infrastructure
--------------------------------------------------------------------------------
PizzaTOV: TOV star initial data
--------------------------------------------------------------------------------
Templated Hydrodynamics Code: a modular (relativistic) CFD code for Cactus.
--------------------------------------------------------------------------------
AMR scalar I/O provided by CarpetIOScalar
--------------------------------------------------------------------------------
WeylScal4
--------------------------------------------------------------------------------

INFO (Carpet): MPI is enabled
INFO (Carpet): Carpet is running on 16 processes
INFO (Carpet): This is process 0
INFO (Carpet): OpenMP is enabled
INFO (Carpet): This process contains 1 threads, this is thread 0
INFO (Carpet): There are 16 threads in total
INFO (Carpet): There are 1 threads per process
INFO (Carpet): This process runs on host rva-msi-ubuntu, pid=406866
INFO (Carpet): This process runs on 24 cores: 0-23
INFO (Carpet): Thread 0 runs on 24 cores: 0-23
INFO (Carpet): This simulation is running in 3 dimensions
INFO (Carpet): Boundary specification for map 0:
   nboundaryzones: [[3,3,3],[3,3,3]]
   is_internal   : [[0,0,0],[0,0,0]]
   is_staggered  : [[0,0,0],[0,0,0]]
   shiftout      : [[1,1,1],[0,0,0]]
INFO (Carpet): CoordBase domain specification for map 0:
   physical extent: [0,0,0] : [24,24,24]   ([24,24,24])
   interior extent: [0,0,0] : [23.68,23.68,23.68]   ([23.68,23.68,23.68])
   exterior extent: [-0.96,-0.96,-0.96] : [24.64,24.64,24.64]   ([25.6,25.6,25.6])
   base_spacing   : [0.32,0.32,0.32]
INFO (Carpet): Adapted domain specification for map 0:
   convergence factor: 2
   convergence level : 0
   physical extent   : [0,0,0] : [24,24,24]   ([24,24,24])
   interior extent   : [0,0,0] : [23.68,23.68,23.68]   ([23.68,23.68,23.68])
   exterior extent   : [-0.96,-0.96,-0.96] : [24.64,24.64,24.64]   ([25.6,25.6,25.6])
   spacing           : [0.32,0.32,0.32]
INFO (Carpet): Base grid specification for map 0:
   number of grid points             : [81,81,81]
   number of coarse grid ghost points: [[3,3,3],[3,3,3]]
INFO (Carpet): Buffer zone counts (excluding ghosts):
   [0]: [[0,0,0],[0,0,0]]
   [1]: [[6,6,6],[6,6,6]]
INFO (Carpet): Overlap zone counts:
   [0]: [[0,0,0],[0,0,0]]
   [1]: [[0,0,0],[0,0,0]]
INFO (Carpet): Group and variable statistics:
INFO (Carpet):    There are 757 grid functions in 108 groups
INFO (Carpet):    There are 242 grid scalars in 54 groups
INFO (Carpet):    There are 81 1-dimensional grid arrays in 7 groups
INFO (Carpet):    There are 3 2-dimensional grid arrays in 3 groups
INFO (Carpet):    There are 0 3-dimensional grid arrays in 0 groups
INFO (Carpet):    (The number of variables counts all time levels)
INFO (CarpetIOASCII): I/O Method 'IOASCII_0D' registered: 0D AMR output of grid variables to ASCII files
INFO (CarpetIOASCII): Periodic 0D AMR output requested for:
   CARPET::physical_time_per_hour
INFO (CarpetIOASCII): I/O Method 'IOASCII_1D' registered: 1D AMR output of grid variables to ASCII files
INFO (CarpetIOASCII): I/O Method 'IOASCII_2D' registered: 2D AMR output of grid variables to ASCII files
INFO (CarpetIOASCII): I/O Method 'IOASCII_3D' registered: 3D AMR output of grid variables to ASCII files
INFO (CarpetIOHDF5): I/O Method 'IOHDF5' registered: AMR output of grid variables to HDF5 files
INFO (CarpetIOHDF5): I/O Method 'IOHDF5_0D' registered: 0D AMR output of grid variables to HDF5 files
INFO (CarpetIOHDF5): I/O Method 'IOHDF5_1D' registered: 1D AMR output of grid variables to HDF5 files
INFO (CarpetIOHDF5): Periodic 1D AMR output requested for:
   ADMBASE::alp
   ADMBASE::betax
   ADMBASE::betay
   ADMBASE::betaz
   HYDROBASE::rho
   HYDROBASE::press
   HYDROBASE::eps
   HYDROBASE::vel[0]
   HYDROBASE::vel[1]
   HYDROBASE::vel[2]
   HYDROBASE::w_lorentz
   HYDROBASE::entropy
   ML_ADMCONSTRAINTS::H
   THC_CORE::dens
   THC_CORE::scon[0]
   THC_CORE::scon[1]
   THC_CORE::scon[2]
   THC_CORE::tau
   THC_CORE::volform
   WEYLSCAL4::Psi4r
   WEYLSCAL4::Psi4i
INFO (CarpetIOHDF5): I/O Method 'IOHDF5_2D' registered: 2D AMR output of grid variables to HDF5 files
INFO (CarpetIOHDF5): Periodic 2D AMR output requested for:
   ADMBASE::gxx
   ADMBASE::gxy
   ADMBASE::gxz
   ADMBASE::gyy
   ADMBASE::gyz
   ADMBASE::gzz
   ADMBASE::alp
   ADMBASE::betax
   ADMBASE::betay
   ADMBASE::betaz
   HYDROBASE::rho
   HYDROBASE::press
   HYDROBASE::eps
   HYDROBASE::vel[0]
   HYDROBASE::vel[1]
   HYDROBASE::vel[2]
   HYDROBASE::w_lorentz
   HYDROBASE::entropy
   ML_ADMCONSTRAINTS::H
   THC_CORE::dens
   THC_CORE::scon[0]
   THC_CORE::scon[1]
   THC_CORE::scon[2]
   THC_CORE::tau
   THC_CORE::csound
   THC_CORE::volform
   THC_CORE::bitmask
   WEYLSCAL4::Psi4r
   WEYLSCAL4::Psi4i
INFO (CarpetIOHDF5): I/O Method 'IOHDF5_3D' registered: 3D AMR output of grid variables to HDF5 files
INFO (CarpetIOScalar): Periodic scalar output requested for:
   ADMBASE::alp
   HYDROBASE::rho
   HYDROBASE::press
   HYDROBASE::w_lorentz
   ML_ADMCONSTRAINTS::H
   THC_CORE::dens
--------------------------------------------------------------------------------
INFO (Formaline): Writing tarballs with the Cactus sources into the directory "./data/../../cactus-source"
INFO (MoL): Using Runge-Kutta 3 as the time integrator.
INFO (SymBase): Symmetry on lower x-face: reflection_symmetry
INFO (SymBase): Symmetry on lower y-face: reflection_symmetry
INFO (SymBase): Symmetry on lower z-face: reflection_symmetry
INFO (MoL): The maximum number of evolved variables is 542. 32 are registered.
INFO (MoL): The maximum number of slow evolved variables is 542. 0 are registered.
INFO (MoL): The maximum number of constrained variables is 542. 30 are registered.
INFO (MoL): The maximum number of SandR variables is 542. 0 are registered.
INFO (MoL): The maximum number of evolved array variables is 542. 0 are registered.
INFO (MoL): The maximum number of constrained array variables is 542. 0 are registered.
INFO (MoL): The maximum number of SandR array variables is 542. 0 are registered.
INFO (MoL): The maximum size of any array variables is 0.
INFO (Vectors): Testing vectorisation... [errors may result in segfaults]
INFO (Vectors): 375/375 tests passed 
INFO (CarpetRegrid2): Enforcing grid structure properties, iteration 0
INFO (CarpetRegrid2): Enforcing grid structure properties, iteration 1
INFO (Carpet): Grid structure (superregions, grid points):
   [0][0][0]   exterior: [0,0,0] : [80,80,80]   ([81,81,81] + PADDING) 531441
   [1][0][0]   exterior: [3,3,3] : [88,88,88]   ([86,86,86] + PADDING) 636056
INFO (Carpet): Grid structure (superregions, coordinates):
   [0][0][0]   exterior: [-0.96,-0.96,-0.96] : [24.64,24.64,24.64] : [0.32,0.32,0.32]
   [1][0][0]   exterior: [-0.48,-0.48,-0.48] : [13.12,13.12,13.12] : [0.16,0.16,0.16]
INFO (Carpet): Global grid structure statistics:
INFO (Carpet): GF: rhs: 445k active, 522k owned (+17%), 889k total (+70%), 3 steps/time
INFO (Carpet): GF: vars: 339, pts: 298M active, 337M owned (+13%), 578M total (+72%), 1.0 comp/proc
INFO (Carpet): GA: vars: 307, pts: 1M active, 1M total (+0%)
INFO (Carpet): Total required memory: 4.610 GByte (for GAs and currently active GFs)
INFO (Carpet): Load balance:  min     avg     max     sdv     max/avg-1
INFO (Carpet): Level  0:       7M      9M     11M      1M owned     24%
INFO (Carpet): Level  1:      10M     12M     14M      1M owned     14%
INFO (CartGrid3D): Grid Spacings:
INFO (CartGrid3D): dx=>3.2000000e-01  dy=>3.2000000e-01  dz=>3.2000000e-01
INFO (CartGrid3D): Computational Coordinates:
INFO (CartGrid3D): x=>[-0.960,24.640]  y=>[-0.960,24.640]  z=>[-0.960,24.640]
INFO (CartGrid3D): Indices of Physical Coordinates:
INFO (CartGrid3D): x=>[0,80]  y=>[0,80]  z=>[0,80]
INFO (HRSCCore): Using FD. Method ID = 58.
INFO (TerminationTrigger): Reminding you every 60 minutes about remaining walltime
INFO (Time): Timestep set to 0.08 (courant_static)
INFO (PizzaTOV): PizzaTOV: param_test = 121
INFO (TerminationTrigger): Reminding you every 60 minutes about remaining walltime
INFO (Time): Timestep set to 0.04 (courant_static)
Memory statistics from CarpetLib:
   Current number of objects: 768
   Current allocated memory:  257 MB
   Maximum number of objects: 772
   Maximum allocated memory:  258 MB
   Current administrative memory: 1.1 MB
   Total allocated used system memory: 14.8 MB
   Total allocated free system memory: 22 MB
   gh::allmemory:    123132
   dh::allmemory:    721984
   th::allmemory:    13888
   ggf::allmemory:   189992
   gdata::allmemory: 55208
-----------------------------------------------------------------------------------------------------------------------------------
Iteration      Time |            HYDROBASE::rho |          HYDROBASE::press |            HYDROBASE::eps |      ML_ADMCONSTRAINTS::H
                    |        norm2      maximum |        norm2      maximum |        norm2      maximum |        norm2      maximum
-----------------------------------------------------------------------------------------------------------------------------------
        0     0.000 |    0.0000646    0.0020970 |    0.0000024    0.0002305 |    0.0024318    0.0649322 |    0.0028849    0.3871904
       32     1.280 |    0.0000634    0.0019853 |    0.0000024    0.0001153 |    0.0025192    0.0615200 |    0.0005695    0.0685352
       64     2.560 |    0.0000628    0.0020225 |    0.0000026    0.0001526 |    0.0025476    0.0615878 |    0.0003198    0.0463279
       96     3.840 |    0.0000621    0.0020460 |    0.0000026    0.0001771 |    0.0025702    0.0625818 |    0.0002373    0.1166711
      128     5.120 |    0.0000614    0.0020013 |    0.0000023    0.0001313 |    0.0025787    0.0611890 |    0.0001882    0.0151442
      160     6.400 |    0.0000607    0.0019646 |    0.0000018    0.0000939 |    0.0025856    0.0615465 |    0.0001647    0.0129761
      192     7.680 |    0.0000601    0.0019553 |    0.0000019    0.0000850 |    0.0025924    0.0615344 |    0.0001453    0.0103486
      224     8.960 |    0.0000595    0.0020117 |    0.0000021    0.0001416 |    0.0026023    0.0615037 |    0.0001370    0.0087836
      256    10.240 |    0.0000589    0.0020261 |    0.0000022    0.0001566 |    0.0026134    0.0617476 |    0.0001265    0.0080404
      288    11.520 |    0.0000583    0.0019887 |    0.0000019    0.0001191 |    0.0026301    0.0612909 |    0.0001178    0.0069800
      320    12.800 |    0.0000576    0.0019415 |    0.0000016    0.0000720 |    0.0026500    0.0615392 |    0.0001065    0.0064051
      352    14.080 |    0.0000570    0.0019707 |    0.0000017    0.0001000 |    0.0026729    0.0615253 |    0.0000948    0.0058588
      384    15.360 |    0.0000563    0.0021094 |    0.0000020    0.0002434 |    0.0027021    0.0656431 |    0.0000858    0.0057707
      416    16.640 |    0.0000556    0.0019934 |    0.0000018    0.0001237 |    0.0027352    0.0614180 |    0.0000791    0.0050923
      448    17.920 |    0.0000549    0.0019524 |    0.0000015    0.0000822 |    0.0027941    0.0615604 |    0.0000743    0.0047989
      480    19.200 |    0.0000543    0.0019453 |    0.0000016    0.0000756 |    0.0029124    0.0614894 |    0.0000700    0.0047829
      512    20.480 |    0.0000536    0.0020580 |    0.0000018    0.0001893 |    0.0033696    0.1637688 |    0.0000662    0.0044115
      544    21.760 |    0.0000528    0.0019733 |    0.0000017    0.0001027 |    0.0063042    0.3461177 |    0.0000611    0.0040350
      576    23.040 |    0.0000520    0.0019434 |    0.0000014    0.0000739 |    0.0098273    0.4099517 |    0.0000565    0.0037405
      608    24.320 |    0.0000513    0.0019463 |    0.0000014    0.0000765 |    0.0160115    0.8130889 |    0.0000532    0.0037937
-----------------------------------------------------------------------------------------------------------------------------------
Iteration      Time |            HYDROBASE::rho |          HYDROBASE::press |            HYDROBASE::eps |      ML_ADMCONSTRAINTS::H
                    |        norm2      maximum |        norm2      maximum |        norm2      maximum |        norm2      maximum
-----------------------------------------------------------------------------------------------------------------------------------
      640    25.600 |    0.0000506    0.0020321 |    0.0000016    0.0001631 |    0.0243728    0.9155743 |    0.0000497    0.0033654
      672    26.880 |    0.0000497    0.0019718 |    0.0000015    0.0001012 |    0.0337323    1.0067456 |    0.0000466    0.0032787
      704    28.160 |    0.0000489    0.0019269 |    0.0000012    0.0000651 |    0.0452382    1.1316874 |    0.0000442    0.0031003
      736    29.440 |    0.0000481    0.0019653 |    0.0000013    0.0000946 |    0.0569241    1.1414035 |    0.0000425    0.0030224
      768    30.720 |    0.0000473    0.0019893 |    0.0000014    0.0001198 |    0.0624883    1.6370151 |    0.0000405    0.0028020
      800    32.000 |    0.0000464    0.0019248 |    0.0000011    0.0000658 |    0.0676787    1.6370996 |    0.0000387    0.0025926
      832    33.280 |    0.0000455    0.0019502 |    0.0000012    0.0000802 |    0.0730355    1.8915709 |    0.0000378    0.0026669
      864    34.560 |    0.0000446    0.0021659 |    0.0000012    0.0003086 |    0.0785307    1.0018426 |    0.0000367    0.0029842
      896    35.840 |    0.0000437    0.0019428 |    0.0000011    0.0000743 |    0.0872972    0.9186805 |    0.0000348    0.0023665
      928    37.120 |    0.0000427    0.0019527 |    0.0000011    0.0000839 |    0.0969220    0.8842229 |    0.0000348    0.0024589
      960    38.400 |    0.0000417    0.0019385 |    0.0000010    0.0000693 |    0.1070515    0.8372771 |    0.0000335    0.0023959
      992    39.680 |    0.0000407    0.0019437 |    0.0000010    0.0000794 |    0.1170019    0.8528678 |    0.0000321    0.0022701
     1024    40.960 |    0.0000397    0.0019353 |    0.0000009    0.0000665 |    0.1269232    0.8363155 |    0.0000313    0.0024657
     1056    42.240 |    0.0000388    0.0019359 |    0.0000009    0.0000662 |    0.1367294    0.8156006 |    0.0000306    0.0022247
     1088    43.520 |    0.0000378    0.0019229 |    0.0000008    0.0000663 |    0.1419402    0.8153253 |    0.0000294    0.0022443
     1120    44.800 |    0.0000368    0.0019314 |    0.0000008    0.0000638 |    0.1396467    0.7700639 |    0.0000290    0.0020869
     1152    46.080 |    0.0000359    0.0019209 |    0.0000007    0.0000556 |    0.1343459    0.7609000 |    0.0000284    0.0020423
     1184    47.360 |    0.0000350    0.0014021 |    0.0000007    0.0000477 |    0.1251984    0.7280434 |    0.0000280    0.0020233
     1216    48.640 |    0.0000342    0.0010598 |    0.0000006    0.0000298 |    0.1132591    0.7077114 |    0.0000276    0.0019434
     1248    49.920 |    0.0000335    0.0010624 |    0.0000006    0.0000292 |    0.1018298    0.6551746 |    0.0000266    0.0018369
-----------------------------------------------------------------------------------------------------------------------------------
Iteration      Time |            HYDROBASE::rho |          HYDROBASE::press |            HYDROBASE::eps |      ML_ADMCONSTRAINTS::H
                    |        norm2      maximum |        norm2      maximum |        norm2      maximum |        norm2      maximum
-----------------------------------------------------------------------------------------------------------------------------------
     1280    51.200 |    0.0000328    0.0010212 |    0.0000006    0.0000291 |    0.0874680    0.6219690 |    0.0000267    0.0019544
     1312    52.480 |    0.0000321    0.0010036 |    0.0000005    0.0000485 |    0.0724004    0.5754158 |    0.0000261    0.0017079
     1344    53.760 |    0.0000314    0.0010269 |    0.0000005    0.0000353 |    0.0600592    0.5416193 |    0.0000257    0.0016877
     1376    55.040 |    0.0000308    0.0010006 |    0.0000005    0.0000308 |    0.0496340    0.4903267 |    0.0000253    0.0016442
     1408    56.320 |    0.0000302    0.0008085 |    0.0000005    0.0000296 |    0.0391828    0.4888897 |    0.0000248    0.0015690
     1440    57.600 |    0.0000296    0.0006089 |    0.0000004    0.0000253 |    0.0291437    0.4528151 |    0.0000243    0.0015823
     1472    58.880 |    0.0000292    0.0005902 |    0.0000004    0.0000214 |    0.0199323    0.4378498 |    0.0000238    0.0017125
     1504    60.160 |    0.0000288    0.0005761 |    0.0000004    0.0000243 |    0.0119543    0.4226205 |    0.0000234    0.0016571
     1536    61.440 |    0.0000285    0.0003983 |    0.0000004    0.0000101 |    0.0064919    0.3863171 |    0.0000232    0.0016061
     1568    62.720 |    0.0000281    0.0003638 |    0.0000004    0.0000067 |    0.0039215    0.3664180 |    0.0000227    0.0015455
     1600    64.000 |    0.0000278    0.0003511 |    0.0000003    0.0000063 |    0.0034785    0.0533359 |    0.0000224    0.0015086
     1632    65.280 |    0.0000276    0.0003375 |    0.0000003    0.0000058 |    0.0034394    0.0329148 |    0.0000220    0.0015019
     1664    66.560 |    0.0000273    0.0003294 |    0.0000003    0.0000053 |    0.0034443    0.0292571 |    0.0000218    0.0014759
     1696    67.840 |    0.0000270    0.0003267 |    0.0000003    0.0000049 |    0.0034555    0.0280829 |    0.0000214    0.0014539
     1728    69.120 |    0.0000267    0.0003172 |    0.0000003    0.0000045 |    0.0034695    0.0272527 |    0.0000211    0.0013718
     1760    70.400 |    0.0000264    0.0003040 |    0.0000003    0.0000042 |    0.0034861    0.0268611 |    0.0000208    0.0013936
     1792    71.680 |    0.0000261    0.0002924 |    0.0000003    0.0000039 |    0.0035040    0.0265840 |    0.0000205    0.0013755
     1824    72.960 |    0.0000259    0.0002846 |    0.0000003    0.0000038 |    0.0035231    0.0271073 |    0.0000202    0.0012943
     1856    74.240 |    0.0000256    0.0002784 |    0.0000003    0.0000036 |    0.0035429    0.0318466 |    0.0000199    0.0013002
     1888    75.520 |    0.0000253    0.0002685 |    0.0000003    0.0000034 |    0.0035632    0.0393522 |    0.0000196    0.0012981
-----------------------------------------------------------------------------------------------------------------------------------
Iteration      Time |            HYDROBASE::rho |          HYDROBASE::press |            HYDROBASE::eps |      ML_ADMCONSTRAINTS::H
                    |        norm2      maximum |        norm2      maximum |        norm2      maximum |        norm2      maximum
-----------------------------------------------------------------------------------------------------------------------------------
     1920    76.800 |    0.0000251    0.0002624 |    0.0000002    0.0000032 |    0.0035842    0.0476739 |    0.0000194    0.0012380
     1952    78.080 |    0.0000249    0.0002543 |    0.0000002    0.0000215 |    0.0036063    0.1431936 |    0.0000191    0.0012397
     1984    79.360 |    0.0000247    0.0002646 |    0.0000002    0.0000101 |    0.0036284    0.1034410 |    0.0000189    0.0012233
     2016    80.640 |    0.0000245    0.0003148 |    0.0000002    0.0000090 |    0.0036508    0.1011240 |    0.0000186    0.0011835
     2048    81.920 |    0.0000244    0.0003404 |    0.0000002    0.0000085 |    0.0036734    0.1003173 |    0.0000183    0.0011853
     2080    83.200 |    0.0000243    0.0003671 |    0.0000002    0.0000083 |    0.0036961    0.0984063 |    0.0000181    0.0011445
     2112    84.480 |    0.0000242    0.0003742 |    0.0000002    0.0000081 |    0.0037189    0.0971643 |    0.0000179    0.0011409
     2144    85.760 |    0.0000241    0.0003779 |    0.0000002    0.0000079 |    0.0037417    0.0957938 |    0.0000177    0.0011208
     2176    87.040 |    0.0000241    0.0003782 |    0.0000002    0.0000079 |    0.0037644    0.0953689 |    0.0000174    0.0011020
     2208    88.320 |    0.0000241    0.0003787 |    0.0000003    0.0000080 |    0.0037869    0.0953382 |    0.0000173    0.0011010
     2240    89.600 |    0.0000241    0.0003771 |    0.0000003    0.0000081 |    0.0038090    0.0953787 |    0.0000171    0.0010799
     2272    90.880 |    0.0000241    0.0003731 |    0.0000003    0.0000082 |    0.0038308    0.0949899 |    0.0000169    0.0010712
     2304    92.160 |    0.0000241    0.0003713 |    0.0000003    0.0000081 |    0.0038522    0.0938794 |    0.0000167    0.0010552
     2336    93.440 |    0.0000241    0.0003711 |    0.0000003    0.0000079 |    0.0038731    0.0927797 |    0.0000166    0.0010456
     2368    94.720 |    0.0000242    0.0003714 |    0.0000003    0.0000078 |    0.0038934    0.0916309 |    0.0000165    0.0010401
     2400    96.000 |    0.0000242    0.0003712 |    0.0000003    0.0000077 |    0.0039133    0.0906549 |    0.0000164    0.0010300
     2432    97.280 |    0.0000243    0.0003699 |    0.0000003    0.0000076 |    0.0039326    0.0899963 |    0.0000162    0.0010172
     2464    98.560 |    0.0000243    0.0003687 |    0.0000003    0.0000076 |    0.0039514    0.0893928 |    0.0000161    0.0010019
     2496    99.840 |    0.0000244    0.0003681 |    0.0000003    0.0000076 |    0.0039697    0.0887791 |    0.0000160    0.0009982
     2528   101.120 |    0.0000245    0.0003676 |    0.0000003    0.0000075 |    0.0039876    0.0882216 |    0.0000158    0.0009956
-----------------------------------------------------------------------------------------------------------------------------------
Iteration      Time |            HYDROBASE::rho |          HYDROBASE::press |            HYDROBASE::eps |      ML_ADMCONSTRAINTS::H
                    |        norm2      maximum |        norm2      maximum |        norm2      maximum |        norm2      maximum
-----------------------------------------------------------------------------------------------------------------------------------
     2560   102.400 |    0.0000246    0.0003673 |    0.0000003    0.0000075 |    0.0040051    0.0878007 |    0.0000158    0.0009760
     2592   103.680 |    0.0000247    0.0003672 |    0.0000003    0.0000075 |    0.0040222    0.0875420 |    0.0000156    0.0009689
     2624   104.960 |    0.0000248    0.0003677 |    0.0000003    0.0000076 |    0.0040389    0.0873900 |    0.0000155    0.0009645
     2656   106.240 |    0.0000250    0.0003684 |    0.0000003    0.0000076 |    0.0040558    0.0872613 |    0.0000155    0.0009542
     2688   107.520 |    0.0000251    0.0003695 |    0.0000003    0.0000077 |    0.0040731    0.0870595 |    0.0000154    0.0009451
     2720   108.800 |    0.0000253    0.0003712 |    0.0000003    0.0000077 |    0.0040902    0.0868508 |    0.0000153    0.0009348
     2752   110.080 |    0.0000254    0.0003732 |    0.0000003    0.0000078 |    0.0041060    0.0867915 |    0.0000152    0.0009295
     2784   111.360 |    0.0000256    0.0003755 |    0.0000003    0.0000079 |    0.0041212    0.0869406 |    0.0000151    0.0009306
     2816   112.640 |    0.0000258    0.0003781 |    0.0000004    0.0000081 |    0.0041354    0.0871670 |    0.0000150    0.0009113
     2848   113.920 |    0.0000260    0.0003807 |    0.0000004    0.0000082 |    0.0041494    0.0873079 |    0.0000150    0.0009100
     2880   115.200 |    0.0000262    0.0003837 |    0.0000004    0.0000083 |    0.0041624    0.0873047 |    0.0000149    0.0009091
     2912   116.480 |    0.0000264    0.0003873 |    0.0000004    0.0000085 |    0.0041750    0.0874304 |    0.0000148    0.0008980
     2944   117.760 |    0.0000267    0.0003915 |    0.0000004    0.0000087 |    0.0041868    0.0878956 |    0.0000147    0.0008917
     2976   119.040 |    0.0000269    0.0003967 |    0.0000004    0.0000090 |    0.0041980    0.0885683 |    0.0000146    0.0008875
     3008   120.320 |    0.0000272    0.0004022 |    0.0000004    0.0000092 |    0.0042085    0.0891037 |    0.0000146    0.0008817
     3040   121.600 |    0.0000274    0.0004076 |    0.0000004    0.0000095 |    0.0042185    0.0894393 |    0.0000145    0.0008712
     3072   122.880 |    0.0000277    0.0004131 |    0.0000004    0.0000097 |    0.0042277    0.0898496 |    0.0000144    0.0008730
     3104   124.160 |    0.0000280    0.0004194 |    0.0000004    0.0000101 |    0.0042365    0.0904219 |    0.0000143    0.0008619
     3136   125.440 |    0.0000284    0.0004258 |    0.0000004    0.0000105 |    0.0042446    0.0911130 |    0.0000142    0.0008565
     3168   126.720 |    0.0000287    0.0004319 |    0.0000005    0.0000109 |    0.0042523    0.0917383 |    0.0000141    0.0008521
-----------------------------------------------------------------------------------------------------------------------------------
Iteration      Time |            HYDROBASE::rho |          HYDROBASE::press |            HYDROBASE::eps |      ML_ADMCONSTRAINTS::H
                    |        norm2      maximum |        norm2      maximum |        norm2      maximum |        norm2      maximum
-----------------------------------------------------------------------------------------------------------------------------------
     3200   128.000 |    0.0000291    0.0004382 |    0.0000005    0.0000113 |    0.0042596    0.0922509 |    0.0000140    0.0008460
     3232   129.280 |    0.0000294    0.0004452 |    0.0000005    0.0000117 |    0.0042663    0.0925373 |    0.0000140    0.0008384
     3264   130.560 |    0.0000298    0.0004529 |    0.0000005    0.0000120 |    0.0042728    0.0925962 |    0.0000139    0.0008331
     3296   131.840 |    0.0000302    0.0004611 |    0.0000005    0.0000124 |    0.0042789    0.0926616 |    0.0000138    0.0008301
     3328   133.120 |    0.0000306    0.0004699 |    0.0000005    0.0000129 |    0.0042847    0.0930227 |    0.0000136    0.0008232
     3360   134.400 |    0.0000311    0.0004786 |    0.0000006    0.0000134 |    0.0042901    0.0936136 |    0.0000135    0.0008200
     3392   135.680 |    0.0000315    0.0004864 |    0.0000006    0.0000141 |    0.0042954    0.0942395 |    0.0000134    0.0008150
     3424   136.960 |    0.0000319    0.0004949 |    0.0000006    0.0000148 |    0.0043006    0.0950445 |    0.0000133    0.0008046
     3456   138.240 |    0.0000324    0.0005037 |    0.0000006    0.0000158 |    0.0043058    0.0964772 |    0.0000132    0.0007992
     3488   139.520 |    0.0000328    0.0005128 |    0.0000006    0.0000170 |    0.0043111    0.0980024 |    0.0000131    0.0007891
     3520   140.800 |    0.0000333    0.0005220 |    0.0000007    0.0000175 |    0.0043167    0.0980984 |    0.0000129    0.0007854
     3552   142.080 |    0.0000337    0.0005315 |    0.0000007    0.0000177 |    0.0043228    0.0971588 |    0.0000128    0.0007773
     3584   143.360 |    0.0000341    0.0005422 |    0.0000007    0.0000181 |    0.0043295    0.0967179 |    0.0000127    0.0007692
     3616   144.640 |    0.0000346    0.0005512 |    0.0000008    0.0000188 |    0.0043370    0.0971923 |    0.0000126    0.0007596
     3648   145.920 |    0.0000350    0.0005602 |    0.0000008    0.0000199 |    0.0043452    0.0981237 |    0.0000124    0.0007523
     3680   147.200 |    0.0000354    0.0005723 |    0.0000008    0.0000212 |    0.0043544    0.0992961 |    0.0000123    0.0007431
     3712   148.480 |    0.0000357    0.0005923 |    0.0000009    0.0000228 |    0.0043646    0.1008502 |    0.0000122    0.0007340
     3744   149.760 |    0.0000361    0.0006001 |    0.0000009    0.0000244 |    0.0043757    0.1020530 |    0.0000120    0.0007250
     3776   151.040 |    0.0000364    0.0006068 |    0.0000009    0.0000251 |    0.0043878    0.1017123 |    0.0000119    0.0007145
     3808   152.320 |    0.0000367    0.0006131 |    0.0000010    0.0000271 |    0.0044010    0.1005489 |    0.0000118    0.0007081
-----------------------------------------------------------------------------------------------------------------------------------
Iteration      Time |            HYDROBASE::rho |          HYDROBASE::press |            HYDROBASE::eps |      ML_ADMCONSTRAINTS::H
                    |        norm2      maximum |        norm2      maximum |        norm2      maximum |        norm2      maximum
-----------------------------------------------------------------------------------------------------------------------------------
     3840   153.600 |    0.0000370    0.0006216 |    0.0000010    0.0000307 |    0.0044152    0.1038675 |    0.0000116    0.0007073
     3872   154.880 |    0.0000372    0.0006535 |    0.0000011    0.0000357 |    0.0044302    0.1102142 |    0.0000115    0.0007030
     3904   156.160 |    0.0000373    0.0007700 |    0.0000011    0.0000374 |    0.0044458    0.1104437 |    0.0000114    0.0007130
     3936   157.440 |    0.0000374    0.0007232 |    0.0000011    0.0000350 |    0.0044623    0.1020880 |    0.0000113    0.0006969
     3968   158.720 |    0.0000375    0.0006904 |    0.0000011    0.0000338 |    0.0044800    0.0997372 |    0.0000112    0.0006968
     4000   160.000 |    0.0000375    0.0006879 |    0.0000011    0.0000335 |    0.0044993    0.0981370 |    0.0000111    0.0006888
     4032   161.280 |    0.0000374    0.0006862 |    0.0000011    0.0000336 |    0.0045213    0.0997303 |    0.0000109    0.0006952
     4064   162.560 |    0.0000373    0.0006867 |    0.0000011    0.0000335 |    0.0045465    0.0987112 |    0.0000108    0.0006962
     4096   163.840 |    0.0000371    0.0006869 |    0.0000010    0.0000333 |    0.0045755    0.0965048 |    0.0000108    0.0006995
     4128   165.120 |    0.0000369    0.0006850 |    0.0000010    0.0000327 |    0.0046083    0.0956172 |    0.0000107    0.0006815
     4160   166.400 |    0.0000367    0.0006833 |    0.0000010    0.0000326 |    0.0046445    0.0945333 |    0.0000106    0.0006728
     4192   167.680 |    0.0000364    0.0006842 |    0.0000010    0.0000318 |    0.0046843    0.0943093 |    0.0000105    0.0006705
     4224   168.960 |    0.0000360    0.0006815 |    0.0000009    0.0000310 |    0.0047302    0.0910651 |    0.0000105    0.0006629
     4256   170.240 |    0.0000357    0.0006856 |    0.0000009    0.0000319 |    0.0047833    0.0883729 |    0.0000105    0.0006605
     4288   171.520 |    0.0000353    0.0006338 |    0.0000009    0.0000309 |    0.0048423    0.0880142 |    0.0000103    0.0006528
     4320   172.800 |    0.0000349    0.0006015 |    0.0000008    0.0000265 |    0.0049054    0.0881300 |    0.0000102    0.0006543
     4352   174.080 |    0.0000345    0.0005944 |    0.0000008    0.0000217 |    0.0049723    0.0807579 |    0.0000102    0.0006507
     4384   175.360 |    0.0000340    0.0005754 |    0.0000008    0.0000211 |    0.0050425    0.0687822 |    0.0000102    0.0006405
     4416   176.640 |    0.0000336    0.0005401 |    0.0000007    0.0000197 |    0.0051143    0.0746598 |    0.0000102    0.0006322
     4448   177.920 |    0.0000331    0.0005441 |    0.0000007    0.0000210 |    0.0051871    0.0798222 |    0.0000102    0.0006352
-----------------------------------------------------------------------------------------------------------------------------------
Iteration      Time |            HYDROBASE::rho |          HYDROBASE::press |            HYDROBASE::eps |      ML_ADMCONSTRAINTS::H
                    |        norm2      maximum |        norm2      maximum |        norm2      maximum |        norm2      maximum
-----------------------------------------------------------------------------------------------------------------------------------
     4480   179.200 |    0.0000327    0.0005382 |    0.0000007    0.0000174 |    0.0052603    0.0740695 |    0.0000102    0.0006348
     4512   180.480 |    0.0000323    0.0005127 |    0.0000006    0.0000162 |    0.0053340    0.0645516 |    0.0000102    0.0006333
     4544   181.760 |    0.0000318    0.0004979 |    0.0000006    0.0000151 |    0.0054086    0.0670125 |    0.0000102    0.0006330
     4576   183.040 |    0.0000314    0.0004962 |    0.0000006    0.0000138 |    0.0054842    0.0673984 |    0.0000102    0.0006312
     4608   184.320 |    0.0000310    0.0004969 |    0.0000006    0.0000142 |    0.0055610    0.0683393 |    0.0000103    0.0006295
     4640   185.600 |    0.0000306    0.0004852 |    0.0000005    0.0000140 |    0.0056401    0.0679166 |    0.0000103    0.0006274
     4672   186.880 |    0.0000302    0.0004682 |    0.0000005    0.0000130 |    0.0057204    0.0659000 |    0.0000103    0.0006251
     4704   188.160 |    0.0000298    0.0004648 |    0.0000005    0.0000125 |    0.0058017    0.0641734 |    0.0000104    0.0006224
     4736   189.440 |    0.0000295    0.0004676 |    0.0000005    0.0000120 |    0.0058840    0.0636501 |    0.0000104    0.0006210
     4768   190.720 |    0.0000291    0.0004599 |    0.0000005    0.0000119 |    0.0059666    0.0634171 |    0.0000105    0.0006164
     4800   192.000 |    0.0000288    0.0004519 |    0.0000005    0.0000117 |    0.0060517    0.0629087 |    0.0000105    0.0006127
     4832   193.280 |    0.0000285    0.0004448 |    0.0000004    0.0000112 |    0.0061443    0.0619420 |    0.0000106    0.0006103
     4864   194.560 |    0.0000282    0.0004378 |    0.0000004    0.0000108 |    0.0062343    0.0608839 |    0.0000106    0.0006067
     4896   195.840 |    0.0000279    0.0004318 |    0.0000004    0.0000103 |    0.0063241    0.0598727 |    0.0000106    0.0006033
     4928   197.120 |    0.0000276    0.0004260 |    0.0000004    0.0000099 |    0.0064135    0.0589407 |    0.0000107    0.0006008
     4960   198.400 |    0.0000274    0.0004207 |    0.0000004    0.0000096 |    0.0065035    0.0582262 |    0.0000107    0.0005960
     4992   199.680 |    0.0000271    0.0004151 |    0.0000004    0.0000095 |    0.0065935    0.0578391 |    0.0000107    0.0005917
     5024   200.960 |    0.0000269    0.0004096 |    0.0000004    0.0000094 |    0.0066822    0.0574907 |    0.0000107    0.0005886
     5056   202.240 |    0.0000267    0.0004039 |    0.0000004    0.0000091 |    0.0067686    0.0568475 |    0.0000107    0.0005836
     5088   203.520 |    0.0000265    0.0003979 |    0.0000004    0.0000088 |    0.0068533    0.0559780 |    0.0000107    0.0005793
-----------------------------------------------------------------------------------------------------------------------------------
Iteration      Time |            HYDROBASE::rho |          HYDROBASE::press |            HYDROBASE::eps |      ML_ADMCONSTRAINTS::H
                    |        norm2      maximum |        norm2      maximum |        norm2      maximum |        norm2      maximum
-----------------------------------------------------------------------------------------------------------------------------------
     5120   204.800 |    0.0000263    0.0003925 |    0.0000004    0.0000084 |    0.0069373    0.0551783 |    0.0000106    0.0005757
     5152   206.080 |    0.0000261    0.0003876 |    0.0000003    0.0000082 |    0.0070209    0.0545388 |    0.0000106    0.0005705
     5184   207.360 |    0.0000260    0.0003830 |    0.0000003    0.0000080 |    0.0071042    0.0540038 |    0.0000105    0.0005666
     5216   208.640 |    0.0000258    0.0003789 |    0.0000003    0.0000078 |    0.0071866    0.0534425 |    0.0000105    0.0005629
     5248   209.920 |    0.0000257    0.0003750 |    0.0000003    0.0000076 |    0.0072682    0.0528476 |    0.0000104    0.0005576
     5280   211.200 |    0.0000256    0.0003711 |    0.0000003    0.0000074 |    0.0073491    0.0523221 |    0.0000103    0.0005534
     5312   212.480 |    0.0000254    0.0003671 |    0.0000003    0.0000072 |    0.0074290    0.0518793 |    0.0000102    0.0005498
     5344   213.760 |    0.0000253    0.0003633 |    0.0000003    0.0000071 |    0.0075079    0.0514984 |    0.0000101    0.0005454
     5376   215.040 |    0.0000253    0.0003598 |    0.0000003    0.0000070 |    0.0075853    0.0511266 |    0.0000100    0.0005416
     5408   216.320 |    0.0000252    0.0003575 |    0.0000003    0.0000069 |    0.0076604    0.0507451 |    0.0000098    0.0005370
     5440   217.600 |    0.0000251    0.0003565 |    0.0000003    0.0000067 |    0.0077336    0.0503470 |    0.0000097    0.0005330
     5472   218.880 |    0.0000251    0.0003562 |    0.0000003    0.0000066 |    0.0078052    0.0499697 |    0.0000096    0.0005292
     5504   220.160 |    0.0000250    0.0003548 |    0.0000003    0.0000065 |    0.0078756    0.0496652 |    0.0000094    0.0005249
     5536   221.440 |    0.0000250    0.0003537 |    0.0000003    0.0000064 |    0.0079450    0.0494555 |    0.0000093    0.0005213
     5568   222.720 |    0.0000250    0.0003557 |    0.0000003    0.0000064 |    0.0080136    0.0493366 |    0.0000092    0.0005180
     5600   224.000 |    0.0000250    0.0003573 |    0.0000003    0.0000064 |    0.0080814    0.0493054 |    0.0000090    0.0005143
     5632   225.280 |    0.0000250    0.0003581 |    0.0000003    0.0000065 |    0.0081485    0.0493488 |    0.0000089    0.0005106
     5664   226.560 |    0.0000251    0.0003606 |    0.0000003    0.0000065 |    0.0082148    0.0494289 |    0.0000088    0.0005079
     5696   227.840 |    0.0000251    0.0003616 |    0.0000003    0.0000066 |    0.0082803    0.0495254 |    0.0000087    0.0005050
     5728   229.120 |    0.0000251    0.0003646 |    0.0000003    0.0000067 |    0.0083448    0.0496347 |    0.0000086    0.0005016
-----------------------------------------------------------------------------------------------------------------------------------
Iteration      Time |            HYDROBASE::rho |          HYDROBASE::press |            HYDROBASE::eps |      ML_ADMCONSTRAINTS::H
                    |        norm2      maximum |        norm2      maximum |        norm2      maximum |        norm2      maximum
-----------------------------------------------------------------------------------------------------------------------------------
     5760   230.400 |    0.0000252    0.0003687 |    0.0000003    0.0000067 |    0.0084085    0.0497471 |    0.0000085    0.0004991
     5792   231.680 |    0.0000253    0.0003718 |    0.0000003    0.0000068 |    0.0084714    0.0498704 |    0.0000084    0.0004963
     5824   232.960 |    0.0000254    0.0003727 |    0.0000003    0.0000069 |    0.0085336    0.0500382 |    0.0000083    0.0004938
     5856   234.240 |    0.0000255    0.0003781 |    0.0000003    0.0000070 |    0.0085950    0.0502590 |    0.0000083    0.0004919
     5888   235.520 |    0.0000256    0.0003828 |    0.0000003    0.0000072 |    0.0086559    0.0505075 |    0.0000082    0.0004893
     5920   236.800 |    0.0000257    0.0003880 |    0.0000003    0.0000073 |    0.0087160    0.0507806 |    0.0000082    0.0004873
     5952   238.080 |    0.0000258    0.0003913 |    0.0000003    0.0000075 |    0.0087741    0.0510913 |    0.0000082    0.0004852
     5984   239.360 |    0.0000260    0.0003992 |    0.0000003    0.0000077 |    0.0088248    0.0514391 |    0.0000082    0.0004836
     6016   240.640 |    0.0000262    0.0004058 |    0.0000003    0.0000079 |    0.0088646    0.0518461 |    0.0000082    0.0004820
     6048   241.920 |    0.0000263    0.0004100 |    0.0000003    0.0000081 |    0.0088936    0.0523175 |    0.0000082    0.0004806
     6080   243.200 |    0.0000265    0.0004183 |    0.0000004    0.0000084 |    0.0089142    0.0528635 |    0.0000082    0.0004790
     6112   244.480 |    0.0000267    0.0004248 |    0.0000004    0.0000088 |    0.0089284    0.0535034 |    0.0000082    0.0004774
     6144   245.760 |    0.0000269    0.0004305 |    0.0000004    0.0000091 |    0.0089366    0.0542216 |    0.0000082    0.0004762
     6176   247.040 |    0.0000271    0.0004388 |    0.0000004    0.0000095 |    0.0089399    0.0549346 |    0.0000083    0.0004752
     6208   248.320 |    0.0000274    0.0004479 |    0.0000004    0.0000099 |    0.0089395    0.0555771 |    0.0000083    0.0004740
     6240   249.600 |    0.0000276    0.0004546 |    0.0000004    0.0000103 |    0.0089356    0.0561770 |    0.0000084    0.0004729
     6272   250.880 |    0.0000279    0.0004637 |    0.0000004    0.0000106 |    0.0089281    0.0567588 |    0.0000084    0.0004721
     6304   252.160 |    0.0000281    0.0004720 |    0.0000004    0.0000110 |    0.0089153    0.0573290 |    0.0000084    0.0004708
     6336   253.440 |    0.0000284    0.0004780 |    0.0000004    0.0000114 |    0.0088958    0.0578975 |    0.0000085    0.0004700
     6368   254.720 |    0.0000287    0.0004844 |    0.0000005    0.0000118 |    0.0088680    0.0585286 |    0.0000085    0.0004692
Memory statistics from CarpetLib:
   Current number of objects: 768
   Current allocated memory:  257 MB
   Maximum number of objects: 772
   Maximum allocated memory:  258 MB
   Current administrative memory: 1.1 MB
   Total allocated used system memory: 55.4 MB
   Total allocated free system memory: 14.7 MB
   gh::allmemory:    123132
   dh::allmemory:    721984
   th::allmemory:    13888
   ggf::allmemory:   189992
   gdata::allmemory: 55208
-----------------------------------------------------------------------------------------------------------------------------------
Iteration      Time |            HYDROBASE::rho |          HYDROBASE::press |            HYDROBASE::eps |      ML_ADMCONSTRAINTS::H
                    |        norm2      maximum |        norm2      maximum |        norm2      maximum |        norm2      maximum
-----------------------------------------------------------------------------------------------------------------------------------
     6400   256.000 |    0.0000290    0.0004932 |    0.0000005    0.0000123 |    0.0088316    0.0592785 |    0.0000085    0.0004686
     6432   257.280 |    0.0000293    0.0005003 |    0.0000005    0.0000129 |    0.0087874    0.0601343 |    0.0000086    0.0004673
     6464   258.560 |    0.0000296    0.0005081 |    0.0000005    0.0000135 |    0.0087364    0.0609655 |    0.0000086    0.0004664
     6496   259.840 |    0.0000299    0.0005165 |    0.0000005    0.0000140 |    0.0086798    0.0616777 |    0.0000086    0.0004655
     6528   261.120 |    0.0000303    0.0005272 |    0.0000005    0.0000146 |    0.0086180    0.0623435 |    0.0000086    0.0004641
     6560   262.400 |    0.0000306    0.0005367 |    0.0000006    0.0000151 |    0.0085515    0.0630409 |    0.0000086    0.0004628
     6592   263.680 |    0.0000309    0.0005430 |    0.0000006    0.0000157 |    0.0084810    0.0636778 |    0.0000086    0.0004617
     6624   264.960 |    0.0000312    0.0005518 |    0.0000006    0.0000163 |    0.0084070    0.0643127 |    0.0000086    0.0004609
     6656   266.240 |    0.0000316    0.0005577 |    0.0000006    0.0000169 |    0.0083305    0.0648777 |    0.0000086    0.0004599
     6688   267.520 |    0.0000319    0.0005623 |    0.0000006    0.0000175 |    0.0082522    0.0654308 |    0.0000086    0.0004575
     6720   268.800 |    0.0000323    0.0005704 |    0.0000007    0.0000181 |    0.0081723    0.0659637 |    0.0000086    0.0004574
     6752   270.080 |    0.0000326    0.0005828 |    0.0000007    0.0000186 |    0.0080910    0.0663958 |    0.0000085    0.0004561
     6784   271.360 |    0.0000329    0.0005938 |    0.0000007    0.0000191 |    0.0080069    0.0667555 |    0.0000085    0.0004540
     6816   272.640 |    0.0000332    0.0005984 |    0.0000007    0.0000196 |    0.0079192    0.0670676 |    0.0000084    0.0004527
     6848   273.920 |    0.0000335    0.0006000 |    0.0000007    0.0000201 |    0.0078266    0.0673575 |    0.0000084    0.0004515
     6880   275.200 |    0.0000338    0.0006017 |    0.0000008    0.0000206 |    0.0077281    0.0675038 |    0.0000083    0.0004499
     6912   276.480 |    0.0000341    0.0006047 |    0.0000008    0.0000211 |    0.0076277    0.0676692 |    0.0000083    0.0004481
INFO (CarpetIOHDF5): ---------------------------------------------------------
INFO (CarpetIOHDF5): Dumping periodic checkpoint at iteration 6921, simulation time 276.84
INFO (CarpetIOHDF5): ---------------------------------------------------------
     6944   277.760 |    0.0000344    0.0006059 |    0.0000008    0.0000215 |    0.0075290    0.0676795 |    0.0000082    0.0004471
     6976   279.040 |    0.0000346    0.0006058 |    0.0000008    0.0000219 |    0.0074314    0.0676117 |    0.0000081    0.0004454
     7008   280.320 |    0.0000348    0.0006068 |    0.0000008    0.0000222 |    0.0073351    0.0674907 |    0.0000081    0.0004428
-----------------------------------------------------------------------------------------------------------------------------------
Iteration      Time |            HYDROBASE::rho |          HYDROBASE::press |            HYDROBASE::eps |      ML_ADMCONSTRAINTS::H
                    |        norm2      maximum |        norm2      maximum |        norm2      maximum |        norm2      maximum
-----------------------------------------------------------------------------------------------------------------------------------
     7040   281.600 |    0.0000351    0.0006083 |    0.0000008    0.0000224 |    0.0072400    0.0672326 |    0.0000080    0.0004425
     7072   282.880 |    0.0000352    0.0006093 |    0.0000008    0.0000228 |    0.0071463    0.0671626 |    0.0000079    0.0004401
     7104   284.160 |    0.0000354    0.0006107 |    0.0000008    0.0000231 |    0.0070548    0.0669839 |    0.0000078    0.0004390
     7136   285.440 |    0.0000355    0.0006110 |    0.0000009    0.0000234 |    0.0069667    0.0668464 |    0.0000077    0.0004375
     7168   286.720 |    0.0000356    0.0006115 |    0.0000009    0.0000237 |    0.0068834    0.0666530 |    0.0000076    0.0004360
     7200   288.000 |    0.0000357    0.0006123 |    0.0000009    0.0000239 |    0.0068057    0.0665924 |    0.0000076    0.0004347
     7232   289.280 |    0.0000357    0.0006135 |    0.0000009    0.0000240 |    0.0067334    0.0663555 |    0.0000075    0.0004331
     7264   290.560 |    0.0000357    0.0006139 |    0.0000009    0.0000241 |    0.0066668    0.0661333 |    0.0000074    0.0004321
     7296   291.840 |    0.0000357    0.0006137 |    0.0000009    0.0000241 |    0.0066065    0.0659146 |    0.0000073    0.0004308
     7328   293.120 |    0.0000356    0.0006130 |    0.0000009    0.0000240 |    0.0065535    0.0656872 |    0.0000072    0.0004297
     7360   294.400 |    0.0000355    0.0006130 |    0.0000009    0.0000239 |    0.0065092    0.0654922 |    0.0000071    0.0004290
     7392   295.680 |    0.0000354    0.0006121 |    0.0000009    0.0000238 |    0.0064739    0.0652707 |    0.0000071    0.0004281
     7424   296.960 |    0.0000352    0.0006124 |    0.0000009    0.0000237 |    0.0064472    0.0649862 |    0.0000070    0.0004276
     7456   298.240 |    0.0000350    0.0006126 |    0.0000008    0.0000236 |    0.0064295    0.0647054 |    0.0000069    0.0004266
     7488   299.520 |    0.0000348    0.0006126 |    0.0000008    0.0000234 |    0.0064207    0.0643885 |    0.0000069    0.0004265
     7520   300.800 |    0.0000346    0.0006111 |    0.0000008    0.0000229 |    0.0064203    0.0640423 |    0.0000068    0.0004256
     7552   302.080 |    0.0000344    0.0006097 |    0.0000008    0.0000226 |    0.0064258    0.0635821 |    0.0000068    0.0004257
     7584   303.360 |    0.0000341    0.0006081 |    0.0000008    0.0000221 |    0.0064363    0.0629902 |    0.0000067    0.0004246
     7616   304.640 |    0.0000338    0.0006060 |    0.0000008    0.0000217 |    0.0064513    0.0623972 |    0.0000067    0.0004251
     7648   305.920 |    0.0000335    0.0006041 |    0.0000007    0.0000212 |    0.0064704    0.0615789 |    0.0000067    0.0004247
-----------------------------------------------------------------------------------------------------------------------------------
Iteration      Time |            HYDROBASE::rho |          HYDROBASE::press |            HYDROBASE::eps |      ML_ADMCONSTRAINTS::H
                    |        norm2      maximum |        norm2      maximum |        norm2      maximum |        norm2      maximum
-----------------------------------------------------------------------------------------------------------------------------------
     7680   307.200 |    0.0000332    0.0006012 |    0.0000007    0.0000206 |    0.0064931    0.0606359 |    0.0000067    0.0004236
     7712   308.480 |    0.0000329    0.0005980 |    0.0000007    0.0000199 |    0.0065186    0.0595353 |    0.0000067    0.0004225
     7744   309.760 |    0.0000326    0.0005929 |    0.0000007    0.0000192 |    0.0065466    0.0583080 |    0.0000067    0.0004228
     7776   311.040 |    0.0000323    0.0005865 |    0.0000007    0.0000185 |    0.0065769    0.0574552 |    0.0000067    0.0004214
     7808   312.320 |    0.0000319    0.0005604 |    0.0000006    0.0000179 |    0.0066091    0.0566318 |    0.0000067    0.0004210
     7840   313.600 |    0.0000316    0.0005572 |    0.0000006    0.0000166 |    0.0066428    0.0553674 |    0.0000068    0.0004200
     7872   314.880 |    0.0000313    0.0005477 |    0.0000006    0.0000159 |    0.0066775    0.0536338 |    0.0000068    0.0004191
     7904   316.160 |    0.0000310    0.0005387 |    0.0000006    0.0000155 |    0.0067131    0.0534705 |    0.0000069    0.0004177
     7936   317.440 |    0.0000306    0.0005352 |    0.0000006    0.0000151 |    0.0067495    0.0529234 |    0.0000069    0.0004169
     7968   318.720 |    0.0000303    0.0005267 |    0.0000005    0.0000144 |    0.0067867    0.0521921 |    0.0000070    0.0004161
     8000   320.000 |    0.0000300    0.0005163 |    0.0000005    0.0000137 |    0.0068247    0.0514249 |    0.0000070    0.0004142
     8032   321.280 |    0.0000297    0.0005072 |    0.0000005    0.0000130 |    0.0068643    0.0505438 |    0.0000071    0.0004129
     8064   322.560 |    0.0000295    0.0004993 |    0.0000005    0.0000124 |    0.0069051    0.0497007 |    0.0000071    0.0004112
     8096   323.840 |    0.0000292    0.0004934 |    0.0000005    0.0000120 |    0.0069455    0.0489201 |    0.0000072    0.0004101
     8128   325.120 |    0.0000289    0.0004882 |    0.0000005    0.0000118 |    0.0069858    0.0482424 |    0.0000072    0.0004081
     8160   326.400 |    0.0000287    0.0004829 |    0.0000004    0.0000114 |    0.0070266    0.0476222 |    0.0000073    0.0004062
     8192   327.680 |    0.0000284    0.0004769 |    0.0000004    0.0000110 |    0.0070686    0.0469936 |    0.0000073    0.0004040
     8224   328.960 |    0.0000282    0.0004704 |    0.0000004    0.0000107 |    0.0071121    0.0463435 |    0.0000074    0.0004023
     8256   330.240 |    0.0000280    0.0004646 |    0.0000004    0.0000103 |    0.0071571    0.0456515 |    0.0000074    0.0004003
     8288   331.520 |    0.0000278    0.0004591 |    0.0000004    0.0000100 |    0.0072032    0.0450329 |    0.0000074    0.0003983
-----------------------------------------------------------------------------------------------------------------------------------
Iteration      Time |            HYDROBASE::rho |          HYDROBASE::press |            HYDROBASE::eps |      ML_ADMCONSTRAINTS::H
                    |        norm2      maximum |        norm2      maximum |        norm2      maximum |        norm2      maximum
-----------------------------------------------------------------------------------------------------------------------------------
     8320   332.800 |    0.0000276    0.0004545 |    0.0000004    0.0000098 |    0.0072485    0.0444494 |    0.0000075    0.0003961
     8352   334.080 |    0.0000274    0.0004506 |    0.0000004    0.0000095 |    0.0072920    0.0438610 |    0.0000075    0.0003942
     8384   335.360 |    0.0000272    0.0004471 |    0.0000004    0.0000094 |    0.0073343    0.0432790 |    0.0000075    0.0003920
     8416   336.640 |    0.0000270    0.0004439 |    0.0000004    0.0000092 |    0.0073756    0.0427450 |    0.0000075    0.0003901
     8448   337.920 |    0.0000269    0.0004408 |    0.0000004    0.0000090 |    0.0074165    0.0422749 |    0.0000074    0.0003879
     8480   339.200 |    0.0000268    0.0004375 |    0.0000004    0.0000088 |    0.0074571    0.0418555 |    0.0000074    0.0003856
     8512   340.480 |    0.0000266    0.0004347 |    0.0000004    0.0000087 |    0.0074978    0.0414624 |    0.0000074    0.0003836
     8544   341.760 |    0.0000265    0.0004324 |    0.0000003    0.0000086 |    0.0075386    0.0410577 |    0.0000073    0.0003814
     8576   343.040 |    0.0000264    0.0004306 |    0.0000003    0.0000086 |    0.0075788    0.0406405 |    0.0000073    0.0003793
     8608   344.320 |    0.0000264    0.0004291 |    0.0000003    0.0000085 |    0.0076184    0.0402850 |    0.0000072    0.0003773
     8640   345.600 |    0.0000263    0.0004278 |    0.0000003    0.0000084 |    0.0076576    0.0399535 |    0.0000071    0.0003750
     8672   346.880 |    0.0000262    0.0004265 |    0.0000003    0.0000084 |    0.0076962    0.0395748 |    0.0000071    0.0003732
     8704   348.160 |    0.0000262    0.0004257 |    0.0000003    0.0000083 |    0.0077344    0.0393521 |    0.0000070    0.0003714
     8736   349.440 |    0.0000261    0.0004253 |    0.0000003    0.0000083 |    0.0077721    0.0391640 |    0.0000069    0.0003694
     8768   350.720 |    0.0000261    0.0004251 |    0.0000003    0.0000083 |    0.0078093    0.0389550 |    0.0000068    0.0003677
     8800   352.000 |    0.0000261    0.0004250 |    0.0000003    0.0000083 |    0.0078463    0.0387902 |    0.0000067    0.0003659
     8832   353.280 |    0.0000261    0.0004248 |    0.0000003    0.0000083 |    0.0078830    0.0386350 |    0.0000066    0.0003641
     8864   354.560 |    0.0000261    0.0004251 |    0.0000003    0.0000083 |    0.0079191    0.0384345 |    0.0000065    0.0003625
     8896   355.840 |    0.0000261    0.0004257 |    0.0000003    0.0000083 |    0.0079542    0.0381966 |    0.0000064    0.0003607
     8928   357.120 |    0.0000261    0.0004262 |    0.0000003    0.0000084 |    0.0079885    0.0379926 |    0.0000064    0.0003591
-----------------------------------------------------------------------------------------------------------------------------------
Iteration      Time |            HYDROBASE::rho |          HYDROBASE::press |            HYDROBASE::eps |      ML_ADMCONSTRAINTS::H
                    |        norm2      maximum |        norm2      maximum |        norm2      maximum |        norm2      maximum
-----------------------------------------------------------------------------------------------------------------------------------
     8960   358.400 |    0.0000262    0.0004272 |    0.0000003    0.0000084 |    0.0080221    0.0380061 |    0.0000063    0.0003575
     8992   359.680 |    0.0000262    0.0004287 |    0.0000003    0.0000085 |    0.0080550    0.0380125 |    0.0000062    0.0003561
     9024   360.960 |    0.0000263    0.0004303 |    0.0000003    0.0000086 |    0.0080872    0.0379933 |    0.0000061    0.0003547
     9056   362.240 |    0.0000264    0.0004321 |    0.0000003    0.0000087 |    0.0081188    0.0379370 |    0.0000061    0.0003533
     9088   363.520 |    0.0000265    0.0004340 |    0.0000004    0.0000088 |    0.0081498    0.0379192 |    0.0000060    0.0003520
     9120   364.800 |    0.0000266    0.0004362 |    0.0000004    0.0000089 |    0.0081802    0.0380283 |    0.0000060    0.0003507
     9152   366.080 |    0.0000267    0.0004385 |    0.0000004    0.0000090 |    0.0082100    0.0380789 |    0.0000059    0.0003498
     9184   367.360 |    0.0000268    0.0004411 |    0.0000004    0.0000091 |    0.0082392    0.0380697 |    0.0000059    0.0003490
     9216   368.640 |    0.0000269    0.0004442 |    0.0000004    0.0000093 |    0.0082678    0.0381818 |    0.0000059    0.0003481
     9248   369.920 |    0.0000271    0.0004476 |    0.0000004    0.0000095 |    0.0082957    0.0383791 |    0.0000059    0.0003473
     9280   371.200 |    0.0000272    0.0004517 |    0.0000004    0.0000097 |    0.0083232    0.0384886 |    0.0000059    0.0003466
     9312   372.480 |    0.0000274    0.0004566 |    0.0000004    0.0000100 |    0.0083501    0.0385385 |    0.0000059    0.0003462
     9344   373.760 |    0.0000276    0.0004621 |    0.0000004    0.0000103 |    0.0083765    0.0385703 |    0.0000059    0.0003457
     9376   375.040 |    0.0000278    0.0004684 |    0.0000004    0.0000106 |    0.0084023    0.0388060 |    0.0000059    0.0003451
     9408   376.320 |    0.0000279    0.0004752 |    0.0000004    0.0000110 |    0.0084276    0.0389561 |    0.0000059    0.0003446
     9440   377.600 |    0.0000282    0.0004824 |    0.0000004    0.0000115 |    0.0084524    0.0390465 |    0.0000060    0.0003441
     9472   378.880 |    0.0000284    0.0004892 |    0.0000004    0.0000119 |    0.0084767    0.0392014 |    0.0000060    0.0003433
     9504   380.160 |    0.0000286    0.0004953 |    0.0000005    0.0000122 |    0.0085004    0.0392734 |    0.0000060    0.0003435
     9536   381.440 |    0.0000288    0.0005008 |    0.0000005    0.0000126 |    0.0085233    0.0393649 |    0.0000061    0.0003429
     9568   382.720 |    0.0000291    0.0005061 |    0.0000005    0.0000129 |    0.0085447    0.0394771 |    0.0000061    0.0003426
-----------------------------------------------------------------------------------------------------------------------------------
Iteration      Time |            HYDROBASE::rho |          HYDROBASE::press |            HYDROBASE::eps |      ML_ADMCONSTRAINTS::H
                    |        norm2      maximum |        norm2      maximum |        norm2      maximum |        norm2      maximum
-----------------------------------------------------------------------------------------------------------------------------------
     9600   384.000 |    0.0000293    0.0005114 |    0.0000005    0.0000133 |    0.0085629    0.0395906 |    0.0000061    0.0003425
     9632   385.280 |    0.0000295    0.0005169 |    0.0000005    0.0000136 |    0.0085773    0.0398345 |    0.0000062    0.0003419
     9664   386.560 |    0.0000298    0.0005223 |    0.0000005    0.0000140 |    0.0085879    0.0399811 |    0.0000062    0.0003416
     9696   387.840 |    0.0000301    0.0005281 |    0.0000005    0.0000144 |    0.0085953    0.0400238 |    0.0000062    0.0003408
     9728   389.120 |    0.0000303    0.0005336 |    0.0000005    0.0000148 |    0.0085997    0.0399743 |    0.0000062    0.0003406
     9760   390.400 |    0.0000306    0.0005390 |    0.0000006    0.0000152 |    0.0086021    0.0399853 |    0.0000063    0.0003402
     9792   391.680 |    0.0000309    0.0005441 |    0.0000006    0.0000156 |    0.0086027    0.0402583 |    0.0000063    0.0003398
     9824   392.960 |    0.0000311    0.0005488 |    0.0000006    0.0000161 |    0.0086015    0.0404186 |    0.0000063    0.0003396
     9856   394.240 |    0.0000314    0.0005536 |    0.0000006    0.0000165 |    0.0085982    0.0405126 |    0.0000063    0.0003389
     9888   395.520 |    0.0000317    0.0005584 |    0.0000006    0.0000169 |    0.0085929    0.0405076 |    0.0000063    0.0003382
     9920   396.800 |    0.0000319    0.0005633 |    0.0000006    0.0000173 |    0.0085856    0.0404090 |    0.0000063    0.0003384
     9952   398.080 |    0.0000322    0.0005684 |    0.0000006    0.0000177 |    0.0085764    0.0404441 |    0.0000063    0.0003375
     9984   399.360 |    0.0000325    0.0005747 |    0.0000007    0.0000180 |    0.0085652    0.0406629 |    0.0000063    0.0003371
    10016   400.640 |    0.0000327    0.0005829 |    0.0000007    0.0000184 |    0.0085519    0.0407834 |    0.0000063    0.0003361
    10048   401.920 |    0.0000330    0.0005906 |    0.0000007    0.0000188 |    0.0085365    0.0409441 |    0.0000063    0.0003360
    10080   403.200 |    0.0000332    0.0005954 |    0.0000007    0.0000193 |    0.0085191    0.0410786 |    0.0000062    0.0003354
    10112   404.480 |    0.0000334    0.0005982 |    0.0000007    0.0000197 |    0.0084997    0.0412455 |    0.0000062    0.0003348
    10144   405.760 |    0.0000336    0.0006005 |    0.0000007    0.0000202 |    0.0084785    0.0414280 |    0.0000062    0.0003340
    10176   407.040 |    0.0000338    0.0006021 |    0.0000007    0.0000206 |    0.0084553    0.0415654 |    0.0000062    0.0003336
    10208   408.320 |    0.0000340    0.0006033 |    0.0000008    0.0000209 |    0.0084303    0.0416819 |    0.0000061    0.0003328
-----------------------------------------------------------------------------------------------------------------------------------
Iteration      Time |            HYDROBASE::rho |          HYDROBASE::press |            HYDROBASE::eps |      ML_ADMCONSTRAINTS::H
                    |        norm2      maximum |        norm2      maximum |        norm2      maximum |        norm2      maximum
-----------------------------------------------------------------------------------------------------------------------------------
    10240   409.600 |    0.0000342    0.0006044 |    0.0000008    0.0000212 |    0.0084035    0.0419679 |    0.0000061    0.0003322
    10272   410.880 |    0.0000343    0.0006054 |    0.0000008    0.0000214 |    0.0083753    0.0421963 |    0.0000060    0.0003313
    10304   412.160 |    0.0000345    0.0006062 |    0.0000008    0.0000217 |    0.0083457    0.0423248 |    0.0000060    0.0003308
    10336   413.440 |    0.0000346    0.0006068 |    0.0000008    0.0000218 |    0.0083151    0.0424052 |    0.0000059    0.0003300
    10368   414.720 |    0.0000347    0.0006072 |    0.0000008    0.0000220 |    0.0082837    0.0425327 |    0.0000058    0.0003293
    10400   416.000 |    0.0000347    0.0006074 |    0.0000008    0.0000220 |    0.0082518    0.0426199 |    0.0000058    0.0003289
    10432   417.280 |    0.0000347    0.0006077 |    0.0000008    0.0000221 |    0.0082201    0.0426541 |    0.0000057    0.0003278
    10464   418.560 |    0.0000348    0.0006077 |    0.0000008    0.0000221 |    0.0081887    0.0426398 |    0.0000057    0.0003275
    10496   419.840 |    0.0000347    0.0006077 |    0.0000008    0.0000221 |    0.0081584    0.0426069 |    0.0000056    0.0003264
    10528   421.120 |    0.0000347    0.0006076 |    0.0000008    0.0000221 |    0.0081295    0.0425565 |    0.0000055    0.0003260
    10560   422.400 |    0.0000346    0.0006074 |    0.0000008    0.0000221 |    0.0081025    0.0424675 |    0.0000055    0.0003253
    10592   423.680 |    0.0000345    0.0006071 |    0.0000008    0.0000220 |    0.0080777    0.0423599 |    0.0000054    0.0003245
    10624   424.960 |    0.0000344    0.0006067 |    0.0000008    0.0000218 |    0.0080551    0.0422253 |    0.0000054    0.0003237
    10656   426.240 |    0.0000343    0.0006061 |    0.0000008    0.0000217 |    0.0080347    0.0420537 |    0.0000053    0.0003231
    10688   427.520 |    0.0000341    0.0006054 |    0.0000008    0.0000215 |    0.0080162    0.0418321 |    0.0000053    0.0003221
    10720   428.800 |    0.0000340    0.0006046 |    0.0000008    0.0000213 |    0.0079992    0.0415877 |    0.0000052    0.0003215
    10752   430.080 |    0.0000338    0.0006036 |    0.0000008    0.0000210 |    0.0079835    0.0414217 |    0.0000052    0.0003208
    10784   431.360 |    0.0000336    0.0006027 |    0.0000007    0.0000208 |    0.0079688    0.0413019 |    0.0000052    0.0003200
    10816   432.640 |    0.0000334    0.0006015 |    0.0000007    0.0000205 |    0.0079551    0.0411645 |    0.0000052    0.0003192
    10848   433.920 |    0.0000331    0.0005999 |    0.0000007    0.0000202 |    0.0079424    0.0409665 |    0.0000051    0.0003186
-----------------------------------------------------------------------------------------------------------------------------------
Iteration      Time |            HYDROBASE::rho |          HYDROBASE::press |            HYDROBASE::eps |      ML_ADMCONSTRAINTS::H
                    |        norm2      maximum |        norm2      maximum |        norm2      maximum |        norm2      maximum
-----------------------------------------------------------------------------------------------------------------------------------
    10880   435.200 |    0.0000329    0.0005982 |    0.0000007    0.0000199 |    0.0079309    0.0407611 |    0.0000051    0.0003179
    10912   436.480 |    0.0000327    0.0005958 |    0.0000007    0.0000195 |    0.0079204    0.0403041 |    0.0000051    0.0003173
    10944   437.760 |    0.0000324    0.0005929 |    0.0000007    0.0000192 |    0.0079111    0.0393998 |    0.0000051    0.0003163
    10976   439.040 |    0.0000321    0.0005799 |    0.0000006    0.0000184 |    0.0079029    0.0390279 |    0.0000051    0.0003160
    11008   440.320 |    0.0000319    0.0005511 |    0.0000006    0.0000170 |    0.0078960    0.0387119 |    0.0000052    0.0003144
    11040   441.600 |    0.0000316    0.0005478 |    0.0000006    0.0000162 |    0.0078904    0.0381913 |    0.0000052    0.0003136
    11072   442.880 |    0.0000313    0.0005522 |    0.0000006    0.0000168 |    0.0078860    0.0380299 |    0.0000052    0.0003134
    11104   444.160 |    0.0000311    0.0005490 |    0.0000006    0.0000162 |    0.0078827    0.0380972 |    0.0000052    0.0003118
    11136   445.440 |    0.0000308    0.0005447 |    0.0000006    0.0000159 |    0.0078804    0.0377432 |    0.0000053    0.0003112
    11168   446.720 |    0.0000305    0.0005385 |    0.0000005    0.0000153 |    0.0078789    0.0374257 |    0.0000053    0.0003101
    11200   448.000 |    0.0000303    0.0005308 |    0.0000005    0.0000147 |    0.0078782    0.0369167 |    0.0000054    0.0003089
    11232   449.280 |    0.0000300    0.0005211 |    0.0000005    0.0000141 |    0.0078782    0.0364091 |    0.0000054    0.0003078
    11264   450.560 |    0.0000298    0.0005092 |    0.0000005    0.0000133 |    0.0078788    0.0359280 |    0.0000055    0.0003070
    11296   451.840 |    0.0000295    0.0004997 |    0.0000005    0.0000126 |    0.0078801    0.0355146 |    0.0000055    0.0003059
    11328   453.120 |    0.0000293    0.0004932 |    0.0000005    0.0000122 |    0.0078821    0.0351304 |    0.0000056    0.0003047
    11360   454.400 |    0.0000291    0.0004888 |    0.0000005    0.0000120 |    0.0078847    0.0348236 |    0.0000056    0.0003040
    11392   455.680 |    0.0000288    0.0004841 |    0.0000005    0.0000117 |    0.0078879    0.0345839 |    0.0000056    0.0003029
    11424   456.960 |    0.0000286    0.0004792 |    0.0000004    0.0000114 |    0.0078940    0.0343287 |    0.0000057    0.0003016
    11456   458.240 |    0.0000284    0.0004735 |    0.0000004    0.0000111 |    0.0079027    0.0340561 |    0.0000057    0.0003005
    11488   459.520 |    0.0000283    0.0004680 |    0.0000004    0.0000108 |    0.0079106    0.0337891 |    0.0000057    0.0002991
-----------------------------------------------------------------------------------------------------------------------------------
Iteration      Time |            HYDROBASE::rho |          HYDROBASE::press |            HYDROBASE::eps |      ML_ADMCONSTRAINTS::H
                    |        norm2      maximum |        norm2      maximum |        norm2      maximum |        norm2      maximum
-----------------------------------------------------------------------------------------------------------------------------------
    11520   460.800 |    0.0000281    0.0004626 |    0.0000004    0.0000105 |    0.0079171    0.0335342 |    0.0000058    0.0002981
    11552   462.080 |    0.0000279    0.0004580 |    0.0000004    0.0000102 |    0.0079231    0.0332998 |    0.0000058    0.0002969
    11584   463.360 |    0.0000277    0.0004540 |    0.0000004    0.0000100 |    0.0079287    0.0330964 |    0.0000058    0.0002957
    11616   464.640 |    0.0000276    0.0004504 |    0.0000004    0.0000098 |    0.0079344    0.0329092 |    0.0000058    0.0002945
    11648   465.920 |    0.0000275    0.0004471 |    0.0000004    0.0000097 |    0.0079402    0.0327504 |    0.0000058    0.0002932
    11680   467.200 |    0.0000273    0.0004439 |    0.0000004    0.0000095 |    0.0079459    0.0326090 |    0.0000058    0.0002918
    11712   468.480 |    0.0000272    0.0004416 |    0.0000004    0.0000094 |    0.0079520    0.0324943 |    0.0000058    0.0002907
    11744   469.760 |    0.0000271    0.0004398 |    0.0000004    0.0000093 |    0.0079585    0.0324119 |    0.0000057    0.0002893
    11776   471.040 |    0.0000270    0.0004377 |    0.0000004    0.0000092 |    0.0079655    0.0323393 |    0.0000057    0.0002880
    11808   472.320 |    0.0000270    0.0004356 |    0.0000004    0.0000091 |    0.0079729    0.0322438 |    0.0000057    0.0002869
    11840   473.600 |    0.0000269    0.0004337 |    0.0000004    0.0000090 |    0.0079802    0.0321475 |    0.0000056    0.0002855
    11872   474.880 |    0.0000268    0.0004318 |    0.0000004    0.0000089 |    0.0079875    0.0320713 |    0.0000056    0.0002843
    11904   476.160 |    0.0000268    0.0004306 |    0.0000004    0.0000089 |    0.0079946    0.0320183 |    0.0000055    0.0002831
    11936   477.440 |    0.0000268    0.0004298 |    0.0000004    0.0000088 |    0.0080015    0.0319865 |    0.0000055    0.0002820
    11968   478.720 |    0.0000267    0.0004291 |    0.0000004    0.0000088 |    0.0080083    0.0319628 |    0.0000054    0.0002809
    12000   480.000 |    0.0000267    0.0004286 |    0.0000004    0.0000088 |    0.0080149    0.0319436 |    0.0000053    0.0002797
    12032   481.280 |    0.0000267    0.0004284 |    0.0000004    0.0000088 |    0.0080214    0.0319394 |    0.0000053    0.0002786
    12064   482.560 |    0.0000267    0.0004286 |    0.0000004    0.0000088 |    0.0080279    0.0319539 |    0.0000052    0.0002775
    12096   483.840 |    0.0000267    0.0004294 |    0.0000004    0.0000088 |    0.0080340    0.0319966 |    0.0000051    0.0002764
    12128   485.120 |    0.0000268    0.0004306 |    0.0000004    0.0000089 |    0.0080402    0.0320660 |    0.0000051    0.0002755
-----------------------------------------------------------------------------------------------------------------------------------
Iteration      Time |            HYDROBASE::rho |          HYDROBASE::press |            HYDROBASE::eps |      ML_ADMCONSTRAINTS::H
                    |        norm2      maximum |        norm2      maximum |        norm2      maximum |        norm2      maximum
-----------------------------------------------------------------------------------------------------------------------------------
    12160   486.400 |    0.0000268    0.0004321 |    0.0000004    0.0000090 |    0.0080462    0.0321424 |    0.0000050    0.0002747
    12192   487.680 |    0.0000269    0.0004340 |    0.0000004    0.0000091 |    0.0080520    0.0322345 |    0.0000050    0.0002738
    12224   488.960 |    0.0000269    0.0004360 |    0.0000004    0.0000092 |    0.0080579    0.0323386 |    0.0000049    0.0002728
    12256   490.240 |    0.0000270    0.0004384 |    0.0000004    0.0000093 |    0.0080633    0.0324602 |    0.0000049    0.0002721
    12288   491.520 |    0.0000271    0.0004411 |    0.0000004    0.0000094 |    0.0080688    0.0325944 |    0.0000048    0.0002715
    12320   492.800 |    0.0000272    0.0004444 |    0.0000004    0.0000096 |    0.0080740    0.0327456 |    0.0000048    0.0002709
    12352   494.080 |    0.0000273    0.0004479 |    0.0000004    0.0000098 |    0.0080790    0.0329145 |    0.0000047    0.0002702
    12384   495.360 |    0.0000274    0.0004516 |    0.0000004    0.0000100 |    0.0080840    0.0330979 |    0.0000047    0.0002696
    12416   496.640 |    0.0000275    0.0004555 |    0.0000004    0.0000102 |    0.0080886    0.0333045 |    0.0000047    0.0002689
    12448   497.920 |    0.0000276    0.0004597 |    0.0000004    0.0000104 |    0.0080931    0.0335274 |    0.0000047    0.0002685
    12480   499.200 |    0.0000278    0.0004639 |    0.0000004    0.0000107 |    0.0080974    0.0337486 |    0.0000047    0.0002680
    12512   500.480 |    0.0000279    0.0004682 |    0.0000004    0.0000109 |    0.0081013    0.0339722 |    0.0000047    0.0002675
    12544   501.760 |    0.0000281    0.0004724 |    0.0000004    0.0000112 |    0.0081051    0.0341853 |    0.0000047    0.0002671
    12576   503.040 |    0.0000282    0.0004766 |    0.0000004    0.0000114 |    0.0081085    0.0344058 |    0.0000047    0.0002668
    12608   504.320 |    0.0000284    0.0004808 |    0.0000004    0.0000117 |    0.0081116    0.0346325 |    0.0000047    0.0002665
    12640   505.600 |    0.0000286    0.0004853 |    0.0000005    0.0000120 |    0.0081144    0.0348480 |    0.0000047    0.0002661
    12672   506.880 |    0.0000288    0.0004895 |    0.0000005    0.0000122 |    0.0081171    0.0350668 |    0.0000047    0.0002658
    12704   508.160 |    0.0000290    0.0004938 |    0.0000005    0.0000125 |    0.0081194    0.0352947 |    0.0000048    0.0002653
    12736   509.440 |    0.0000292    0.0004984 |    0.0000005    0.0000128 |    0.0081216    0.0355136 |    0.0000048    0.0002654
    12768   510.720 |    0.0000294    0.0005029 |    0.0000005    0.0000131 |    0.0081235    0.0357517 |    0.0000048    0.0002648
Memory statistics from CarpetLib:
   Current number of objects: 768
   Current allocated memory:  257 MB
   Maximum number of objects: 772
   Maximum allocated memory:  258 MB
   Current administrative memory: 1.1 MB
   Total allocated used system memory: 55.4 MB
   Total allocated free system memory: 23 MB
   gh::allmemory:    123132
   dh::allmemory:    721984
   th::allmemory:    13888
   ggf::allmemory:   189992
   gdata::allmemory: 55208
-----------------------------------------------------------------------------------------------------------------------------------
Iteration      Time |            HYDROBASE::rho |          HYDROBASE::press |            HYDROBASE::eps |      ML_ADMCONSTRAINTS::H
                    |        norm2      maximum |        norm2      maximum |        norm2      maximum |        norm2      maximum
-----------------------------------------------------------------------------------------------------------------------------------
    12800   512.000 |    0.0000296    0.0005073 |    0.0000005    0.0000135 |    0.0081251    0.0359967 |    0.0000048    0.0002648
    12832   513.280 |    0.0000298    0.0005118 |    0.0000005    0.0000138 |    0.0081267    0.0362475 |    0.0000048    0.0002647
    12864   514.560 |    0.0000300    0.0005164 |    0.0000005    0.0000141 |    0.0081279    0.0364994 |    0.0000049    0.0002647
    12896   515.840 |    0.0000302    0.0005209 |    0.0000005    0.0000144 |    0.0081289    0.0367549 |    0.0000049    0.0002644
    12928   517.120 |    0.0000304    0.0005253 |    0.0000005    0.0000147 |    0.0081297    0.0370088 |    0.0000049    0.0002643
    12960   518.400 |    0.0000307    0.0005298 |    0.0000006    0.0000150 |    0.0081303    0.0372664 |    0.0000049    0.0002640
    12992   519.680 |    0.0000309    0.0005344 |    0.0000006    0.0000154 |    0.0081307    0.0375452 |    0.0000049    0.0002639
    13024   520.960 |    0.0000311    0.0005391 |    0.0000006    0.0000158 |    0.0081307    0.0378438 |    0.0000049    0.0002637
    13056   522.240 |    0.0000313    0.0005434 |    0.0000006    0.0000162 |    0.0081304    0.0381080 |    0.0000049    0.0002631
    13088   523.520 |    0.0000316    0.0005472 |    0.0000006    0.0000165 |    0.0081298    0.0383428 |    0.0000049    0.0002632
    13120   524.800 |    0.0000318    0.0005508 |    0.0000006    0.0000169 |    0.0081289    0.0385468 |    0.0000049    0.0002629
    13152   526.080 |    0.0000320    0.0005541 |    0.0000006    0.0000172 |    0.0081277    0.0387355 |    0.0000049    0.0002624
    13184   527.360 |    0.0000322    0.0005575 |    0.0000006    0.0000175 |    0.0081261    0.0389211 |    0.0000049    0.0002620
    13216   528.640 |    0.0000324    0.0005609 |    0.0000007    0.0000178 |    0.0081240    0.0391011 |    0.0000049    0.0002616
    13248   529.920 |    0.0000326    0.0005644 |    0.0000007    0.0000181 |    0.0081215    0.0392816 |    0.0000049    0.0002613
    13280   531.200 |    0.0000328    0.0005681 |    0.0000007    0.0000184 |    0.0081183    0.0394614 |    0.0000048    0.0002609
    13312   532.480 |    0.0000330    0.0005725 |    0.0000007    0.0000186 |    0.0081141    0.0396544 |    0.0000048    0.0002604
    13344   533.760 |    0.0000332    0.0005776 |    0.0000007    0.0000188 |    0.0081082    0.0398804 |    0.0000048    0.0002600
    13376   535.040 |    0.0000333    0.0005835 |    0.0000007    0.0000190 |    0.0081007    0.0401237 |    0.0000048    0.0002596
    13408   536.320 |    0.0000335    0.0005884 |    0.0000007    0.0000193 |    0.0080919    0.0404647 |    0.0000047    0.0002592
-----------------------------------------------------------------------------------------------------------------------------------
Iteration      Time |            HYDROBASE::rho |          HYDROBASE::press |            HYDROBASE::eps |      ML_ADMCONSTRAINTS::H
                    |        norm2      maximum |        norm2      maximum |        norm2      maximum |        norm2      maximum
-----------------------------------------------------------------------------------------------------------------------------------
    13440   537.600 |    0.0000336    0.0005917 |    0.0000007    0.0000197 |    0.0080820    0.0408356 |    0.0000047    0.0002588
    13472   538.880 |    0.0000337    0.0005947 |    0.0000007    0.0000200 |    0.0080713    0.0410282 |    0.0000046    0.0002585
    13504   540.160 |    0.0000339    0.0005962 |    0.0000007    0.0000202 |    0.0080601    0.0410984 |    0.0000046    0.0002580
    13536   541.440 |    0.0000339    0.0005974 |    0.0000007    0.0000204 |    0.0080486    0.0412154 |    0.0000046    0.0002575
    13568   542.720 |    0.0000340    0.0005984 |    0.0000008    0.0000206 |    0.0080371    0.0413498 |    0.0000045    0.0002575
    13600   544.000 |    0.0000341    0.0005989 |    0.0000008    0.0000207 |    0.0080261    0.0414540 |    0.0000045    0.0002568
    13632   545.280 |    0.0000341    0.0005996 |    0.0000008    0.0000208 |    0.0080161    0.0415464 |    0.0000045    0.0002562
    13664   546.560 |    0.0000341    0.0006000 |    0.0000008    0.0000209 |    0.0080080    0.0416072 |    0.0000044    0.0002559
    13696   547.840 |    0.0000341    0.0006003 |    0.0000008    0.0000210 |    0.0080025    0.0416685 |    0.0000044    0.0002554
INFO (CarpetIOHDF5): ---------------------------------------------------------
INFO (CarpetIOHDF5): Dumping periodic checkpoint at iteration 13718, simulation time 548.72
INFO (CarpetIOHDF5): ---------------------------------------------------------
    13728   549.120 |    0.0000341    0.0006004 |    0.0000008    0.0000210 |    0.0080001    0.0416889 |    0.0000043    0.0002548
    13760   550.400 |    0.0000340    0.0006002 |    0.0000008    0.0000209 |    0.0080011    0.0416941 |    0.0000043    0.0002544
    13792   551.680 |    0.0000340    0.0005999 |    0.0000008    0.0000209 |    0.0080050    0.0416723 |    0.0000043    0.0002538
    13824   552.960 |    0.0000339    0.0005995 |    0.0000008    0.0000208 |    0.0080111    0.0416419 |    0.0000043    0.0002536
    13856   554.240 |    0.0000338    0.0005989 |    0.0000007    0.0000207 |    0.0080190    0.0415917 |    0.0000042    0.0002529
    13888   555.520 |    0.0000336    0.0005983 |    0.0000007    0.0000206 |    0.0080279    0.0414945 |    0.0000042    0.0002526
    13920   556.800 |    0.0000335    0.0005973 |    0.0000007    0.0000204 |    0.0080374    0.0414246 |    0.0000042    0.0002521
    13952   558.080 |    0.0000334    0.0005960 |    0.0000007    0.0000202 |    0.0080472    0.0412763 |    0.0000042    0.0002516
    13984   559.360 |    0.0000332    0.0005948 |    0.0000007    0.0000200 |    0.0080575    0.0411074 |    0.0000042    0.0002512
    14016   560.640 |    0.0000330    0.0005921 |    0.0000007    0.0000198 |    0.0080683    0.0434068 |    0.0000042    0.0002505
    14048   561.920 |    0.0000328    0.0005900 |    0.0000007    0.0000196 |    0.0080795    0.0429111 |    0.0000042    0.0002502
-----------------------------------------------------------------------------------------------------------------------------------
Iteration      Time |            HYDROBASE::rho |          HYDROBASE::press |            HYDROBASE::eps |      ML_ADMCONSTRAINTS::H
                    |        norm2      maximum |        norm2      maximum |        norm2      maximum |        norm2      maximum
-----------------------------------------------------------------------------------------------------------------------------------
    14080   563.200 |    0.0000326    0.0005851 |    0.0000007    0.0000193 |    0.0080913    0.0403417 |    0.0000042    0.0002498
    14112   564.480 |    0.0000324    0.0005740 |    0.0000007    0.0000188 |    0.0081035    0.0397590 |    0.0000043    0.0002493
    14144   565.760 |    0.0000322    0.0005547 |    0.0000007    0.0000172 |    0.0081159    0.0392204 |    0.0000043    0.0002487
    14176   567.040 |    0.0000320    0.0005505 |    0.0000006    0.0000169 |    0.0081282    0.0388385 |    0.0000043    0.0002482
    14208   568.320 |    0.0000318    0.0005494 |    0.0000006    0.0000169 |    0.0081403    0.0387197 |    0.0000043    0.0002476
    14240   569.600 |    0.0000316    0.0005473 |    0.0000006    0.0000167 |    0.0081522    0.0386520 |    0.0000044    0.0002473
    14272   570.880 |    0.0000313    0.0005444 |    0.0000006    0.0000164 |    0.0081639    0.0384557 |    0.0000044    0.0002467
    14304   572.160 |    0.0000311    0.0005411 |    0.0000006    0.0000161 |    0.0081755    0.0382433 |    0.0000045    0.0002459
    14336   573.440 |    0.0000309    0.0005358 |    0.0000006    0.0000157 |    0.0081869    0.0379522 |    0.0000045    0.0002454
    14368   574.720 |    0.0000306    0.0005298 |    0.0000006    0.0000152 |    0.0081980    0.0376099 |    0.0000046    0.0002448
    14400   576.000 |    0.0000304    0.0005229 |    0.0000005    0.0000147 |    0.0082089    0.0372296 |    0.0000046    0.0002441
    14432   577.280 |    0.0000302    0.0005150 |    0.0000005    0.0000142 |    0.0082195    0.0368534 |    0.0000047    0.0002435
    14464   578.560 |    0.0000300    0.0005080 |    0.0000005    0.0000137 |    0.0082298    0.0365032 |    0.0000047    0.0002427
    14496   579.840 |    0.0000298    0.0005012 |    0.0000005    0.0000133 |    0.0082398    0.0361665 |    0.0000047    0.0002421
    14528   581.120 |    0.0000296    0.0004964 |    0.0000005    0.0000129 |    0.0082495    0.0358826 |    0.0000048    0.0002413
    14560   582.400 |    0.0000294    0.0004913 |    0.0000005    0.0000126 |    0.0082592    0.0356334 |    0.0000048    0.0002406
    14592   583.680 |    0.0000292    0.0004871 |    0.0000005    0.0000123 |    0.0082705    0.0354039 |    0.0000049    0.0002399
    14624   584.960 |    0.0000290    0.0004821 |    0.0000005    0.0000121 |    0.0082818    0.0351659 |    0.0000049    0.0002392
    14656   586.240 |    0.0000288    0.0004779 |    0.0000005    0.0000118 |    0.0082916    0.0349271 |    0.0000049    0.0002385
    14688   587.520 |    0.0000286    0.0004729 |    0.0000004    0.0000115 |    0.0083010    0.0346891 |    0.0000049    0.0002378
-----------------------------------------------------------------------------------------------------------------------------------
Iteration      Time |            HYDROBASE::rho |          HYDROBASE::press |            HYDROBASE::eps |      ML_ADMCONSTRAINTS::H
                    |        norm2      maximum |        norm2      maximum |        norm2      maximum |        norm2      maximum
-----------------------------------------------------------------------------------------------------------------------------------
    14720   588.800 |    0.0000285    0.0004681 |    0.0000004    0.0000112 |    0.0083106    0.0344476 |    0.0000049    0.0002371
    14752   590.080 |    0.0000283    0.0004638 |    0.0000004    0.0000109 |    0.0083204    0.0342148 |    0.0000050    0.0002363
    14784   591.360 |    0.0000282    0.0004591 |    0.0000004    0.0000107 |    0.0083303    0.0339991 |    0.0000050    0.0002355
    14816   592.640 |    0.0000280    0.0004555 |    0.0000004    0.0000105 |    0.0083398    0.0337934 |    0.0000050    0.0002348
    14848   593.920 |    0.0000279    0.0004517 |    0.0000004    0.0000103 |    0.0083484    0.0336068 |    0.0000049    0.0002340
    14880   595.200 |    0.0000278    0.0004483 |    0.0000004    0.0000101 |    0.0083562    0.0334419 |    0.0000049    0.0002332
    14912   596.480 |    0.0000277    0.0004459 |    0.0000004    0.0000100 |    0.0083632    0.0333124 |    0.0000049    0.0002324
    14944   597.760 |    0.0000276    0.0004433 |    0.0000004    0.0000099 |    0.0083694    0.0332061 |    0.0000049    0.0002316
    14976   599.040 |    0.0000275    0.0004414 |    0.0000004    0.0000098 |    0.0083752    0.0331051 |    0.0000048    0.0002309
    15008   600.320 |    0.0000275    0.0004397 |    0.0000004    0.0000097 |    0.0083804    0.0330108 |    0.0000048    0.0002300
    15040   601.600 |    0.0000274    0.0004378 |    0.0000004    0.0000096 |    0.0083853    0.0329223 |    0.0000048    0.0002293
    15072   602.880 |    0.0000273    0.0004364 |    0.0000004    0.0000095 |    0.0083897    0.0328492 |    0.0000047    0.0002284
    15104   604.160 |    0.0000273    0.0004353 |    0.0000004    0.0000094 |    0.0083938    0.0327975 |    0.0000047    0.0002277
    15136   605.440 |    0.0000273    0.0004346 |    0.0000004    0.0000094 |    0.0083975    0.0327637 |    0.0000046    0.0002269
    15168   606.720 |    0.0000272    0.0004342 |    0.0000004    0.0000094 |    0.0084010    0.0327456 |    0.0000046    0.0002262
    15200   608.000 |    0.0000272    0.0004340 |    0.0000004    0.0000094 |    0.0084042    0.0327324 |    0.0000045    0.0002254
    15232   609.280 |    0.0000272    0.0004340 |    0.0000004    0.0000094 |    0.0084071    0.0327337 |    0.0000044    0.0002247
    15264   610.560 |    0.0000272    0.0004344 |    0.0000004    0.0000094 |    0.0084099    0.0327524 |    0.0000044    0.0002240
    15296   611.840 |    0.0000272    0.0004352 |    0.0000004    0.0000094 |    0.0084126    0.0327921 |    0.0000043    0.0002232
    15328   613.120 |    0.0000273    0.0004363 |    0.0000004    0.0000095 |    0.0084151    0.0328542 |    0.0000043    0.0002225
-----------------------------------------------------------------------------------------------------------------------------------
Iteration      Time |            HYDROBASE::rho |          HYDROBASE::press |            HYDROBASE::eps |      ML_ADMCONSTRAINTS::H
                    |        norm2      maximum |        norm2      maximum |        norm2      maximum |        norm2      maximum
-----------------------------------------------------------------------------------------------------------------------------------
    15360   614.400 |    0.0000273    0.0004378 |    0.0000004    0.0000096 |    0.0084175    0.0329351 |    0.0000042    0.0002219
    15392   615.680 |    0.0000273    0.0004397 |    0.0000004    0.0000097 |    0.0084198    0.0330363 |    0.0000042    0.0002213
    15424   616.960 |    0.0000274    0.0004419 |    0.0000004    0.0000098 |    0.0084220    0.0331582 |    0.0000041    0.0002206
    15456   618.240 |    0.0000275    0.0004444 |    0.0000004    0.0000099 |    0.0084239    0.0332979 |    0.0000041    0.0002201
    15488   619.520 |    0.0000275    0.0004472 |    0.0000004    0.0000101 |    0.0084256    0.0334458 |    0.0000040    0.0002195
    15520   620.800 |    0.0000276    0.0004501 |    0.0000004    0.0000102 |    0.0084269    0.0336000 |    0.0000040    0.0002189
    15552   622.080 |    0.0000277    0.0004531 |    0.0000004    0.0000104 |    0.0084279    0.0337595 |    0.0000040    0.0002183
    15584   623.360 |    0.0000278    0.0004563 |    0.0000004    0.0000106 |    0.0084285    0.0339263 |    0.0000039    0.0002178
    15616   624.640 |    0.0000279    0.0004595 |    0.0000004    0.0000108 |    0.0084289    0.0340940 |    0.0000039    0.0002174
    15648   625.920 |    0.0000280    0.0004628 |    0.0000004    0.0000109 |    0.0084289    0.0342647 |    0.0000039    0.0002169
    15680   627.200 |    0.0000281    0.0004662 |    0.0000004    0.0000111 |    0.0084287    0.0344496 |    0.0000039    0.0002165
    15712   628.480 |    0.0000283    0.0004697 |    0.0000004    0.0000113 |    0.0084283    0.0346408 |    0.0000039    0.0002160
    15744   629.760 |    0.0000284    0.0004732 |    0.0000004    0.0000116 |    0.0084276    0.0348390 |    0.0000039    0.0002156
    15776   631.040 |    0.0000286    0.0004768 |    0.0000004    0.0000118 |    0.0084267    0.0350402 |    0.0000039    0.0002152
    15808   632.320 |    0.0000287    0.0004804 |    0.0000005    0.0000120 |    0.0084257    0.0352454 |    0.0000039    0.0002149
    15840   633.600 |    0.0000289    0.0004841 |    0.0000005    0.0000122 |    0.0084244    0.0354613 |    0.0000039    0.0002145
    15872   634.880 |    0.0000290    0.0004880 |    0.0000005    0.0000125 |    0.0084230    0.0356807 |    0.0000040    0.0002141
    15904   636.160 |    0.0000292    0.0004918 |    0.0000005    0.0000128 |    0.0084215    0.0359019 |    0.0000040    0.0002138
    15936   637.440 |    0.0000294    0.0004958 |    0.0000005    0.0000130 |    0.0084198    0.0361192 |    0.0000040    0.0002136
    15968   638.720 |    0.0000296    0.0004997 |    0.0000005    0.0000133 |    0.0084179    0.0363437 |    0.0000040    0.0002132
-----------------------------------------------------------------------------------------------------------------------------------
Iteration      Time |            HYDROBASE::rho |          HYDROBASE::press |            HYDROBASE::eps |      ML_ADMCONSTRAINTS::H
                    |        norm2      maximum |        norm2      maximum |        norm2      maximum |        norm2      maximum
-----------------------------------------------------------------------------------------------------------------------------------
    16000   640.000 |    0.0000298    0.0005036 |    0.0000005    0.0000136 |    0.0084159    0.0365678 |    0.0000040    0.0002129
    16032   641.280 |    0.0000299    0.0005075 |    0.0000005    0.0000138 |    0.0084137    0.0367836 |    0.0000041    0.0002126
    16064   642.560 |    0.0000301    0.0005113 |    0.0000005    0.0000141 |    0.0084112    0.0369967 |    0.0000041    0.0002124
    16096   643.840 |    0.0000303    0.0005152 |    0.0000005    0.0000143 |    0.0084086    0.0372158 |    0.0000041    0.0002122
    16128   645.120 |    0.0000305    0.0005196 |    0.0000006    0.0000146 |    0.0084057    0.0374607 |    0.0000041    0.0002122
    16160   646.400 |    0.0000307    0.0005241 |    0.0000006    0.0000150 |    0.0084025    0.0377273 |    0.0000041    0.0002119
    16192   647.680 |    0.0000309    0.0005285 |    0.0000006    0.0000153 |    0.0083990    0.0379838 |    0.0000041    0.0002118
    16224   648.960 |    0.0000311    0.0005326 |    0.0000006    0.0000156 |    0.0083953    0.0382220 |    0.0000041    0.0002117
    16256   650.240 |    0.0000313    0.0005364 |    0.0000006    0.0000159 |    0.0083914    0.0384461 |    0.0000041    0.0002113
    16288   651.520 |    0.0000315    0.0005400 |    0.0000006    0.0000162 |    0.0083871    0.0386615 |    0.0000041    0.0002112
    16320   652.800 |    0.0000317    0.0005435 |    0.0000006    0.0000165 |    0.0083826    0.0388626 |    0.0000041    0.0002110
    16352   654.080 |    0.0000319    0.0005467 |    0.0000006    0.0000168 |    0.0083779    0.0390491 |    0.0000041    0.0002109
    16384   655.360 |    0.0000321    0.0005497 |    0.0000006    0.0000171 |    0.0083728    0.0392190 |    0.0000041    0.0002107
    16416   656.640 |    0.0000322    0.0005527 |    0.0000006    0.0000174 |    0.0083675    0.0393864 |    0.0000041    0.0002106
    16448   657.920 |    0.0000324    0.0005556 |    0.0000007    0.0000177 |    0.0083618    0.0395504 |    0.0000041    0.0002103
    16480   659.200 |    0.0000326    0.0005584 |    0.0000007    0.0000180 |    0.0083558    0.0397063 |    0.0000041    0.0002102
    16512   660.480 |    0.0000327    0.0005612 |    0.0000007    0.0000182 |    0.0083490    0.0398561 |    0.0000040    0.0002100
    16544   661.760 |    0.0000329    0.0005640 |    0.0000007    0.0000184 |    0.0083413    0.0400046 |    0.0000040    0.0002097
    16576   663.040 |    0.0000330    0.0005669 |    0.0000007    0.0000186 |    0.0083327    0.0401475 |    0.0000040    0.0002096
    16608   664.320 |    0.0000331    0.0005698 |    0.0000007    0.0000189 |    0.0083232    0.0402995 |    0.0000040    0.0002092
-----------------------------------------------------------------------------------------------------------------------------------
Iteration      Time |            HYDROBASE::rho |          HYDROBASE::press |            HYDROBASE::eps |      ML_ADMCONSTRAINTS::H
                    |        norm2      maximum |        norm2      maximum |        norm2      maximum |        norm2      maximum
-----------------------------------------------------------------------------------------------------------------------------------
    16640   665.600 |    0.0000333    0.0005730 |    0.0000007    0.0000190 |    0.0083129    0.0404562 |    0.0000039    0.0002090
    16672   666.880 |    0.0000334    0.0005764 |    0.0000007    0.0000192 |    0.0083019    0.0406085 |    0.0000039    0.0002087
    16704   668.160 |    0.0000334    0.0005800 |    0.0000007    0.0000193 |    0.0082904    0.0407877 |    0.0000039    0.0002085
    16736   669.440 |    0.0000335    0.0005833 |    0.0000007    0.0000195 |    0.0082786    0.0409943 |    0.0000038    0.0002083
    16768   670.720 |    0.0000336    0.0005864 |    0.0000007    0.0000197 |    0.0082667    0.0412071 |    0.0000038    0.0002080
    16800   672.000 |    0.0000336    0.0005889 |    0.0000007    0.0000198 |    0.0082550    0.0413532 |    0.0000038    0.0002078
    16832   673.280 |    0.0000336    0.0005902 |    0.0000007    0.0000199 |    0.0082440    0.0414256 |    0.0000037    0.0002075
    16864   674.560 |    0.0000336    0.0005910 |    0.0000007    0.0000200 |    0.0082342    0.0414433 |    0.0000037    0.0002073
    16896   675.840 |    0.0000336    0.0005911 |    0.0000007    0.0000200 |    0.0082260    0.0414443 |    0.0000037    0.0002070
    16928   677.120 |    0.0000336    0.0005912 |    0.0000007    0.0000200 |    0.0082202    0.0414534 |    0.0000036    0.0002067
    16960   678.400 |    0.0000336    0.0005910 |    0.0000007    0.0000200 |    0.0082172    0.0414199 |    0.0000036    0.0002064
    16992   679.680 |    0.0000335    0.0005903 |    0.0000007    0.0000199 |    0.0082167    0.0413772 |    0.0000036    0.0002061
    17024   680.960 |    0.0000334    0.0005894 |    0.0000007    0.0000199 |    0.0082186    0.0413167 |    0.0000036    0.0002059
    17056   682.240 |    0.0000334    0.0005880 |    0.0000007    0.0000198 |    0.0082223    0.0412309 |    0.0000036    0.0002055
    17088   683.520 |    0.0000332    0.0005864 |    0.0000007    0.0000196 |    0.0082274    0.0411007 |    0.0000036    0.0002051
    17120   684.800 |    0.0000331    0.0005829 |    0.0000007    0.0000195 |    0.0082334    0.0409054 |    0.0000036    0.0002049
    17152   686.080 |    0.0000330    0.0005777 |    0.0000007    0.0000193 |    0.0082402    0.0406012 |    0.0000036    0.0002046
    17184   687.360 |    0.0000329    0.0005669 |    0.0000007    0.0000187 |    0.0082476    0.0399944 |    0.0000036    0.0002044
    17216   688.640 |    0.0000327    0.0005615 |    0.0000007    0.0000180 |    0.0082556    0.0396456 |    0.0000036    0.0002041
    17248   689.920 |    0.0000326    0.0005588 |    0.0000007    0.0000180 |    0.0082640    0.0395149 |    0.0000036    0.0002038
-----------------------------------------------------------------------------------------------------------------------------------
Iteration      Time |            HYDROBASE::rho |          HYDROBASE::press |            HYDROBASE::eps |      ML_ADMCONSTRAINTS::H
                    |        norm2      maximum |        norm2      maximum |        norm2      maximum |        norm2      maximum
-----------------------------------------------------------------------------------------------------------------------------------
    17280   691.200 |    0.0000324    0.0005574 |    0.0000007    0.0000179 |    0.0082726    0.0394055 |    0.0000036    0.0002031
    17312   692.480 |    0.0000322    0.0005550 |    0.0000007    0.0000176 |    0.0082813    0.0392609 |    0.0000036    0.0002032
    17344   693.760 |    0.0000320    0.0005524 |    0.0000006    0.0000174 |    0.0082901    0.0391061 |    0.0000037    0.0002028
    17376   695.040 |    0.0000319    0.0005496 |    0.0000006    0.0000171 |    0.0082987    0.0389421 |    0.0000037    0.0002024
    17408   696.320 |    0.0000317    0.0005468 |    0.0000006    0.0000169 |    0.0083073    0.0387826 |    0.0000037    0.0002021
    17440   697.600 |    0.0000315    0.0005436 |    0.0000006    0.0000166 |    0.0083158    0.0385933 |    0.0000038    0.0002017
    17472   698.880 |    0.0000313    0.0005400 |    0.0000006    0.0000162 |    0.0083242    0.0383862 |    0.0000038    0.0002013
    17504   700.160 |    0.0000311    0.0005358 |    0.0000006    0.0000159 |    0.0083325    0.0381606 |    0.0000039    0.0002008
    17536   701.440 |    0.0000309    0.0005311 |    0.0000006    0.0000155 |    0.0083407    0.0378756 |    0.0000039    0.0002004
    17568   702.720 |    0.0000307    0.0005263 |    0.0000006    0.0000152 |    0.0083487    0.0376004 |    0.0000040    0.0001999
    17600   704.000 |    0.0000305    0.0005208 |    0.0000005    0.0000148 |    0.0083567    0.0373138 |    0.0000040    0.0001996
    17632   705.280 |    0.0000303    0.0005150 |    0.0000005    0.0000143 |    0.0083645    0.0369499 |    0.0000041    0.0001990
    17664   706.560 |    0.0000301    0.0005089 |    0.0000005    0.0000140 |    0.0083722    0.0366418 |    0.0000041    0.0001986
    17696   707.840 |    0.0000299    0.0005032 |    0.0000005    0.0000135 |    0.0083796    0.0362964 |    0.0000041    0.0001981
    17728   709.120 |    0.0000297    0.0004984 |    0.0000005    0.0000132 |    0.0083871    0.0360266 |    0.0000042    0.0001976
    17760   710.400 |    0.0000295    0.0004941 |    0.0000005    0.0000130 |    0.0083952    0.0358379 |    0.0000042    0.0001970
    17792   711.680 |    0.0000294    0.0004905 |    0.0000005    0.0000127 |    0.0084033    0.0355989 |    0.0000042    0.0001965
    17824   712.960 |    0.0000292    0.0004866 |    0.0000005    0.0000125 |    0.0084115    0.0354370 |    0.0000043    0.0001959
    17856   714.240 |    0.0000290    0.0004827 |    0.0000005    0.0000122 |    0.0084194    0.0351813 |    0.0000043    0.0001953
    17888   715.520 |    0.0000289    0.0004786 |    0.0000005    0.0000119 |    0.0084264    0.0349799 |    0.0000043    0.0001946
-----------------------------------------------------------------------------------------------------------------------------------
Iteration      Time |            HYDROBASE::rho |          HYDROBASE::press |            HYDROBASE::eps |      ML_ADMCONSTRAINTS::H
                    |        norm2      maximum |        norm2      maximum |        norm2      maximum |        norm2      maximum
-----------------------------------------------------------------------------------------------------------------------------------
    17920   716.800 |    0.0000287    0.0004744 |    0.0000005    0.0000117 |    0.0084331    0.0347680 |    0.0000043    0.0001941
    17952   718.080 |    0.0000286    0.0004699 |    0.0000004    0.0000114 |    0.0084395    0.0344884 |    0.0000043    0.0001936
    17984   719.360 |    0.0000285    0.0004657 |    0.0000004    0.0000112 |    0.0084457    0.0342898 |    0.0000043    0.0001931
    18016   720.640 |    0.0000284    0.0004618 |    0.0000004    0.0000109 |    0.0084516    0.0340762 |    0.0000043    0.0001926
    18048   721.920 |    0.0000282    0.0004583 |    0.0000004    0.0000107 |    0.0084571    0.0338694 |    0.0000043    0.0001920
    18080   723.200 |    0.0000281    0.0004553 |    0.0000004    0.0000106 |    0.0084623    0.0337410 |    0.0000043    0.0001915
    18112   724.480 |    0.0000280    0.0004524 |    0.0000004    0.0000104 |    0.0084672    0.0335692 |    0.0000043    0.0001910
    18144   725.760 |    0.0000280    0.0004500 |    0.0000004    0.0000103 |    0.0084719    0.0334284 |    0.0000043    0.0001904
    18176   727.040 |    0.0000279    0.0004481 |    0.0000004    0.0000102 |    0.0084764    0.0333450 |    0.0000042    0.0001898
    18208   728.320 |    0.0000278    0.0004464 |    0.0000004    0.0000101 |    0.0084806    0.0332474 |    0.0000042    0.0001893
    18240   729.600 |    0.0000278    0.0004449 |    0.0000004    0.0000100 |    0.0084845    0.0331564 |    0.0000041    0.0001888
    18272   730.880 |    0.0000277    0.0004437 |    0.0000004    0.0000099 |    0.0084881    0.0330970 |    0.0000041    0.0001882
    18304   732.160 |    0.0000277    0.0004429 |    0.0000004    0.0000099 |    0.0084913    0.0330451 |    0.0000041    0.0001876
    18336   733.440 |    0.0000276    0.0004424 |    0.0000004    0.0000099 |    0.0084941    0.0330126 |    0.0000040    0.0001871
    18368   734.720 |    0.0000276    0.0004422 |    0.0000004    0.0000098 |    0.0084966    0.0329925 |    0.0000040    0.0001865
    18400   736.000 |    0.0000276    0.0004423 |    0.0000004    0.0000098 |    0.0084987    0.0329891 |    0.0000039    0.0001860
    18432   737.280 |    0.0000276    0.0004427 |    0.0000004    0.0000099 |    0.0085005    0.0330019 |    0.0000038    0.0001854
    18464   738.560 |    0.0000276    0.0004433 |    0.0000004    0.0000099 |    0.0085019    0.0330252 |    0.0000038    0.0001849
    18496   739.840 |    0.0000276    0.0004443 |    0.0000004    0.0000099 |    0.0085030    0.0330627 |    0.0000037    0.0001844
    18528   741.120 |    0.0000276    0.0004455 |    0.0000004    0.0000100 |    0.0085038    0.0331173 |    0.0000037    0.0001839
-----------------------------------------------------------------------------------------------------------------------------------
Iteration      Time |            HYDROBASE::rho |          HYDROBASE::press |            HYDROBASE::eps |      ML_ADMCONSTRAINTS::H
                    |        norm2      maximum |        norm2      maximum |        norm2      maximum |        norm2      maximum
-----------------------------------------------------------------------------------------------------------------------------------
    18560   742.400 |    0.0000277    0.0004472 |    0.0000004    0.0000101 |    0.0085042    0.0331879 |    0.0000036    0.0001834
    18592   743.680 |    0.0000277    0.0004490 |    0.0000004    0.0000102 |    0.0085042    0.0332736 |    0.0000036    0.0001830
    18624   744.960 |    0.0000278    0.0004511 |    0.0000004    0.0000103 |    0.0085039    0.0333704 |    0.0000035    0.0001825
    18656   746.240 |    0.0000278    0.0004533 |    0.0000004    0.0000104 |    0.0085033    0.0334785 |    0.0000035    0.0001821
    18688   747.520 |    0.0000279    0.0004558 |    0.0000004    0.0000105 |    0.0085023    0.0335966 |    0.0000035    0.0001817
    18720   748.800 |    0.0000280    0.0004584 |    0.0000004    0.0000107 |    0.0085010    0.0337207 |    0.0000034    0.0001812
    18752   750.080 |    0.0000281    0.0004611 |    0.0000004    0.0000108 |    0.0084992    0.0338555 |    0.0000034    0.0001809
    18784   751.360 |    0.0000281    0.0004640 |    0.0000004    0.0000110 |    0.0084970    0.0339962 |    0.0000034    0.0001805
    18816   752.640 |    0.0000282    0.0004670 |    0.0000004    0.0000112 |    0.0084944    0.0341410 |    0.0000034    0.0001801
    18848   753.920 |    0.0000284    0.0004701 |    0.0000004    0.0000113 |    0.0084917    0.0342890 |    0.0000033    0.0001798
    18880   755.200 |    0.0000285    0.0004731 |    0.0000004    0.0000115 |    0.0084886    0.0344407 |    0.0000033    0.0001795
    18912   756.480 |    0.0000286    0.0004764 |    0.0000004    0.0000117 |    0.0084854    0.0345972 |    0.0000033    0.0001792
    18944   757.760 |    0.0000287    0.0004797 |    0.0000005    0.0000119 |    0.0084820    0.0347616 |    0.0000033    0.0001788
    18976   759.040 |    0.0000288    0.0004831 |    0.0000005    0.0000121 |    0.0084784    0.0349285 |    0.0000034    0.0001786
    19008   760.320 |    0.0000290    0.0004865 |    0.0000005    0.0000123 |    0.0084746    0.0350989 |    0.0000034    0.0001783
    19040   761.600 |    0.0000291    0.0004900 |    0.0000005    0.0000126 |    0.0084706    0.0352726 |    0.0000034    0.0001780
    19072   762.880 |    0.0000293    0.0004935 |    0.0000005    0.0000128 |    0.0084664    0.0354499 |    0.0000034    0.0001778
    19104   764.160 |    0.0000294    0.0004969 |    0.0000005    0.0000130 |    0.0084620    0.0356222 |    0.0000034    0.0001775
    19136   765.440 |    0.0000296    0.0005004 |    0.0000005    0.0000132 |    0.0084574    0.0357958 |    0.0000034    0.0001774
    19168   766.720 |    0.0000298    0.0005040 |    0.0000005    0.0000135 |    0.0084525    0.0359785 |    0.0000035    0.0001771
Memory statistics from CarpetLib:
   Current number of objects: 768
   Current allocated memory:  257 MB
   Maximum number of objects: 772
   Maximum allocated memory:  258 MB
   Current administrative memory: 1.1 MB
   Total allocated used system memory: 55.4 MB
   Total allocated free system memory: 29.1 MB
   gh::allmemory:    123132
   dh::allmemory:    721984
   th::allmemory:    13888
   ggf::allmemory:   189992
   gdata::allmemory: 55208
-----------------------------------------------------------------------------------------------------------------------------------
Iteration      Time |            HYDROBASE::rho |          HYDROBASE::press |            HYDROBASE::eps |      ML_ADMCONSTRAINTS::H
                    |        norm2      maximum |        norm2      maximum |        norm2      maximum |        norm2      maximum
-----------------------------------------------------------------------------------------------------------------------------------
    19200   768.000 |    0.0000299    0.0005079 |    0.0000005    0.0000137 |    0.0084475    0.0361750 |    0.0000035    0.0001769
    19232   769.280 |    0.0000301    0.0005118 |    0.0000005    0.0000140 |    0.0084421    0.0363794 |    0.0000035    0.0001767
    19264   770.560 |    0.0000303    0.0005158 |    0.0000005    0.0000143 |    0.0084366    0.0365830 |    0.0000035    0.0001765
    19296   771.840 |    0.0000304    0.0005197 |    0.0000005    0.0000145 |    0.0084308    0.0367874 |    0.0000035    0.0001763
    19328   773.120 |    0.0000306    0.0005235 |    0.0000006    0.0000148 |    0.0084249    0.0369844 |    0.0000035    0.0001763
    19360   774.400 |    0.0000308    0.0005273 |    0.0000006    0.0000151 |    0.0084187    0.0371850 |    0.0000035    0.0001760
    19392   775.680 |    0.0000310    0.0005311 |    0.0000006    0.0000153 |    0.0084123    0.0373793 |    0.0000036    0.0001758
    19424   776.960 |    0.0000311    0.0005346 |    0.0000006    0.0000156 |    0.0084058    0.0375634 |    0.0000036    0.0001758
    19456   778.240 |    0.0000313    0.0005379 |    0.0000006    0.0000159 |    0.0083990    0.0377393 |    0.0000036    0.0001757
    19488   779.520 |    0.0000315    0.0005410 |    0.0000006    0.0000161 |    0.0083921    0.0379091 |    0.0000036    0.0001756
    19520   780.800 |    0.0000316    0.0005440 |    0.0000006    0.0000164 |    0.0083850    0.0380681 |    0.0000036    0.0001755
    19552   782.080 |    0.0000318    0.0005468 |    0.0000006    0.0000167 |    0.0083777    0.0382160 |    0.0000036    0.0001755
    19584   783.360 |    0.0000320    0.0005494 |    0.0000006    0.0000169 |    0.0083703    0.0383579 |    0.0000035    0.0001754
    19616   784.640 |    0.0000321    0.0005520 |    0.0000006    0.0000171 |    0.0083627    0.0384929 |    0.0000035    0.0001754
    19648   785.920 |    0.0000323    0.0005545 |    0.0000006    0.0000174 |    0.0083549    0.0386259 |    0.0000035    0.0001753
    19680   787.200 |    0.0000324    0.0005569 |    0.0000007    0.0000176 |    0.0083469    0.0387562 |    0.0000035    0.0001753
    19712   788.480 |    0.0000326    0.0005593 |    0.0000007    0.0000178 |    0.0083387    0.0388822 |    0.0000035    0.0001752
    19744   789.760 |    0.0000327    0.0005616 |    0.0000007    0.0000180 |    0.0083302    0.0390063 |    0.0000035    0.0001751
    19776   791.040 |    0.0000328    0.0005639 |    0.0000007    0.0000182 |    0.0083214    0.0391302 |    0.0000034    0.0001750
    19808   792.320 |    0.0000329    0.0005662 |    0.0000007    0.0000183 |    0.0083120    0.0392534 |    0.0000034    0.0001750
-----------------------------------------------------------------------------------------------------------------------------------
Iteration      Time |            HYDROBASE::rho |          HYDROBASE::press |            HYDROBASE::eps |      ML_ADMCONSTRAINTS::H
                    |        norm2      maximum |        norm2      maximum |        norm2      maximum |        norm2      maximum
-----------------------------------------------------------------------------------------------------------------------------------
    19840   793.600 |    0.0000330    0.0005685 |    0.0000007    0.0000185 |    0.0083016    0.0393750 |    0.0000034    0.0001749
    19872   794.880 |    0.0000331    0.0005710 |    0.0000007    0.0000186 |    0.0082905    0.0395074 |    0.0000034    0.0001748
    19904   796.160 |    0.0000331    0.0005733 |    0.0000007    0.0000188 |    0.0082788    0.0396328 |    0.0000033    0.0001747
    19936   797.440 |    0.0000332    0.0005759 |    0.0000007    0.0000189 |    0.0082668    0.0397750 |    0.0000033    0.0001746
    19968   798.720 |    0.0000333    0.0005783 |    0.0000007    0.0000190 |    0.0082547    0.0399058 |    0.0000033    0.0001745
    20000   800.000 |    0.0000333    0.0005806 |    0.0000007    0.0000191 |    0.0082429    0.0400282 |    0.0000032    0.0001745
    20032   801.280 |    0.0000333    0.0005822 |    0.0000007    0.0000191 |    0.0082319    0.0401116 |    0.0000032    0.0001743
    20064   802.560 |    0.0000333    0.0005836 |    0.0000007    0.0000192 |    0.0082219    0.0401825 |    0.0000032    0.0001742
    20096   803.840 |    0.0000333    0.0005842 |    0.0000007    0.0000192 |    0.0082135    0.0402092 |    0.0000032    0.0001742
    20128   805.120 |    0.0000333    0.0005843 |    0.0000007    0.0000192 |    0.0082067    0.0402082 |    0.0000031    0.0001740
    20160   806.400 |    0.0000332    0.0005841 |    0.0000007    0.0000192 |    0.0082020    0.0401927 |    0.0000031    0.0001739
    20192   807.680 |    0.0000332    0.0005834 |    0.0000007    0.0000192 |    0.0081994    0.0401480 |    0.0000031    0.0001738
    20224   808.960 |    0.0000331    0.0005818 |    0.0000007    0.0000191 |    0.0081987    0.0400522 |    0.0000031    0.0001737
    20256   810.240 |    0.0000330    0.0005792 |    0.0000007    0.0000190 |    0.0081998    0.0399017 |    0.0000031    0.0001735
    20288   811.520 |    0.0000329    0.0005753 |    0.0000007    0.0000188 |    0.0082024    0.0396761 |    0.0000031    0.0001734
    20320   812.800 |    0.0000328    0.0005702 |    0.0000007    0.0000186 |    0.0082064    0.0393846 |    0.0000031    0.0001733
    20352   814.080 |    0.0000327    0.0005670 |    0.0000007    0.0000184 |    0.0082113    0.0391960 |    0.0000031    0.0001731
    20384   815.360 |    0.0000326    0.0005647 |    0.0000007    0.0000182 |    0.0082168    0.0390625 |    0.0000031    0.0001730
    20416   816.640 |    0.0000325    0.0005618 |    0.0000007    0.0000180 |    0.0082227    0.0389015 |    0.0000031    0.0001727
    20448   817.920 |    0.0000323    0.0005595 |    0.0000007    0.0000178 |    0.0082289    0.0387639 |    0.0000031    0.0001726
-----------------------------------------------------------------------------------------------------------------------------------
Iteration      Time |            HYDROBASE::rho |          HYDROBASE::press |            HYDROBASE::eps |      ML_ADMCONSTRAINTS::H
                    |        norm2      maximum |        norm2      maximum |        norm2      maximum |        norm2      maximum
-----------------------------------------------------------------------------------------------------------------------------------
    20480   819.200 |    0.0000322    0.0005572 |    0.0000006    0.0000176 |    0.0082354    0.0386342 |    0.0000032    0.0001724
INFO (CarpetIOHDF5): ---------------------------------------------------------
INFO (CarpetIOHDF5): Dumping periodic checkpoint at iteration 20491, simulation time 819.64
INFO (CarpetIOHDF5): ---------------------------------------------------------
    20512   820.480 |    0.0000320    0.0005545 |    0.0000006    0.0000173 |    0.0082422    0.0384787 |    0.0000032    0.0001722
    20544   821.760 |    0.0000319    0.0005520 |    0.0000006    0.0000171 |    0.0082492    0.0383402 |    0.0000032    0.0001720
    20576   823.040 |    0.0000317    0.0005494 |    0.0000006    0.0000168 |    0.0082562    0.0381904 |    0.0000032    0.0001718
    20608   824.320 |    0.0000315    0.0005464 |    0.0000006    0.0000166 |    0.0082633    0.0380231 |    0.0000033    0.0001716
    20640   825.600 |    0.0000314    0.0005435 |    0.0000006    0.0000163 |    0.0082704    0.0378619 |    0.0000033    0.0001713
    20672   826.880 |    0.0000312    0.0005403 |    0.0000006    0.0000160 |    0.0082776    0.0376843 |    0.0000034    0.0001709
    20704   828.160 |    0.0000310    0.0005362 |    0.0000006    0.0000157 |    0.0082848    0.0374594 |    0.0000034    0.0001708
    20736   829.440 |    0.0000308    0.0005321 |    0.0000006    0.0000154 |    0.0082919    0.0372403 |    0.0000034    0.0001705
    20768   830.720 |    0.0000307    0.0005277 |    0.0000006    0.0000150 |    0.0082989    0.0369985 |    0.0000035    0.0001703
    20800   832.000 |    0.0000305    0.0005223 |    0.0000005    0.0000146 |    0.0083058    0.0367111 |    0.0000035    0.0001699
    20832   833.280 |    0.0000303    0.0005165 |    0.0000005    0.0000143 |    0.0083125    0.0363993 |    0.0000036    0.0001695
    20864   834.560 |    0.0000301    0.0005114 |    0.0000005    0.0000139 |    0.0083191    0.0361289 |    0.0000036    0.0001692
    20896   835.840 |    0.0000300    0.0005055 |    0.0000005    0.0000135 |    0.0083256    0.0358157 |    0.0000036    0.0001688
    20928   837.120 |    0.0000298    0.0005021 |    0.0000005    0.0000133 |    0.0083317    0.0356354 |    0.0000037    0.0001686
    20960   838.400 |    0.0000296    0.0004984 |    0.0000005    0.0000130 |    0.0083375    0.0354415 |    0.0000037    0.0001683
    20992   839.680 |    0.0000295    0.0004947 |    0.0000005    0.0000128 |    0.0083431    0.0352485 |    0.0000037    0.0001680
    21024   840.960 |    0.0000293    0.0004920 |    0.0000005    0.0000126 |    0.0083485    0.0351081 |    0.0000038    0.0001677
    21056   842.240 |    0.0000292    0.0004880 |    0.0000005    0.0000124 |    0.0083556    0.0349003 |    0.0000038    0.0001673
    21088   843.520 |    0.0000291    0.0004846 |    0.0000005    0.0000121 |    0.0083642    0.0347236 |    0.0000038    0.0001670
-----------------------------------------------------------------------------------------------------------------------------------
Iteration      Time |            HYDROBASE::rho |          HYDROBASE::press |            HYDROBASE::eps |      ML_ADMCONSTRAINTS::H
                    |        norm2      maximum |        norm2      maximum |        norm2      maximum |        norm2      maximum
-----------------------------------------------------------------------------------------------------------------------------------
    21120   844.800 |    0.0000289    0.0004812 |    0.0000005    0.0000119 |    0.0083717    0.0345513 |    0.0000038    0.0001667
    21152   846.080 |    0.0000288    0.0004775 |    0.0000005    0.0000117 |    0.0083782    0.0343609 |    0.0000038    0.0001663
    21184   847.360 |    0.0000287    0.0004738 |    0.0000004    0.0000115 |    0.0083837    0.0341722 |    0.0000038    0.0001660
    21216   848.640 |    0.0000286    0.0004707 |    0.0000004    0.0000113 |    0.0083884    0.0340146 |    0.0000038    0.0001656
    21248   849.920 |    0.0000285    0.0004678 |    0.0000004    0.0000111 |    0.0083927    0.0338662 |    0.0000038    0.0001652
    21280   851.200 |    0.0000284    0.0004646 |    0.0000004    0.0000109 |    0.0083967    0.0337033 |    0.0000038    0.0001648
    21312   852.480 |    0.0000283    0.0004622 |    0.0000004    0.0000108 |    0.0084005    0.0335838 |    0.0000038    0.0001644
    21344   853.760 |    0.0000282    0.0004601 |    0.0000004    0.0000107 |    0.0084040    0.0334798 |    0.0000037    0.0001640
    21376   855.040 |    0.0000282    0.0004582 |    0.0000004    0.0000106 |    0.0084073    0.0333821 |    0.0000037    0.0001635
    21408   856.320 |    0.0000281    0.0004564 |    0.0000004    0.0000105 |    0.0084103    0.0332912 |    0.0000037    0.0001631
    21440   857.600 |    0.0000280    0.0004550 |    0.0000004    0.0000104 |    0.0084133    0.0332218 |    0.0000037    0.0001627
    21472   858.880 |    0.0000280    0.0004538 |    0.0000004    0.0000104 |    0.0084160    0.0331624 |    0.0000036    0.0001623
    21504   860.160 |    0.0000280    0.0004528 |    0.0000004    0.0000103 |    0.0084186    0.0331151 |    0.0000036    0.0001619
    21536   861.440 |    0.0000279    0.0004522 |    0.0000004    0.0000103 |    0.0084209    0.0330842 |    0.0000035    0.0001615
    21568   862.720 |    0.0000279    0.0004519 |    0.0000004    0.0000103 |    0.0084227    0.0330696 |    0.0000035    0.0001611
    21600   864.000 |    0.0000279    0.0004519 |    0.0000004    0.0000103 |    0.0084241    0.0330694 |    0.0000034    0.0001606
    21632   865.280 |    0.0000279    0.0004522 |    0.0000004    0.0000103 |    0.0084252    0.0330839 |    0.0000034    0.0001602
    21664   866.560 |    0.0000279    0.0004527 |    0.0000004    0.0000103 |    0.0084257    0.0331140 |    0.0000033    0.0001598
    21696   867.840 |    0.0000279    0.0004536 |    0.0000004    0.0000104 |    0.0084259    0.0331577 |    0.0000033    0.0001594
    21728   869.120 |    0.0000280    0.0004547 |    0.0000004    0.0000104 |    0.0084257    0.0332149 |    0.0000032    0.0001590
-----------------------------------------------------------------------------------------------------------------------------------
Iteration      Time |            HYDROBASE::rho |          HYDROBASE::press |            HYDROBASE::eps |      ML_ADMCONSTRAINTS::H
                    |        norm2      maximum |        norm2      maximum |        norm2      maximum |        norm2      maximum
-----------------------------------------------------------------------------------------------------------------------------------
    21760   870.400 |    0.0000280    0.0004561 |    0.0000004    0.0000105 |    0.0084251    0.0332877 |    0.0000032    0.0001587
    21792   871.680 |    0.0000280    0.0004579 |    0.0000004    0.0000106 |    0.0084242    0.0333751 |    0.0000031    0.0001583
    21824   872.960 |    0.0000281    0.0004598 |    0.0000004    0.0000107 |    0.0084230    0.0334728 |    0.0000031    0.0001579
    21856   874.240 |    0.0000281    0.0004618 |    0.0000004    0.0000108 |    0.0084215    0.0335771 |    0.0000031    0.0001576
    21888   875.520 |    0.0000282    0.0004640 |    0.0000004    0.0000109 |    0.0084197    0.0336889 |    0.0000030    0.0001572
    21920   876.800 |    0.0000283    0.0004663 |    0.0000004    0.0000111 |    0.0084176    0.0338079 |    0.0000030    0.0001569
    21952   878.080 |    0.0000283    0.0004688 |    0.0000004    0.0000112 |    0.0084152    0.0339332 |    0.0000030    0.0001566
    21984   879.360 |    0.0000284    0.0004714 |    0.0000004    0.0000113 |    0.0084125    0.0340649 |    0.0000030    0.0001563
    22016   880.640 |    0.0000285    0.0004741 |    0.0000004    0.0000115 |    0.0084096    0.0342025 |    0.0000029    0.0001560
    22048   881.920 |    0.0000286    0.0004768 |    0.0000005    0.0000117 |    0.0084063    0.0343434 |    0.0000029    0.0001558
    22080   883.200 |    0.0000287    0.0004797 |    0.0000005    0.0000118 |    0.0084027    0.0344902 |    0.0000029    0.0001555
    22112   884.480 |    0.0000288    0.0004825 |    0.0000005    0.0000120 |    0.0083989    0.0346400 |    0.0000029    0.0001553
    22144   885.760 |    0.0000290    0.0004855 |    0.0000005    0.0000122 |    0.0083948    0.0347938 |    0.0000029    0.0001550
    22176   887.040 |    0.0000291    0.0004885 |    0.0000005    0.0000124 |    0.0083904    0.0349507 |    0.0000029    0.0001548
    22208   888.320 |    0.0000292    0.0004915 |    0.0000005    0.0000126 |    0.0083858    0.0351091 |    0.0000029    0.0001546
    22240   889.600 |    0.0000293    0.0004946 |    0.0000005    0.0000128 |    0.0083810    0.0352700 |    0.0000030    0.0001544
    22272   890.880 |    0.0000295    0.0004977 |    0.0000005    0.0000130 |    0.0083759    0.0354323 |    0.0000030    0.0001542
    22304   892.160 |    0.0000296    0.0005008 |    0.0000005    0.0000132 |    0.0083707    0.0355989 |    0.0000030    0.0001540
    22336   893.440 |    0.0000298    0.0005041 |    0.0000005    0.0000134 |    0.0083652    0.0357718 |    0.0000030    0.0001538
    22368   894.720 |    0.0000299    0.0005074 |    0.0000005    0.0000137 |    0.0083595    0.0359477 |    0.0000030    0.0001537
-----------------------------------------------------------------------------------------------------------------------------------
Iteration      Time |            HYDROBASE::rho |          HYDROBASE::press |            HYDROBASE::eps |      ML_ADMCONSTRAINTS::H
                    |        norm2      maximum |        norm2      maximum |        norm2      maximum |        norm2      maximum
-----------------------------------------------------------------------------------------------------------------------------------
    22400   896.000 |    0.0000301    0.0005107 |    0.0000005    0.0000139 |    0.0083536    0.0361258 |    0.0000030    0.0001535
    22432   897.280 |    0.0000302    0.0005141 |    0.0000005    0.0000141 |    0.0083476    0.0363073 |    0.0000031    0.0001534
    22464   898.560 |    0.0000304    0.0005175 |    0.0000005    0.0000143 |    0.0083413    0.0364939 |    0.0000031    0.0001532
    22496   899.840 |    0.0000305    0.0005210 |    0.0000005    0.0000146 |    0.0083349    0.0366799 |    0.0000031    0.0001531
    22528   901.120 |    0.0000307    0.0005244 |    0.0000006    0.0000148 |    0.0083283    0.0368636 |    0.0000031    0.0001530
    22560   902.400 |    0.0000308    0.0005277 |    0.0000006    0.0000150 |    0.0083215    0.0370469 |    0.0000031    0.0001529
    22592   903.680 |    0.0000310    0.0005310 |    0.0000006    0.0000153 |    0.0083146    0.0372259 |    0.0000031    0.0001527
    22624   904.960 |    0.0000312    0.0005342 |    0.0000006    0.0000155 |    0.0083075    0.0373961 |    0.0000031    0.0001527
    22656   906.240 |    0.0000313    0.0005372 |    0.0000006    0.0000158 |    0.0083002    0.0375604 |    0.0000031    0.0001526
    22688   907.520 |    0.0000315    0.0005400 |    0.0000006    0.0000160 |    0.0082927    0.0377172 |    0.0000031    0.0001526
    22720   908.800 |    0.0000316    0.0005427 |    0.0000006    0.0000162 |    0.0082850    0.0378642 |    0.0000031    0.0001525
    22752   910.080 |    0.0000318    0.0005451 |    0.0000006    0.0000165 |    0.0082771    0.0380023 |    0.0000031    0.0001526
    22784   911.360 |    0.0000319    0.0005475 |    0.0000006    0.0000167 |    0.0082691    0.0381337 |    0.0000031    0.0001525
    22816   912.640 |    0.0000320    0.0005497 |    0.0000006    0.0000169 |    0.0082608    0.0382599 |    0.0000031    0.0001525
    22848   913.920 |    0.0000322    0.0005519 |    0.0000006    0.0000171 |    0.0082523    0.0383820 |    0.0000031    0.0001525
    22880   915.200 |    0.0000323    0.0005540 |    0.0000006    0.0000173 |    0.0082435    0.0385016 |    0.0000031    0.0001525
    22912   916.480 |    0.0000324    0.0005560 |    0.0000007    0.0000175 |    0.0082345    0.0386167 |    0.0000031    0.0001525
    22944   917.760 |    0.0000325    0.0005580 |    0.0000007    0.0000177 |    0.0082253    0.0387280 |    0.0000030    0.0001525
    22976   919.040 |    0.0000326    0.0005598 |    0.0000007    0.0000178 |    0.0082157    0.0388319 |    0.0000030    0.0001525
    23008   920.320 |    0.0000327    0.0005616 |    0.0000007    0.0000180 |    0.0082057    0.0389354 |    0.0000030    0.0001524
-----------------------------------------------------------------------------------------------------------------------------------
Iteration      Time |            HYDROBASE::rho |          HYDROBASE::press |            HYDROBASE::eps |      ML_ADMCONSTRAINTS::H
                    |        norm2      maximum |        norm2      maximum |        norm2      maximum |        norm2      maximum
-----------------------------------------------------------------------------------------------------------------------------------
    23040   921.600 |    0.0000328    0.0005632 |    0.0000007    0.0000181 |    0.0081951    0.0390289 |    0.0000030    0.0001524
    23072   922.880 |    0.0000328    0.0005648 |    0.0000007    0.0000182 |    0.0081840    0.0391183 |    0.0000029    0.0001524
    23104   924.160 |    0.0000329    0.0005663 |    0.0000007    0.0000183 |    0.0081722    0.0392045 |    0.0000029    0.0001524
    23136   925.440 |    0.0000330    0.0005675 |    0.0000007    0.0000184 |    0.0081599    0.0392767 |    0.0000029    0.0001523
    23168   926.720 |    0.0000330    0.0005687 |    0.0000007    0.0000185 |    0.0081474    0.0393439 |    0.0000029    0.0001523
    23200   928.000 |    0.0000330    0.0005699 |    0.0000007    0.0000186 |    0.0081348    0.0394123 |    0.0000028    0.0001523
    23232   929.280 |    0.0000330    0.0005704 |    0.0000007    0.0000186 |    0.0081227    0.0394445 |    0.0000028    0.0001523
    23264   930.560 |    0.0000330    0.0005710 |    0.0000007    0.0000186 |    0.0081114    0.0394774 |    0.0000028    0.0001522
    23296   931.840 |    0.0000330    0.0005710 |    0.0000007    0.0000186 |    0.0081012    0.0394805 |    0.0000028    0.0001522
    23328   933.120 |    0.0000330    0.0005708 |    0.0000007    0.0000186 |    0.0080925    0.0394707 |    0.0000028    0.0001522
    23360   934.400 |    0.0000329    0.0005703 |    0.0000007    0.0000186 |    0.0080858    0.0394392 |    0.0000027    0.0001521
    23392   935.680 |    0.0000329    0.0005693 |    0.0000007    0.0000185 |    0.0080815    0.0393828 |    0.0000027    0.0001520
    23424   936.960 |    0.0000328    0.0005676 |    0.0000007    0.0000184 |    0.0080795    0.0392884 |    0.0000027    0.0001519
    23456   938.240 |    0.0000328    0.0005662 |    0.0000007    0.0000183 |    0.0080799    0.0392076 |    0.0000027    0.0001519
    23488   939.520 |    0.0000327    0.0005644 |    0.0000007    0.0000182 |    0.0080822    0.0391032 |    0.0000027    0.0001518
    23520   940.800 |    0.0000326    0.0005624 |    0.0000007    0.0000180 |    0.0080862    0.0389886 |    0.0000027    0.0001518
    23552   942.080 |    0.0000325    0.0005604 |    0.0000007    0.0000179 |    0.0080914    0.0388763 |    0.0000027    0.0001516
    23584   943.360 |    0.0000324    0.0005583 |    0.0000007    0.0000177 |    0.0080972    0.0387553 |    0.0000027    0.0001515
    23616   944.640 |    0.0000323    0.0005561 |    0.0000007    0.0000175 |    0.0081034    0.0386366 |    0.0000028    0.0001513
    23648   945.920 |    0.0000321    0.0005541 |    0.0000006    0.0000173 |    0.0081097    0.0385189 |    0.0000028    0.0001512
-----------------------------------------------------------------------------------------------------------------------------------
Iteration      Time |            HYDROBASE::rho |          HYDROBASE::press |            HYDROBASE::eps |      ML_ADMCONSTRAINTS::H
                    |        norm2      maximum |        norm2      maximum |        norm2      maximum |        norm2      maximum
-----------------------------------------------------------------------------------------------------------------------------------
    23680   947.200 |    0.0000320    0.0005517 |    0.0000006    0.0000171 |    0.0081161    0.0383902 |    0.0000028    0.0001511
    23712   948.480 |    0.0000319    0.0005496 |    0.0000006    0.0000169 |    0.0081227    0.0382684 |    0.0000028    0.0001509
    23744   949.760 |    0.0000317    0.0005471 |    0.0000006    0.0000167 |    0.0081294    0.0381363 |    0.0000029    0.0001508
    23776   951.040 |    0.0000316    0.0005448 |    0.0000006    0.0000164 |    0.0081362    0.0380016 |    0.0000029    0.0001507
    23808   952.320 |    0.0000314    0.0005421 |    0.0000006    0.0000162 |    0.0081432    0.0378568 |    0.0000029    0.0001505
    23840   953.600 |    0.0000313    0.0005393 |    0.0000006    0.0000160 |    0.0081502    0.0376974 |    0.0000030    0.0001504
    23872   954.880 |    0.0000311    0.0005360 |    0.0000006    0.0000157 |    0.0081572    0.0375170 |    0.0000030    0.0001502
    23904   956.160 |    0.0000310    0.0005325 |    0.0000006    0.0000154 |    0.0081640    0.0373275 |    0.0000030    0.0001500
    23936   957.440 |    0.0000308    0.0005289 |    0.0000006    0.0000151 |    0.0081705    0.0371288 |    0.0000031    0.0001498
    23968   958.720 |    0.0000306    0.0005248 |    0.0000006    0.0000148 |    0.0081767    0.0369087 |    0.0000031    0.0001496
    24000   960.000 |    0.0000305    0.0005201 |    0.0000005    0.0000145 |    0.0081827    0.0366543 |    0.0000032    0.0001493
    24032   961.280 |    0.0000303    0.0005158 |    0.0000005    0.0000142 |    0.0081885    0.0364224 |    0.0000032    0.0001490
    24064   962.560 |    0.0000302    0.0005113 |    0.0000005    0.0000139 |    0.0081941    0.0361842 |    0.0000032    0.0001488
    24096   963.840 |    0.0000300    0.0005067 |    0.0000005    0.0000136 |    0.0081996    0.0359480 |    0.0000033    0.0001485
    24128   965.120 |    0.0000299    0.0005035 |    0.0000005    0.0000134 |    0.0082051    0.0357679 |    0.0000033    0.0001483
    24160   966.400 |    0.0000297    0.0005001 |    0.0000005    0.0000132 |    0.0082114    0.0355878 |    0.0000033    0.0001481
    24192   967.680 |    0.0000296    0.0004964 |    0.0000005    0.0000129 |    0.0082185    0.0354005 |    0.0000034    0.0001479
    24224   968.960 |    0.0000295    0.0004935 |    0.0000005    0.0000127 |    0.0082252    0.0352438 |    0.0000034    0.0001476
    24256   970.240 |    0.0000293    0.0004905 |    0.0000005    0.0000125 |    0.0082312    0.0350850 |    0.0000034    0.0001474
    24288   971.520 |    0.0000292    0.0004870 |    0.0000005    0.0000123 |    0.0082369    0.0349082 |    0.0000034    0.0001471
-----------------------------------------------------------------------------------------------------------------------------------
Iteration      Time |            HYDROBASE::rho |          HYDROBASE::press |            HYDROBASE::eps |      ML_ADMCONSTRAINTS::H
                    |        norm2      maximum |        norm2      maximum |        norm2      maximum |        norm2      maximum
-----------------------------------------------------------------------------------------------------------------------------------
    24320   972.800 |    0.0000291    0.0004841 |    0.0000005    0.0000121 |    0.0082423    0.0347545 |    0.0000034    0.0001468
    24352   974.080 |    0.0000290    0.0004812 |    0.0000005    0.0000119 |    0.0082476    0.0346071 |    0.0000034    0.0001465
    24384   975.360 |    0.0000289    0.0004783 |    0.0000005    0.0000118 |    0.0082528    0.0344547 |    0.0000034    0.0001462
    24416   976.640 |    0.0000288    0.0004753 |    0.0000005    0.0000116 |    0.0082578    0.0343032 |    0.0000034    0.0001459
    24448   977.920 |    0.0000287    0.0004729 |    0.0000004    0.0000114 |    0.0082626    0.0341763 |    0.0000034    0.0001455
    24480   979.200 |    0.0000286    0.0004705 |    0.0000004    0.0000113 |    0.0082672    0.0340574 |    0.0000034    0.0001452
    24512   980.480 |    0.0000285    0.0004683 |    0.0000004    0.0000112 |    0.0082715    0.0339428 |    0.0000034    0.0001449
    24544   981.760 |    0.0000285    0.0004661 |    0.0000004    0.0000111 |    0.0082755    0.0338321 |    0.0000033    0.0001445
    24576   983.040 |    0.0000284    0.0004644 |    0.0000004    0.0000110 |    0.0082790    0.0337432 |    0.0000033    0.0001442
    24608   984.320 |    0.0000283    0.0004628 |    0.0000004    0.0000109 |    0.0082822    0.0336630 |    0.0000033    0.0001438
    24640   985.600 |    0.0000283    0.0004614 |    0.0000004    0.0000108 |    0.0082849    0.0335936 |    0.0000033    0.0001435
    24672   986.880 |    0.0000282    0.0004602 |    0.0000004    0.0000107 |    0.0082872    0.0335345 |    0.0000032    0.0001431
    24704   988.160 |    0.0000282    0.0004593 |    0.0000004    0.0000107 |    0.0082892    0.0334879 |    0.0000032    0.0001428
    24736   989.440 |    0.0000282    0.0004587 |    0.0000004    0.0000106 |    0.0082907    0.0334545 |    0.0000031    0.0001424
    24768   990.720 |    0.0000282    0.0004583 |    0.0000004    0.0000106 |    0.0082919    0.0334362 |    0.0000031    0.0001421
    24800   992.000 |    0.0000282    0.0004582 |    0.0000004    0.0000106 |    0.0082927    0.0334319 |    0.0000030    0.0001417
    24832   993.280 |    0.0000282    0.0004584 |    0.0000004    0.0000106 |    0.0082931    0.0334410 |    0.0000030    0.0001414
    24864   994.560 |    0.0000282    0.0004589 |    0.0000004    0.0000106 |    0.0082932    0.0334644 |    0.0000030    0.0001410
    24896   995.840 |    0.0000282    0.0004595 |    0.0000004    0.0000107 |    0.0082929    0.0334995 |    0.0000029    0.0001407
    24928   997.120 |    0.0000282    0.0004605 |    0.0000004    0.0000107 |    0.0082923    0.0335464 |    0.0000029    0.0001404
-----------------------------------------------------------------------------------------------------------------------------------
Iteration      Time |            HYDROBASE::rho |          HYDROBASE::press |            HYDROBASE::eps |      ML_ADMCONSTRAINTS::H
                    |        norm2      maximum |        norm2      maximum |        norm2      maximum |        norm2      maximum
-----------------------------------------------------------------------------------------------------------------------------------
    24960   998.400 |    0.0000282    0.0004616 |    0.0000004    0.0000108 |    0.0082914    0.0336044 |    0.0000028    0.0001400
    24992   999.680 |    0.0000283    0.0004629 |    0.0000004    0.0000109 |    0.0082901    0.0336724 |    0.0000028    0.0001397
INFO (Carpet): Terminating due to cctk_final_time at t = 1000.000000
INFO (CarpetIOHDF5): ---------------------------------------------------------
INFO (CarpetIOHDF5): Dumping termination checkpoint at iteration 25000, simulation time 1000
INFO (CarpetIOHDF5): ---------------------------------------------------------
--------------------------------------------------------------------------------
Done.
Stopping:
2025年 11月 16日 星期日 04:38:20 CST
Done.
Simfactory Done at date: 2025年11月16日 星期日 04时38分20秒
