Running simulation SFHo+CCSpoint3
Preparing:
Checking:
/home/rva-msi-ubuntu/simulations/SFHo+CCSpoint3/output-0000-active
rva-msi-ubuntu
2025年 11月 14日 星期五 01:32:53 CST
Environment:
Starting:
INFO (Cactus): Increased logging level from 0 to 3
--------------------------------------------------------------------------------

       10                                  
  1   0101       ************************  
  01  1010 10      The Cactus Code V4.17.0    
 1010 1101 011      www.cactuscode.org     
  1001 100101    ************************  
    00010101                               
     100011     (c) Copyright The Authors  
      0100      GNU Licensed. No Warranty  
      0101                                 
--------------------------------------------------------------------------------

Cactus version:    4.17.0
Compile date:      Sep 21 2025 (23:06:30)
Run date:          Nov 14 2025 (01:32:54+0800)
Run host:          rva-msi-ubuntu (pid=258303)
Working directory: /home/rva-msi-ubuntu/simulations/SFHo+CCSpoint3/output-0000
Executable:        /home/rva-msi-ubuntu/simulations/SFHo+CCSpoint3/SIMFACTORY/exe/cactus_sim
Parameter file:    /home/rva-msi-ubuntu/simulations/SFHo+CCSpoint3/output-0000/SFHo+CCS.par
--------------------------------------------------------------------------------

Activating thorn Cactus...Success -> active implementation Cactus
Activation requested for 
--->AEILocalInterp Constants Fortran GSL Formaline TerminationTrigger Carpet CarpetLib CarpetInterp LocalInterp2 CarpetReduce LoopControl Slab Boundary CartGrid3D CoordBase SymBase ReflectionSymmetry CarpetRegrid2 MoL Time PizzaTOV PizzaBase PizzaIDBase PizzaNumUtils HydroBase THC_Core HRSCCore EOS_Thermal EOS_Thermal_Hybrid ADMBase ADMCoupling ADMMacros CoordGauge SpaceMask StaticConformal TmunuBase InitBase GenericFD NewRad ML_CCZ4 ML_CCZ4_Helper ML_ADMConstraints Dissipation WatchDog NaNChecker Multipole WeylScal4 SphericalSurface IOUtil HDF5 CarpetIOASCII CarpetIOScalar CarpetIOHDF5 CarpetIOBasic<---
Thorn Carpet requests automatic activation of MPI
Thorn Carpet requests automatic activation of Timers
Thorn CarpetLib requests automatic activation of Vectors
Thorn CarpetLib requests automatic activation of Boost
Thorn CarpetLib requests automatic activation of CycleClock
Thorn EOS_Thermal_Hybrid requests automatic activation of EOS_Barotropic
Thorn Formaline requests automatic activation of pthreads
Thorn HDF5 requests automatic activation of zlib
Thorn HRSCCore requests automatic activation of CPPUtils
Thorn HRSCCore requests automatic activation of FDCore
Thorn LoopControl requests automatic activation of hwloc
Thorn CPPUtils requests automatic activation of BLAS
Activating thorn ADMBase...Success -> active implementation ADMBase
Activating thorn ADMCoupling...Success -> active implementation ADMCoupling
Activating thorn ADMMacros...Success -> active implementation ADMMacros
Activating thorn AEILocalInterp...Success -> active implementation AEILocalInterp
Activating thorn BLAS...Success -> active implementation BLAS
Activating thorn Boost...Success -> active implementation Boost
Activating thorn Boundary...Success -> active implementation boundary
Activating thorn Carpet...Success -> active implementation Driver
Activating thorn CarpetInterp...Success -> active implementation interp
Activating thorn CarpetIOASCII...Success -> active implementation IOASCII
Activating thorn CarpetIOBasic...Success -> active implementation IOBasic
Activating thorn CarpetIOHDF5...Success -> active implementation IOHDF5
Activating thorn CarpetIOScalar...Success -> active implementation IOScalar
Activating thorn CarpetLib...Success -> active implementation CarpetLib
Activating thorn CarpetReduce...Success -> active implementation reduce
Activating thorn CarpetRegrid2...Success -> active implementation CarpetRegrid2
Activating thorn CartGrid3D...Success -> active implementation grid
Activating thorn Constants...Success -> active implementation Constants
Activating thorn CoordBase...Success -> active implementation CoordBase
Activating thorn CoordGauge...Success -> active implementation CoordGauge
Activating thorn CPPUtils...Success -> active implementation CPPUtils
Activating thorn CycleClock...Success -> active implementation CycleClock
Activating thorn Dissipation...Success -> active implementation Dissipation
Activating thorn EOS_Barotropic...Success -> active implementation EOS_Barotropic
Activating thorn EOS_Thermal...Success -> active implementation EOS_Thermal
Activating thorn EOS_Thermal_Hybrid...Success -> active implementation EOS_Thermal_Hybrid
Activating thorn FDCore...Success -> active implementation FDCore
Activating thorn Formaline...Success -> active implementation Formaline
Activating thorn Fortran...Success -> active implementation Fortran
Activating thorn GenericFD...Success -> active implementation GenericFD
Activating thorn GSL...Success -> active implementation GSL
Activating thorn HDF5...Success -> active implementation HDF5
Activating thorn HRSCCore...Success -> active implementation HRSCCore
Activating thorn hwloc...Success -> active implementation hwloc
Activating thorn HydroBase...Success -> active implementation HydroBase
Activating thorn InitBase...Success -> active implementation InitBase
Activating thorn IOUtil...Success -> active implementation IO
Activating thorn LocalInterp2...Success -> active implementation LocalInterp
Activating thorn LoopControl...Success -> active implementation LoopControl
Activating thorn ML_ADMConstraints...Success -> active implementation ML_ADMConstraints
Activating thorn ML_CCZ4...Success -> active implementation ML_CCZ4
Activating thorn ML_CCZ4_Helper...Success -> active implementation ML_CCZ4_Helper
Activating thorn MoL...Success -> active implementation MethodOfLines
Activating thorn MPI...Success -> active implementation MPI
Activating thorn Multipole...Success -> active implementation multipole
Activating thorn NaNChecker...Success -> active implementation NaNChecker
Activating thorn NewRad...Success -> active implementation NewRad
Activating thorn PizzaBase...Success -> active implementation PizzaBase
Activating thorn PizzaIDBase...Success -> active implementation PizzaIDBase
Activating thorn PizzaNumUtils...Success -> active implementation PizzaNumUtils
Activating thorn PizzaTOV...Success -> active implementation PizzaTOV
Activating thorn pthreads...Success -> active implementation PTHREADS
Activating thorn ReflectionSymmetry...Success -> active implementation ReflectionSymmetry
Activating thorn Slab...Success -> active implementation Slab
Activating thorn SpaceMask...Success -> active implementation SpaceMask
Activating thorn SphericalSurface...Success -> active implementation SphericalSurface
Activating thorn StaticConformal...Success -> active implementation StaticConformal
Activating thorn SymBase...Success -> active implementation SymBase
Activating thorn TerminationTrigger...Success -> active implementation TerminationTrigger
Activating thorn THC_Core...Success -> active implementation THC_Core
Activating thorn Time...Success -> active implementation time
Activating thorn Timers...Success -> active implementation Timers
Activating thorn TmunuBase...Success -> active implementation TmunuBase
Activating thorn Vectors...Success -> active implementation Vectors
Activating thorn WatchDog...Success -> active implementation WatchDog
Activating thorn WeylScal4...Success -> active implementation WeylScal4
Activating thorn zlib...Success -> active implementation zlib
INFO (IOUtil): Recovery directory '../checkpoint' doesn't exist
--------------------------------------------------------------------------------
  if (recover initial data)
    Recover parameters
  endif

  Startup routines
    [CCTK_STARTUP]
      Carpet::MultiModel_Startup: Multi-model Startup routine
      CycleClock::CycleClock_Setup: Set up CycleClock
      LoopControl::LC_setup: Set up LoopControl
      ML_CCZ4_Helper::ML_CCZ4_SetGroupTags: [meta] Set checkpointing and prolongation group tags
      Timers::Timer_Startup: Prepare hierarchical timers
      CarpetIOHDF5::CarpetIOHDF5_SetNumRefinementLevels: [meta] Overwrite 'CarpetRegrid::refinement_levels' with the number of levels found in the checkpoint file
      Carpet::Driver_Startup: Startup routine
      IOUtil::IOUtil_Startup: Startup routine
      CarpetInterp::CarpetInterpStartup: Startup routine
      CarpetReduce::CarpetReduceStartup: Startup routine
      CartGrid3D::SymmetryStartup: Register GH Extension for GridSymmetry
      CoordBase::CoordBase_Startup: Register a GH extension to store the coordinate system handles
      AEILocalInterp::AEILocalInterp_U_Startup: register CCTK_InterpLocalUniform() interpolation operators
      EOS_Thermal_Hybrid::EOS_Hybrid_Register: Register Hybrid EOS as global evolution EOS
      Formaline::Formaline_PrintIDs: [meta] Print the build and simulation ids
      HRSCCore::HRSCC_Startup: [global] Register banner
      HydroBase::HydroBase_StartUp: Startup banner
      CarpetIOASCII::CarpetIOASCIIStartup: [global] Startup routine
      LocalInterp2::LocalInterp2_Startup: register LocalInterp2's interpolation operators
      CarpetIOBasic::CarpetIOBasicStartup: [global] Startup routine
      ML_ADMConstraints::ML_ADMConstraints_Startup: [meta] create banner
      ML_CCZ4::ML_CCZ4_Startup: [meta] create banner
      ML_CCZ4_Helper::ML_CCZ4_RegisterSlicing: [meta] Register slicing
      CarpetIOHDF5::CarpetIOHDF5_Startup: Startup routine
      MoL::MoL_Startup: Startup banner
      PizzaBase::PizzaBase_Startup: Parameter Conversions
      PizzaIDBase::PizzaIDBase_Startup: Parameter Conversions
      PizzaTOV::PizzaTOV_Startup: Parameter Conversions
      Slab::Slab_InitMPIDatatypes: Create MPI datatypes for complex variables in C
      SymBase::SymBase_Startup: Register GH Extension for SymBase
      THC_Core::THC_Init: [global] Register banner
      TerminationTrigger::TerminationTrigger_StartSignalHandler: Start signal handler
      CarpetIOScalar::CarpetIOScalarStartup: [global] Startup routine
      Vectors::Vectors_Startup: Print startup message
      WeylScal4::WeylScal4_Startup: [meta] create banner
      GROUP hwloc_startup: hwloc startup group
        hwloc::hwloc_version: Output hwloc version

  Startup routines which need an existing grid hierarchy
    [CCTK_WRAGH]
      ADMBase::Einstein_InitSymBound: [global] Set up GF symmetries
      Boundary::Boundary_RegisterBCs: [global] Register boundary conditions that this thorn provides
      CarpetRegrid2::CarpetRegrid2_Initialise: [global] Initialise locations of refined regions
      CartGrid3D::RegisterCartGrid3DCoords: [meta] Register coordinates for the Cartesian grid
      CoordGauge::Einstein_ActivateSlicing: Initialize slicing, setup priorities for mixed slicings
      CoordGauge::Einstein_SetNextSlicing: Identify the slicing for the next iteration
      Formaline::Formaline_OutputSource: [meta] Output Cactus source tree
      Formaline::Formaline_RegisterWarnings: [meta] Register to receive warnings and info messages from the flesh
      Formaline::Formaline_AnnounceInitial: [global] Put some meta information about the current run into permanent storage
      HRSCCore::HRSCC_GetGridCoordinates: [global] Store the Cactus indices of the grid coordinates and weights
      HRSCCore::HRSCC_GetMetric: [global] Store the Cactus indices of the diagonal components of the metric and the lapse
      ML_CCZ4_Helper::ML_CCZ4_ParamCompat: [meta] Handle parameter backward compatibility
      MoL::MoL_SetupIndexArrays: Set up the MoL bookkeeping index arrays
      MoL::MoL_SetScheduleStatus: [global] Set the flag so it is ok to register with MoL
      TmunuBase::TmunuBase_SetStressEnergyState: [global] Set the stress_energy_state variable
      GROUP MoL_Register: The group where physics thorns register variables with MoL
        ML_ADMConstraints::ML_ADMConstraints_RegisterVars: [meta] Register Variables for MoL
        ML_CCZ4::ML_CCZ4_RegisterVars: [meta] Register Variables for MoL
        ML_CCZ4_Helper::ML_CCZ4_RegisterConstrained: [meta] Register ADMBase variables as constrained
        THC_Core::THC_MoLRegister: [global] Register variables with MoL
        WeylScal4::WeylScal4_RegisterVars: [meta] Register Variables for MoL
      Slab::Slab_InitTimers: Initialise timers
      SpaceMask::MaskSym: [global] Set grid symmetries for mask
      SpaceMask::MaskSym_emask: [global] Set grid symmetries for emask (compatibility mode)
      GROUP SymBase_Wrapper: Wrapper group for SymBase
        GROUP SymmetryRegister: Register your symmetries here
          CartGrid3D::CartGrid3D_RegisterSymmetryBoundaries: [meta] Register symmetry boundaries
          ML_ADMConstraints::ML_ADMConstraints_RegisterSymmetries: [meta] register symmetries
          ML_CCZ4::ML_CCZ4_RegisterSymmetries: [meta] register symmetries
          ReflectionSymmetry::ReflectionSymmetry_Register: Register reflection symmetry boundaries
          WeylScal4::WeylScal4_RegisterSymmetries: [meta] register symmetries
        SymBase::SymBase_Statistics: Print symmetry boundary face descriptions
      THC_Core::THC_SetupAtmosphere: [global] Setup atmosphere parameters
      THC_Core::THC_HRSCCRegister: [global] Register variable indices with HRSCCore
      MoL::MoL_ReportNumberVariables: [meta] Report how many of each type of variable there are
  Parameter checking routines
    [CCTK_PARAMCHECK]
      ADMBase::ADMBase_ParamCheck: [global] Check consistency of parameters
      Boundary::Boundary_Check: Check dimension of grid variables
      Carpet::CarpetParamCheck: Parameter checking routine
      CarpetLib::CarpetLib_test_prolongate_3d_rf2: [global] Test prolongation operators
      CarpetRegrid2::CarpetRegrid2_ParamCheck: Check parameters
      CartGrid3D::ParamCheck_CartGrid3D: Check coordinates for CartGrid3D
      Dissipation::dissipation_paramcheck: Check dissipation parameters for consistency
      Fortran::CheckFortranParameters: Test whether Fortran parameters work correctly
      HRSCCore::HRSCC_ParamCheck: [global] Check consistency of the parameters
      ML_CCZ4_Helper::ML_CCZ4_ParamCheck: [meta] Check parameters
      MoL::MoL_ParamCheck: Basic parameter checking
      Multipole::Multipole_ParamCheck: [global] Check Multipole parameters
      SphericalSurface::SphericalSurface_ParamCheck: [global] Check that all surface names are unique
      THC_Core::THC_ParamCheck: [global] Check parameters
      TerminationTrigger::TerminationTrigger_ParamCheck: Check consitency of parameters
      TmunuBase::TmunuBase_ParamCheck: [global] Check that no deprecated parameters are used.
      Vectors::Vectors_Test: Run correctness tests.

  Initialisation
    if (NOT (recover initial data AND recovery_mode is 'strict'))
      [CCTK_PREREGRIDINITIAL]
      Set up grid hierarchy
      [CCTK_POSTREGRIDINITIAL]
        CartGrid3D::SpatialCoordinates: Set Coordinates after regridding
        GROUP MaskBase_SetupMask: Set up the weight function
          GROUP MaskBase_SetupMaskAll: Set up the weight function
            CarpetReduce::MaskBase_AllocateMask: [global] Allocate the weight function
            CarpetReduce::MaskBase_InitMask: [global] [loop-local] Initialise the weight function
            GROUP SetupIMaskInternal: Set up the integer weight function (schedule other routines in here)
              CarpetReduce::CoordBase_SetupMask: [global] [loop-local] Set up the outer boundaries of the weight function
              CarpetReduce::CarpetMaskSetup: [global] [loop-singlemap] Set up the weight function for the restriction regions
            GROUP SetupIMask: Set up the integer weight function (schedule other routines in here)
            CarpetReduce::MaskBase_SetMask: [global] [loop-local] Set the weight function
            GROUP SetupMask: Set up the real weight function (schedule other routines in here)
            CarpetReduce::MaskBase_TestMask: [global] Test the weight function
        Dissipation::setup_epsdis: Setup spatially varying dissipation
        GROUP MoL_PseudoEvolutionBoundaries: Apply boundary conditions to pseudo-evolved quantities
          GROUP ML_ADMConstraints_evaluate_bc_group: ML_ADMConstraints_evaluate
            ML_ADMConstraints::ML_ADMConstraints_evaluate_SelectBCs: [level] ML_ADMConstraints_evaluate_SelectBCs
            GROUP ML_ADMConstraints_evaluate_ApplyBCs: Apply BCs for groups set in ML_ADMConstraints_evaluate
              GROUP BoundaryConditions: Execute all boundary conditions
                Boundary::Boundary_ApplyPhysicalBCs: Apply all requested local physical boundary conditions
                CartGrid3D::CartGrid3D_ApplyBC: Apply symmetry boundary conditions
                ReflectionSymmetry::ReflectionSymmetry_Apply: Apply reflection symmetries
              Boundary::Boundary_ClearSelection: [level] Unselect all grid variables for boundary conditions
          GROUP ML_CCZ4_ConstraintsEverywhere_bc_group: ML_CCZ4_ConstraintsEverywhere
            ML_CCZ4::ML_CCZ4_ConstraintsEverywhere_SelectBCs: [level] ML_CCZ4_ConstraintsEverywhere_SelectBCs
            GROUP ML_CCZ4_ConstraintsEverywhere_ApplyBCs: Apply BCs for groups set in ML_CCZ4_ConstraintsEverywhere
              GROUP BoundaryConditions: Execute all boundary conditions
                Boundary::Boundary_ApplyPhysicalBCs: Apply all requested local physical boundary conditions
                CartGrid3D::CartGrid3D_ApplyBC: Apply symmetry boundary conditions
                ReflectionSymmetry::ReflectionSymmetry_Apply: Apply reflection symmetries
              Boundary::Boundary_ClearSelection: [level] Unselect all grid variables for boundary conditions
          GROUP ML_CCZ4_ConstraintsInterior_bc_group: ML_CCZ4_ConstraintsInterior
            ML_CCZ4::ML_CCZ4_ConstraintsInterior_SelectBCs: [level] ML_CCZ4_ConstraintsInterior_SelectBCs
            GROUP ML_CCZ4_ConstraintsInterior_ApplyBCs: Apply BCs for groups set in ML_CCZ4_ConstraintsInterior
              GROUP BoundaryConditions: Execute all boundary conditions
                Boundary::Boundary_ApplyPhysicalBCs: Apply all requested local physical boundary conditions
                CartGrid3D::CartGrid3D_ApplyBC: Apply symmetry boundary conditions
                ReflectionSymmetry::ReflectionSymmetry_Apply: Apply reflection symmetries
              Boundary::Boundary_ClearSelection: [level] Unselect all grid variables for boundary conditions
          GROUP WeylScal4_psi4_calc_Nth_bc_group: WeylScal4_psi4_calc_Nth
            WeylScal4::WeylScal4_psi4_calc_Nth_SelectBCs: [level] WeylScal4_psi4_calc_Nth_SelectBCs
            GROUP WeylScal4_psi4_calc_Nth_ApplyBCs: Apply BCs for groups set in WeylScal4_psi4_calc_Nth
              GROUP BoundaryConditions: Execute all boundary conditions
                Boundary::Boundary_ApplyPhysicalBCs: Apply all requested local physical boundary conditions
                CartGrid3D::CartGrid3D_ApplyBC: Apply symmetry boundary conditions
                ReflectionSymmetry::ReflectionSymmetry_Apply: Apply reflection symmetries
              Boundary::Boundary_ClearSelection: [level] Unselect all grid variables for boundary conditions
        SpaceMask::MaskZero: Initialise mask to zero
        SpaceMask::MaskOne: Set mask to one
      [CCTK_BASEGRID]
        ADMBase::ADMBase_SetShiftStateOn: Set the shift_state variable to 1
        ADMBase::ADMBase_SetDtLapseStateOn: Set the dtlapse_state variable to 1
        ADMBase::ADMBase_SetDtShiftStateOn: Set the dtshift_state variable to 1
        ADMMacros::ADMMacros_SetLocalSpatialOrder: Initialize the local_spatial_order
        CartGrid3D::SpatialSpacings: Set up ranges for spatial 3D Cartesian coordinates (on all grids)
        CartGrid3D::SpatialCoordinates: Set up spatial 3D Cartesian coordinates on the GH
        SphericalSurface::SphericalSurface_SetupRes: [global] [loop-local] Set surface resolution automatically
        Dissipation::dissipation_basegrid: Ensure that there are enough ghost zones
        HRSCCore::HRSCC_ParamStore: [global] Store parameters in private namespace
        ML_ADMConstraints::ML_ADMConstraints_CheckBoundaries: [meta] check boundaries treatment
        ML_CCZ4::ML_CCZ4_CheckBoundaries: [meta] check boundaries treatment
        NaNChecker::NaNChecker_ResetCounter: [global] Reset the NaNChecker::NaNsFound counter
        SpaceMask::MaskZero: Initialise mask to zero
        SpaceMask::MaskOne: Set old style mask to one
        SphericalSurface::SphericalSurface_Setup: [global] Calculate surface coordinate descriptors
        GROUP MaskBase_SetupMask: Set up the weight function
          GROUP MaskBase_SetupMaskAll: Set up the weight function
            CarpetReduce::MaskBase_AllocateMask: [global] Allocate the weight function
            CarpetReduce::MaskBase_InitMask: [global] [loop-local] Initialise the weight function
            GROUP SetupIMaskInternal: Set up the integer weight function (schedule other routines in here)
              CarpetReduce::CoordBase_SetupMask: [global] [loop-local] Set up the outer boundaries of the weight function
              CarpetReduce::CarpetMaskSetup: [global] [loop-singlemap] Set up the weight function for the restriction regions
            GROUP SetupIMask: Set up the integer weight function (schedule other routines in here)
            CarpetReduce::MaskBase_SetMask: [global] [loop-local] Set the weight function
            GROUP SetupMask: Set up the real weight function (schedule other routines in here)
            CarpetReduce::MaskBase_TestMask: [global] Test the weight function
        SphericalSurface::SphericalSurface_Set: [global] Set surface radii to be used for initial setup in other thorns
        GROUP SphericalSurface_HasBeenSet: Set the spherical surfaces before this group, and use it afterwards
          SphericalSurface::SphericalSurface_CheckState: [global] Test the state of the spherical surfaces
        SymBase::SymBase_Check: Check whether the driver set up the grid consistently
        THC_Core::THC_SetSym: [global] Setup symmetries
        TerminationTrigger::TerminationTrigger_ResetTrigger: Clear trigger state
        TerminationTrigger::TerminationTrigger_StartTimer: Start timer
        TerminationTrigger::TerminationTrigger_CreateFile: Create termination file
        Time::Time_Initialise: [global] Initialise Time variables
        Time::TemporalSpacings: [singlemap] Set timestep based on Courant condition (courant_static)
        WeylScal4::WeylScal4_CheckBoundaries: [meta] check boundaries treatment
      [CCTK_INITIAL]
        StaticConformal::StaticConformal_InitialiseState: Set the conformal_state variable to 0
        GROUP ADMBase_InitialData: Schedule group for calculating ADM initial data
        GROUP ADMBase_InitialGauge: Schedule group for the ADM initial gauge condition
          ADMBase::ADMBase_DtLapseZero: Set the dtlapse to 0 at all points
          ADMBase::ADMBase_DtShiftZero: Set the dtshift to 0 at all points
        CarpetIOASCII::CarpetIOASCIIInit: [global] Initialisation routine
        CarpetIOBasic::CarpetIOBasicInit: [global] Initialisation routine
        CarpetIOHDF5::CarpetIOHDF5_Init: [global] Initialisation routine
        CarpetIOScalar::CarpetIOScalarInit: [global] Initialisation routine
        GROUP HydroBase_Initial: HydroBase initial data group
          GROUP PizzaIDBase_InitialData: Construct initial data
            PizzaTOV::PizzaTOV_Initial_Data: TOV-Star initial data
            PizzaTOV::TOVSol_Startup: [global] Print param_test for debug
          GROUP PizzaIDBase_Analysis_Unpert: Analysis of unperturbed data
          GROUP PizzaIDBase_Perturb: Add Perturbation to initial data
            PizzaTOV::PizzaTOV_Perturb_Data: Add Density Perturbation to initial data
          PizzaIDBase::PizzaIDBase_Timelevels: Copy ID to previous timelevels
        GROUP HydroBase_Prim2ConInitial: Recover the conservative variables from the primitive variables
          THC_Core::THC_PrimToAllInitial: Initialize all the other variables
        GROUP ADMBase_PostInitial: Schedule group for modifying the ADM initial data, such as e.g. adding noise
        ML_CCZ4::ML_CCZ4_InitialADMBase1Everywhere: ML_CCZ4_InitialADMBase1Everywhere
        ML_CCZ4::ML_CCZ4_InitialADMBase2Interior: ML_CCZ4_InitialADMBase2Interior
        MoL::MoL_StartLoop: [level] Initialise the step size control
        ML_CCZ4_Helper::ML_CCZ4_ExtrapolateGammas: Extrapolate Gammas and time derivatives of lapse and shift
      [CCTK_POSTINITIAL]
        CarpetIOHDF5::CarpetIOHDF5_CloseFiles: [global] Close all filereader input files
        MoL::MoL_FillAllLevels: A bad routine. Fills all previous timelevels with data copied from the current.
        GROUP MoL_PostStepModify: The group for physics thorns to schedule enforcing constraints
          ML_CCZ4::ML_CCZ4_EnforceEverywhere: ML_CCZ4_EnforceEverywhere
        GROUP MoL_PostStep: Ensure that everything is correct after the initial data have been set up
          ML_CCZ4::ML_CCZ4_SelectBoundConds: [level] select boundary conditions
          GROUP ML_CCZ4_ApplyBCs: Apply boundary conditions controlled by thorn Boundary
            GROUP BoundaryConditions: Execute all boundary conditions
              Boundary::Boundary_ApplyPhysicalBCs: Apply all requested local physical boundary conditions
              CartGrid3D::CartGrid3D_ApplyBC: Apply symmetry boundary conditions
              ReflectionSymmetry::ReflectionSymmetry_Apply: Apply reflection symmetries
            Boundary::Boundary_ClearSelection: [level] Unselect all grid variables for boundary conditions
          ML_ADMConstraints::ML_ADMConstraints_SelectBoundConds: [level] select boundary conditions
          GROUP ML_ADMConstraints_ApplyBCs: Apply boundary conditions controlled by thorn Boundary
            GROUP BoundaryConditions: Execute all boundary conditions
              Boundary::Boundary_ApplyPhysicalBCs: Apply all requested local physical boundary conditions
              CartGrid3D::CartGrid3D_ApplyBC: Apply symmetry boundary conditions
              ReflectionSymmetry::ReflectionSymmetry_Apply: Apply reflection symmetries
            Boundary::Boundary_ClearSelection: [level] Unselect all grid variables for boundary conditions
          ML_CCZ4::ML_CCZ4_ADMBaseInterior: ML_CCZ4_ADMBaseInterior
          ML_CCZ4::ML_CCZ4_ADMBaseBoundaryScalar: ML_CCZ4_ADMBaseBoundaryScalar
          ML_CCZ4::ML_CCZ4_ADMBaseEverywhere: ML_CCZ4_ADMBaseEverywhere
          ML_CCZ4_Helper::ML_CCZ4_ADMBase_SelectBCs: [level] Select boundary conditions for ADMBase variables
          GROUP ML_CCZ4_ADMBase_ApplyBCs: Apply boundary conditions to ADMBase variables
            GROUP BoundaryConditions: Execute all boundary conditions
              Boundary::Boundary_ApplyPhysicalBCs: Apply all requested local physical boundary conditions
              CartGrid3D::CartGrid3D_ApplyBC: Apply symmetry boundary conditions
              ReflectionSymmetry::ReflectionSymmetry_Apply: Apply reflection symmetries
            Boundary::Boundary_ClearSelection: [level] Unselect all grid variables for boundary conditions
          GROUP ADMBase_SetADMVars: Set the ADM variables before this group, and use them afterwards
          GROUP HydroBase_PostStep: Post step tasks for hydro thorns
            GROUP HydroBase_Boundaries: HydroBase-internal Boundary conditions group
              GROUP HydroBase_Select_Boundaries: Group to schedule the boundary condition functions
                THC_Core::THC_SelectBC: [singlemap] Select boundary conditions
              GROUP HydroBase_ApplyBCs: Apply the boundary conditions of HydroBase
                GROUP BoundaryConditions: Execute all boundary conditions
                  Boundary::Boundary_ApplyPhysicalBCs: Apply all requested local physical boundary conditions
                  CartGrid3D::CartGrid3D_ApplyBC: Apply symmetry boundary conditions
                  ReflectionSymmetry::ReflectionSymmetry_Apply: Apply reflection symmetries
                Boundary::Boundary_ClearSelection: [level] Unselect all grid variables for boundary conditions
            GROUP HydroBase_Con2Prim: Convert from conservative to primitive variables
              GROUP THC_SetExcisionMask: Thorns providing excision should set the bitmask
              THC_Core::THC_ConsToAll: Computes the primitives from the conservatives
          GROUP SetTmunu: Group for calculating the stress-energy tensor
            TmunuBase::TmunuBase_ZeroTmunu: Initialise the stress-energy tensor to zero
            GROUP AddToTmunu: Add to the stress-energy tensor here
              THC_Core::THC_AddToTmunu: Adds the contribution of the fluid to the global stress-energy tensor
          WeylScal4::WeylScal4_SelectBoundConds: [level] select boundary conditions
          GROUP WeylScal4_ApplyBCs: Apply boundary conditions controlled by thorn Boundary
            GROUP BoundaryConditions: Execute all boundary conditions
              Boundary::Boundary_ApplyPhysicalBCs: Apply all requested local physical boundary conditions
              CartGrid3D::CartGrid3D_ApplyBC: Apply symmetry boundary conditions
              ReflectionSymmetry::ReflectionSymmetry_Apply: Apply reflection symmetries
            Boundary::Boundary_ClearSelection: [level] Unselect all grid variables for boundary conditions
        GROUP MoL_PseudoEvolution: Calculate pseudo-evolved quantities
          GROUP ADMBase_SetADMVars: Set the ADM variables before this group, and use them afterwards
          GROUP ML_ADMConstraints_evaluate_group: ML_ADMConstraints_evaluate
            ML_ADMConstraints::ML_ADMConstraints_evaluate: ML_ADMConstraints_evaluate
            GROUP ML_ADMConstraints_evaluate_bc_group: ML_ADMConstraints_evaluate
              ML_ADMConstraints::ML_ADMConstraints_evaluate_SelectBCs: [level] ML_ADMConstraints_evaluate_SelectBCs
              GROUP ML_ADMConstraints_evaluate_ApplyBCs: Apply BCs for groups set in ML_ADMConstraints_evaluate
                GROUP BoundaryConditions: Execute all boundary conditions
                  Boundary::Boundary_ApplyPhysicalBCs: Apply all requested local physical boundary conditions
                  CartGrid3D::CartGrid3D_ApplyBC: Apply symmetry boundary conditions
                  ReflectionSymmetry::ReflectionSymmetry_Apply: Apply reflection symmetries
                Boundary::Boundary_ClearSelection: [level] Unselect all grid variables for boundary conditions
          GROUP ML_CCZ4_ConstraintsEverywhere_group: ML_CCZ4_ConstraintsEverywhere
            ML_CCZ4::ML_CCZ4_ConstraintsEverywhere: ML_CCZ4_ConstraintsEverywhere
            GROUP ML_CCZ4_ConstraintsEverywhere_bc_group: ML_CCZ4_ConstraintsEverywhere
              ML_CCZ4::ML_CCZ4_ConstraintsEverywhere_SelectBCs: [level] ML_CCZ4_ConstraintsEverywhere_SelectBCs
              GROUP ML_CCZ4_ConstraintsEverywhere_ApplyBCs: Apply BCs for groups set in ML_CCZ4_ConstraintsEverywhere
                GROUP BoundaryConditions: Execute all boundary conditions
                  Boundary::Boundary_ApplyPhysicalBCs: Apply all requested local physical boundary conditions
                  CartGrid3D::CartGrid3D_ApplyBC: Apply symmetry boundary conditions
                  ReflectionSymmetry::ReflectionSymmetry_Apply: Apply reflection symmetries
                Boundary::Boundary_ClearSelection: [level] Unselect all grid variables for boundary conditions
          GROUP ML_CCZ4_ConstraintsInterior_group: ML_CCZ4_ConstraintsInterior
            ML_CCZ4::ML_CCZ4_ConstraintsInterior: ML_CCZ4_ConstraintsInterior
            GROUP ML_CCZ4_ConstraintsInterior_bc_group: ML_CCZ4_ConstraintsInterior
              ML_CCZ4::ML_CCZ4_ConstraintsInterior_SelectBCs: [level] ML_CCZ4_ConstraintsInterior_SelectBCs
              GROUP ML_CCZ4_ConstraintsInterior_ApplyBCs: Apply BCs for groups set in ML_CCZ4_ConstraintsInterior
                GROUP BoundaryConditions: Execute all boundary conditions
                  Boundary::Boundary_ApplyPhysicalBCs: Apply all requested local physical boundary conditions
                  CartGrid3D::CartGrid3D_ApplyBC: Apply symmetry boundary conditions
                  ReflectionSymmetry::ReflectionSymmetry_Apply: Apply reflection symmetries
                Boundary::Boundary_ClearSelection: [level] Unselect all grid variables for boundary conditions
          GROUP WeylScal4_psi4_calc_Nth_group: WeylScal4_psi4_calc_Nth
            WeylScal4::WeylScal4_psi4_calc_Nth: WeylScal4_psi4_calc_Nth
            GROUP WeylScal4_psi4_calc_Nth_bc_group: WeylScal4_psi4_calc_Nth
              WeylScal4::WeylScal4_psi4_calc_Nth_SelectBCs: [level] WeylScal4_psi4_calc_Nth_SelectBCs
              GROUP WeylScal4_psi4_calc_Nth_ApplyBCs: Apply BCs for groups set in WeylScal4_psi4_calc_Nth
                GROUP BoundaryConditions: Execute all boundary conditions
                  Boundary::Boundary_ApplyPhysicalBCs: Apply all requested local physical boundary conditions
                  CartGrid3D::CartGrid3D_ApplyBC: Apply symmetry boundary conditions
                  ReflectionSymmetry::ReflectionSymmetry_Apply: Apply reflection symmetries
                Boundary::Boundary_ClearSelection: [level] Unselect all grid variables for boundary conditions
      Initialise finer grids recursively
      Restrict from finer grids
      [CCTK_POSTRESTRICTINITIAL]
        GROUP MoL_PostStep: Ensure that everything is correct after restriction
          ML_CCZ4::ML_CCZ4_SelectBoundConds: [level] select boundary conditions
          GROUP ML_CCZ4_ApplyBCs: Apply boundary conditions controlled by thorn Boundary
            GROUP BoundaryConditions: Execute all boundary conditions
              Boundary::Boundary_ApplyPhysicalBCs: Apply all requested local physical boundary conditions
              CartGrid3D::CartGrid3D_ApplyBC: Apply symmetry boundary conditions
              ReflectionSymmetry::ReflectionSymmetry_Apply: Apply reflection symmetries
            Boundary::Boundary_ClearSelection: [level] Unselect all grid variables for boundary conditions
          ML_ADMConstraints::ML_ADMConstraints_SelectBoundConds: [level] select boundary conditions
          GROUP ML_ADMConstraints_ApplyBCs: Apply boundary conditions controlled by thorn Boundary
            GROUP BoundaryConditions: Execute all boundary conditions
              Boundary::Boundary_ApplyPhysicalBCs: Apply all requested local physical boundary conditions
              CartGrid3D::CartGrid3D_ApplyBC: Apply symmetry boundary conditions
              ReflectionSymmetry::ReflectionSymmetry_Apply: Apply reflection symmetries
            Boundary::Boundary_ClearSelection: [level] Unselect all grid variables for boundary conditions
          ML_CCZ4::ML_CCZ4_ADMBaseInterior: ML_CCZ4_ADMBaseInterior
          ML_CCZ4::ML_CCZ4_ADMBaseBoundaryScalar: ML_CCZ4_ADMBaseBoundaryScalar
          ML_CCZ4::ML_CCZ4_ADMBaseEverywhere: ML_CCZ4_ADMBaseEverywhere
          ML_CCZ4_Helper::ML_CCZ4_ADMBase_SelectBCs: [level] Select boundary conditions for ADMBase variables
          GROUP ML_CCZ4_ADMBase_ApplyBCs: Apply boundary conditions to ADMBase variables
            GROUP BoundaryConditions: Execute all boundary conditions
              Boundary::Boundary_ApplyPhysicalBCs: Apply all requested local physical boundary conditions
              CartGrid3D::CartGrid3D_ApplyBC: Apply symmetry boundary conditions
              ReflectionSymmetry::ReflectionSymmetry_Apply: Apply reflection symmetries
            Boundary::Boundary_ClearSelection: [level] Unselect all grid variables for boundary conditions
          GROUP ADMBase_SetADMVars: Set the ADM variables before this group, and use them afterwards
          GROUP HydroBase_PostStep: Post step tasks for hydro thorns
            GROUP HydroBase_Boundaries: HydroBase-internal Boundary conditions group
              GROUP HydroBase_Select_Boundaries: Group to schedule the boundary condition functions
                THC_Core::THC_SelectBC: [singlemap] Select boundary conditions
              GROUP HydroBase_ApplyBCs: Apply the boundary conditions of HydroBase
                GROUP BoundaryConditions: Execute all boundary conditions
                  Boundary::Boundary_ApplyPhysicalBCs: Apply all requested local physical boundary conditions
                  CartGrid3D::CartGrid3D_ApplyBC: Apply symmetry boundary conditions
                  ReflectionSymmetry::ReflectionSymmetry_Apply: Apply reflection symmetries
                Boundary::Boundary_ClearSelection: [level] Unselect all grid variables for boundary conditions
            GROUP HydroBase_Con2Prim: Convert from conservative to primitive variables
              GROUP THC_SetExcisionMask: Thorns providing excision should set the bitmask
              THC_Core::THC_ConsToAll: Computes the primitives from the conservatives
          GROUP SetTmunu: Group for calculating the stress-energy tensor
            TmunuBase::TmunuBase_ZeroTmunu: Initialise the stress-energy tensor to zero
            GROUP AddToTmunu: Add to the stress-energy tensor here
              THC_Core::THC_AddToTmunu: Adds the contribution of the fluid to the global stress-energy tensor
          WeylScal4::WeylScal4_SelectBoundConds: [level] select boundary conditions
          GROUP WeylScal4_ApplyBCs: Apply boundary conditions controlled by thorn Boundary
            GROUP BoundaryConditions: Execute all boundary conditions
              Boundary::Boundary_ApplyPhysicalBCs: Apply all requested local physical boundary conditions
              CartGrid3D::CartGrid3D_ApplyBC: Apply symmetry boundary conditions
              ReflectionSymmetry::ReflectionSymmetry_Apply: Apply reflection symmetries
            Boundary::Boundary_ClearSelection: [level] Unselect all grid variables for boundary conditions
        GROUP MoL_PseudoEvolutionBoundaries: Apply boundary conditions to pseudo-evolved quantities
          GROUP ML_ADMConstraints_evaluate_bc_group: ML_ADMConstraints_evaluate
            ML_ADMConstraints::ML_ADMConstraints_evaluate_SelectBCs: [level] ML_ADMConstraints_evaluate_SelectBCs
            GROUP ML_ADMConstraints_evaluate_ApplyBCs: Apply BCs for groups set in ML_ADMConstraints_evaluate
              GROUP BoundaryConditions: Execute all boundary conditions
                Boundary::Boundary_ApplyPhysicalBCs: Apply all requested local physical boundary conditions
                CartGrid3D::CartGrid3D_ApplyBC: Apply symmetry boundary conditions
                ReflectionSymmetry::ReflectionSymmetry_Apply: Apply reflection symmetries
              Boundary::Boundary_ClearSelection: [level] Unselect all grid variables for boundary conditions
          GROUP ML_CCZ4_ConstraintsEverywhere_bc_group: ML_CCZ4_ConstraintsEverywhere
            ML_CCZ4::ML_CCZ4_ConstraintsEverywhere_SelectBCs: [level] ML_CCZ4_ConstraintsEverywhere_SelectBCs
            GROUP ML_CCZ4_ConstraintsEverywhere_ApplyBCs: Apply BCs for groups set in ML_CCZ4_ConstraintsEverywhere
              GROUP BoundaryConditions: Execute all boundary conditions
                Boundary::Boundary_ApplyPhysicalBCs: Apply all requested local physical boundary conditions
                CartGrid3D::CartGrid3D_ApplyBC: Apply symmetry boundary conditions
                ReflectionSymmetry::ReflectionSymmetry_Apply: Apply reflection symmetries
              Boundary::Boundary_ClearSelection: [level] Unselect all grid variables for boundary conditions
          GROUP ML_CCZ4_ConstraintsInterior_bc_group: ML_CCZ4_ConstraintsInterior
            ML_CCZ4::ML_CCZ4_ConstraintsInterior_SelectBCs: [level] ML_CCZ4_ConstraintsInterior_SelectBCs
            GROUP ML_CCZ4_ConstraintsInterior_ApplyBCs: Apply BCs for groups set in ML_CCZ4_ConstraintsInterior
              GROUP BoundaryConditions: Execute all boundary conditions
                Boundary::Boundary_ApplyPhysicalBCs: Apply all requested local physical boundary conditions
                CartGrid3D::CartGrid3D_ApplyBC: Apply symmetry boundary conditions
                ReflectionSymmetry::ReflectionSymmetry_Apply: Apply reflection symmetries
              Boundary::Boundary_ClearSelection: [level] Unselect all grid variables for boundary conditions
          GROUP WeylScal4_psi4_calc_Nth_bc_group: WeylScal4_psi4_calc_Nth
            WeylScal4::WeylScal4_psi4_calc_Nth_SelectBCs: [level] WeylScal4_psi4_calc_Nth_SelectBCs
            GROUP WeylScal4_psi4_calc_Nth_ApplyBCs: Apply BCs for groups set in WeylScal4_psi4_calc_Nth
              GROUP BoundaryConditions: Execute all boundary conditions
                Boundary::Boundary_ApplyPhysicalBCs: Apply all requested local physical boundary conditions
                CartGrid3D::CartGrid3D_ApplyBC: Apply symmetry boundary conditions
                ReflectionSymmetry::ReflectionSymmetry_Apply: Apply reflection symmetries
              Boundary::Boundary_ClearSelection: [level] Unselect all grid variables for boundary conditions
      [CCTK_POSTPOSTINITIAL]
        GROUP Con2Prim: Convert from conservative to primitive variables (might be redundant)
          GROUP THC_SetExcisionMask: Thorns providing excision should set the bitmask
          THC_Core::THC_ConsToAll: Computes the primitives from the conservatives
      [CCTK_POSTSTEP]
        SphericalSurface::SphericalSurface_Set: [global] Set surface radii
        GROUP zzz_NaNChecker_NaNCheck: Check for NaNs and count them in NaNChecker::NaNsFound
          NaNChecker::NaNChecker_NaNCheck_Prepare: [level] Prepare data structures to check for NaNs
          NaNChecker::NaNChecker_NaNCheck_Check: [local] Check for NaNs
          NaNChecker::NaNChecker_NaNCheck_Finish: [level] Count NaNs in NaNChecker::NaNsFound
        NaNChecker::NaNChecker_TakeAction: [global] [loop-level] Output NaNChecker::NaNmask and take action according to NaNChecker::action_if_found
        SpaceMask::CheckMask: Ensure that all mask values are legal
        GROUP SphericalSurface_HasBeenSet: Set the spherical surfaces before this group, and use it afterwards
          SphericalSurface::SphericalSurface_CheckState: [global] Test the state of the spherical surfaces
        Dissipation::setup_epsdis: Setup spatially varying dissipation
    endif
    if (recover initial data)
      [CCTK_BASEGRID]
        ADMBase::ADMBase_SetShiftStateOn: Set the shift_state variable to 1
        ADMBase::ADMBase_SetDtLapseStateOn: Set the dtlapse_state variable to 1
        ADMBase::ADMBase_SetDtShiftStateOn: Set the dtshift_state variable to 1
        ADMMacros::ADMMacros_SetLocalSpatialOrder: Initialize the local_spatial_order
        CartGrid3D::SpatialSpacings: Set up ranges for spatial 3D Cartesian coordinates (on all grids)
        CartGrid3D::SpatialCoordinates: Set up spatial 3D Cartesian coordinates on the GH
        SphericalSurface::SphericalSurface_SetupRes: [global] [loop-local] Set surface resolution automatically
        Dissipation::dissipation_basegrid: Ensure that there are enough ghost zones
        HRSCCore::HRSCC_ParamStore: [global] Store parameters in private namespace
        ML_ADMConstraints::ML_ADMConstraints_CheckBoundaries: [meta] check boundaries treatment
        ML_CCZ4::ML_CCZ4_CheckBoundaries: [meta] check boundaries treatment
        NaNChecker::NaNChecker_ResetCounter: [global] Reset the NaNChecker::NaNsFound counter
        SpaceMask::MaskZero: Initialise mask to zero
        SpaceMask::MaskOne: Set old style mask to one
        SphericalSurface::SphericalSurface_Setup: [global] Calculate surface coordinate descriptors
        GROUP MaskBase_SetupMask: Set up the weight function
          GROUP MaskBase_SetupMaskAll: Set up the weight function
            CarpetReduce::MaskBase_AllocateMask: [global] Allocate the weight function
            CarpetReduce::MaskBase_InitMask: [global] [loop-local] Initialise the weight function
            GROUP SetupIMaskInternal: Set up the integer weight function (schedule other routines in here)
              CarpetReduce::CoordBase_SetupMask: [global] [loop-local] Set up the outer boundaries of the weight function
              CarpetReduce::CarpetMaskSetup: [global] [loop-singlemap] Set up the weight function for the restriction regions
            GROUP SetupIMask: Set up the integer weight function (schedule other routines in here)
            CarpetReduce::MaskBase_SetMask: [global] [loop-local] Set the weight function
            GROUP SetupMask: Set up the real weight function (schedule other routines in here)
            CarpetReduce::MaskBase_TestMask: [global] Test the weight function
        SphericalSurface::SphericalSurface_Set: [global] Set surface radii to be used for initial setup in other thorns
        GROUP SphericalSurface_HasBeenSet: Set the spherical surfaces before this group, and use it afterwards
          SphericalSurface::SphericalSurface_CheckState: [global] Test the state of the spherical surfaces
        SymBase::SymBase_Check: Check whether the driver set up the grid consistently
        THC_Core::THC_SetSym: [global] Setup symmetries
        TerminationTrigger::TerminationTrigger_ResetTrigger: Clear trigger state
        TerminationTrigger::TerminationTrigger_StartTimer: Start timer
        TerminationTrigger::TerminationTrigger_CreateFile: Create termination file
        Time::Time_Initialise: [global] Initialise Time variables
        Time::TemporalSpacings: [singlemap] Set timestep based on Courant condition (courant_static)
        WeylScal4::WeylScal4_CheckBoundaries: [meta] check boundaries treatment
      [CCTK_RECOVER_VARIABLES]
        IOUtil::IOUtil_RecoverGH: [level] Checkpoint recovery routine
      [CCTK_POST_RECOVER_VARIABLES]
        CarpetIOHDF5::CarpetIOHDF5_InitCheckpointingIntervals: [global] Initialisation of checkpointing intervals after recovery
        CarpetIOHDF5::CarpetIOHDF5_CloseFiles: [meta] Close all initial data checkpoint files after recovery
        GROUP MaskBase_SetupMask: Set up the weight function
          GROUP MaskBase_SetupMaskAll: Set up the weight function
            CarpetReduce::MaskBase_AllocateMask: [global] Allocate the weight function
            CarpetReduce::MaskBase_InitMask: [global] [loop-local] Initialise the weight function
            GROUP SetupIMaskInternal: Set up the integer weight function (schedule other routines in here)
              CarpetReduce::CoordBase_SetupMask: [global] [loop-local] Set up the outer boundaries of the weight function
              CarpetReduce::CarpetMaskSetup: [global] [loop-singlemap] Set up the weight function for the restriction regions
            GROUP SetupIMask: Set up the integer weight function (schedule other routines in here)
            CarpetReduce::MaskBase_SetMask: [global] [loop-local] Set the weight function
            GROUP SetupMask: Set up the real weight function (schedule other routines in here)
            CarpetReduce::MaskBase_TestMask: [global] Test the weight function
        GROUP MoL_PostStep: Ensure that everything is correct after recovery
          ML_CCZ4::ML_CCZ4_SelectBoundConds: [level] select boundary conditions
          GROUP ML_CCZ4_ApplyBCs: Apply boundary conditions controlled by thorn Boundary
            GROUP BoundaryConditions: Execute all boundary conditions
              Boundary::Boundary_ApplyPhysicalBCs: Apply all requested local physical boundary conditions
              CartGrid3D::CartGrid3D_ApplyBC: Apply symmetry boundary conditions
              ReflectionSymmetry::ReflectionSymmetry_Apply: Apply reflection symmetries
            Boundary::Boundary_ClearSelection: [level] Unselect all grid variables for boundary conditions
          ML_ADMConstraints::ML_ADMConstraints_SelectBoundConds: [level] select boundary conditions
          GROUP ML_ADMConstraints_ApplyBCs: Apply boundary conditions controlled by thorn Boundary
            GROUP BoundaryConditions: Execute all boundary conditions
              Boundary::Boundary_ApplyPhysicalBCs: Apply all requested local physical boundary conditions
              CartGrid3D::CartGrid3D_ApplyBC: Apply symmetry boundary conditions
              ReflectionSymmetry::ReflectionSymmetry_Apply: Apply reflection symmetries
            Boundary::Boundary_ClearSelection: [level] Unselect all grid variables for boundary conditions
          ML_CCZ4::ML_CCZ4_ADMBaseInterior: ML_CCZ4_ADMBaseInterior
          ML_CCZ4::ML_CCZ4_ADMBaseBoundaryScalar: ML_CCZ4_ADMBaseBoundaryScalar
          ML_CCZ4::ML_CCZ4_ADMBaseEverywhere: ML_CCZ4_ADMBaseEverywhere
          ML_CCZ4_Helper::ML_CCZ4_ADMBase_SelectBCs: [level] Select boundary conditions for ADMBase variables
          GROUP ML_CCZ4_ADMBase_ApplyBCs: Apply boundary conditions to ADMBase variables
            GROUP BoundaryConditions: Execute all boundary conditions
              Boundary::Boundary_ApplyPhysicalBCs: Apply all requested local physical boundary conditions
              CartGrid3D::CartGrid3D_ApplyBC: Apply symmetry boundary conditions
              ReflectionSymmetry::ReflectionSymmetry_Apply: Apply reflection symmetries
            Boundary::Boundary_ClearSelection: [level] Unselect all grid variables for boundary conditions
          GROUP ADMBase_SetADMVars: Set the ADM variables before this group, and use them afterwards
          GROUP HydroBase_PostStep: Post step tasks for hydro thorns
            GROUP HydroBase_Boundaries: HydroBase-internal Boundary conditions group
              GROUP HydroBase_Select_Boundaries: Group to schedule the boundary condition functions
                THC_Core::THC_SelectBC: [singlemap] Select boundary conditions
              GROUP HydroBase_ApplyBCs: Apply the boundary conditions of HydroBase
                GROUP BoundaryConditions: Execute all boundary conditions
                  Boundary::Boundary_ApplyPhysicalBCs: Apply all requested local physical boundary conditions
                  CartGrid3D::CartGrid3D_ApplyBC: Apply symmetry boundary conditions
                  ReflectionSymmetry::ReflectionSymmetry_Apply: Apply reflection symmetries
                Boundary::Boundary_ClearSelection: [level] Unselect all grid variables for boundary conditions
            GROUP HydroBase_Con2Prim: Convert from conservative to primitive variables
              GROUP THC_SetExcisionMask: Thorns providing excision should set the bitmask
              THC_Core::THC_ConsToAll: Computes the primitives from the conservatives
          GROUP SetTmunu: Group for calculating the stress-energy tensor
            TmunuBase::TmunuBase_ZeroTmunu: Initialise the stress-energy tensor to zero
            GROUP AddToTmunu: Add to the stress-energy tensor here
              THC_Core::THC_AddToTmunu: Adds the contribution of the fluid to the global stress-energy tensor
          WeylScal4::WeylScal4_SelectBoundConds: [level] select boundary conditions
          GROUP WeylScal4_ApplyBCs: Apply boundary conditions controlled by thorn Boundary
            GROUP BoundaryConditions: Execute all boundary conditions
              Boundary::Boundary_ApplyPhysicalBCs: Apply all requested local physical boundary conditions
              CartGrid3D::CartGrid3D_ApplyBC: Apply symmetry boundary conditions
              ReflectionSymmetry::ReflectionSymmetry_Apply: Apply reflection symmetries
            Boundary::Boundary_ClearSelection: [level] Unselect all grid variables for boundary conditions
        GROUP zzz_NaNChecker_NaNCheck: Check for NaNs and count them in NaNChecker::NaNsFound
          NaNChecker::NaNChecker_NaNCheck_Prepare: [level] Prepare data structures to check for NaNs
          NaNChecker::NaNChecker_NaNCheck_Check: [local] Check for NaNs
          NaNChecker::NaNChecker_NaNCheck_Finish: [level] Count NaNs in NaNChecker::NaNsFound
        NaNChecker::NaNChecker_TakeAction: [global] [loop-level] Output NaNChecker::NaNmask and take action according to NaNChecker::action_if_found
        TerminationTrigger::TerminationTrigger_ResetMinutes: [global] Reset Watchtime
    endif
    if (checkpoint initial data)
      [CCTK_CPINITIAL]
        CarpetIOHDF5::CarpetIOHDF5_InitialDataCheckpoint: [meta] Initial data checkpoint routine
    endif
    if (analysis)
      [CCTK_ANALYSIS]
        CarpetLib::CarpetLib_printtimestats: [global] Print timing statistics if desired
        CarpetLib::CarpetLib_printmemstats: [global] Print memory statistics if desired
        Formaline::Formaline_AnnounceUpdate: [global] Put some meta information about the current run into permanent storage
        LoopControl::LC_statistics_analysis: [meta] Output LoopControl statistics
        GROUP ML_CCZ4_EvolutionAnalysis: Calculate RHS at analysis
          ML_CCZ4::ML_CCZ4_EvolutionAnalysisInit: ML_CCZ4_EvolutionAnalysisInit
          ML_CCZ4::ML_CCZ4_EvolutionAnalysisInterior: ML_CCZ4_EvolutionAnalysisInterior
          ML_CCZ4_Helper::ML_CCZ4_NewRad: Apply NewRad boundary conditions to RHS
        Multipole::Multipole_Calc: [global] Calculate Multipoles
        TerminationTrigger::TerminationTrigger_CheckWalltime: Check elapsed job walltime
        TerminationTrigger::TerminationTrigger_CheckSignal: Check if we received a termination signal
        TerminationTrigger::TerminationTrigger_CheckFile: Check termination file
        WatchDog::WatchDog: Make sure that the run is progressing
  endif
  Output grid variables

  do loop over timesteps
    [CCTK_PREREGRID]
    Change grid hierarchy
    [CCTK_POSTREGRID]
      CartGrid3D::SpatialCoordinates: Set Coordinates after regridding
      GROUP MaskBase_SetupMask: Set up the weight function
        GROUP MaskBase_SetupMaskAll: Set up the weight function
          CarpetReduce::MaskBase_AllocateMask: [global] Allocate the weight function
          CarpetReduce::MaskBase_InitMask: [global] [loop-local] Initialise the weight function
          GROUP SetupIMaskInternal: Set up the integer weight function (schedule other routines in here)
            CarpetReduce::CoordBase_SetupMask: [global] [loop-local] Set up the outer boundaries of the weight function
            CarpetReduce::CarpetMaskSetup: [global] [loop-singlemap] Set up the weight function for the restriction regions
          GROUP SetupIMask: Set up the integer weight function (schedule other routines in here)
          CarpetReduce::MaskBase_SetMask: [global] [loop-local] Set the weight function
          GROUP SetupMask: Set up the real weight function (schedule other routines in here)
          CarpetReduce::MaskBase_TestMask: [global] Test the weight function
      Dissipation::setup_epsdis: Setup spatially varying dissipation
      GROUP MoL_PostStep: Ensure that everything is correct after regridding
        ML_CCZ4::ML_CCZ4_SelectBoundConds: [level] select boundary conditions
        GROUP ML_CCZ4_ApplyBCs: Apply boundary conditions controlled by thorn Boundary
          GROUP BoundaryConditions: Execute all boundary conditions
            Boundary::Boundary_ApplyPhysicalBCs: Apply all requested local physical boundary conditions
            CartGrid3D::CartGrid3D_ApplyBC: Apply symmetry boundary conditions
            ReflectionSymmetry::ReflectionSymmetry_Apply: Apply reflection symmetries
          Boundary::Boundary_ClearSelection: [level] Unselect all grid variables for boundary conditions
        ML_ADMConstraints::ML_ADMConstraints_SelectBoundConds: [level] select boundary conditions
        GROUP ML_ADMConstraints_ApplyBCs: Apply boundary conditions controlled by thorn Boundary
          GROUP BoundaryConditions: Execute all boundary conditions
            Boundary::Boundary_ApplyPhysicalBCs: Apply all requested local physical boundary conditions
            CartGrid3D::CartGrid3D_ApplyBC: Apply symmetry boundary conditions
            ReflectionSymmetry::ReflectionSymmetry_Apply: Apply reflection symmetries
          Boundary::Boundary_ClearSelection: [level] Unselect all grid variables for boundary conditions
        ML_CCZ4::ML_CCZ4_ADMBaseInterior: ML_CCZ4_ADMBaseInterior
        ML_CCZ4::ML_CCZ4_ADMBaseBoundaryScalar: ML_CCZ4_ADMBaseBoundaryScalar
        ML_CCZ4::ML_CCZ4_ADMBaseEverywhere: ML_CCZ4_ADMBaseEverywhere
        ML_CCZ4_Helper::ML_CCZ4_ADMBase_SelectBCs: [level] Select boundary conditions for ADMBase variables
        GROUP ML_CCZ4_ADMBase_ApplyBCs: Apply boundary conditions to ADMBase variables
          GROUP BoundaryConditions: Execute all boundary conditions
            Boundary::Boundary_ApplyPhysicalBCs: Apply all requested local physical boundary conditions
            CartGrid3D::CartGrid3D_ApplyBC: Apply symmetry boundary conditions
            ReflectionSymmetry::ReflectionSymmetry_Apply: Apply reflection symmetries
          Boundary::Boundary_ClearSelection: [level] Unselect all grid variables for boundary conditions
        GROUP ADMBase_SetADMVars: Set the ADM variables before this group, and use them afterwards
        GROUP HydroBase_PostStep: Post step tasks for hydro thorns
          GROUP HydroBase_Boundaries: HydroBase-internal Boundary conditions group
            GROUP HydroBase_Select_Boundaries: Group to schedule the boundary condition functions
              THC_Core::THC_SelectBC: [singlemap] Select boundary conditions
            GROUP HydroBase_ApplyBCs: Apply the boundary conditions of HydroBase
              GROUP BoundaryConditions: Execute all boundary conditions
                Boundary::Boundary_ApplyPhysicalBCs: Apply all requested local physical boundary conditions
                CartGrid3D::CartGrid3D_ApplyBC: Apply symmetry boundary conditions
                ReflectionSymmetry::ReflectionSymmetry_Apply: Apply reflection symmetries
              Boundary::Boundary_ClearSelection: [level] Unselect all grid variables for boundary conditions
          GROUP HydroBase_Con2Prim: Convert from conservative to primitive variables
            GROUP THC_SetExcisionMask: Thorns providing excision should set the bitmask
            THC_Core::THC_ConsToAll: Computes the primitives from the conservatives
        GROUP SetTmunu: Group for calculating the stress-energy tensor
          TmunuBase::TmunuBase_ZeroTmunu: Initialise the stress-energy tensor to zero
          GROUP AddToTmunu: Add to the stress-energy tensor here
            THC_Core::THC_AddToTmunu: Adds the contribution of the fluid to the global stress-energy tensor
        WeylScal4::WeylScal4_SelectBoundConds: [level] select boundary conditions
        GROUP WeylScal4_ApplyBCs: Apply boundary conditions controlled by thorn Boundary
          GROUP BoundaryConditions: Execute all boundary conditions
            Boundary::Boundary_ApplyPhysicalBCs: Apply all requested local physical boundary conditions
            CartGrid3D::CartGrid3D_ApplyBC: Apply symmetry boundary conditions
            ReflectionSymmetry::ReflectionSymmetry_Apply: Apply reflection symmetries
          Boundary::Boundary_ClearSelection: [level] Unselect all grid variables for boundary conditions
      GROUP MoL_PseudoEvolutionBoundaries: Apply boundary conditions to pseudo-evolved quantities
        GROUP ML_ADMConstraints_evaluate_bc_group: ML_ADMConstraints_evaluate
          ML_ADMConstraints::ML_ADMConstraints_evaluate_SelectBCs: [level] ML_ADMConstraints_evaluate_SelectBCs
          GROUP ML_ADMConstraints_evaluate_ApplyBCs: Apply BCs for groups set in ML_ADMConstraints_evaluate
            GROUP BoundaryConditions: Execute all boundary conditions
              Boundary::Boundary_ApplyPhysicalBCs: Apply all requested local physical boundary conditions
              CartGrid3D::CartGrid3D_ApplyBC: Apply symmetry boundary conditions
              ReflectionSymmetry::ReflectionSymmetry_Apply: Apply reflection symmetries
            Boundary::Boundary_ClearSelection: [level] Unselect all grid variables for boundary conditions
        GROUP ML_CCZ4_ConstraintsEverywhere_bc_group: ML_CCZ4_ConstraintsEverywhere
          ML_CCZ4::ML_CCZ4_ConstraintsEverywhere_SelectBCs: [level] ML_CCZ4_ConstraintsEverywhere_SelectBCs
          GROUP ML_CCZ4_ConstraintsEverywhere_ApplyBCs: Apply BCs for groups set in ML_CCZ4_ConstraintsEverywhere
            GROUP BoundaryConditions: Execute all boundary conditions
              Boundary::Boundary_ApplyPhysicalBCs: Apply all requested local physical boundary conditions
              CartGrid3D::CartGrid3D_ApplyBC: Apply symmetry boundary conditions
              ReflectionSymmetry::ReflectionSymmetry_Apply: Apply reflection symmetries
            Boundary::Boundary_ClearSelection: [level] Unselect all grid variables for boundary conditions
        GROUP ML_CCZ4_ConstraintsInterior_bc_group: ML_CCZ4_ConstraintsInterior
          ML_CCZ4::ML_CCZ4_ConstraintsInterior_SelectBCs: [level] ML_CCZ4_ConstraintsInterior_SelectBCs
          GROUP ML_CCZ4_ConstraintsInterior_ApplyBCs: Apply BCs for groups set in ML_CCZ4_ConstraintsInterior
            GROUP BoundaryConditions: Execute all boundary conditions
              Boundary::Boundary_ApplyPhysicalBCs: Apply all requested local physical boundary conditions
              CartGrid3D::CartGrid3D_ApplyBC: Apply symmetry boundary conditions
              ReflectionSymmetry::ReflectionSymmetry_Apply: Apply reflection symmetries
            Boundary::Boundary_ClearSelection: [level] Unselect all grid variables for boundary conditions
        GROUP WeylScal4_psi4_calc_Nth_bc_group: WeylScal4_psi4_calc_Nth
          WeylScal4::WeylScal4_psi4_calc_Nth_SelectBCs: [level] WeylScal4_psi4_calc_Nth_SelectBCs
          GROUP WeylScal4_psi4_calc_Nth_ApplyBCs: Apply BCs for groups set in WeylScal4_psi4_calc_Nth
            GROUP BoundaryConditions: Execute all boundary conditions
              Boundary::Boundary_ApplyPhysicalBCs: Apply all requested local physical boundary conditions
              CartGrid3D::CartGrid3D_ApplyBC: Apply symmetry boundary conditions
              ReflectionSymmetry::ReflectionSymmetry_Apply: Apply reflection symmetries
            Boundary::Boundary_ClearSelection: [level] Unselect all grid variables for boundary conditions
      SpaceMask::MaskZero: Initialise mask to zero
      SpaceMask::MaskOne: Set mask to one
    Rotate timelevels
    iteration = iteration+1
    t = t+dt
    [CCTK_PRESTEP]
      CoordGauge::Einstein_SetNextSlicing: Identify the slicing for the next iteration
      LoopControl::LC_steer: [meta] Update LoopControl algorithm preferences
      NaNChecker::NaNChecker_ResetCounter: [global] Reset the NaNChecker::NaNsFound counter
    [CCTK_EVOL]
      MoL::MoL_StartLoop: [level] Initialise the step size control
      while (MoL::MoL_Stepsize_Bad)
        GROUP MoL_Evolution: A single Cactus evolution step using MoL
          GROUP MoL_StartStep: MoL internal setup for the evolution step
            MoL::MoL_SetCounter: [level] Set the counter for the ODE method to loop over
            MoL::MoL_SetTime: [level] Ensure the correct time and timestep are used
            MoL::MoL_AllocateScratchSpace: [level] Allocate storage for scratch levels
          GROUP MoL_PreStep: Physics thorns can schedule preloop setup routines in here
          MoL::MoL_AllocateScratch: Allocate sufficient space for array scratch variables
          MoL::MoL_InitialCopy: Ensure the data is in the correct timelevel
          while (MoL::MoL_Intermediate_Step)
            GROUP MoL_Step: The loop over the intermediate steps for the ODE integrator
              MoL::MoL_InitRHS: Initialise the RHS functions
              GROUP MoL_CalcRHS: Physics thorns schedule the calculation of the discrete spatial operator in here
                GROUP HydroBase_RHS: Groups for scheduling tasks for calculating RHS of hydro variables
                  THC_Core::THC_InitSource: Initializes the source term
                  THC_Core::THC_GRSource: Computes the geometric source terms
                  THC_Core::THC_RHS: Compute the RHS for MoL
                GROUP ML_CCZ4_EvolutionInteriorSplitBy: 
                  ML_CCZ4::ML_CCZ4_EvolutionInteriorSplitBy1: ML_CCZ4_EvolutionInteriorSplitBy1
                  ML_CCZ4::ML_CCZ4_EvolutionInteriorSplitBy2: ML_CCZ4_EvolutionInteriorSplitBy2
                  ML_CCZ4::ML_CCZ4_EvolutionInteriorSplitBy3: ML_CCZ4_EvolutionInteriorSplitBy3
                ML_CCZ4_Helper::ML_CCZ4_NewRad: Apply NewRad boundary conditions to RHS
              GROUP MoL_PostRHS: Modify RHS functions
                Dissipation::dissipation_add: Add Kreiss-Oliger dissipation to the right hand sides
              GROUP MoL_RHSBoundaries: Any 'final' modifications to the RHS functions (boundaries etc.)
              MoL::MoL_Add: Updates calculated with the efficient Runge-Kutta 3 method
              MoL::MoL_DecrementCounter: [level] Alter the counter number
              MoL::MoL_ResetTime: [level] If necessary, change the time
              GROUP MoL_PostStepModify: The group for physics thorns to schedule enforcing constraints
                ML_CCZ4::ML_CCZ4_EnforceEverywhere: ML_CCZ4_EnforceEverywhere
              GROUP MoL_PostStep: The group for physics thorns to schedule boundary calls etc.
                ML_CCZ4::ML_CCZ4_SelectBoundConds: [level] select boundary conditions
                GROUP ML_CCZ4_ApplyBCs: Apply boundary conditions controlled by thorn Boundary
                  GROUP BoundaryConditions: Execute all boundary conditions
                    Boundary::Boundary_ApplyPhysicalBCs: Apply all requested local physical boundary conditions
                    CartGrid3D::CartGrid3D_ApplyBC: Apply symmetry boundary conditions
                    ReflectionSymmetry::ReflectionSymmetry_Apply: Apply reflection symmetries
                  Boundary::Boundary_ClearSelection: [level] Unselect all grid variables for boundary conditions
                ML_ADMConstraints::ML_ADMConstraints_SelectBoundConds: [level] select boundary conditions
                GROUP ML_ADMConstraints_ApplyBCs: Apply boundary conditions controlled by thorn Boundary
                  GROUP BoundaryConditions: Execute all boundary conditions
                    Boundary::Boundary_ApplyPhysicalBCs: Apply all requested local physical boundary conditions
                    CartGrid3D::CartGrid3D_ApplyBC: Apply symmetry boundary conditions
                    ReflectionSymmetry::ReflectionSymmetry_Apply: Apply reflection symmetries
                  Boundary::Boundary_ClearSelection: [level] Unselect all grid variables for boundary conditions
                ML_CCZ4::ML_CCZ4_ADMBaseInterior: ML_CCZ4_ADMBaseInterior
                ML_CCZ4::ML_CCZ4_ADMBaseBoundaryScalar: ML_CCZ4_ADMBaseBoundaryScalar
                ML_CCZ4::ML_CCZ4_ADMBaseEverywhere: ML_CCZ4_ADMBaseEverywhere
                ML_CCZ4_Helper::ML_CCZ4_ADMBase_SelectBCs: [level] Select boundary conditions for ADMBase variables
                GROUP ML_CCZ4_ADMBase_ApplyBCs: Apply boundary conditions to ADMBase variables
                  GROUP BoundaryConditions: Execute all boundary conditions
                    Boundary::Boundary_ApplyPhysicalBCs: Apply all requested local physical boundary conditions
                    CartGrid3D::CartGrid3D_ApplyBC: Apply symmetry boundary conditions
                    ReflectionSymmetry::ReflectionSymmetry_Apply: Apply reflection symmetries
                  Boundary::Boundary_ClearSelection: [level] Unselect all grid variables for boundary conditions
                GROUP ADMBase_SetADMVars: Set the ADM variables before this group, and use them afterwards
                GROUP HydroBase_PostStep: Post step tasks for hydro thorns
                  GROUP HydroBase_Boundaries: HydroBase-internal Boundary conditions group
                    GROUP HydroBase_Select_Boundaries: Group to schedule the boundary condition functions
                      THC_Core::THC_SelectBC: [singlemap] Select boundary conditions
                    GROUP HydroBase_ApplyBCs: Apply the boundary conditions of HydroBase
                      GROUP BoundaryConditions: Execute all boundary conditions
                        Boundary::Boundary_ApplyPhysicalBCs: Apply all requested local physical boundary conditions
                        CartGrid3D::CartGrid3D_ApplyBC: Apply symmetry boundary conditions
                        ReflectionSymmetry::ReflectionSymmetry_Apply: Apply reflection symmetries
                      Boundary::Boundary_ClearSelection: [level] Unselect all grid variables for boundary conditions
                  GROUP HydroBase_Con2Prim: Convert from conservative to primitive variables
                    GROUP THC_SetExcisionMask: Thorns providing excision should set the bitmask
                    THC_Core::THC_ConsToAll: Computes the primitives from the conservatives
                GROUP SetTmunu: Group for calculating the stress-energy tensor
                  TmunuBase::TmunuBase_ZeroTmunu: Initialise the stress-energy tensor to zero
                  GROUP AddToTmunu: Add to the stress-energy tensor here
                    THC_Core::THC_AddToTmunu: Adds the contribution of the fluid to the global stress-energy tensor
                WeylScal4::WeylScal4_SelectBoundConds: [level] select boundary conditions
                GROUP WeylScal4_ApplyBCs: Apply boundary conditions controlled by thorn Boundary
                  GROUP BoundaryConditions: Execute all boundary conditions
                    Boundary::Boundary_ApplyPhysicalBCs: Apply all requested local physical boundary conditions
                    CartGrid3D::CartGrid3D_ApplyBC: Apply symmetry boundary conditions
                    ReflectionSymmetry::ReflectionSymmetry_Apply: Apply reflection symmetries
                  Boundary::Boundary_ClearSelection: [level] Unselect all grid variables for boundary conditions
              MoL::MoL_ResetDeltaTime: [level] If necessary, change the timestep
          end while
          MoL::MoL_FinishLoop: [level] Control the step size
          MoL::MoL_RestoreSandR: Restoring the Save and Restore variables to the original state
          MoL::MoL_FreeScratchSpace: [level] Free storage for scratch levels
      end while
      GROUP MoL_PseudoEvolution: Calculate pseudo-evolved quantities
        GROUP ADMBase_SetADMVars: Set the ADM variables before this group, and use them afterwards
        GROUP ML_ADMConstraints_evaluate_group: ML_ADMConstraints_evaluate
          ML_ADMConstraints::ML_ADMConstraints_evaluate: ML_ADMConstraints_evaluate
          GROUP ML_ADMConstraints_evaluate_bc_group: ML_ADMConstraints_evaluate
            ML_ADMConstraints::ML_ADMConstraints_evaluate_SelectBCs: [level] ML_ADMConstraints_evaluate_SelectBCs
            GROUP ML_ADMConstraints_evaluate_ApplyBCs: Apply BCs for groups set in ML_ADMConstraints_evaluate
              GROUP BoundaryConditions: Execute all boundary conditions
                Boundary::Boundary_ApplyPhysicalBCs: Apply all requested local physical boundary conditions
                CartGrid3D::CartGrid3D_ApplyBC: Apply symmetry boundary conditions
                ReflectionSymmetry::ReflectionSymmetry_Apply: Apply reflection symmetries
              Boundary::Boundary_ClearSelection: [level] Unselect all grid variables for boundary conditions
        GROUP ML_CCZ4_ConstraintsEverywhere_group: ML_CCZ4_ConstraintsEverywhere
          ML_CCZ4::ML_CCZ4_ConstraintsEverywhere: ML_CCZ4_ConstraintsEverywhere
          GROUP ML_CCZ4_ConstraintsEverywhere_bc_group: ML_CCZ4_ConstraintsEverywhere
            ML_CCZ4::ML_CCZ4_ConstraintsEverywhere_SelectBCs: [level] ML_CCZ4_ConstraintsEverywhere_SelectBCs
            GROUP ML_CCZ4_ConstraintsEverywhere_ApplyBCs: Apply BCs for groups set in ML_CCZ4_ConstraintsEverywhere
              GROUP BoundaryConditions: Execute all boundary conditions
                Boundary::Boundary_ApplyPhysicalBCs: Apply all requested local physical boundary conditions
                CartGrid3D::CartGrid3D_ApplyBC: Apply symmetry boundary conditions
                ReflectionSymmetry::ReflectionSymmetry_Apply: Apply reflection symmetries
              Boundary::Boundary_ClearSelection: [level] Unselect all grid variables for boundary conditions
        GROUP ML_CCZ4_ConstraintsInterior_group: ML_CCZ4_ConstraintsInterior
          ML_CCZ4::ML_CCZ4_ConstraintsInterior: ML_CCZ4_ConstraintsInterior
          GROUP ML_CCZ4_ConstraintsInterior_bc_group: ML_CCZ4_ConstraintsInterior
            ML_CCZ4::ML_CCZ4_ConstraintsInterior_SelectBCs: [level] ML_CCZ4_ConstraintsInterior_SelectBCs
            GROUP ML_CCZ4_ConstraintsInterior_ApplyBCs: Apply BCs for groups set in ML_CCZ4_ConstraintsInterior
              GROUP BoundaryConditions: Execute all boundary conditions
                Boundary::Boundary_ApplyPhysicalBCs: Apply all requested local physical boundary conditions
                CartGrid3D::CartGrid3D_ApplyBC: Apply symmetry boundary conditions
                ReflectionSymmetry::ReflectionSymmetry_Apply: Apply reflection symmetries
              Boundary::Boundary_ClearSelection: [level] Unselect all grid variables for boundary conditions
        GROUP WeylScal4_psi4_calc_Nth_group: WeylScal4_psi4_calc_Nth
          WeylScal4::WeylScal4_psi4_calc_Nth: WeylScal4_psi4_calc_Nth
          GROUP WeylScal4_psi4_calc_Nth_bc_group: WeylScal4_psi4_calc_Nth
            WeylScal4::WeylScal4_psi4_calc_Nth_SelectBCs: [level] WeylScal4_psi4_calc_Nth_SelectBCs
            GROUP WeylScal4_psi4_calc_Nth_ApplyBCs: Apply BCs for groups set in WeylScal4_psi4_calc_Nth
              GROUP BoundaryConditions: Execute all boundary conditions
                Boundary::Boundary_ApplyPhysicalBCs: Apply all requested local physical boundary conditions
                CartGrid3D::CartGrid3D_ApplyBC: Apply symmetry boundary conditions
                ReflectionSymmetry::ReflectionSymmetry_Apply: Apply reflection symmetries
              Boundary::Boundary_ClearSelection: [level] Unselect all grid variables for boundary conditions
    Evolve finer grids recursively
    Restrict from finer grids
    [CCTK_POSTRESTRICT]
      GROUP MoL_PostStep: Ensure that everything is correct after restriction
        ML_CCZ4::ML_CCZ4_SelectBoundConds: [level] select boundary conditions
        GROUP ML_CCZ4_ApplyBCs: Apply boundary conditions controlled by thorn Boundary
          GROUP BoundaryConditions: Execute all boundary conditions
            Boundary::Boundary_ApplyPhysicalBCs: Apply all requested local physical boundary conditions
            CartGrid3D::CartGrid3D_ApplyBC: Apply symmetry boundary conditions
            ReflectionSymmetry::ReflectionSymmetry_Apply: Apply reflection symmetries
          Boundary::Boundary_ClearSelection: [level] Unselect all grid variables for boundary conditions
        ML_ADMConstraints::ML_ADMConstraints_SelectBoundConds: [level] select boundary conditions
        GROUP ML_ADMConstraints_ApplyBCs: Apply boundary conditions controlled by thorn Boundary
          GROUP BoundaryConditions: Execute all boundary conditions
            Boundary::Boundary_ApplyPhysicalBCs: Apply all requested local physical boundary conditions
            CartGrid3D::CartGrid3D_ApplyBC: Apply symmetry boundary conditions
            ReflectionSymmetry::ReflectionSymmetry_Apply: Apply reflection symmetries
          Boundary::Boundary_ClearSelection: [level] Unselect all grid variables for boundary conditions
        ML_CCZ4::ML_CCZ4_ADMBaseInterior: ML_CCZ4_ADMBaseInterior
        ML_CCZ4::ML_CCZ4_ADMBaseBoundaryScalar: ML_CCZ4_ADMBaseBoundaryScalar
        ML_CCZ4::ML_CCZ4_ADMBaseEverywhere: ML_CCZ4_ADMBaseEverywhere
        ML_CCZ4_Helper::ML_CCZ4_ADMBase_SelectBCs: [level] Select boundary conditions for ADMBase variables
        GROUP ML_CCZ4_ADMBase_ApplyBCs: Apply boundary conditions to ADMBase variables
          GROUP BoundaryConditions: Execute all boundary conditions
            Boundary::Boundary_ApplyPhysicalBCs: Apply all requested local physical boundary conditions
            CartGrid3D::CartGrid3D_ApplyBC: Apply symmetry boundary conditions
            ReflectionSymmetry::ReflectionSymmetry_Apply: Apply reflection symmetries
          Boundary::Boundary_ClearSelection: [level] Unselect all grid variables for boundary conditions
        GROUP ADMBase_SetADMVars: Set the ADM variables before this group, and use them afterwards
        GROUP HydroBase_PostStep: Post step tasks for hydro thorns
          GROUP HydroBase_Boundaries: HydroBase-internal Boundary conditions group
            GROUP HydroBase_Select_Boundaries: Group to schedule the boundary condition functions
              THC_Core::THC_SelectBC: [singlemap] Select boundary conditions
            GROUP HydroBase_ApplyBCs: Apply the boundary conditions of HydroBase
              GROUP BoundaryConditions: Execute all boundary conditions
                Boundary::Boundary_ApplyPhysicalBCs: Apply all requested local physical boundary conditions
                CartGrid3D::CartGrid3D_ApplyBC: Apply symmetry boundary conditions
                ReflectionSymmetry::ReflectionSymmetry_Apply: Apply reflection symmetries
              Boundary::Boundary_ClearSelection: [level] Unselect all grid variables for boundary conditions
          GROUP HydroBase_Con2Prim: Convert from conservative to primitive variables
            GROUP THC_SetExcisionMask: Thorns providing excision should set the bitmask
            THC_Core::THC_ConsToAll: Computes the primitives from the conservatives
        GROUP SetTmunu: Group for calculating the stress-energy tensor
          TmunuBase::TmunuBase_ZeroTmunu: Initialise the stress-energy tensor to zero
          GROUP AddToTmunu: Add to the stress-energy tensor here
            THC_Core::THC_AddToTmunu: Adds the contribution of the fluid to the global stress-energy tensor
        WeylScal4::WeylScal4_SelectBoundConds: [level] select boundary conditions
        GROUP WeylScal4_ApplyBCs: Apply boundary conditions controlled by thorn Boundary
          GROUP BoundaryConditions: Execute all boundary conditions
            Boundary::Boundary_ApplyPhysicalBCs: Apply all requested local physical boundary conditions
            CartGrid3D::CartGrid3D_ApplyBC: Apply symmetry boundary conditions
            ReflectionSymmetry::ReflectionSymmetry_Apply: Apply reflection symmetries
          Boundary::Boundary_ClearSelection: [level] Unselect all grid variables for boundary conditions
      GROUP MoL_PseudoEvolutionBoundaries: Apply boundary conditions to pseudo-evolved quantities
        GROUP ML_ADMConstraints_evaluate_bc_group: ML_ADMConstraints_evaluate
          ML_ADMConstraints::ML_ADMConstraints_evaluate_SelectBCs: [level] ML_ADMConstraints_evaluate_SelectBCs
          GROUP ML_ADMConstraints_evaluate_ApplyBCs: Apply BCs for groups set in ML_ADMConstraints_evaluate
            GROUP BoundaryConditions: Execute all boundary conditions
              Boundary::Boundary_ApplyPhysicalBCs: Apply all requested local physical boundary conditions
              CartGrid3D::CartGrid3D_ApplyBC: Apply symmetry boundary conditions
              ReflectionSymmetry::ReflectionSymmetry_Apply: Apply reflection symmetries
            Boundary::Boundary_ClearSelection: [level] Unselect all grid variables for boundary conditions
        GROUP ML_CCZ4_ConstraintsEverywhere_bc_group: ML_CCZ4_ConstraintsEverywhere
          ML_CCZ4::ML_CCZ4_ConstraintsEverywhere_SelectBCs: [level] ML_CCZ4_ConstraintsEverywhere_SelectBCs
          GROUP ML_CCZ4_ConstraintsEverywhere_ApplyBCs: Apply BCs for groups set in ML_CCZ4_ConstraintsEverywhere
            GROUP BoundaryConditions: Execute all boundary conditions
              Boundary::Boundary_ApplyPhysicalBCs: Apply all requested local physical boundary conditions
              CartGrid3D::CartGrid3D_ApplyBC: Apply symmetry boundary conditions
              ReflectionSymmetry::ReflectionSymmetry_Apply: Apply reflection symmetries
            Boundary::Boundary_ClearSelection: [level] Unselect all grid variables for boundary conditions
        GROUP ML_CCZ4_ConstraintsInterior_bc_group: ML_CCZ4_ConstraintsInterior
          ML_CCZ4::ML_CCZ4_ConstraintsInterior_SelectBCs: [level] ML_CCZ4_ConstraintsInterior_SelectBCs
          GROUP ML_CCZ4_ConstraintsInterior_ApplyBCs: Apply BCs for groups set in ML_CCZ4_ConstraintsInterior
            GROUP BoundaryConditions: Execute all boundary conditions
              Boundary::Boundary_ApplyPhysicalBCs: Apply all requested local physical boundary conditions
              CartGrid3D::CartGrid3D_ApplyBC: Apply symmetry boundary conditions
              ReflectionSymmetry::ReflectionSymmetry_Apply: Apply reflection symmetries
            Boundary::Boundary_ClearSelection: [level] Unselect all grid variables for boundary conditions
        GROUP WeylScal4_psi4_calc_Nth_bc_group: WeylScal4_psi4_calc_Nth
          WeylScal4::WeylScal4_psi4_calc_Nth_SelectBCs: [level] WeylScal4_psi4_calc_Nth_SelectBCs
          GROUP WeylScal4_psi4_calc_Nth_ApplyBCs: Apply BCs for groups set in WeylScal4_psi4_calc_Nth
            GROUP BoundaryConditions: Execute all boundary conditions
              Boundary::Boundary_ApplyPhysicalBCs: Apply all requested local physical boundary conditions
              CartGrid3D::CartGrid3D_ApplyBC: Apply symmetry boundary conditions
              ReflectionSymmetry::ReflectionSymmetry_Apply: Apply reflection symmetries
            Boundary::Boundary_ClearSelection: [level] Unselect all grid variables for boundary conditions
    [CCTK_POSTSTEP]
      SphericalSurface::SphericalSurface_Set: [global] Set surface radii
      GROUP zzz_NaNChecker_NaNCheck: Check for NaNs and count them in NaNChecker::NaNsFound
        NaNChecker::NaNChecker_NaNCheck_Prepare: [level] Prepare data structures to check for NaNs
        NaNChecker::NaNChecker_NaNCheck_Check: [local] Check for NaNs
        NaNChecker::NaNChecker_NaNCheck_Finish: [level] Count NaNs in NaNChecker::NaNsFound
      NaNChecker::NaNChecker_TakeAction: [global] [loop-level] Output NaNChecker::NaNmask and take action according to NaNChecker::action_if_found
      SpaceMask::CheckMask: Ensure that all mask values are legal
      GROUP SphericalSurface_HasBeenSet: Set the spherical surfaces before this group, and use it afterwards
        SphericalSurface::SphericalSurface_CheckState: [global] Test the state of the spherical surfaces
      Dissipation::setup_epsdis: Setup spatially varying dissipation
    if (checkpoint)
      [CCTK_CHECKPOINT]
      CarpetIOHDF5::CarpetIOHDF5_EvolutionCheckpoint: [meta] Evolution checkpoint routine
    endif
    if (analysis)
      [CCTK_ANALYSIS]
      CarpetLib::CarpetLib_printtimestats: [global] Print timing statistics if desired
      CarpetLib::CarpetLib_printmemstats: [global] Print memory statistics if desired
      Formaline::Formaline_AnnounceUpdate: [global] Put some meta information about the current run into permanent storage
      LoopControl::LC_statistics_analysis: [meta] Output LoopControl statistics
      GROUP ML_CCZ4_EvolutionAnalysis: Calculate RHS at analysis
        ML_CCZ4::ML_CCZ4_EvolutionAnalysisInit: ML_CCZ4_EvolutionAnalysisInit
        ML_CCZ4::ML_CCZ4_EvolutionAnalysisInterior: ML_CCZ4_EvolutionAnalysisInterior
        ML_CCZ4_Helper::ML_CCZ4_NewRad: Apply NewRad boundary conditions to RHS
      Multipole::Multipole_Calc: [global] Calculate Multipoles
      TerminationTrigger::TerminationTrigger_CheckWalltime: Check elapsed job walltime
      TerminationTrigger::TerminationTrigger_CheckSignal: Check if we received a termination signal
      TerminationTrigger::TerminationTrigger_CheckFile: Check termination file
      WatchDog::WatchDog: Make sure that the run is progressing
    endif
    Output grid variables
    enddo

  Termination routines
    [CCTK_TERMINATE]
      CarpetIOHDF5::CarpetIOHDF5_TerminationCheckpoint: [meta] Termination checkpoint routine
      Formaline::Formaline_AnnounceFinal: [global] Put some meta information about the current run into permanent storage
      LoopControl::LC_statistics_terminate: [meta] Output LoopControl statistics
      MoL::MoL_FreeIndexArrays: Free the MoL bookkeeping index arrays

  Shutdown routines
    [CCTK_SHUTDOWN]
      Timers::Timer_Shutdown: Prepare hierarchical timers

  Routines run after changing the grid hierarchy:
    [CCTK_POSTREGRID]
      CartGrid3D::SpatialCoordinates: Set Coordinates after regridding
      GROUP MaskBase_SetupMask: Set up the weight function
        GROUP MaskBase_SetupMaskAll: Set up the weight function
          CarpetReduce::MaskBase_AllocateMask: [global] Allocate the weight function
          CarpetReduce::MaskBase_InitMask: [global] [loop-local] Initialise the weight function
          GROUP SetupIMaskInternal: Set up the integer weight function (schedule other routines in here)
            CarpetReduce::CoordBase_SetupMask: [global] [loop-local] Set up the outer boundaries of the weight function
            CarpetReduce::CarpetMaskSetup: [global] [loop-singlemap] Set up the weight function for the restriction regions
          GROUP SetupIMask: Set up the integer weight function (schedule other routines in here)
          CarpetReduce::MaskBase_SetMask: [global] [loop-local] Set the weight function
          GROUP SetupMask: Set up the real weight function (schedule other routines in here)
          CarpetReduce::MaskBase_TestMask: [global] Test the weight function
      Dissipation::setup_epsdis: Setup spatially varying dissipation
      GROUP MoL_PostStep: Ensure that everything is correct after regridding
        ML_CCZ4::ML_CCZ4_SelectBoundConds: [level] select boundary conditions
        GROUP ML_CCZ4_ApplyBCs: Apply boundary conditions controlled by thorn Boundary
          GROUP BoundaryConditions: Execute all boundary conditions
            Boundary::Boundary_ApplyPhysicalBCs: Apply all requested local physical boundary conditions
            CartGrid3D::CartGrid3D_ApplyBC: Apply symmetry boundary conditions
            ReflectionSymmetry::ReflectionSymmetry_Apply: Apply reflection symmetries
          Boundary::Boundary_ClearSelection: [level] Unselect all grid variables for boundary conditions
        ML_ADMConstraints::ML_ADMConstraints_SelectBoundConds: [level] select boundary conditions
        GROUP ML_ADMConstraints_ApplyBCs: Apply boundary conditions controlled by thorn Boundary
          GROUP BoundaryConditions: Execute all boundary conditions
            Boundary::Boundary_ApplyPhysicalBCs: Apply all requested local physical boundary conditions
            CartGrid3D::CartGrid3D_ApplyBC: Apply symmetry boundary conditions
            ReflectionSymmetry::ReflectionSymmetry_Apply: Apply reflection symmetries
          Boundary::Boundary_ClearSelection: [level] Unselect all grid variables for boundary conditions
        ML_CCZ4::ML_CCZ4_ADMBaseInterior: ML_CCZ4_ADMBaseInterior
        ML_CCZ4::ML_CCZ4_ADMBaseBoundaryScalar: ML_CCZ4_ADMBaseBoundaryScalar
        ML_CCZ4::ML_CCZ4_ADMBaseEverywhere: ML_CCZ4_ADMBaseEverywhere
        ML_CCZ4_Helper::ML_CCZ4_ADMBase_SelectBCs: [level] Select boundary conditions for ADMBase variables
        GROUP ML_CCZ4_ADMBase_ApplyBCs: Apply boundary conditions to ADMBase variables
          GROUP BoundaryConditions: Execute all boundary conditions
            Boundary::Boundary_ApplyPhysicalBCs: Apply all requested local physical boundary conditions
            CartGrid3D::CartGrid3D_ApplyBC: Apply symmetry boundary conditions
            ReflectionSymmetry::ReflectionSymmetry_Apply: Apply reflection symmetries
          Boundary::Boundary_ClearSelection: [level] Unselect all grid variables for boundary conditions
        GROUP ADMBase_SetADMVars: Set the ADM variables before this group, and use them afterwards
        GROUP HydroBase_PostStep: Post step tasks for hydro thorns
          GROUP HydroBase_Boundaries: HydroBase-internal Boundary conditions group
            GROUP HydroBase_Select_Boundaries: Group to schedule the boundary condition functions
              THC_Core::THC_SelectBC: [singlemap] Select boundary conditions
            GROUP HydroBase_ApplyBCs: Apply the boundary conditions of HydroBase
              GROUP BoundaryConditions: Execute all boundary conditions
                Boundary::Boundary_ApplyPhysicalBCs: Apply all requested local physical boundary conditions
                CartGrid3D::CartGrid3D_ApplyBC: Apply symmetry boundary conditions
                ReflectionSymmetry::ReflectionSymmetry_Apply: Apply reflection symmetries
              Boundary::Boundary_ClearSelection: [level] Unselect all grid variables for boundary conditions
          GROUP HydroBase_Con2Prim: Convert from conservative to primitive variables
            GROUP THC_SetExcisionMask: Thorns providing excision should set the bitmask
            THC_Core::THC_ConsToAll: Computes the primitives from the conservatives
        GROUP SetTmunu: Group for calculating the stress-energy tensor
          TmunuBase::TmunuBase_ZeroTmunu: Initialise the stress-energy tensor to zero
          GROUP AddToTmunu: Add to the stress-energy tensor here
            THC_Core::THC_AddToTmunu: Adds the contribution of the fluid to the global stress-energy tensor
        WeylScal4::WeylScal4_SelectBoundConds: [level] select boundary conditions
        GROUP WeylScal4_ApplyBCs: Apply boundary conditions controlled by thorn Boundary
          GROUP BoundaryConditions: Execute all boundary conditions
            Boundary::Boundary_ApplyPhysicalBCs: Apply all requested local physical boundary conditions
            CartGrid3D::CartGrid3D_ApplyBC: Apply symmetry boundary conditions
            ReflectionSymmetry::ReflectionSymmetry_Apply: Apply reflection symmetries
          Boundary::Boundary_ClearSelection: [level] Unselect all grid variables for boundary conditions
      GROUP MoL_PseudoEvolutionBoundaries: Apply boundary conditions to pseudo-evolved quantities
        GROUP ML_ADMConstraints_evaluate_bc_group: ML_ADMConstraints_evaluate
          ML_ADMConstraints::ML_ADMConstraints_evaluate_SelectBCs: [level] ML_ADMConstraints_evaluate_SelectBCs
          GROUP ML_ADMConstraints_evaluate_ApplyBCs: Apply BCs for groups set in ML_ADMConstraints_evaluate
            GROUP BoundaryConditions: Execute all boundary conditions
              Boundary::Boundary_ApplyPhysicalBCs: Apply all requested local physical boundary conditions
              CartGrid3D::CartGrid3D_ApplyBC: Apply symmetry boundary conditions
              ReflectionSymmetry::ReflectionSymmetry_Apply: Apply reflection symmetries
            Boundary::Boundary_ClearSelection: [level] Unselect all grid variables for boundary conditions
        GROUP ML_CCZ4_ConstraintsEverywhere_bc_group: ML_CCZ4_ConstraintsEverywhere
          ML_CCZ4::ML_CCZ4_ConstraintsEverywhere_SelectBCs: [level] ML_CCZ4_ConstraintsEverywhere_SelectBCs
          GROUP ML_CCZ4_ConstraintsEverywhere_ApplyBCs: Apply BCs for groups set in ML_CCZ4_ConstraintsEverywhere
            GROUP BoundaryConditions: Execute all boundary conditions
              Boundary::Boundary_ApplyPhysicalBCs: Apply all requested local physical boundary conditions
              CartGrid3D::CartGrid3D_ApplyBC: Apply symmetry boundary conditions
              ReflectionSymmetry::ReflectionSymmetry_Apply: Apply reflection symmetries
            Boundary::Boundary_ClearSelection: [level] Unselect all grid variables for boundary conditions
        GROUP ML_CCZ4_ConstraintsInterior_bc_group: ML_CCZ4_ConstraintsInterior
          ML_CCZ4::ML_CCZ4_ConstraintsInterior_SelectBCs: [level] ML_CCZ4_ConstraintsInterior_SelectBCs
          GROUP ML_CCZ4_ConstraintsInterior_ApplyBCs: Apply BCs for groups set in ML_CCZ4_ConstraintsInterior
            GROUP BoundaryConditions: Execute all boundary conditions
              Boundary::Boundary_ApplyPhysicalBCs: Apply all requested local physical boundary conditions
              CartGrid3D::CartGrid3D_ApplyBC: Apply symmetry boundary conditions
              ReflectionSymmetry::ReflectionSymmetry_Apply: Apply reflection symmetries
            Boundary::Boundary_ClearSelection: [level] Unselect all grid variables for boundary conditions
        GROUP WeylScal4_psi4_calc_Nth_bc_group: WeylScal4_psi4_calc_Nth
          WeylScal4::WeylScal4_psi4_calc_Nth_SelectBCs: [level] WeylScal4_psi4_calc_Nth_SelectBCs
          GROUP WeylScal4_psi4_calc_Nth_ApplyBCs: Apply BCs for groups set in WeylScal4_psi4_calc_Nth
            GROUP BoundaryConditions: Execute all boundary conditions
              Boundary::Boundary_ApplyPhysicalBCs: Apply all requested local physical boundary conditions
              CartGrid3D::CartGrid3D_ApplyBC: Apply symmetry boundary conditions
              ReflectionSymmetry::ReflectionSymmetry_Apply: Apply reflection symmetries
            Boundary::Boundary_ClearSelection: [level] Unselect all grid variables for boundary conditions
      SpaceMask::MaskZero: Initialise mask to zero
      SpaceMask::MaskOne: Set mask to one
--------------------------------------------------------------------------------
INFO (Carpet): Multi-Model listing:
   model 0: "world"
INFO (Carpet): Multi-Model process distribution:
   processes 0-15: model 0 "world"
INFO (Carpet): Multi-Model: This is process 0, model 0 "world"
INFO (CarpetLib): Process startup time was 1.22 seconds
Current core file size limit: hard=[unlimited], soft=0 MB
Current addres space size limit: hard=[unlimited], soft=[unlimited]
Current data segment size limit: hard=[unlimited], soft=[unlimited]
Current resident set size limit: hard=[unlimited], soft=[unlimited]
INFO (CycleClock): Measuring CycleClock tick via OpenMP...
INFO (CycleClock): Calibrated CycleClock: 0.313755 ns per clock tick (3.1872 GHz)
INFO (Formaline): Configuration id: config-sim-rva-msi-ubuntu-home-rva-msi-ubuntu-Cactus
INFO (Formaline): Build id: build-sim-rva-msi-ubuntu-rva-msi-ubuntu-2025.09.21-15.06.29-552338
INFO (Formaline): Simulation id: run-SFHo+CCS-rva-msi-ubuntu-rva-msi-ubuntu-2025.11.13-17.32.54-258303
INFO (Formaline): Run id: run-SFHo+CCS-rva-msi-ubuntu-rva-msi-ubuntu-2025.11.13-17.32.54-258303
INFO (Vectors): Using vector size 2 for architecture SSE2 (64-bit precision)
INFO (hwloc): library version 2.7.0, API version 0x20500
--------------------------------------------------------------------------------
AMR driver provided by Carpet
--------------------------------------------------------------------------------
HRSCCore: HRSC for Cactus
--------------------------------------------------------------------------------
HydroBase: Let it flow.
--------------------------------------------------------------------------------
AMR 0D ASCII I/O provided by CarpetIOASCII
--------------------------------------------------------------------------------
AMR 1D ASCII I/O provided by CarpetIOASCII
--------------------------------------------------------------------------------
AMR 2D ASCII I/O provided by CarpetIOASCII
--------------------------------------------------------------------------------
AMR 3D ASCII I/O provided by CarpetIOASCII
--------------------------------------------------------------------------------
AMR info I/O provided by CarpetIOBasic
--------------------------------------------------------------------------------
ML_ADMConstraints
--------------------------------------------------------------------------------
ML_CCZ4
--------------------------------------------------------------------------------
AMR HDF5 I/O provided by CarpetIOHDF5
--------------------------------------------------------------------------------
AMR 0D HDF5 I/O provided by CarpetIOHDF5
--------------------------------------------------------------------------------
AMR 1D HDF5 I/O provided by CarpetIOHDF5
--------------------------------------------------------------------------------
AMR 2D HDF5 I/O provided by CarpetIOHDF5
--------------------------------------------------------------------------------
AMR 3D HDF5 I/O provided by CarpetIOHDF5
--------------------------------------------------------------------------------
MoL: Generalized time integration.
--------------------------------------------------------------------------------
PizzaBase: pizza infrastructure
--------------------------------------------------------------------------------
PizzaIDBase: pizza initial data infrastructure
--------------------------------------------------------------------------------
PizzaTOV: TOV star initial data
--------------------------------------------------------------------------------
Templated Hydrodynamics Code: a modular (relativistic) CFD code for Cactus.
--------------------------------------------------------------------------------
AMR scalar I/O provided by CarpetIOScalar
--------------------------------------------------------------------------------
WeylScal4
--------------------------------------------------------------------------------

INFO (Carpet): MPI is enabled
INFO (Carpet): Carpet is running on 16 processes
INFO (Carpet): This is process 0
INFO (Carpet): OpenMP is enabled
INFO (Carpet): This process contains 1 threads, this is thread 0
INFO (Carpet): There are 16 threads in total
INFO (Carpet): There are 1 threads per process
INFO (Carpet): This process runs on host rva-msi-ubuntu, pid=258303
INFO (Carpet): This process runs on 24 cores: 0-23
INFO (Carpet): Thread 0 runs on 24 cores: 0-23
INFO (Carpet): This simulation is running in 3 dimensions
INFO (Carpet): Boundary specification for map 0:
   nboundaryzones: [[3,3,3],[3,3,3]]
   is_internal   : [[0,0,0],[0,0,0]]
   is_staggered  : [[0,0,0],[0,0,0]]
   shiftout      : [[1,1,1],[0,0,0]]
INFO (Carpet): CoordBase domain specification for map 0:
   physical extent: [0,0,0] : [24,24,24]   ([24,24,24])
   interior extent: [0,0,0] : [23.68,23.68,23.68]   ([23.68,23.68,23.68])
   exterior extent: [-0.96,-0.96,-0.96] : [24.64,24.64,24.64]   ([25.6,25.6,25.6])
   base_spacing   : [0.32,0.32,0.32]
INFO (Carpet): Adapted domain specification for map 0:
   convergence factor: 2
   convergence level : 0
   physical extent   : [0,0,0] : [24,24,24]   ([24,24,24])
   interior extent   : [0,0,0] : [23.68,23.68,23.68]   ([23.68,23.68,23.68])
   exterior extent   : [-0.96,-0.96,-0.96] : [24.64,24.64,24.64]   ([25.6,25.6,25.6])
   spacing           : [0.32,0.32,0.32]
INFO (Carpet): Base grid specification for map 0:
   number of grid points             : [81,81,81]
   number of coarse grid ghost points: [[3,3,3],[3,3,3]]
INFO (Carpet): Buffer zone counts (excluding ghosts):
   [0]: [[0,0,0],[0,0,0]]
   [1]: [[6,6,6],[6,6,6]]
INFO (Carpet): Overlap zone counts:
   [0]: [[0,0,0],[0,0,0]]
   [1]: [[0,0,0],[0,0,0]]
INFO (Carpet): Group and variable statistics:
INFO (Carpet):    There are 757 grid functions in 108 groups
INFO (Carpet):    There are 242 grid scalars in 54 groups
INFO (Carpet):    There are 81 1-dimensional grid arrays in 7 groups
INFO (Carpet):    There are 3 2-dimensional grid arrays in 3 groups
INFO (Carpet):    There are 0 3-dimensional grid arrays in 0 groups
INFO (Carpet):    (The number of variables counts all time levels)
INFO (CarpetIOASCII): I/O Method 'IOASCII_0D' registered: 0D AMR output of grid variables to ASCII files
INFO (CarpetIOASCII): Periodic 0D AMR output requested for:
   CARPET::physical_time_per_hour
INFO (CarpetIOASCII): I/O Method 'IOASCII_1D' registered: 1D AMR output of grid variables to ASCII files
INFO (CarpetIOASCII): I/O Method 'IOASCII_2D' registered: 2D AMR output of grid variables to ASCII files
INFO (CarpetIOASCII): I/O Method 'IOASCII_3D' registered: 3D AMR output of grid variables to ASCII files
INFO (CarpetIOHDF5): I/O Method 'IOHDF5' registered: AMR output of grid variables to HDF5 files
INFO (CarpetIOHDF5): I/O Method 'IOHDF5_0D' registered: 0D AMR output of grid variables to HDF5 files
INFO (CarpetIOHDF5): I/O Method 'IOHDF5_1D' registered: 1D AMR output of grid variables to HDF5 files
INFO (CarpetIOHDF5): Periodic 1D AMR output requested for:
   ADMBASE::alp
   ADMBASE::betax
   ADMBASE::betay
   ADMBASE::betaz
   HYDROBASE::rho
   HYDROBASE::press
   HYDROBASE::eps
   HYDROBASE::vel[0]
   HYDROBASE::vel[1]
   HYDROBASE::vel[2]
   HYDROBASE::w_lorentz
   HYDROBASE::entropy
   ML_ADMCONSTRAINTS::H
   THC_CORE::dens
   THC_CORE::scon[0]
   THC_CORE::scon[1]
   THC_CORE::scon[2]
   THC_CORE::tau
   THC_CORE::volform
   WEYLSCAL4::Psi4r
   WEYLSCAL4::Psi4i
INFO (CarpetIOHDF5): I/O Method 'IOHDF5_2D' registered: 2D AMR output of grid variables to HDF5 files
INFO (CarpetIOHDF5): Periodic 2D AMR output requested for:
   ADMBASE::gxx
   ADMBASE::gxy
   ADMBASE::gxz
   ADMBASE::gyy
   ADMBASE::gyz
   ADMBASE::gzz
   ADMBASE::alp
   ADMBASE::betax
   ADMBASE::betay
   ADMBASE::betaz
   HYDROBASE::rho
   HYDROBASE::press
   HYDROBASE::eps
   HYDROBASE::vel[0]
   HYDROBASE::vel[1]
   HYDROBASE::vel[2]
   HYDROBASE::w_lorentz
   HYDROBASE::entropy
   ML_ADMCONSTRAINTS::H
   THC_CORE::dens
   THC_CORE::scon[0]
   THC_CORE::scon[1]
   THC_CORE::scon[2]
   THC_CORE::tau
   THC_CORE::csound
   THC_CORE::volform
   THC_CORE::bitmask
   WEYLSCAL4::Psi4r
   WEYLSCAL4::Psi4i
INFO (CarpetIOHDF5): I/O Method 'IOHDF5_3D' registered: 3D AMR output of grid variables to HDF5 files
INFO (CarpetIOScalar): Periodic scalar output requested for:
   ADMBASE::alp
   HYDROBASE::rho
   HYDROBASE::press
   HYDROBASE::w_lorentz
   ML_ADMCONSTRAINTS::H
   THC_CORE::dens
--------------------------------------------------------------------------------
INFO (Formaline): Writing tarballs with the Cactus sources into the directory "./data/../../cactus-source"
INFO (MoL): Using Runge-Kutta 3 as the time integrator.
INFO (SymBase): Symmetry on lower x-face: reflection_symmetry
INFO (SymBase): Symmetry on lower y-face: reflection_symmetry
INFO (SymBase): Symmetry on lower z-face: reflection_symmetry
INFO (MoL): The maximum number of evolved variables is 542. 32 are registered.
INFO (MoL): The maximum number of slow evolved variables is 542. 0 are registered.
INFO (MoL): The maximum number of constrained variables is 542. 30 are registered.
INFO (MoL): The maximum number of SandR variables is 542. 0 are registered.
INFO (MoL): The maximum number of evolved array variables is 542. 0 are registered.
INFO (MoL): The maximum number of constrained array variables is 542. 0 are registered.
INFO (MoL): The maximum number of SandR array variables is 542. 0 are registered.
INFO (MoL): The maximum size of any array variables is 0.
INFO (Vectors): Testing vectorisation... [errors may result in segfaults]
INFO (Vectors): 375/375 tests passed 
INFO (CarpetRegrid2): Enforcing grid structure properties, iteration 0
INFO (CarpetRegrid2): Enforcing grid structure properties, iteration 1
INFO (Carpet): Grid structure (superregions, grid points):
   [0][0][0]   exterior: [0,0,0] : [80,80,80]   ([81,81,81] + PADDING) 531441
   [1][0][0]   exterior: [3,3,3] : [88,88,88]   ([86,86,86] + PADDING) 636056
INFO (Carpet): Grid structure (superregions, coordinates):
   [0][0][0]   exterior: [-0.96,-0.96,-0.96] : [24.64,24.64,24.64] : [0.32,0.32,0.32]
   [1][0][0]   exterior: [-0.48,-0.48,-0.48] : [13.12,13.12,13.12] : [0.16,0.16,0.16]
INFO (Carpet): Global grid structure statistics:
INFO (Carpet): GF: rhs: 445k active, 522k owned (+17%), 889k total (+70%), 3 steps/time
INFO (Carpet): GF: vars: 339, pts: 298M active, 337M owned (+13%), 578M total (+72%), 1.0 comp/proc
INFO (Carpet): GA: vars: 307, pts: 1M active, 1M total (+0%)
INFO (Carpet): Total required memory: 4.610 GByte (for GAs and currently active GFs)
INFO (Carpet): Load balance:  min     avg     max     sdv     max/avg-1
INFO (Carpet): Level  0:       7M      9M     11M      1M owned     24%
INFO (Carpet): Level  1:      10M     12M     14M      1M owned     14%
INFO (CartGrid3D): Grid Spacings:
INFO (CartGrid3D): dx=>3.2000000e-01  dy=>3.2000000e-01  dz=>3.2000000e-01
INFO (CartGrid3D): Computational Coordinates:
INFO (CartGrid3D): x=>[-0.960,24.640]  y=>[-0.960,24.640]  z=>[-0.960,24.640]
INFO (CartGrid3D): Indices of Physical Coordinates:
INFO (CartGrid3D): x=>[0,80]  y=>[0,80]  z=>[0,80]
INFO (HRSCCore): Using FD. Method ID = 58.
INFO (TerminationTrigger): Reminding you every 60 minutes about remaining walltime
INFO (Time): Timestep set to 0.08 (courant_static)
INFO (PizzaTOV): PizzaTOV: param_test = 121
5.83346321537961   profile saved to profile.dat
INFO (TerminationTrigger): Reminding you every 60 minutes about remaining walltime
INFO (Time): Timestep set to 0.04 (courant_static)
5.83346321537961   profile saved to profile.dat
Memory statistics from CarpetLib:
   Current number of objects: 768
   Current allocated memory:  257 MB
   Maximum number of objects: 772
   Maximum allocated memory:  258 MB
   Current administrative memory: 1.1 MB
   Total allocated used system memory: 14.8 MB
   Total allocated free system memory: 21.8 MB
   gh::allmemory:    123132
   dh::allmemory:    721984
   th::allmemory:    13888
   ggf::allmemory:   189992
   gdata::allmemory: 55208
-----------------------------------------------------------------------------------------------------------------------------------
Iteration      Time |            HYDROBASE::rho |          HYDROBASE::press |            HYDROBASE::eps |      ML_ADMCONSTRAINTS::H
                    |        norm2      maximum |        norm2      maximum |        norm2      maximum |        norm2      maximum
-----------------------------------------------------------------------------------------------------------------------------------
        0     0.000 |    0.0001042    0.0021593 |    0.0000077    0.0002972 |    0.0034412    0.0685922 |    0.0035551    0.2899630
       32     1.280 |    0.0001027    0.0021672 |    0.0000079    0.0003057 |    0.0035510    0.0690978 |    0.0007639    0.0432389
       64     2.560 |    0.0001027    0.0021714 |    0.0000079    0.0003104 |    0.0036103    0.0693762 |    0.0006645    0.0558788
       96     3.840 |    0.0001029    0.0021796 |    0.0000078    0.0003196 |    0.0036747    0.0699203 |    0.0005720    0.0713312
      128     5.120 |    0.0001032    0.0022424 |    0.0000077    0.0003895 |    0.0037385    0.0744668 |    0.0005102    0.1671121
      160     6.400 |    0.0001034    0.0022137 |    0.0000074    0.0003570 |    0.0038727    0.0874783 |    0.0004680    0.0371157
      192     7.680 |    0.0001035    0.0021132 |    0.0000071    0.0002475 |    0.0040552    0.1071527 |    0.0004105    0.0188197
      224     8.960 |    0.0001034    0.0020883 |    0.0000066    0.0002230 |    0.0042940    0.1465959 |    0.0003676    0.0114996
      256    10.240 |    0.0001031    0.0021063 |    0.0000062    0.0002414 |    0.0046910    0.3363394 |    0.0003276    0.0115021
      288    11.520 |    0.0001025    0.0021117 |    0.0000060    0.0002470 |    0.0054569    0.3197303 |    0.0002976    0.0065536
      320    12.800 |    0.0001020    0.0021185 |    0.0000065    0.0002543 |    0.0065618    0.2440578 |    0.0002648    0.0093648
      352    14.080 |    0.0001017    0.0021185 |    0.0000071    0.0002542 |    0.0079122    0.2023674 |    0.0002414    0.0076745
      384    15.360 |    0.0001014    0.0021410 |    0.0000074    0.0002778 |    0.0091524    0.2125792 |    0.0002221    0.0071994
      416    16.640 |    0.0001011    0.0022471 |    0.0000075    0.0003946 |    0.0101658    0.2878428 |    0.0002033    0.0067681
      448    17.920 |    0.0001008    0.0022399 |    0.0000072    0.0003873 |    0.0110077    0.3526823 |    0.0001878    0.0063885
      480    19.200 |    0.0001003    0.0021161 |    0.0000068    0.0002507 |    0.0117680    0.2753029 |    0.0001745    0.0059934
      512    20.480 |    0.0000998    0.0020860 |    0.0000063    0.0002196 |    0.0124830    0.2618253 |    0.0001613    0.0057248
      544    21.760 |    0.0000993    0.0021112 |    0.0000057    0.0002460 |    0.0130777    0.2448262 |    0.0001527    0.0055204
      576    23.040 |    0.0000987    0.0020961 |    0.0000054    0.0002303 |    0.0135456    0.2654672 |    0.0001423    0.0056082
      608    24.320 |    0.0000984    0.0020812 |    0.0000056    0.0002144 |    0.0139765    0.2226421 |    0.0001340    0.0051318
-----------------------------------------------------------------------------------------------------------------------------------
Iteration      Time |            HYDROBASE::rho |          HYDROBASE::press |            HYDROBASE::eps |      ML_ADMCONSTRAINTS::H
                    |        norm2      maximum |        norm2      maximum |        norm2      maximum |        norm2      maximum
-----------------------------------------------------------------------------------------------------------------------------------
      640    25.600 |    0.0000983    0.0020675 |    0.0000059    0.0001995 |    0.0144248    0.2045486 |    0.0001244    0.0048534
      672    26.880 |    0.0000982    0.0021106 |    0.0000061    0.0002448 |    0.0148869    0.2071639 |    0.0001170    0.0046945
      704    28.160 |    0.0000983    0.0023679 |    0.0000063    0.0005343 |    0.0153376    0.1675337 |    0.0001098    0.0046255
      736    29.440 |    0.0000984    0.0021394 |    0.0000063    0.0002761 |    0.0157637    0.1351978 |    0.0001036    0.0042425
      768    30.720 |    0.0000986    0.0020801 |    0.0000063    0.0002129 |    0.0161821    0.1542248 |    0.0000982    0.0041109
      800    32.000 |    0.0000987    0.0021064 |    0.0000061    0.0002408 |    0.0165585    0.2278220 |    0.0000929    0.0041835
      832    33.280 |    0.0000988    0.0021214 |    0.0000058    0.0002570 |    0.0168872    0.2596724 |    0.0000894    0.0039060
      864    34.560 |    0.0000989    0.0021092 |    0.0000058    0.0002438 |    0.0172867    0.3098443 |    0.0000857    0.0038539
      896    35.840 |    0.0000991    0.0020973 |    0.0000060    0.0002314 |    0.0180071    0.4034830 |    0.0000818    0.0038087
      928    37.120 |    0.0000994    0.0020759 |    0.0000062    0.0002083 |    0.0193181    0.4135104 |    0.0000778    0.0035624
      960    38.400 |    0.0000998    0.0021408 |    0.0000064    0.0002777 |    0.0208200    0.4216855 |    0.0000746    0.0036181
      992    39.680 |    0.0001002    0.0021957 |    0.0000066    0.0003377 |    0.0221133    0.3996568 |    0.0000717    0.0035124
     1024    40.960 |    0.0001007    0.0021067 |    0.0000068    0.0002406 |    0.0234009    0.3149245 |    0.0000692    0.0032869
     1056    42.240 |    0.0001012    0.0021058 |    0.0000069    0.0002402 |    0.0245136    0.2826346 |    0.0000665    0.0034849
     1088    43.520 |    0.0001016    0.0021365 |    0.0000069    0.0002736 |    0.0253919    0.2791321 |    0.0000647    0.0033014
     1120    44.800 |    0.0001019    0.0021602 |    0.0000069    0.0002987 |    0.0261945    0.2226319 |    0.0000634    0.0031670
     1152    46.080 |    0.0001021    0.0021408 |    0.0000070    0.0002781 |    0.0273860    0.2410412 |    0.0000612    0.0030902
     1184    47.360 |    0.0001023    0.0021227 |    0.0000072    0.0002584 |    0.0292061    0.2717101 |    0.0000594    0.0029302
     1216    48.640 |    0.0001024    0.0021118 |    0.0000072    0.0002461 |    0.0314231    0.2825214 |    0.0000580    0.0029777
     1248    49.920 |    0.0001025    0.0021797 |    0.0000072    0.0003203 |    0.0328786    0.2846631 |    0.0000569    0.0028718
-----------------------------------------------------------------------------------------------------------------------------------
Iteration      Time |            HYDROBASE::rho |          HYDROBASE::press |            HYDROBASE::eps |      ML_ADMCONSTRAINTS::H
                    |        norm2      maximum |        norm2      maximum |        norm2      maximum |        norm2      maximum
-----------------------------------------------------------------------------------------------------------------------------------
     1280    51.200 |    0.0001025    0.0021695 |    0.0000072    0.0003089 |    0.0333452    0.2661716 |    0.0000557    0.0029030
     1312    52.480 |    0.0001024    0.0021103 |    0.0000072    0.0002445 |    0.0339176    0.2531466 |    0.0000546    0.0027828
     1344    53.760 |    0.0001023    0.0021148 |    0.0000072    0.0002498 |    0.0351030    0.2593000 |    0.0000531    0.0026487
     1376    55.040 |    0.0001022    0.0021421 |    0.0000071    0.0002795 |    0.0365273    0.2727993 |    0.0000518    0.0026688
     1408    56.320 |    0.0001019    0.0021583 |    0.0000070    0.0002966 |    0.0379201    0.3005800 |    0.0000512    0.0026925
     1440    57.600 |    0.0001016    0.0021445 |    0.0000070    0.0002820 |    0.0388401    0.3038714 |    0.0000501    0.0026025
     1472    58.880 |    0.0001013    0.0021241 |    0.0000070    0.0002599 |    0.0394146    0.2998559 |    0.0000491    0.0025787
     1504    60.160 |    0.0001009    0.0021054 |    0.0000069    0.0002393 |    0.0395720    0.3287369 |    0.0000484    0.0025823
     1536    61.440 |    0.0001005    0.0021558 |    0.0000067    0.0002939 |    0.0388786    0.3346630 |    0.0000477    0.0024609
     1568    62.720 |    0.0001001    0.0021490 |    0.0000066    0.0002867 |    0.0373257    0.3331316 |    0.0000469    0.0023976
     1600    64.000 |    0.0000997    0.0020960 |    0.0000065    0.0002298 |    0.0353731    0.3275959 |    0.0000461    0.0023612
     1632    65.280 |    0.0000994    0.0020959 |    0.0000064    0.0002298 |    0.0334296    0.3003539 |    0.0000455    0.0023697
     1664    66.560 |    0.0000990    0.0021176 |    0.0000063    0.0002528 |    0.0315567    0.2757006 |    0.0000447    0.0022380
     1696    67.840 |    0.0000987    0.0021349 |    0.0000062    0.0002720 |    0.0296147    0.2693484 |    0.0000444    0.0022144
     1728    69.120 |    0.0000984    0.0021125 |    0.0000062    0.0002473 |    0.0274040    0.2393448 |    0.0000439    0.0021542
     1760    70.400 |    0.0000982    0.0020848 |    0.0000061    0.0002185 |    0.0247797    0.2164520 |    0.0000431    0.0021813
     1792    71.680 |    0.0000980    0.0021041 |    0.0000061    0.0002384 |    0.0219597    0.1850184 |    0.0000424    0.0021283
     1824    72.960 |    0.0000978    0.0021385 |    0.0000060    0.0002757 |    0.0195317    0.1605358 |    0.0000419    0.0020590
     1856    74.240 |    0.0000977    0.0021034 |    0.0000060    0.0002375 |    0.0180016    0.1665689 |    0.0000414    0.0020145
     1888    75.520 |    0.0000976    0.0020832 |    0.0000060    0.0002169 |    0.0173995    0.2081588 |    0.0000409    0.0020728
-----------------------------------------------------------------------------------------------------------------------------------
Iteration      Time |            HYDROBASE::rho |          HYDROBASE::press |            HYDROBASE::eps |      ML_ADMCONSTRAINTS::H
                    |        norm2      maximum |        norm2      maximum |        norm2      maximum |        norm2      maximum
-----------------------------------------------------------------------------------------------------------------------------------
     1920    76.800 |    0.0000976    0.0021028 |    0.0000059    0.0002370 |    0.0173655    0.2103630 |    0.0000401    0.0020029
     1952    78.080 |    0.0000976    0.0021114 |    0.0000059    0.0002461 |    0.0177340    0.1865336 |    0.0000397    0.0019861
     1984    79.360 |    0.0000976    0.0021129 |    0.0000059    0.0002477 |    0.0183584    0.1769496 |    0.0000394    0.0019468
     2016    80.640 |    0.0000977    0.0021010 |    0.0000060    0.0002352 |    0.0192596    0.1817736 |    0.0000387    0.0019414
     2048    81.920 |    0.0000979    0.0020840 |    0.0000061    0.0002174 |    0.0201986    0.2769314 |    0.0000381    0.0018957
     2080    83.200 |    0.0000980    0.0021193 |    0.0000061    0.0002547 |    0.0211352    0.4345910 |    0.0000378    0.0018734
     2112    84.480 |    0.0000982    0.0021247 |    0.0000061    0.0002605 |    0.0220694    0.3628978 |    0.0000374    0.0018388
     2144    85.760 |    0.0000984    0.0021041 |    0.0000062    0.0002384 |    0.0230553    0.3256623 |    0.0000369    0.0018347
     2176    87.040 |    0.0000987    0.0020990 |    0.0000063    0.0002331 |    0.0240521    0.2872785 |    0.0000365    0.0018233
     2208    88.320 |    0.0000989    0.0021174 |    0.0000063    0.0002525 |    0.0250303    0.2554588 |    0.0000360    0.0018201
     2240    89.600 |    0.0000992    0.0021262 |    0.0000064    0.0002622 |    0.0260720    0.2341867 |    0.0000357    0.0017832
     2272    90.880 |    0.0000995    0.0021222 |    0.0000065    0.0002577 |    0.0270395    0.2403045 |    0.0000354    0.0017591
     2304    92.160 |    0.0000997    0.0021030 |    0.0000066    0.0002370 |    0.0278965    0.2170410 |    0.0000350    0.0017251
     2336    93.440 |    0.0001000    0.0021215 |    0.0000067    0.0002569 |    0.0287502    0.1824541 |    0.0000345    0.0017504
     2368    94.720 |    0.0001002    0.0021415 |    0.0000067    0.0002788 |    0.0294164    0.1748086 |    0.0000341    0.0017486
     2400    96.000 |    0.0001004    0.0021314 |    0.0000068    0.0002677 |    0.0298616    0.1750240 |    0.0000336    0.0016819
     2432    97.280 |    0.0001006    0.0021195 |    0.0000069    0.0002548 |    0.0301268    0.1855975 |    0.0000333    0.0016812
     2464    98.560 |    0.0001007    0.0021244 |    0.0000069    0.0002602 |    0.0301170    0.1958411 |    0.0000328    0.0016619
     2496    99.840 |    0.0001008    0.0021404 |    0.0000069    0.0002776 |    0.0300324    0.1963588 |    0.0000326    0.0016360
     2528   101.120 |    0.0001008    0.0021430 |    0.0000069    0.0002804 |    0.0299664    0.1925378 |    0.0000325    0.0016896
-----------------------------------------------------------------------------------------------------------------------------------
Iteration      Time |            HYDROBASE::rho |          HYDROBASE::press |            HYDROBASE::eps |      ML_ADMCONSTRAINTS::H
                    |        norm2      maximum |        norm2      maximum |        norm2      maximum |        norm2      maximum
-----------------------------------------------------------------------------------------------------------------------------------
     2560   102.400 |    0.0001008    0.0021307 |    0.0000069    0.0002672 |    0.0300376    0.2010855 |    0.0000322    0.0015973
     2592   103.680 |    0.0001007    0.0021191 |    0.0000069    0.0002544 |    0.0303170    0.2166642 |    0.0000318    0.0015811
     2624   104.960 |    0.0001006    0.0021296 |    0.0000069    0.0002660 |    0.0304813    0.2224585 |    0.0000315    0.0015457
     2656   106.240 |    0.0001005    0.0021427 |    0.0000068    0.0002800 |    0.0301695    0.2255904 |    0.0000314    0.0015745
     2688   107.520 |    0.0001003    0.0021289 |    0.0000068    0.0002652 |    0.0295145    0.2256082 |    0.0000313    0.0015381
     2720   108.800 |    0.0001000    0.0021188 |    0.0000068    0.0002540 |    0.0283673    0.2318579 |    0.0000311    0.0015503
     2752   110.080 |    0.0000998    0.0021199 |    0.0000067    0.0002552 |    0.0267662    0.2308783 |    0.0000307    0.0014926
     2784   111.360 |    0.0000995    0.0021262 |    0.0000066    0.0002622 |    0.0252036    0.2351202 |    0.0000305    0.0014635
     2816   112.640 |    0.0000992    0.0021310 |    0.0000065    0.0002675 |    0.0228022    0.2311845 |    0.0000304    0.0015082
     2848   113.920 |    0.0000989    0.0021078 |    0.0000065    0.0002422 |    0.0197868    0.2378675 |    0.0000302    0.0014653
     2880   115.200 |    0.0000986    0.0021122 |    0.0000064    0.0002469 |    0.0166641    0.2233789 |    0.0000300    0.0014594
     2912   116.480 |    0.0000983    0.0021150 |    0.0000063    0.0002499 |    0.0142664    0.2061132 |    0.0000299    0.0014323
     2944   117.760 |    0.0000980    0.0021193 |    0.0000062    0.0002545 |    0.0125248    0.1900600 |    0.0000297    0.0015080
     2976   119.040 |    0.0000978    0.0021072 |    0.0000062    0.0002417 |    0.0113240    0.1531375 |    0.0000293    0.0014226
     3008   120.320 |    0.0000975    0.0021032 |    0.0000061    0.0002374 |    0.0104977    0.0679539 |    0.0000291    0.0014116
     3040   121.600 |    0.0000973    0.0021049 |    0.0000060    0.0002393 |    0.0098319    0.0678507 |    0.0000289    0.0013964
     3072   122.880 |    0.0000971    0.0021087 |    0.0000060    0.0002432 |    0.0093035    0.0678705 |    0.0000286    0.0014013
     3104   124.160 |    0.0000970    0.0021031 |    0.0000060    0.0002373 |    0.0088999    0.0677378 |    0.0000284    0.0013994
     3136   125.440 |    0.0000969    0.0020929 |    0.0000060    0.0002268 |    0.0085924    0.0676311 |    0.0000282    0.0013711
     3168   126.720 |    0.0000968    0.0021038 |    0.0000060    0.0002380 |    0.0083539    0.0678020 |    0.0000279    0.0013417
-----------------------------------------------------------------------------------------------------------------------------------
Iteration      Time |            HYDROBASE::rho |          HYDROBASE::press |            HYDROBASE::eps |      ML_ADMCONSTRAINTS::H
                    |        norm2      maximum |        norm2      maximum |        norm2      maximum |        norm2      maximum
-----------------------------------------------------------------------------------------------------------------------------------
     3200   128.000 |    0.0000968    0.0021115 |    0.0000059    0.0002462 |    0.0081662    0.0675886 |    0.0000277    0.0013099
     3232   129.280 |    0.0000968    0.0021028 |    0.0000059    0.0002370 |    0.0080224    0.0674258 |    0.0000277    0.0012891
     3264   130.560 |    0.0000968    0.0020986 |    0.0000060    0.0002326 |    0.0079204    0.0675212 |    0.0000274    0.0012927
     3296   131.840 |    0.0000969    0.0021001 |    0.0000059    0.0002342 |    0.0078568    0.0677202 |    0.0000272    0.0012616
     3328   133.120 |    0.0000969    0.0021037 |    0.0000060    0.0002379 |    0.0078284    0.0678864 |    0.0000270    0.0012722
     3360   134.400 |    0.0000970    0.0021094 |    0.0000060    0.0002439 |    0.0078148    0.0680422 |    0.0000269    0.0012678
     3392   135.680 |    0.0000972    0.0020984 |    0.0000060    0.0002324 |    0.0078227    0.0682553 |    0.0000267    0.0012665
     3424   136.960 |    0.0000973    0.0021042 |    0.0000061    0.0002384 |    0.0078519    0.0685216 |    0.0000264    0.0012583
     3456   138.240 |    0.0000975    0.0021142 |    0.0000062    0.0002490 |    0.0078929    0.0687777 |    0.0000262    0.0012587
     3488   139.520 |    0.0000977    0.0021126 |    0.0000062    0.0002474 |    0.0079372    0.0690246 |    0.0000261    0.0012520
     3520   140.800 |    0.0000979    0.0021102 |    0.0000063    0.0002448 |    0.0079811    0.0693020 |    0.0000260    0.0012436
     3552   142.080 |    0.0000981    0.0021110 |    0.0000063    0.0002457 |    0.0080270    0.0695526 |    0.0000257    0.0012297
     3584   143.360 |    0.0000983    0.0021129 |    0.0000063    0.0002477 |    0.0080769    0.0698748 |    0.0000256    0.0012177
     3616   144.640 |    0.0000985    0.0021228 |    0.0000064    0.0002583 |    0.0081284    0.0704315 |    0.0000253    0.0012482
     3648   145.920 |    0.0000987    0.0021144 |    0.0000065    0.0002493 |    0.0081808    0.0708502 |    0.0000252    0.0012030
     3680   147.200 |    0.0000989    0.0021147 |    0.0000065    0.0002496 |    0.0082318    0.0709488 |    0.0000251    0.0011866
     3712   148.480 |    0.0000990    0.0021245 |    0.0000066    0.0002602 |    0.0082809    0.0711245 |    0.0000249    0.0012108
     3744   149.760 |    0.0000992    0.0021258 |    0.0000066    0.0002617 |    0.0083284    0.0712721 |    0.0000248    0.0011776
     3776   151.040 |    0.0000993    0.0021256 |    0.0000067    0.0002614 |    0.0083760    0.0714047 |    0.0000247    0.0011591
     3808   152.320 |    0.0000994    0.0021226 |    0.0000067    0.0002581 |    0.0084226    0.0715271 |    0.0000245    0.0011292
-----------------------------------------------------------------------------------------------------------------------------------
Iteration      Time |            HYDROBASE::rho |          HYDROBASE::press |            HYDROBASE::eps |      ML_ADMCONSTRAINTS::H
                    |        norm2      maximum |        norm2      maximum |        norm2      maximum |        norm2      maximum
-----------------------------------------------------------------------------------------------------------------------------------
     3840   153.600 |    0.0000994    0.0021253 |    0.0000067    0.0002611 |    0.0084693    0.0716386 |    0.0000243    0.0011240
     3872   154.880 |    0.0000994    0.0021294 |    0.0000067    0.0002657 |    0.0085152    0.0717363 |    0.0000243    0.0011203
     3904   156.160 |    0.0000994    0.0021270 |    0.0000067    0.0002630 |    0.0085605    0.0720834 |    0.0000241    0.0011207
     3936   157.440 |    0.0000993    0.0021223 |    0.0000067    0.0002578 |    0.0086045    0.0726251 |    0.0000240    0.0011066
     3968   158.720 |    0.0000992    0.0021213 |    0.0000067    0.0002567 |    0.0086504    0.0731504 |    0.0000239    0.0010997
     4000   160.000 |    0.0000991    0.0021280 |    0.0000066    0.0002641 |    0.0087033    0.0735391 |    0.0000237    0.0010913
     4032   161.280 |    0.0000989    0.0021234 |    0.0000066    0.0002590 |    0.0087687    0.0739572 |    0.0000237    0.0010923
     4064   162.560 |    0.0000988    0.0021205 |    0.0000066    0.0002559 |    0.0088518    0.0743056 |    0.0000237    0.0010864
     4096   163.840 |    0.0000986    0.0021181 |    0.0000065    0.0002533 |    0.0089543    0.0746330 |    0.0000235    0.0010633
     4128   165.120 |    0.0000984    0.0021163 |    0.0000065    0.0002513 |    0.0090659    0.0748814 |    0.0000235    0.0010825
     4160   166.400 |    0.0000982    0.0021197 |    0.0000064    0.0002550 |    0.0091759    0.0750622 |    0.0000233    0.0010792
     4192   167.680 |    0.0000979    0.0021151 |    0.0000064    0.0002500 |    0.0092780    0.0751195 |    0.0000233    0.0010894
     4224   168.960 |    0.0000977    0.0021133 |    0.0000063    0.0002480 |    0.0093724    0.0751102 |    0.0000230    0.0010982
     4256   170.240 |    0.0000975    0.0021129 |    0.0000063    0.0002476 |    0.0094604    0.0751595 |    0.0000230    0.0010913
     4288   171.520 |    0.0000973    0.0021104 |    0.0000062    0.0002449 |    0.0095398    0.0750978 |    0.0000230    0.0010606
     4320   172.800 |    0.0000971    0.0021048 |    0.0000061    0.0002389 |    0.0096110    0.0751178 |    0.0000228    0.0011120
     4352   174.080 |    0.0000969    0.0021094 |    0.0000061    0.0002439 |    0.0096766    0.0750666 |    0.0000226    0.0010757
     4384   175.360 |    0.0000967    0.0021033 |    0.0000061    0.0002375 |    0.0097380    0.0754842 |    0.0000225    0.0010585
     4416   176.640 |    0.0000966    0.0021025 |    0.0000060    0.0002366 |    0.0097962    0.0758262 |    0.0000224    0.0010958
     4448   177.920 |    0.0000964    0.0021074 |    0.0000060    0.0002418 |    0.0098477    0.0734476 |    0.0000223    0.0010493
-----------------------------------------------------------------------------------------------------------------------------------
Iteration      Time |            HYDROBASE::rho |          HYDROBASE::press |            HYDROBASE::eps |      ML_ADMCONSTRAINTS::H
                    |        norm2      maximum |        norm2      maximum |        norm2      maximum |        norm2      maximum
-----------------------------------------------------------------------------------------------------------------------------------
     4480   179.200 |    0.0000963    0.0021039 |    0.0000060    0.0002381 |    0.0098883    0.0711090 |    0.0000221    0.0010382
     4512   180.480 |    0.0000962    0.0021053 |    0.0000060    0.0002396 |    0.0099187    0.0711521 |    0.0000220    0.0010562
     4544   181.760 |    0.0000962    0.0021033 |    0.0000059    0.0002374 |    0.0099423    0.0711484 |    0.0000220    0.0010253
     4576   183.040 |    0.0000961    0.0021024 |    0.0000059    0.0002366 |    0.0099609    0.0712995 |    0.0000218    0.0010221
     4608   184.320 |    0.0000961    0.0021016 |    0.0000059    0.0002357 |    0.0099755    0.0715843 |    0.0000217    0.0010416
     4640   185.600 |    0.0000961    0.0020989 |    0.0000059    0.0002329 |    0.0099861    0.0717413 |    0.0000215    0.0010182
     4672   186.880 |    0.0000962    0.0021013 |    0.0000059    0.0002354 |    0.0099948    0.0720055 |    0.0000215    0.0010288
     4704   188.160 |    0.0000962    0.0021064 |    0.0000060    0.0002407 |    0.0100010    0.0723419 |    0.0000213    0.0010142
     4736   189.440 |    0.0000963    0.0021038 |    0.0000060    0.0002380 |    0.0100030    0.0727690 |    0.0000212    0.0010117
     4768   190.720 |    0.0000964    0.0021042 |    0.0000060    0.0002384 |    0.0100000    0.0730775 |    0.0000211    0.0009998
     4800   192.000 |    0.0000965    0.0021040 |    0.0000060    0.0002382 |    0.0099912    0.0732940 |    0.0000210    0.0009974
     4832   193.280 |    0.0000966    0.0021065 |    0.0000061    0.0002408 |    0.0099783    0.0736716 |    0.0000209    0.0009909
     4864   194.560 |    0.0000968    0.0021071 |    0.0000061    0.0002415 |    0.0099629    0.0742208 |    0.0000208    0.0009826
     4896   195.840 |    0.0000969    0.0021068 |    0.0000061    0.0002412 |    0.0099430    0.0746114 |    0.0000206    0.0009789
     4928   197.120 |    0.0000971    0.0021087 |    0.0000062    0.0002431 |    0.0099191    0.0749209 |    0.0000205    0.0009701
     4960   198.400 |    0.0000972    0.0021131 |    0.0000062    0.0002478 |    0.0098916    0.0752775 |    0.0000205    0.0009753
     4992   199.680 |    0.0000974    0.0021119 |    0.0000063    0.0002465 |    0.0098604    0.0758146 |    0.0000203    0.0009649
     5024   200.960 |    0.0000975    0.0021121 |    0.0000063    0.0002467 |    0.0098245    0.0764581 |    0.0000203    0.0009529
     5056   202.240 |    0.0000977    0.0021128 |    0.0000064    0.0002475 |    0.0097831    0.0768491 |    0.0000202    0.0009575
     5088   203.520 |    0.0000978    0.0021195 |    0.0000064    0.0002548 |    0.0097366    0.0771272 |    0.0000201    0.0009363
-----------------------------------------------------------------------------------------------------------------------------------
Iteration      Time |            HYDROBASE::rho |          HYDROBASE::press |            HYDROBASE::eps |      ML_ADMCONSTRAINTS::H
                    |        norm2      maximum |        norm2      maximum |        norm2      maximum |        norm2      maximum
-----------------------------------------------------------------------------------------------------------------------------------
     5120   204.800 |    0.0000980    0.0021166 |    0.0000064    0.0002516 |    0.0096864    0.0772520 |    0.0000200    0.0009589
     5152   206.080 |    0.0000981    0.0021187 |    0.0000065    0.0002538 |    0.0096339    0.0774962 |    0.0000199    0.0009237
     5184   207.360 |    0.0000982    0.0021178 |    0.0000065    0.0002528 |    0.0095804    0.0778609 |    0.0000198    0.0009129
     5216   208.640 |    0.0000982    0.0021242 |    0.0000065    0.0002598 |    0.0095257    0.0781232 |    0.0000197    0.0009167
     5248   209.920 |    0.0000983    0.0021189 |    0.0000065    0.0002540 |    0.0094710    0.0783937 |    0.0000197    0.0009013
     5280   211.200 |    0.0000983    0.0021179 |    0.0000065    0.0002529 |    0.0094166    0.0787119 |    0.0000196    0.0009076
     5312   212.480 |    0.0000982    0.0021172 |    0.0000065    0.0002521 |    0.0093644    0.0789669 |    0.0000196    0.0008873
     5344   213.760 |    0.0000982    0.0021199 |    0.0000065    0.0002552 |    0.0093156    0.0791718 |    0.0000195    0.0008955
     5376   215.040 |    0.0000981    0.0021195 |    0.0000065    0.0002547 |    0.0092700    0.0793344 |    0.0000195    0.0008918
     5408   216.320 |    0.0000980    0.0021191 |    0.0000065    0.0002542 |    0.0092272    0.0794604 |    0.0000194    0.0008819
     5440   217.600 |    0.0000979    0.0021171 |    0.0000065    0.0002521 |    0.0091884    0.0795782 |    0.0000193    0.0008831
     5472   218.880 |    0.0000978    0.0021186 |    0.0000064    0.0002537 |    0.0091556    0.0797257 |    0.0000192    0.0008625
     5504   220.160 |    0.0000976    0.0021159 |    0.0000064    0.0002508 |    0.0091313    0.0801375 |    0.0000192    0.0008605
     5536   221.440 |    0.0000975    0.0021146 |    0.0000064    0.0002495 |    0.0091185    0.0803380 |    0.0000191    0.0008553
     5568   222.720 |    0.0000973    0.0021118 |    0.0000063    0.0002464 |    0.0091189    0.0804249 |    0.0000191    0.0008596
     5600   224.000 |    0.0000971    0.0021138 |    0.0000063    0.0002485 |    0.0091342    0.0807504 |    0.0000191    0.0008617
     5632   225.280 |    0.0000970    0.0021123 |    0.0000062    0.0002469 |    0.0091614    0.0810170 |    0.0000189    0.0008322
     5664   226.560 |    0.0000968    0.0021108 |    0.0000062    0.0002454 |    0.0091975    0.0814313 |    0.0000188    0.0008651
     5696   227.840 |    0.0000966    0.0021089 |    0.0000062    0.0002434 |    0.0092366    0.0817201 |    0.0000188    0.0008834
     5728   229.120 |    0.0000964    0.0021096 |    0.0000061    0.0002441 |    0.0092782    0.0822110 |    0.0000188    0.0008961
-----------------------------------------------------------------------------------------------------------------------------------
Iteration      Time |            HYDROBASE::rho |          HYDROBASE::press |            HYDROBASE::eps |      ML_ADMCONSTRAINTS::H
                    |        norm2      maximum |        norm2      maximum |        norm2      maximum |        norm2      maximum
-----------------------------------------------------------------------------------------------------------------------------------
     5760   230.400 |    0.0000962    0.0021031 |    0.0000061    0.0002371 |    0.0093230    0.0824281 |    0.0000187    0.0008486
     5792   231.680 |    0.0000961    0.0021068 |    0.0000060    0.0002411 |    0.0093690    0.0833371 |    0.0000186    0.0008389
     5824   232.960 |    0.0000959    0.0021045 |    0.0000060    0.0002387 |    0.0094158    0.0832669 |    0.0000185    0.0008629
     5856   234.240 |    0.0000958    0.0021002 |    0.0000059    0.0002342 |    0.0094611    0.0833834 |    0.0000184    0.0008285
     5888   235.520 |    0.0000957    0.0021028 |    0.0000059    0.0002369 |    0.0095044    0.0836118 |    0.0000183    0.0008249
     5920   236.800 |    0.0000956    0.0021018 |    0.0000059    0.0002358 |    0.0095460    0.0839904 |    0.0000182    0.0008310
     5952   238.080 |    0.0000956    0.0021013 |    0.0000059    0.0002354 |    0.0095836    0.0837295 |    0.0000182    0.0008176
     5984   239.360 |    0.0000955    0.0021018 |    0.0000059    0.0002358 |    0.0096171    0.0838594 |    0.0000181    0.0008197
     6016   240.640 |    0.0000955    0.0020967 |    0.0000059    0.0002306 |    0.0096470    0.0840950 |    0.0000180    0.0008365
     6048   241.920 |    0.0000955    0.0021030 |    0.0000059    0.0002371 |    0.0096741    0.0841816 |    0.0000180    0.0008645
     6080   243.200 |    0.0000955    0.0021045 |    0.0000059    0.0002386 |    0.0097004    0.0844044 |    0.0000179    0.0008143
     6112   244.480 |    0.0000955    0.0020980 |    0.0000059    0.0002319 |    0.0097271    0.0845759 |    0.0000178    0.0008248
     6144   245.760 |    0.0000955    0.0021006 |    0.0000059    0.0002346 |    0.0097511    0.0847306 |    0.0000177    0.0008172
     6176   247.040 |    0.0000956    0.0021022 |    0.0000059    0.0002363 |    0.0097719    0.0847829 |    0.0000177    0.0008077
     6208   248.320 |    0.0000956    0.0021031 |    0.0000059    0.0002372 |    0.0097886    0.0848229 |    0.0000176    0.0008062
     6240   249.600 |    0.0000957    0.0021027 |    0.0000060    0.0002368 |    0.0098018    0.0849441 |    0.0000175    0.0008088
     6272   250.880 |    0.0000958    0.0021005 |    0.0000060    0.0002345 |    0.0098125    0.0849938 |    0.0000174    0.0007959
     6304   252.160 |    0.0000959    0.0021056 |    0.0000060    0.0002398 |    0.0098208    0.0850112 |    0.0000174    0.0007954
     6336   253.440 |    0.0000960    0.0021068 |    0.0000060    0.0002411 |    0.0098266    0.0850286 |    0.0000173    0.0007933
     6368   254.720 |    0.0000961    0.0021037 |    0.0000061    0.0002378 |    0.0098304    0.0850327 |    0.0000172    0.0007882
Memory statistics from CarpetLib:
   Current number of objects: 768
   Current allocated memory:  257 MB
   Maximum number of objects: 772
   Maximum allocated memory:  258 MB
   Current administrative memory: 1.1 MB
   Total allocated used system memory: 55.4 MB
   Total allocated free system memory: 14.2 MB
   gh::allmemory:    123132
   dh::allmemory:    721984
   th::allmemory:    13888
   ggf::allmemory:   189992
   gdata::allmemory: 55208
-----------------------------------------------------------------------------------------------------------------------------------
Iteration      Time |            HYDROBASE::rho |          HYDROBASE::press |            HYDROBASE::eps |      ML_ADMCONSTRAINTS::H
                    |        norm2      maximum |        norm2      maximum |        norm2      maximum |        norm2      maximum
-----------------------------------------------------------------------------------------------------------------------------------
     6400   256.000 |    0.0000963    0.0021067 |    0.0000061    0.0002409 |    0.0098324    0.0850630 |    0.0000172    0.0007789
     6432   257.280 |    0.0000964    0.0021095 |    0.0000061    0.0002439 |    0.0098323    0.0850587 |    0.0000171    0.0007867
     6464   258.560 |    0.0000965    0.0021099 |    0.0000062    0.0002444 |    0.0098303    0.0850611 |    0.0000171    0.0007763
     6496   259.840 |    0.0000966    0.0021086 |    0.0000062    0.0002430 |    0.0098268    0.0851095 |    0.0000170    0.0007701
     6528   261.120 |    0.0000967    0.0021092 |    0.0000062    0.0002436 |    0.0098220    0.0855618 |    0.0000169    0.0007803
     6560   262.400 |    0.0000968    0.0021121 |    0.0000063    0.0002466 |    0.0098162    0.0856074 |    0.0000168    0.0007753
INFO (CarpetIOHDF5): ---------------------------------------------------------
INFO (CarpetIOHDF5): Dumping periodic checkpoint at iteration 6579, simulation time 263.16
INFO (CarpetIOHDF5): ---------------------------------------------------------
     6592   263.680 |    0.0000969    0.0021134 |    0.0000063    0.0002481 |    0.0098093    0.0857827 |    0.0000168    0.0007662
     6624   264.960 |    0.0000970    0.0021142 |    0.0000063    0.0002489 |    0.0098016    0.0862715 |    0.0000168    0.0007803
     6656   266.240 |    0.0000971    0.0021135 |    0.0000064    0.0002482 |    0.0097930    0.0864259 |    0.0000167    0.0007705
     6688   267.520 |    0.0000971    0.0021153 |    0.0000064    0.0002501 |    0.0097843    0.0864434 |    0.0000166    0.0007813
     6720   268.800 |    0.0000971    0.0021158 |    0.0000064    0.0002506 |    0.0097755    0.0864249 |    0.0000165    0.0007722
     6752   270.080 |    0.0000971    0.0021147 |    0.0000064    0.0002495 |    0.0097675    0.0863537 |    0.0000165    0.0007600
     6784   271.360 |    0.0000971    0.0021141 |    0.0000064    0.0002488 |    0.0097603    0.0862799 |    0.0000164    0.0007564
     6816   272.640 |    0.0000971    0.0021141 |    0.0000064    0.0002488 |    0.0097540    0.0861735 |    0.0000164    0.0007543
     6848   273.920 |    0.0000970    0.0021145 |    0.0000064    0.0002492 |    0.0097488    0.0860524 |    0.0000164    0.0007511
     6880   275.200 |    0.0000970    0.0021151 |    0.0000063    0.0002499 |    0.0097452    0.0859280 |    0.0000163    0.0007462
     6912   276.480 |    0.0000969    0.0021130 |    0.0000063    0.0002476 |    0.0097439    0.0857537 |    0.0000163    0.0007385
     6944   277.760 |    0.0000968    0.0021131 |    0.0000063    0.0002477 |    0.0097460    0.0855697 |    0.0000163    0.0007338
     6976   279.040 |    0.0000967    0.0021119 |    0.0000063    0.0002464 |    0.0097519    0.0853923 |    0.0000163    0.0007261
     7008   280.320 |    0.0000965    0.0021111 |    0.0000062    0.0002456 |    0.0097613    0.0851572 |    0.0000162    0.0007235
-----------------------------------------------------------------------------------------------------------------------------------
Iteration      Time |            HYDROBASE::rho |          HYDROBASE::press |            HYDROBASE::eps |      ML_ADMCONSTRAINTS::H
                    |        norm2      maximum |        norm2      maximum |        norm2      maximum |        norm2      maximum
-----------------------------------------------------------------------------------------------------------------------------------
     7040   281.600 |    0.0000964    0.0021102 |    0.0000062    0.0002446 |    0.0097757    0.0849389 |    0.0000162    0.0007231
     7072   282.880 |    0.0000962    0.0021098 |    0.0000062    0.0002442 |    0.0098019    0.0847744 |    0.0000162    0.0007573
     7104   284.160 |    0.0000961    0.0021082 |    0.0000062    0.0002425 |    0.0098411    0.0846260 |    0.0000162    0.0007313
     7136   285.440 |    0.0000959    0.0021088 |    0.0000061    0.0002431 |    0.0098868    0.0844034 |    0.0000160    0.0007398
     7168   286.720 |    0.0000958    0.0021077 |    0.0000061    0.0002420 |    0.0099329    0.0841270 |    0.0000161    0.0007223
     7200   288.000 |    0.0000956    0.0021044 |    0.0000060    0.0002385 |    0.0099763    0.0837424 |    0.0000160    0.0007251
     7232   289.280 |    0.0000955    0.0021044 |    0.0000060    0.0002385 |    0.0100174    0.0828689 |    0.0000159    0.0007478
     7264   290.560 |    0.0000953    0.0020998 |    0.0000060    0.0002337 |    0.0100571    0.0820661 |    0.0000159    0.0007543
     7296   291.840 |    0.0000952    0.0021050 |    0.0000059    0.0002392 |    0.0100953    0.0811221 |    0.0000159    0.0007262
     7328   293.120 |    0.0000951    0.0020992 |    0.0000059    0.0002331 |    0.0101319    0.0809772 |    0.0000157    0.0007211
     7360   294.400 |    0.0000949    0.0021009 |    0.0000059    0.0002349 |    0.0101668    0.0811117 |    0.0000157    0.0008130
     7392   295.680 |    0.0000948    0.0020978 |    0.0000059    0.0002317 |    0.0101994    0.0802816 |    0.0000157    0.0007227
     7424   296.960 |    0.0000948    0.0021041 |    0.0000058    0.0002382 |    0.0102298    0.0798311 |    0.0000156    0.0007388
     7456   298.240 |    0.0000947    0.0021003 |    0.0000058    0.0002342 |    0.0102579    0.0796749 |    0.0000156    0.0007325
     7488   299.520 |    0.0000946    0.0020930 |    0.0000058    0.0002268 |    0.0102837    0.0794467 |    0.0000156    0.0007220
     7520   300.800 |    0.0000946    0.0020968 |    0.0000058    0.0002307 |    0.0103083    0.0791094 |    0.0000155    0.0007138
     7552   302.080 |    0.0000946    0.0020971 |    0.0000058    0.0002309 |    0.0103335    0.0787185 |    0.0000155    0.0007130
     7584   303.360 |    0.0000946    0.0020976 |    0.0000058    0.0002315 |    0.0103563    0.0784794 |    0.0000153    0.0007225
     7616   304.640 |    0.0000946    0.0020962 |    0.0000058    0.0002300 |    0.0103772    0.0782995 |    0.0000153    0.0007250
     7648   305.920 |    0.0000946    0.0020964 |    0.0000058    0.0002303 |    0.0103958    0.0779850 |    0.0000152    0.0007229
-----------------------------------------------------------------------------------------------------------------------------------
Iteration      Time |            HYDROBASE::rho |          HYDROBASE::press |            HYDROBASE::eps |      ML_ADMCONSTRAINTS::H
                    |        norm2      maximum |        norm2      maximum |        norm2      maximum |        norm2      maximum
-----------------------------------------------------------------------------------------------------------------------------------
     7680   307.200 |    0.0000946    0.0021002 |    0.0000058    0.0002341 |    0.0104130    0.0776722 |    0.0000152    0.0007290
     7712   308.480 |    0.0000947    0.0021006 |    0.0000058    0.0002345 |    0.0104284    0.0774336 |    0.0000152    0.0007175
     7744   309.760 |    0.0000947    0.0020961 |    0.0000059    0.0002300 |    0.0104415    0.0772277 |    0.0000152    0.0007245
     7776   311.040 |    0.0000948    0.0020994 |    0.0000059    0.0002333 |    0.0104523    0.0769425 |    0.0000151    0.0007162
     7808   312.320 |    0.0000949    0.0020998 |    0.0000059    0.0002337 |    0.0104607    0.0767025 |    0.0000151    0.0007127
     7840   313.600 |    0.0000950    0.0021010 |    0.0000059    0.0002350 |    0.0104671    0.0767507 |    0.0000150    0.0007061
     7872   314.880 |    0.0000951    0.0021009 |    0.0000059    0.0002348 |    0.0104717    0.0771765 |    0.0000150    0.0006983
     7904   316.160 |    0.0000952    0.0021025 |    0.0000060    0.0002365 |    0.0104742    0.0770825 |    0.0000149    0.0007211
     7936   317.440 |    0.0000953    0.0021034 |    0.0000060    0.0002375 |    0.0104745    0.0770214 |    0.0000149    0.0006967
     7968   318.720 |    0.0000954    0.0021067 |    0.0000060    0.0002409 |    0.0104728    0.0769141 |    0.0000148    0.0006984
     8000   320.000 |    0.0000955    0.0021045 |    0.0000061    0.0002387 |    0.0104693    0.0768588 |    0.0000148    0.0006814
     8032   321.280 |    0.0000956    0.0021057 |    0.0000061    0.0002399 |    0.0104647    0.0769294 |    0.0000147    0.0006983
     8064   322.560 |    0.0000957    0.0021071 |    0.0000061    0.0002413 |    0.0104591    0.0769686 |    0.0000147    0.0007011
     8096   323.840 |    0.0000958    0.0021078 |    0.0000061    0.0002421 |    0.0104529    0.0770690 |    0.0000146    0.0006918
     8128   325.120 |    0.0000959    0.0021086 |    0.0000062    0.0002430 |    0.0104463    0.0775399 |    0.0000146    0.0006928
     8160   326.400 |    0.0000959    0.0021080 |    0.0000062    0.0002423 |    0.0104396    0.0776483 |    0.0000146    0.0006851
     8192   327.680 |    0.0000960    0.0021095 |    0.0000062    0.0002439 |    0.0104326    0.0777196 |    0.0000145    0.0006741
     8224   328.960 |    0.0000960    0.0021105 |    0.0000062    0.0002450 |    0.0104251    0.0777688 |    0.0000145    0.0006887
     8256   330.240 |    0.0000961    0.0021089 |    0.0000062    0.0002433 |    0.0104179    0.0778002 |    0.0000145    0.0006712
     8288   331.520 |    0.0000961    0.0021111 |    0.0000062    0.0002456 |    0.0104112    0.0778623 |    0.0000145    0.0006847
-----------------------------------------------------------------------------------------------------------------------------------
Iteration      Time |            HYDROBASE::rho |          HYDROBASE::press |            HYDROBASE::eps |      ML_ADMCONSTRAINTS::H
                    |        norm2      maximum |        norm2      maximum |        norm2      maximum |        norm2      maximum
-----------------------------------------------------------------------------------------------------------------------------------
     8320   332.800 |    0.0000961    0.0021097 |    0.0000062    0.0002441 |    0.0104058    0.0778874 |    0.0000145    0.0007009
     8352   334.080 |    0.0000961    0.0021092 |    0.0000062    0.0002435 |    0.0104030    0.0779332 |    0.0000144    0.0006952
     8384   335.360 |    0.0000960    0.0021133 |    0.0000062    0.0002480 |    0.0104025    0.0779825 |    0.0000144    0.0006939
     8416   336.640 |    0.0000960    0.0021104 |    0.0000062    0.0002448 |    0.0104031    0.0780240 |    0.0000144    0.0006957
     8448   337.920 |    0.0000959    0.0021111 |    0.0000062    0.0002455 |    0.0104042    0.0780731 |    0.0000143    0.0008626
     8480   339.200 |    0.0000958    0.0021084 |    0.0000062    0.0002427 |    0.0104059    0.0781077 |    0.0000143    0.0006808
     8512   340.480 |    0.0000957    0.0021091 |    0.0000062    0.0002435 |    0.0104091    0.0781270 |    0.0000143    0.0006772
     8544   341.760 |    0.0000956    0.0021083 |    0.0000061    0.0002426 |    0.0104146    0.0781377 |    0.0000143    0.0006741
     8576   343.040 |    0.0000955    0.0021061 |    0.0000061    0.0002403 |    0.0104230    0.0781472 |    0.0000143    0.0006601
     8608   344.320 |    0.0000954    0.0021048 |    0.0000061    0.0002389 |    0.0104345    0.0781598 |    0.0000143    0.0006798
     8640   345.600 |    0.0000953    0.0021058 |    0.0000061    0.0002400 |    0.0104478    0.0780663 |    0.0000143    0.0006686
     8672   346.880 |    0.0000952    0.0021050 |    0.0000060    0.0002391 |    0.0104621    0.0780430 |    0.0000143    0.0006717
     8704   348.160 |    0.0000950    0.0021040 |    0.0000060    0.0002381 |    0.0104767    0.0780690 |    0.0000141    0.0006542
     8736   349.440 |    0.0000949    0.0021044 |    0.0000060    0.0002385 |    0.0104927    0.0780657 |    0.0000142    0.0006841
     8768   350.720 |    0.0000948    0.0021020 |    0.0000060    0.0002361 |    0.0105098    0.0773719 |    0.0000142    0.0006837
     8800   352.000 |    0.0000946    0.0021027 |    0.0000059    0.0002367 |    0.0105274    0.0772847 |    0.0000141    0.0006696
     8832   353.280 |    0.0000945    0.0020952 |    0.0000059    0.0002290 |    0.0105453    0.0772305 |    0.0000141    0.0006639
     8864   354.560 |    0.0000944    0.0020993 |    0.0000059    0.0002332 |    0.0105633    0.0772031 |    0.0000139    0.0006682
     8896   355.840 |    0.0000943    0.0021012 |    0.0000058    0.0002352 |    0.0105813    0.0771567 |    0.0000140    0.0006750
     8928   357.120 |    0.0000942    0.0020908 |    0.0000058    0.0002245 |    0.0105988    0.0771780 |    0.0000139    0.0006688
-----------------------------------------------------------------------------------------------------------------------------------
Iteration      Time |            HYDROBASE::rho |          HYDROBASE::press |            HYDROBASE::eps |      ML_ADMCONSTRAINTS::H
                    |        norm2      maximum |        norm2      maximum |        norm2      maximum |        norm2      maximum
-----------------------------------------------------------------------------------------------------------------------------------
     8960   358.400 |    0.0000941    0.0021013 |    0.0000058    0.0002353 |    0.0106164    0.0771920 |    0.0000140    0.0006575
     8992   359.680 |    0.0000940    0.0020943 |    0.0000058    0.0002281 |    0.0106341    0.0772106 |    0.0000139    0.0006569
     9024   360.960 |    0.0000939    0.0020956 |    0.0000058    0.0002294 |    0.0106520    0.0770464 |    0.0000137    0.0006550
     9056   362.240 |    0.0000939    0.0020972 |    0.0000057    0.0002310 |    0.0106704    0.0765781 |    0.0000137    0.0006797
     9088   363.520 |    0.0000938    0.0020925 |    0.0000057    0.0002262 |    0.0106896    0.0766288 |    0.0000137    0.0006710
     9120   364.800 |    0.0000938    0.0020970 |    0.0000057    0.0002309 |    0.0107089    0.0766704 |    0.0000137    0.0006638
     9152   366.080 |    0.0000938    0.0020958 |    0.0000057    0.0002296 |    0.0107273    0.0767063 |    0.0000137    0.0006617
     9184   367.360 |    0.0000938    0.0020932 |    0.0000057    0.0002269 |    0.0107458    0.0767575 |    0.0000136    0.0006493
     9216   368.640 |    0.0000938    0.0020951 |    0.0000057    0.0002289 |    0.0107653    0.0768215 |    0.0000136    0.0006523
     9248   369.920 |    0.0000938    0.0020956 |    0.0000057    0.0002294 |    0.0107829    0.0768651 |    0.0000135    0.0006514
     9280   371.200 |    0.0000939    0.0020953 |    0.0000057    0.0002291 |    0.0108010    0.0769367 |    0.0000135    0.0006419
     9312   372.480 |    0.0000939    0.0020942 |    0.0000058    0.0002280 |    0.0108183    0.0770162 |    0.0000134    0.0006347
     9344   373.760 |    0.0000940    0.0020960 |    0.0000058    0.0002298 |    0.0108339    0.0770778 |    0.0000134    0.0006324
     9376   375.040 |    0.0000940    0.0020983 |    0.0000058    0.0002321 |    0.0108483    0.0771276 |    0.0000134    0.0006280
     9408   376.320 |    0.0000941    0.0020964 |    0.0000058    0.0002303 |    0.0108611    0.0771722 |    0.0000133    0.0006258
     9440   377.600 |    0.0000942    0.0020960 |    0.0000058    0.0002298 |    0.0108716    0.0772111 |    0.0000133    0.0006199
     9472   378.880 |    0.0000942    0.0020991 |    0.0000059    0.0002330 |    0.0108799    0.0772683 |    0.0000132    0.0006109
     9504   380.160 |    0.0000943    0.0020996 |    0.0000059    0.0002336 |    0.0108861    0.0773202 |    0.0000131    0.0006066
     9536   381.440 |    0.0000944    0.0021003 |    0.0000059    0.0002342 |    0.0108903    0.0773770 |    0.0000131    0.0006066
     9568   382.720 |    0.0000945    0.0021001 |    0.0000059    0.0002341 |    0.0108926    0.0774435 |    0.0000131    0.0006036
-----------------------------------------------------------------------------------------------------------------------------------
Iteration      Time |            HYDROBASE::rho |          HYDROBASE::press |            HYDROBASE::eps |      ML_ADMCONSTRAINTS::H
                    |        norm2      maximum |        norm2      maximum |        norm2      maximum |        norm2      maximum
-----------------------------------------------------------------------------------------------------------------------------------
     9600   384.000 |    0.0000946    0.0021004 |    0.0000059    0.0002344 |    0.0108932    0.0775012 |    0.0000131    0.0006086
     9632   385.280 |    0.0000947    0.0021021 |    0.0000060    0.0002361 |    0.0108927    0.0775625 |    0.0000130    0.0006055
     9664   386.560 |    0.0000947    0.0021022 |    0.0000060    0.0002362 |    0.0108911    0.0776215 |    0.0000129    0.0006063
     9696   387.840 |    0.0000948    0.0021025 |    0.0000060    0.0002365 |    0.0108884    0.0781994 |    0.0000130    0.0006046
     9728   389.120 |    0.0000949    0.0021043 |    0.0000060    0.0002384 |    0.0108855    0.0783775 |    0.0000129    0.0006077
     9760   390.400 |    0.0000950    0.0021034 |    0.0000060    0.0002374 |    0.0108827    0.0784082 |    0.0000129    0.0006096
     9792   391.680 |    0.0000950    0.0021019 |    0.0000061    0.0002359 |    0.0108798    0.0784533 |    0.0000128    0.0006193
     9824   392.960 |    0.0000951    0.0021058 |    0.0000061    0.0002400 |    0.0108773    0.0784917 |    0.0000128    0.0006061
     9856   394.240 |    0.0000951    0.0021078 |    0.0000061    0.0002420 |    0.0108751    0.0785569 |    0.0000128    0.0006007
     9888   395.520 |    0.0000952    0.0021075 |    0.0000061    0.0002418 |    0.0108727    0.0786087 |    0.0000127    0.0005951
     9920   396.800 |    0.0000952    0.0021065 |    0.0000061    0.0002407 |    0.0108698    0.0786470 |    0.0000127    0.0005985
     9952   398.080 |    0.0000952    0.0021057 |    0.0000061    0.0002399 |    0.0108670    0.0787017 |    0.0000127    0.0006017
     9984   399.360 |    0.0000952    0.0021076 |    0.0000061    0.0002418 |    0.0108648    0.0787582 |    0.0000126    0.0005933
    10016   400.640 |    0.0000951    0.0021060 |    0.0000061    0.0002402 |    0.0108640    0.0788004 |    0.0000126    0.0005877
    10048   401.920 |    0.0000951    0.0021049 |    0.0000061    0.0002390 |    0.0108659    0.0788248 |    0.0000126    0.0005899
    10080   403.200 |    0.0000950    0.0021063 |    0.0000061    0.0002405 |    0.0108718    0.0788448 |    0.0000126    0.0005786
    10112   404.480 |    0.0000950    0.0021057 |    0.0000061    0.0002399 |    0.0108822    0.0788609 |    0.0000126    0.0005837
    10144   405.760 |    0.0000949    0.0021051 |    0.0000061    0.0002392 |    0.0108954    0.0788786 |    0.0000126    0.0005752
    10176   407.040 |    0.0000948    0.0021047 |    0.0000060    0.0002388 |    0.0109108    0.0788856 |    0.0000126    0.0005743
    10208   408.320 |    0.0000947    0.0021029 |    0.0000060    0.0002370 |    0.0109275    0.0788810 |    0.0000126    0.0005700
-----------------------------------------------------------------------------------------------------------------------------------
Iteration      Time |            HYDROBASE::rho |          HYDROBASE::press |            HYDROBASE::eps |      ML_ADMCONSTRAINTS::H
                    |        norm2      maximum |        norm2      maximum |        norm2      maximum |        norm2      maximum
-----------------------------------------------------------------------------------------------------------------------------------
    10240   409.600 |    0.0000946    0.0021032 |    0.0000060    0.0002372 |    0.0109453    0.0788787 |    0.0000125    0.0005745
    10272   410.880 |    0.0000945    0.0021019 |    0.0000060    0.0002359 |    0.0109623    0.0788754 |    0.0000125    0.0005620
    10304   412.160 |    0.0000944    0.0021012 |    0.0000059    0.0002352 |    0.0109788    0.0788586 |    0.0000126    0.0005908
    10336   413.440 |    0.0000943    0.0021015 |    0.0000059    0.0002355 |    0.0109944    0.0787322 |    0.0000125    0.0005625
    10368   414.720 |    0.0000942    0.0021002 |    0.0000059    0.0002341 |    0.0110094    0.0787127 |    0.0000124    0.0005516
    10400   416.000 |    0.0000941    0.0020972 |    0.0000059    0.0002310 |    0.0110239    0.0786894 |    0.0000125    0.0005580
    10432   417.280 |    0.0000940    0.0021014 |    0.0000059    0.0002354 |    0.0110382    0.0786393 |    0.0000124    0.0005624
    10464   418.560 |    0.0000938    0.0020993 |    0.0000058    0.0002332 |    0.0110524    0.0781631 |    0.0000124    0.0005834
    10496   419.840 |    0.0000937    0.0020951 |    0.0000058    0.0002289 |    0.0110661    0.0780486 |    0.0000124    0.0005674
    10528   421.120 |    0.0000936    0.0020972 |    0.0000058    0.0002310 |    0.0110791    0.0780276 |    0.0000124    0.0005806
    10560   422.400 |    0.0000935    0.0020953 |    0.0000058    0.0002290 |    0.0110913    0.0780930 |    0.0000122    0.0005657
    10592   423.680 |    0.0000935    0.0020943 |    0.0000057    0.0002280 |    0.0111028    0.0781777 |    0.0000122    0.0005576
    10624   424.960 |    0.0000934    0.0020937 |    0.0000057    0.0002274 |    0.0111137    0.0782447 |    0.0000122    0.0005759
    10656   426.240 |    0.0000933    0.0020948 |    0.0000057    0.0002286 |    0.0111244    0.0780994 |    0.0000122    0.0005821
    10688   427.520 |    0.0000933    0.0020940 |    0.0000057    0.0002277 |    0.0111351    0.0781646 |    0.0000122    0.0005542
    10720   428.800 |    0.0000932    0.0020923 |    0.0000057    0.0002260 |    0.0111464    0.0783023 |    0.0000121    0.0005576
    10752   430.080 |    0.0000932    0.0020921 |    0.0000057    0.0002259 |    0.0111596    0.0784333 |    0.0000122    0.0005594
    10784   431.360 |    0.0000932    0.0020929 |    0.0000057    0.0002267 |    0.0111729    0.0785752 |    0.0000121    0.0005505
    10816   432.640 |    0.0000932    0.0020915 |    0.0000057    0.0002252 |    0.0111851    0.0786718 |    0.0000121    0.0005504
    10848   433.920 |    0.0000932    0.0020944 |    0.0000057    0.0002281 |    0.0111960    0.0787401 |    0.0000121    0.0005557
-----------------------------------------------------------------------------------------------------------------------------------
Iteration      Time |            HYDROBASE::rho |          HYDROBASE::press |            HYDROBASE::eps |      ML_ADMCONSTRAINTS::H
                    |        norm2      maximum |        norm2      maximum |        norm2      maximum |        norm2      maximum
-----------------------------------------------------------------------------------------------------------------------------------
    10880   435.200 |    0.0000932    0.0020915 |    0.0000057    0.0002252 |    0.0112060    0.0788095 |    0.0000120    0.0005516
    10912   436.480 |    0.0000932    0.0020937 |    0.0000057    0.0002275 |    0.0112148    0.0789005 |    0.0000120    0.0005508
    10944   437.760 |    0.0000932    0.0020930 |    0.0000057    0.0002267 |    0.0112229    0.0790368 |    0.0000120    0.0005478
    10976   439.040 |    0.0000932    0.0020944 |    0.0000057    0.0002282 |    0.0112306    0.0791592 |    0.0000119    0.0005439
    11008   440.320 |    0.0000933    0.0020927 |    0.0000057    0.0002265 |    0.0112377    0.0793165 |    0.0000119    0.0005454
    11040   441.600 |    0.0000933    0.0020933 |    0.0000057    0.0002271 |    0.0112444    0.0794630 |    0.0000118    0.0005417
    11072   442.880 |    0.0000934    0.0020943 |    0.0000057    0.0002281 |    0.0112508    0.0796041 |    0.0000118    0.0005421
    11104   444.160 |    0.0000935    0.0020962 |    0.0000058    0.0002299 |    0.0112566    0.0797561 |    0.0000118    0.0005380
    11136   445.440 |    0.0000935    0.0020950 |    0.0000058    0.0002287 |    0.0112616    0.0799086 |    0.0000117    0.0005398
    11168   446.720 |    0.0000936    0.0020965 |    0.0000058    0.0002303 |    0.0112656    0.0800555 |    0.0000117    0.0005402
    11200   448.000 |    0.0000937    0.0020973 |    0.0000058    0.0002312 |    0.0112686    0.0801896 |    0.0000116    0.0005381
    11232   449.280 |    0.0000938    0.0020979 |    0.0000058    0.0002317 |    0.0112704    0.0803150 |    0.0000116    0.0005367
    11264   450.560 |    0.0000939    0.0020983 |    0.0000059    0.0002321 |    0.0112712    0.0804389 |    0.0000116    0.0005374
    11296   451.840 |    0.0000939    0.0020985 |    0.0000059    0.0002324 |    0.0112719    0.0805637 |    0.0000116    0.0005358
    11328   453.120 |    0.0000940    0.0020996 |    0.0000059    0.0002335 |    0.0112721    0.0806770 |    0.0000115    0.0005451
    11360   454.400 |    0.0000941    0.0020998 |    0.0000059    0.0002337 |    0.0112710    0.0808075 |    0.0000115    0.0005329
    11392   455.680 |    0.0000941    0.0021010 |    0.0000059    0.0002349 |    0.0112691    0.0809267 |    0.0000115    0.0005523
    11424   456.960 |    0.0000942    0.0021011 |    0.0000060    0.0002350 |    0.0112670    0.0811107 |    0.0000115    0.0005325
    11456   458.240 |    0.0000943    0.0021028 |    0.0000060    0.0002368 |    0.0112649    0.0812625 |    0.0000114    0.0005215
    11488   459.520 |    0.0000943    0.0021016 |    0.0000060    0.0002356 |    0.0112629    0.0813614 |    0.0000114    0.0005242
-----------------------------------------------------------------------------------------------------------------------------------
Iteration      Time |            HYDROBASE::rho |          HYDROBASE::press |            HYDROBASE::eps |      ML_ADMCONSTRAINTS::H
                    |        norm2      maximum |        norm2      maximum |        norm2      maximum |        norm2      maximum
-----------------------------------------------------------------------------------------------------------------------------------
    11520   460.800 |    0.0000943    0.0021034 |    0.0000060    0.0002374 |    0.0112607    0.0815090 |    0.0000114    0.0005189
    11552   462.080 |    0.0000944    0.0021042 |    0.0000060    0.0002383 |    0.0112585    0.0816481 |    0.0000114    0.0005133
    11584   463.360 |    0.0000944    0.0021026 |    0.0000060    0.0002366 |    0.0112564    0.0817787 |    0.0000113    0.0005278
    11616   464.640 |    0.0000944    0.0021030 |    0.0000060    0.0002370 |    0.0112548    0.0818788 |    0.0000113    0.0005210
    11648   465.920 |    0.0000943    0.0021031 |    0.0000060    0.0002372 |    0.0112538    0.0819525 |    0.0000113    0.0005066
    11680   467.200 |    0.0000943    0.0021035 |    0.0000060    0.0002375 |    0.0112535    0.0819890 |    0.0000113    0.0005104
    11712   468.480 |    0.0000943    0.0021027 |    0.0000060    0.0002367 |    0.0112539    0.0820615 |    0.0000113    0.0005141
    11744   469.760 |    0.0000942    0.0021022 |    0.0000060    0.0002362 |    0.0112555    0.0820991 |    0.0000113    0.0005071
    11776   471.040 |    0.0000942    0.0021017 |    0.0000060    0.0002357 |    0.0112586    0.0821149 |    0.0000113    0.0005049
    11808   472.320 |    0.0000941    0.0021021 |    0.0000060    0.0002360 |    0.0112627    0.0820990 |    0.0000113    0.0005042
    11840   473.600 |    0.0000940    0.0021007 |    0.0000059    0.0002347 |    0.0112674    0.0842131 |    0.0000113    0.0005027
    11872   474.880 |    0.0000939    0.0021000 |    0.0000059    0.0002339 |    0.0112727    0.0820456 |    0.0000113    0.0005000
    11904   476.160 |    0.0000938    0.0020995 |    0.0000059    0.0002334 |    0.0112783    0.0820109 |    0.0000113    0.0004985
    11936   477.440 |    0.0000938    0.0020992 |    0.0000059    0.0002331 |    0.0112845    0.0819856 |    0.0000113    0.0004973
    11968   478.720 |    0.0000937    0.0020987 |    0.0000059    0.0002325 |    0.0112911    0.0821249 |    0.0000112    0.0006500
    12000   480.000 |    0.0000936    0.0020980 |    0.0000059    0.0002318 |    0.0112984    0.0821210 |    0.0000112    0.0005017
    12032   481.280 |    0.0000935    0.0020989 |    0.0000058    0.0002327 |    0.0113065    0.0820017 |    0.0000112    0.0004938
    12064   482.560 |    0.0000934    0.0020985 |    0.0000058    0.0002324 |    0.0113156    0.0818905 |    0.0000112    0.0005088
    12096   483.840 |    0.0000933    0.0020938 |    0.0000058    0.0002275 |    0.0113251    0.0818176 |    0.0000112    0.0005033
    12128   485.120 |    0.0000932    0.0020951 |    0.0000058    0.0002288 |    0.0113347    0.0817464 |    0.0000112    0.0005074
-----------------------------------------------------------------------------------------------------------------------------------
Iteration      Time |            HYDROBASE::rho |          HYDROBASE::press |            HYDROBASE::eps |      ML_ADMCONSTRAINTS::H
                    |        norm2      maximum |        norm2      maximum |        norm2      maximum |        norm2      maximum
-----------------------------------------------------------------------------------------------------------------------------------
    12160   486.400 |    0.0000931    0.0020942 |    0.0000057    0.0002280 |    0.0113444    0.0818319 |    0.0000111    0.0005049
    12192   487.680 |    0.0000930    0.0020940 |    0.0000057    0.0002278 |    0.0113539    0.0817629 |    0.0000111    0.0005078
    12224   488.960 |    0.0000929    0.0020908 |    0.0000057    0.0002245 |    0.0113632    0.0801919 |    0.0000110    0.0004998
    12256   490.240 |    0.0000928    0.0020952 |    0.0000057    0.0002290 |    0.0113722    0.0799746 |    0.0000111    0.0005016
    12288   491.520 |    0.0000927    0.0020901 |    0.0000057    0.0002238 |    0.0113805    0.0798734 |    0.0000110    0.0004912
    12320   492.800 |    0.0000926    0.0020941 |    0.0000057    0.0002279 |    0.0113889    0.0798054 |    0.0000110    0.0005054
    12352   494.080 |    0.0000926    0.0020881 |    0.0000056    0.0002218 |    0.0113991    0.0795663 |    0.0000110    0.0004897
    12384   495.360 |    0.0000925    0.0020923 |    0.0000056    0.0002261 |    0.0114119    0.0795370 |    0.0000109    0.0004979
    12416   496.640 |    0.0000925    0.0020889 |    0.0000056    0.0002226 |    0.0114261    0.0794846 |    0.0000109    0.0004965
    12448   497.920 |    0.0000924    0.0020896 |    0.0000056    0.0002233 |    0.0114398    0.0794606 |    0.0000108    0.0004928
    12480   499.200 |    0.0000924    0.0020905 |    0.0000056    0.0002243 |    0.0114526    0.0794529 |    0.0000108    0.0004952
    12512   500.480 |    0.0000924    0.0020915 |    0.0000056    0.0002253 |    0.0114644    0.0794515 |    0.0000108    0.0004884
    12544   501.760 |    0.0000924    0.0020896 |    0.0000056    0.0002233 |    0.0114752    0.0794531 |    0.0000108    0.0004899
    12576   503.040 |    0.0000924    0.0020905 |    0.0000056    0.0002242 |    0.0114849    0.0794442 |    0.0000108    0.0004874
    12608   504.320 |    0.0000924    0.0020895 |    0.0000056    0.0002232 |    0.0114936    0.0795033 |    0.0000108    0.0004881
    12640   505.600 |    0.0000924    0.0020892 |    0.0000056    0.0002230 |    0.0115013    0.0795650 |    0.0000108    0.0004836
    12672   506.880 |    0.0000925    0.0020902 |    0.0000056    0.0002239 |    0.0115079    0.0796420 |    0.0000107    0.0005005
    12704   508.160 |    0.0000925    0.0020906 |    0.0000056    0.0002243 |    0.0115134    0.0797445 |    0.0000107    0.0004844
    12736   509.440 |    0.0000926    0.0020921 |    0.0000056    0.0002259 |    0.0115182    0.0798355 |    0.0000107    0.0004838
    12768   510.720 |    0.0000926    0.0020921 |    0.0000057    0.0002259 |    0.0115223    0.0799106 |    0.0000107    0.0004813
Memory statistics from CarpetLib:
   Current number of objects: 768
   Current allocated memory:  257 MB
   Maximum number of objects: 772
   Maximum allocated memory:  258 MB
   Current administrative memory: 1.1 MB
   Total allocated used system memory: 55.4 MB
   Total allocated free system memory: 23 MB
   gh::allmemory:    123132
   dh::allmemory:    721984
   th::allmemory:    13888
   ggf::allmemory:   189992
   gdata::allmemory: 55208
-----------------------------------------------------------------------------------------------------------------------------------
Iteration      Time |            HYDROBASE::rho |          HYDROBASE::press |            HYDROBASE::eps |      ML_ADMCONSTRAINTS::H
                    |        norm2      maximum |        norm2      maximum |        norm2      maximum |        norm2      maximum
-----------------------------------------------------------------------------------------------------------------------------------
    12800   512.000 |    0.0000927    0.0020918 |    0.0000057    0.0002256 |    0.0115262    0.0799815 |    0.0000106    0.0004799
    12832   513.280 |    0.0000927    0.0020922 |    0.0000057    0.0002260 |    0.0115295    0.0800461 |    0.0000106    0.0004756
    12864   514.560 |    0.0000928    0.0020927 |    0.0000057    0.0002265 |    0.0115318    0.0801819 |    0.0000106    0.0004743
    12896   515.840 |    0.0000929    0.0020930 |    0.0000057    0.0002268 |    0.0115337    0.0801590 |    0.0000106    0.0004976
    12928   517.120 |    0.0000929    0.0020938 |    0.0000057    0.0002276 |    0.0115354    0.0802222 |    0.0000106    0.0004698
INFO (CarpetIOHDF5): ---------------------------------------------------------
INFO (CarpetIOHDF5): Dumping periodic checkpoint at iteration 12943, simulation time 517.72
INFO (CarpetIOHDF5): ---------------------------------------------------------
    12960   518.400 |    0.0000930    0.0020943 |    0.0000058    0.0002281 |    0.0115360    0.0802932 |    0.0000105    0.0004702
    12992   519.680 |    0.0000931    0.0020950 |    0.0000058    0.0002288 |    0.0115358    0.0803749 |    0.0000105    0.0004825
    13024   520.960 |    0.0000932    0.0020969 |    0.0000058    0.0002307 |    0.0115348    0.0805827 |    0.0000105    0.0004670
    13056   522.240 |    0.0000932    0.0020963 |    0.0000058    0.0002301 |    0.0115329    0.0807919 |    0.0000105    0.0004718
    13088   523.520 |    0.0000933    0.0020967 |    0.0000058    0.0002305 |    0.0115300    0.0808998 |    0.0000105    0.0004617
    13120   524.800 |    0.0000933    0.0020975 |    0.0000058    0.0002314 |    0.0115266    0.0808870 |    0.0000105    0.0004758
    13152   526.080 |    0.0000934    0.0020966 |    0.0000059    0.0002304 |    0.0115227    0.0809449 |    0.0000104    0.0004721
    13184   527.360 |    0.0000934    0.0020984 |    0.0000059    0.0002324 |    0.0115187    0.0810478 |    0.0000104    0.0004718
    13216   528.640 |    0.0000935    0.0020981 |    0.0000059    0.0002320 |    0.0115147    0.0811252 |    0.0000104    0.0004676
    13248   529.920 |    0.0000935    0.0021001 |    0.0000059    0.0002341 |    0.0115108    0.0812090 |    0.0000104    0.0004788
    13280   531.200 |    0.0000935    0.0020991 |    0.0000059    0.0002331 |    0.0115069    0.0812804 |    0.0000103    0.0004691
    13312   532.480 |    0.0000935    0.0020981 |    0.0000059    0.0002320 |    0.0115033    0.0813212 |    0.0000103    0.0004573
    13344   533.760 |    0.0000935    0.0020998 |    0.0000059    0.0002338 |    0.0115003    0.0813577 |    0.0000103    0.0004849
    13376   535.040 |    0.0000935    0.0020986 |    0.0000059    0.0002325 |    0.0114978    0.0814067 |    0.0000103    0.0004625
    13408   536.320 |    0.0000934    0.0020984 |    0.0000059    0.0002323 |    0.0114951    0.0814494 |    0.0000103    0.0004550
-----------------------------------------------------------------------------------------------------------------------------------
Iteration      Time |            HYDROBASE::rho |          HYDROBASE::press |            HYDROBASE::eps |      ML_ADMCONSTRAINTS::H
                    |        norm2      maximum |        norm2      maximum |        norm2      maximum |        norm2      maximum
-----------------------------------------------------------------------------------------------------------------------------------
    13440   537.600 |    0.0000934    0.0020991 |    0.0000059    0.0002330 |    0.0114923    0.0815017 |    0.0000103    0.0004549
    13472   538.880 |    0.0000934    0.0020982 |    0.0000059    0.0002321 |    0.0114893    0.0815452 |    0.0000103    0.0004576
    13504   540.160 |    0.0000933    0.0020991 |    0.0000059    0.0002331 |    0.0114861    0.0815862 |    0.0000103    0.0004551
    13536   541.440 |    0.0000933    0.0020979 |    0.0000059    0.0002319 |    0.0114829    0.0816651 |    0.0000103    0.0004567
    13568   542.720 |    0.0000932    0.0020971 |    0.0000058    0.0002310 |    0.0114800    0.0817160 |    0.0000103    0.0004584
    13600   544.000 |    0.0000931    0.0020968 |    0.0000058    0.0002307 |    0.0114776    0.0817752 |    0.0000103    0.0004566
    13632   545.280 |    0.0000931    0.0020959 |    0.0000058    0.0002298 |    0.0114760    0.0818360 |    0.0000103    0.0004568
    13664   546.560 |    0.0000930    0.0020955 |    0.0000058    0.0002294 |    0.0114749    0.0819001 |    0.0000103    0.0004541
    13696   547.840 |    0.0000929    0.0020953 |    0.0000058    0.0002292 |    0.0114744    0.0819712 |    0.0000103    0.0004529
    13728   549.120 |    0.0000928    0.0020949 |    0.0000058    0.0002288 |    0.0114745    0.0819879 |    0.0000103    0.0004605
    13760   550.400 |    0.0000927    0.0020947 |    0.0000058    0.0002286 |    0.0114752    0.0819580 |    0.0000102    0.0004674
    13792   551.680 |    0.0000926    0.0020944 |    0.0000057    0.0002283 |    0.0114764    0.0820444 |    0.0000102    0.0004668
    13824   552.960 |    0.0000925    0.0020932 |    0.0000057    0.0002271 |    0.0114781    0.0821516 |    0.0000102    0.0004677
    13856   554.240 |    0.0000925    0.0020927 |    0.0000057    0.0002265 |    0.0114799    0.0822539 |    0.0000102    0.0004665
    13888   555.520 |    0.0000924    0.0020912 |    0.0000057    0.0002251 |    0.0114816    0.0820950 |    0.0000102    0.0004670
    13920   556.800 |    0.0000923    0.0020906 |    0.0000056    0.0002245 |    0.0114833    0.0819279 |    0.0000101    0.0004609
    13952   558.080 |    0.0000922    0.0020910 |    0.0000056    0.0002249 |    0.0114850    0.0816386 |    0.0000101    0.0004628
    13984   559.360 |    0.0000921    0.0020887 |    0.0000056    0.0002226 |    0.0114865    0.0816675 |    0.0000102    0.0004762
    14016   560.640 |    0.0000920    0.0020899 |    0.0000056    0.0002238 |    0.0114877    0.0817331 |    0.0000101    0.0004987
    14048   561.920 |    0.0000919    0.0020880 |    0.0000056    0.0002218 |    0.0114885    0.0817848 |    0.0000101    0.0004745
-----------------------------------------------------------------------------------------------------------------------------------
Iteration      Time |            HYDROBASE::rho |          HYDROBASE::press |            HYDROBASE::eps |      ML_ADMCONSTRAINTS::H
                    |        norm2      maximum |        norm2      maximum |        norm2      maximum |        norm2      maximum
-----------------------------------------------------------------------------------------------------------------------------------
    14080   563.200 |    0.0000919    0.0020877 |    0.0000056    0.0002215 |    0.0114890    0.0818380 |    0.0000101    0.0004660
    14112   564.480 |    0.0000918    0.0020880 |    0.0000055    0.0002218 |    0.0114903    0.0818286 |    0.0000101    0.0004691
    14144   565.760 |    0.0000918    0.0020863 |    0.0000055    0.0002202 |    0.0114924    0.0819166 |    0.0000100    0.0004753
    14176   567.040 |    0.0000918    0.0020885 |    0.0000055    0.0002223 |    0.0114935    0.0819979 |    0.0000100    0.0004695
    14208   568.320 |    0.0000917    0.0020862 |    0.0000055    0.0002201 |    0.0114932    0.0821152 |    0.0000100    0.0004837
    14240   569.600 |    0.0000917    0.0020886 |    0.0000055    0.0002225 |    0.0114922    0.0821640 |    0.0000100    0.0004611
    14272   570.880 |    0.0000917    0.0020861 |    0.0000055    0.0002199 |    0.0114907    0.0821483 |    0.0000100    0.0004659
    14304   572.160 |    0.0000917    0.0020868 |    0.0000055    0.0002207 |    0.0114893    0.0821652 |    0.0000099    0.0004721
    14336   573.440 |    0.0000917    0.0020875 |    0.0000055    0.0002213 |    0.0114882    0.0821064 |    0.0000099    0.0004644
    14368   574.720 |    0.0000917    0.0020860 |    0.0000055    0.0002198 |    0.0114865    0.0821477 |    0.0000099    0.0004593
    14400   576.000 |    0.0000917    0.0020867 |    0.0000055    0.0002206 |    0.0114843    0.0822374 |    0.0000099    0.0004541
    14432   577.280 |    0.0000917    0.0020875 |    0.0000055    0.0002213 |    0.0114816    0.0823161 |    0.0000099    0.0004605
    14464   578.560 |    0.0000918    0.0020872 |    0.0000055    0.0002210 |    0.0114786    0.0824228 |    0.0000098    0.0004581
    14496   579.840 |    0.0000918    0.0020887 |    0.0000056    0.0002226 |    0.0114755    0.0825670 |    0.0000098    0.0004586
    14528   581.120 |    0.0000919    0.0020878 |    0.0000056    0.0002217 |    0.0114728    0.0827276 |    0.0000098    0.0004579
    14560   582.400 |    0.0000919    0.0020890 |    0.0000056    0.0002229 |    0.0114713    0.0828904 |    0.0000097    0.0004554
    14592   583.680 |    0.0000920    0.0020891 |    0.0000056    0.0002230 |    0.0114706    0.0830132 |    0.0000097    0.0004551
    14624   584.960 |    0.0000920    0.0020897 |    0.0000056    0.0002236 |    0.0114708    0.0830749 |    0.0000097    0.0004546
    14656   586.240 |    0.0000921    0.0020901 |    0.0000056    0.0002240 |    0.0114711    0.0831184 |    0.0000097    0.0004540
    14688   587.520 |    0.0000921    0.0020902 |    0.0000056    0.0002242 |    0.0114713    0.0831580 |    0.0000097    0.0004556
-----------------------------------------------------------------------------------------------------------------------------------
Iteration      Time |            HYDROBASE::rho |          HYDROBASE::press |            HYDROBASE::eps |      ML_ADMCONSTRAINTS::H
                    |        norm2      maximum |        norm2      maximum |        norm2      maximum |        norm2      maximum
-----------------------------------------------------------------------------------------------------------------------------------
    14720   588.800 |    0.0000922    0.0020913 |    0.0000057    0.0002253 |    0.0114708    0.0832035 |    0.0000097    0.0004492
    14752   590.080 |    0.0000923    0.0020910 |    0.0000057    0.0002249 |    0.0114698    0.0832218 |    0.0000096    0.0004525
    14784   591.360 |    0.0000923    0.0020919 |    0.0000057    0.0002259 |    0.0114684    0.0832184 |    0.0000096    0.0004424
    14816   592.640 |    0.0000924    0.0020919 |    0.0000057    0.0002259 |    0.0114670    0.0832309 |    0.0000096    0.0004719
    14848   593.920 |    0.0000924    0.0020926 |    0.0000057    0.0002266 |    0.0114658    0.0832799 |    0.0000096    0.0004924
    14880   595.200 |    0.0000925    0.0020939 |    0.0000057    0.0002279 |    0.0114646    0.0834125 |    0.0000096    0.0004485
    14912   596.480 |    0.0000925    0.0020924 |    0.0000057    0.0002264 |    0.0114630    0.0834462 |    0.0000095    0.0004432
    14944   597.760 |    0.0000925    0.0020933 |    0.0000057    0.0002273 |    0.0114608    0.0834746 |    0.0000095    0.0004365
    14976   599.040 |    0.0000926    0.0020950 |    0.0000058    0.0002291 |    0.0114581    0.0834679 |    0.0000095    0.0004373
    15008   600.320 |    0.0000926    0.0020945 |    0.0000058    0.0002286 |    0.0114551    0.0834485 |    0.0000095    0.0004404
    15040   601.600 |    0.0000926    0.0020950 |    0.0000058    0.0002290 |    0.0114516    0.0833769 |    0.0000094    0.0004335
    15072   602.880 |    0.0000926    0.0020945 |    0.0000058    0.0002286 |    0.0114478    0.0833440 |    0.0000095    0.0004348
    15104   604.160 |    0.0000926    0.0020950 |    0.0000058    0.0002290 |    0.0114431    0.0833888 |    0.0000094    0.0004255
    15136   605.440 |    0.0000926    0.0020949 |    0.0000058    0.0002289 |    0.0114376    0.0834423 |    0.0000094    0.0004232
    15168   606.720 |    0.0000926    0.0020950 |    0.0000058    0.0002291 |    0.0114315    0.0834905 |    0.0000094    0.0004241
    15200   608.000 |    0.0000926    0.0020948 |    0.0000058    0.0002289 |    0.0114250    0.0835337 |    0.0000094    0.0004227
    15232   609.280 |    0.0000926    0.0020943 |    0.0000058    0.0002284 |    0.0114185    0.0835761 |    0.0000093    0.0004220
    15264   610.560 |    0.0000925    0.0020943 |    0.0000058    0.0002283 |    0.0114123    0.0836244 |    0.0000093    0.0004221
    15296   611.840 |    0.0000925    0.0020938 |    0.0000058    0.0002279 |    0.0114070    0.0836734 |    0.0000093    0.0004203
    15328   613.120 |    0.0000924    0.0020935 |    0.0000057    0.0002276 |    0.0114025    0.0837238 |    0.0000093    0.0004203
-----------------------------------------------------------------------------------------------------------------------------------
Iteration      Time |            HYDROBASE::rho |          HYDROBASE::press |            HYDROBASE::eps |      ML_ADMCONSTRAINTS::H
                    |        norm2      maximum |        norm2      maximum |        norm2      maximum |        norm2      maximum
-----------------------------------------------------------------------------------------------------------------------------------
    15360   614.400 |    0.0000924    0.0020933 |    0.0000057    0.0002274 |    0.0113987    0.0837753 |    0.0000093    0.0004208
    15392   615.680 |    0.0000923    0.0020928 |    0.0000057    0.0002269 |    0.0113953    0.0838239 |    0.0000093    0.0004221
    15424   616.960 |    0.0000923    0.0020925 |    0.0000057    0.0002266 |    0.0113920    0.0838704 |    0.0000093    0.0004209
    15456   618.240 |    0.0000922    0.0020922 |    0.0000057    0.0002262 |    0.0113892    0.0839126 |    0.0000093    0.0004218
    15488   619.520 |    0.0000921    0.0020915 |    0.0000057    0.0002255 |    0.0113873    0.0838924 |    0.0000093    0.0004203
    15520   620.800 |    0.0000920    0.0020913 |    0.0000057    0.0002253 |    0.0113863    0.0838686 |    0.0000093    0.0004217
    15552   622.080 |    0.0000920    0.0020905 |    0.0000056    0.0002246 |    0.0113860    0.0838307 |    0.0000093    0.0004214
    15584   623.360 |    0.0000919    0.0020903 |    0.0000056    0.0002243 |    0.0113861    0.0838413 |    0.0000093    0.0004226
    15616   624.640 |    0.0000918    0.0020897 |    0.0000056    0.0002237 |    0.0113872    0.0838459 |    0.0000093    0.0004454
    15648   625.920 |    0.0000917    0.0020889 |    0.0000056    0.0002230 |    0.0113892    0.0837627 |    0.0000093    0.0004287
    15680   627.200 |    0.0000916    0.0020880 |    0.0000056    0.0002220 |    0.0113906    0.0837918 |    0.0000092    0.0004443
    15712   628.480 |    0.0000916    0.0020887 |    0.0000056    0.0002227 |    0.0113910    0.0838653 |    0.0000092    0.0004508
    15744   629.760 |    0.0000915    0.0020866 |    0.0000055    0.0002206 |    0.0113910    0.0838566 |    0.0000092    0.0004287
    15776   631.040 |    0.0000914    0.0020879 |    0.0000055    0.0002219 |    0.0113911    0.0838906 |    0.0000092    0.0004343
    15808   632.320 |    0.0000913    0.0020855 |    0.0000055    0.0002195 |    0.0113911    0.0839305 |    0.0000092    0.0004596
    15840   633.600 |    0.0000913    0.0020862 |    0.0000055    0.0002202 |    0.0113909    0.0838860 |    0.0000092    0.0004306
    15872   634.880 |    0.0000912    0.0020839 |    0.0000055    0.0002177 |    0.0113903    0.0839627 |    0.0000092    0.0004216
    15904   636.160 |    0.0000912    0.0020844 |    0.0000055    0.0002183 |    0.0113895    0.0839777 |    0.0000091    0.0004244
    15936   637.440 |    0.0000911    0.0020857 |    0.0000055    0.0002197 |    0.0113882    0.0839862 |    0.0000091    0.0004411
    15968   638.720 |    0.0000911    0.0020846 |    0.0000055    0.0002185 |    0.0113862    0.0840095 |    0.0000091    0.0004264
-----------------------------------------------------------------------------------------------------------------------------------
Iteration      Time |            HYDROBASE::rho |          HYDROBASE::press |            HYDROBASE::eps |      ML_ADMCONSTRAINTS::H
                    |        norm2      maximum |        norm2      maximum |        norm2      maximum |        norm2      maximum
-----------------------------------------------------------------------------------------------------------------------------------
    16000   640.000 |    0.0000911    0.0020839 |    0.0000055    0.0002177 |    0.0113836    0.0840032 |    0.0000091    0.0004300
    16032   641.280 |    0.0000911    0.0020847 |    0.0000055    0.0002186 |    0.0113805    0.0840534 |    0.0000091    0.0004247
    16064   642.560 |    0.0000911    0.0020844 |    0.0000055    0.0002182 |    0.0113771    0.0840937 |    0.0000091    0.0004177
    16096   643.840 |    0.0000911    0.0020850 |    0.0000055    0.0002189 |    0.0113734    0.0840910 |    0.0000090    0.0004189
    16128   645.120 |    0.0000911    0.0020842 |    0.0000055    0.0002181 |    0.0113693    0.0840626 |    0.0000090    0.0004154
    16160   646.400 |    0.0000911    0.0020843 |    0.0000055    0.0002182 |    0.0113647    0.0841319 |    0.0000090    0.0004171
    16192   647.680 |    0.0000911    0.0020852 |    0.0000055    0.0002192 |    0.0113599    0.0841764 |    0.0000090    0.0004152
    16224   648.960 |    0.0000911    0.0020840 |    0.0000055    0.0002179 |    0.0113549    0.0842093 |    0.0000090    0.0004130
    16256   650.240 |    0.0000912    0.0020849 |    0.0000055    0.0002188 |    0.0113497    0.0842530 |    0.0000090    0.0004132
    16288   651.520 |    0.0000912    0.0020847 |    0.0000055    0.0002187 |    0.0113445    0.0842892 |    0.0000090    0.0004134
    16320   652.800 |    0.0000912    0.0020861 |    0.0000055    0.0002201 |    0.0113390    0.0843324 |    0.0000089    0.0004141
    16352   654.080 |    0.0000913    0.0020856 |    0.0000055    0.0002197 |    0.0113331    0.0843810 |    0.0000089    0.0004157
    16384   655.360 |    0.0000913    0.0020862 |    0.0000055    0.0002202 |    0.0113269    0.0844208 |    0.0000089    0.0004162
    16416   656.640 |    0.0000914    0.0020869 |    0.0000055    0.0002210 |    0.0113205    0.0844503 |    0.0000089    0.0004161
    16448   657.920 |    0.0000914    0.0020868 |    0.0000055    0.0002208 |    0.0113139    0.0844771 |    0.0000089    0.0004162
    16480   659.200 |    0.0000915    0.0020875 |    0.0000056    0.0002215 |    0.0113072    0.0844958 |    0.0000088    0.0004151
    16512   660.480 |    0.0000915    0.0020877 |    0.0000056    0.0002217 |    0.0113002    0.0845118 |    0.0000088    0.0004140
    16544   661.760 |    0.0000916    0.0020885 |    0.0000056    0.0002225 |    0.0112930    0.0845268 |    0.0000088    0.0004141
    16576   663.040 |    0.0000916    0.0020886 |    0.0000056    0.0002226 |    0.0112857    0.0845775 |    0.0000088    0.0004117
    16608   664.320 |    0.0000917    0.0020889 |    0.0000056    0.0002230 |    0.0112783    0.0846270 |    0.0000088    0.0004142
-----------------------------------------------------------------------------------------------------------------------------------
Iteration      Time |            HYDROBASE::rho |          HYDROBASE::press |            HYDROBASE::eps |      ML_ADMCONSTRAINTS::H
                    |        norm2      maximum |        norm2      maximum |        norm2      maximum |        norm2      maximum
-----------------------------------------------------------------------------------------------------------------------------------
    16640   665.600 |    0.0000917    0.0020895 |    0.0000056    0.0002235 |    0.0112708    0.0846423 |    0.0000088    0.0004254
    16672   666.880 |    0.0000917    0.0020898 |    0.0000056    0.0002239 |    0.0112634    0.0846613 |    0.0000088    0.0004075
    16704   668.160 |    0.0000918    0.0020898 |    0.0000056    0.0002239 |    0.0112566    0.0846770 |    0.0000087    0.0004083
    16736   669.440 |    0.0000918    0.0020900 |    0.0000056    0.0002241 |    0.0112503    0.0846874 |    0.0000087    0.0004077
    16768   670.720 |    0.0000919    0.0020903 |    0.0000057    0.0002244 |    0.0112445    0.0846957 |    0.0000087    0.0004042
    16800   672.000 |    0.0000919    0.0020906 |    0.0000057    0.0002247 |    0.0112389    0.0846977 |    0.0000087    0.0004041
    16832   673.280 |    0.0000919    0.0020914 |    0.0000057    0.0002255 |    0.0112327    0.0847076 |    0.0000087    0.0004036
    16864   674.560 |    0.0000919    0.0020911 |    0.0000057    0.0002252 |    0.0112260    0.0847215 |    0.0000087    0.0004014
    16896   675.840 |    0.0000919    0.0020910 |    0.0000057    0.0002252 |    0.0112187    0.0847158 |    0.0000087    0.0004041
    16928   677.120 |    0.0000919    0.0020916 |    0.0000057    0.0002257 |    0.0112110    0.0847073 |    0.0000086    0.0004036
    16960   678.400 |    0.0000919    0.0020915 |    0.0000057    0.0002256 |    0.0112028    0.0847051 |    0.0000086    0.0003992
    16992   679.680 |    0.0000919    0.0020913 |    0.0000057    0.0002254 |    0.0111942    0.0846994 |    0.0000086    0.0004006
    17024   680.960 |    0.0000919    0.0020916 |    0.0000057    0.0002257 |    0.0111853    0.0846929 |    0.0000086    0.0003961
    17056   682.240 |    0.0000919    0.0020912 |    0.0000057    0.0002253 |    0.0111762    0.0846913 |    0.0000086    0.0003983
    17088   683.520 |    0.0000918    0.0020913 |    0.0000057    0.0002254 |    0.0111675    0.0846925 |    0.0000086    0.0003983
    17120   684.800 |    0.0000918    0.0020910 |    0.0000057    0.0002251 |    0.0111596    0.0846939 |    0.0000086    0.0003962
    17152   686.080 |    0.0000917    0.0020906 |    0.0000057    0.0002247 |    0.0111527    0.0846847 |    0.0000086    0.0004022
    17184   687.360 |    0.0000917    0.0020904 |    0.0000056    0.0002245 |    0.0111470    0.0846685 |    0.0000086    0.0003998
    17216   688.640 |    0.0000916    0.0020899 |    0.0000056    0.0002240 |    0.0111423    0.0846622 |    0.0000086    0.0003980
    17248   689.920 |    0.0000916    0.0020897 |    0.0000056    0.0002238 |    0.0111384    0.0846620 |    0.0000086    0.0003982
-----------------------------------------------------------------------------------------------------------------------------------
Iteration      Time |            HYDROBASE::rho |          HYDROBASE::press |            HYDROBASE::eps |      ML_ADMCONSTRAINTS::H
                    |        norm2      maximum |        norm2      maximum |        norm2      maximum |        norm2      maximum
-----------------------------------------------------------------------------------------------------------------------------------
    17280   691.200 |    0.0000915    0.0020891 |    0.0000056    0.0002231 |    0.0111354    0.0846635 |    0.0000086    0.0003998
    17312   692.480 |    0.0000915    0.0020888 |    0.0000056    0.0002229 |    0.0111331    0.0846704 |    0.0000086    0.0004110
    17344   693.760 |    0.0000914    0.0020884 |    0.0000056    0.0002225 |    0.0111315    0.0847309 |    0.0000086    0.0004163
    17376   695.040 |    0.0000913    0.0020879 |    0.0000056    0.0002219 |    0.0111302    0.0848539 |    0.0000086    0.0004098
    17408   696.320 |    0.0000913    0.0020875 |    0.0000056    0.0002216 |    0.0111294    0.0848994 |    0.0000085    0.0004597
    17440   697.600 |    0.0000912    0.0020872 |    0.0000055    0.0002213 |    0.0111290    0.0848882 |    0.0000086    0.0004433
    17472   698.880 |    0.0000911    0.0020860 |    0.0000055    0.0002201 |    0.0111289    0.0849204 |    0.0000086    0.0004228
    17504   700.160 |    0.0000910    0.0020869 |    0.0000055    0.0002210 |    0.0111289    0.0849296 |    0.0000085    0.0004117
    17536   701.440 |    0.0000910    0.0020852 |    0.0000055    0.0002192 |    0.0111287    0.0847085 |    0.0000085    0.0004505
    17568   702.720 |    0.0000909    0.0020840 |    0.0000055    0.0002179 |    0.0111284    0.0846183 |    0.0000085    0.0004267
    17600   704.000 |    0.0000908    0.0020851 |    0.0000055    0.0002191 |    0.0111279    0.0846954 |    0.0000085    0.0004413
    17632   705.280 |    0.0000908    0.0020840 |    0.0000054    0.0002179 |    0.0111272    0.0847241 |    0.0000085    0.0004576
    17664   706.560 |    0.0000907    0.0020833 |    0.0000054    0.0002171 |    0.0111263    0.0844736 |    0.0000085    0.0004361
    17696   707.840 |    0.0000907    0.0020826 |    0.0000054    0.0002164 |    0.0111251    0.0840296 |    0.0000085    0.0004379
    17728   709.120 |    0.0000906    0.0020847 |    0.0000054    0.0002187 |    0.0111238    0.0840558 |    0.0000085    0.0004429
    17760   710.400 |    0.0000906    0.0020823 |    0.0000054    0.0002160 |    0.0111222    0.0840836 |    0.0000085    0.0004347
    17792   711.680 |    0.0000906    0.0020835 |    0.0000054    0.0002173 |    0.0111202    0.0841277 |    0.0000085    0.0004870
    17824   712.960 |    0.0000906    0.0020823 |    0.0000054    0.0002159 |    0.0111179    0.0841607 |    0.0000085    0.0004454
    17856   714.240 |    0.0000905    0.0020824 |    0.0000054    0.0002161 |    0.0111155    0.0842125 |    0.0000085    0.0004368
    17888   715.520 |    0.0000905    0.0020830 |    0.0000054    0.0002168 |    0.0111133    0.0842597 |    0.0000084    0.0004505
-----------------------------------------------------------------------------------------------------------------------------------
Iteration      Time |            HYDROBASE::rho |          HYDROBASE::press |            HYDROBASE::eps |      ML_ADMCONSTRAINTS::H
                    |        norm2      maximum |        norm2      maximum |        norm2      maximum |        norm2      maximum
-----------------------------------------------------------------------------------------------------------------------------------
    17920   716.800 |    0.0000905    0.0020824 |    0.0000054    0.0002161 |    0.0111116    0.0842813 |    0.0000084    0.0005334
    17952   718.080 |    0.0000905    0.0020833 |    0.0000054    0.0002171 |    0.0111104    0.0843235 |    0.0000084    0.0005123
    17984   719.360 |    0.0000905    0.0020825 |    0.0000054    0.0002162 |    0.0111093    0.0843839 |    0.0000084    0.0004907
    18016   720.640 |    0.0000905    0.0020831 |    0.0000054    0.0002168 |    0.0111084    0.0844290 |    0.0000084    0.0005045
    18048   721.920 |    0.0000905    0.0020826 |    0.0000054    0.0002164 |    0.0111076    0.0844850 |    0.0000084    0.0005002
    18080   723.200 |    0.0000906    0.0020830 |    0.0000054    0.0002167 |    0.0111069    0.0845417 |    0.0000084    0.0004994
    18112   724.480 |    0.0000906    0.0020830 |    0.0000054    0.0002168 |    0.0111061    0.0846017 |    0.0000083    0.0004999
    18144   725.760 |    0.0000906    0.0020830 |    0.0000054    0.0002167 |    0.0111052    0.0846520 |    0.0000083    0.0005007
    18176   727.040 |    0.0000906    0.0020839 |    0.0000054    0.0002178 |    0.0111039    0.0847123 |    0.0000083    0.0004975
    18208   728.320 |    0.0000907    0.0020838 |    0.0000055    0.0002176 |    0.0111022    0.0847643 |    0.0000083    0.0004995
    18240   729.600 |    0.0000907    0.0020842 |    0.0000055    0.0002181 |    0.0111000    0.0848226 |    0.0000083    0.0004965
    18272   730.880 |    0.0000908    0.0020843 |    0.0000055    0.0002182 |    0.0110976    0.0848890 |    0.0000082    0.0004985
    18304   732.160 |    0.0000908    0.0020846 |    0.0000055    0.0002185 |    0.0110950    0.0849441 |    0.0000082    0.0004995
    18336   733.440 |    0.0000908    0.0020848 |    0.0000055    0.0002188 |    0.0110919    0.0850097 |    0.0000082    0.0004970
    18368   734.720 |    0.0000909    0.0020853 |    0.0000055    0.0002193 |    0.0110881    0.0850660 |    0.0000082    0.0004890
    18400   736.000 |    0.0000909    0.0020855 |    0.0000055    0.0002196 |    0.0110835    0.0850936 |    0.0000082    0.0004895
    18432   737.280 |    0.0000910    0.0020858 |    0.0000055    0.0002199 |    0.0110783    0.0851172 |    0.0000082    0.0004859
    18464   738.560 |    0.0000910    0.0020863 |    0.0000055    0.0002203 |    0.0110724    0.0851455 |    0.0000082    0.0004887
    18496   739.840 |    0.0000910    0.0020865 |    0.0000055    0.0002206 |    0.0110659    0.0851655 |    0.0000081    0.0004897
    18528   741.120 |    0.0000911    0.0020868 |    0.0000056    0.0002209 |    0.0110589    0.0851851 |    0.0000081    0.0004853
-----------------------------------------------------------------------------------------------------------------------------------
Iteration      Time |            HYDROBASE::rho |          HYDROBASE::press |            HYDROBASE::eps |      ML_ADMCONSTRAINTS::H
                    |        norm2      maximum |        norm2      maximum |        norm2      maximum |        norm2      maximum
-----------------------------------------------------------------------------------------------------------------------------------
    18560   742.400 |    0.0000911    0.0020874 |    0.0000056    0.0002215 |    0.0110514    0.0852044 |    0.0000081    0.0004864
    18592   743.680 |    0.0000911    0.0020871 |    0.0000056    0.0002212 |    0.0110439    0.0852335 |    0.0000081    0.0004873
    18624   744.960 |    0.0000912    0.0020874 |    0.0000056    0.0002215 |    0.0110362    0.0852574 |    0.0000081    0.0005917
    18656   746.240 |    0.0000912    0.0020879 |    0.0000056    0.0002219 |    0.0110283    0.0852746 |    0.0000081    0.0004907
    18688   747.520 |    0.0000912    0.0020881 |    0.0000056    0.0002222 |    0.0110200    0.0853060 |    0.0000080    0.0004860
    18720   748.800 |    0.0000912    0.0020880 |    0.0000056    0.0002221 |    0.0110114    0.0853331 |    0.0000080    0.0004850
    18752   750.080 |    0.0000912    0.0020886 |    0.0000056    0.0002227 |    0.0110025    0.0853899 |    0.0000080    0.0004877
    18784   751.360 |    0.0000912    0.0020886 |    0.0000056    0.0002227 |    0.0109935    0.0854601 |    0.0000080    0.0004895
    18816   752.640 |    0.0000912    0.0020881 |    0.0000056    0.0002221 |    0.0109844    0.0855339 |    0.0000080    0.0004891
    18848   753.920 |    0.0000912    0.0020880 |    0.0000056    0.0002221 |    0.0109754    0.0856001 |    0.0000080    0.0004871
    18880   755.200 |    0.0000912    0.0020889 |    0.0000056    0.0002229 |    0.0109669    0.0856332 |    0.0000080    0.0004821
    18912   756.480 |    0.0000911    0.0020879 |    0.0000056    0.0002220 |    0.0109590    0.0856664 |    0.0000080    0.0004873
    18944   757.760 |    0.0000911    0.0020878 |    0.0000056    0.0002219 |    0.0109518    0.0857091 |    0.0000080    0.0004817
    18976   759.040 |    0.0000911    0.0020876 |    0.0000056    0.0002216 |    0.0109454    0.0857242 |    0.0000080    0.0004786
    19008   760.320 |    0.0000910    0.0020874 |    0.0000056    0.0002214 |    0.0109396    0.0857549 |    0.0000080    0.0004825
    19040   761.600 |    0.0000910    0.0020869 |    0.0000056    0.0002209 |    0.0109341    0.0858085 |    0.0000080    0.0004040
    19072   762.880 |    0.0000909    0.0020865 |    0.0000055    0.0002206 |    0.0109290    0.0858745 |    0.0000080    0.0005660
    19104   764.160 |    0.0000909    0.0020864 |    0.0000055    0.0002205 |    0.0109243    0.0859861 |    0.0000080    0.0004013
    19136   765.440 |    0.0000908    0.0020859 |    0.0000055    0.0002199 |    0.0109201    0.0860501 |    0.0000080    0.0003917
    19168   766.720 |    0.0000908    0.0020857 |    0.0000055    0.0002197 |    0.0109162    0.0860135 |    0.0000080    0.0004606
Memory statistics from CarpetLib:
   Current number of objects: 768
   Current allocated memory:  257 MB
   Maximum number of objects: 772
   Maximum allocated memory:  258 MB
   Current administrative memory: 1.1 MB
   Total allocated used system memory: 55.4 MB
   Total allocated free system memory: 24 MB
   gh::allmemory:    123132
   dh::allmemory:    721984
   th::allmemory:    13888
   ggf::allmemory:   189992
   gdata::allmemory: 55208
-----------------------------------------------------------------------------------------------------------------------------------
Iteration      Time |            HYDROBASE::rho |          HYDROBASE::press |            HYDROBASE::eps |      ML_ADMCONSTRAINTS::H
                    |        norm2      maximum |        norm2      maximum |        norm2      maximum |        norm2      maximum
-----------------------------------------------------------------------------------------------------------------------------------
    19200   768.000 |    0.0000907    0.0020853 |    0.0000055    0.0002193 |    0.0109130    0.0859810 |    0.0000079    0.0004415
    19232   769.280 |    0.0000906    0.0020850 |    0.0000055    0.0002190 |    0.0109102    0.0860088 |    0.0000079    0.0003810
    19264   770.560 |    0.0000906    0.0020852 |    0.0000055    0.0002192 |    0.0109075    0.0857713 |    0.0000079    0.0003835
    19296   771.840 |    0.0000905    0.0020841 |    0.0000055    0.0002180 |    0.0109048    0.0858021 |    0.0000079    0.0003806
    19328   773.120 |    0.0000905    0.0020835 |    0.0000054    0.0002173 |    0.0109021    0.0858692 |    0.0000079    0.0003785
    19360   774.400 |    0.0000904    0.0020836 |    0.0000054    0.0002174 |    0.0108992    0.0859288 |    0.0000079    0.0003878
    19392   775.680 |    0.0000903    0.0020828 |    0.0000054    0.0002165 |    0.0108964    0.0859759 |    0.0000079    0.0003969
    19424   776.960 |    0.0000903    0.0020822 |    0.0000054    0.0002159 |    0.0108934    0.0860303 |    0.0000079    0.0004624
    19456   778.240 |    0.0000902    0.0020822 |    0.0000054    0.0002159 |    0.0108904    0.0860707 |    0.0000079    0.0004199
    19488   779.520 |    0.0000902    0.0020823 |    0.0000054    0.0002160 |    0.0108872    0.0861157 |    0.0000079    0.0005087
    19520   780.800 |    0.0000901    0.0020816 |    0.0000054    0.0002151 |    0.0108839    0.0860632 |    0.0000079    0.0003922
    19552   782.080 |    0.0000901    0.0020811 |    0.0000054    0.0002146 |    0.0108803    0.0860737 |    0.0000078    0.0004503
    19584   783.360 |    0.0000900    0.0020819 |    0.0000054    0.0002155 |    0.0108766    0.0860913 |    0.0000078    0.0003883
    19616   784.640 |    0.0000900    0.0020804 |    0.0000054    0.0002139 |    0.0108729    0.0859259 |    0.0000078    0.0003840
    19648   785.920 |    0.0000900    0.0020803 |    0.0000053    0.0002138 |    0.0108694    0.0859984 |    0.0000078    0.0003764
    19680   787.200 |    0.0000899    0.0020812 |    0.0000053    0.0002148 |    0.0108660    0.0860553 |    0.0000078    0.0003758
    19712   788.480 |    0.0000899    0.0020795 |    0.0000053    0.0002129 |    0.0108629    0.0859553 |    0.0000078    0.0003821
    19744   789.760 |    0.0000899    0.0020801 |    0.0000053    0.0002135 |    0.0108602    0.0858635 |    0.0000078    0.0003794
INFO (CarpetIOHDF5): ---------------------------------------------------------
INFO (CarpetIOHDF5): Dumping periodic checkpoint at iteration 19764, simulation time 790.56
INFO (CarpetIOHDF5): ---------------------------------------------------------
    19776   791.040 |    0.0000899    0.0020805 |    0.0000053    0.0002140 |    0.0108587    0.0859314 |    0.0000077    0.0003802
    19808   792.320 |    0.0000899    0.0020806 |    0.0000053    0.0002141 |    0.0108582    0.0859645 |    0.0000078    0.0003797
-----------------------------------------------------------------------------------------------------------------------------------
Iteration      Time |            HYDROBASE::rho |          HYDROBASE::press |            HYDROBASE::eps |      ML_ADMCONSTRAINTS::H
                    |        norm2      maximum |        norm2      maximum |        norm2      maximum |        norm2      maximum
-----------------------------------------------------------------------------------------------------------------------------------
    19840   793.600 |    0.0000899    0.0020803 |    0.0000053    0.0002137 |    0.0108578    0.0859980 |    0.0000077    0.0003784
    19872   794.880 |    0.0000899    0.0020796 |    0.0000053    0.0002130 |    0.0108572    0.0860261 |    0.0000077    0.0003771
    19904   796.160 |    0.0000899    0.0020804 |    0.0000053    0.0002139 |    0.0108563    0.0860540 |    0.0000077    0.0003766
    19936   797.440 |    0.0000899    0.0020799 |    0.0000053    0.0002133 |    0.0108553    0.0860751 |    0.0000077    0.0003749
    19968   798.720 |    0.0000899    0.0020805 |    0.0000053    0.0002140 |    0.0108540    0.0861020 |    0.0000077    0.0003757
    20000   800.000 |    0.0000899    0.0020802 |    0.0000053    0.0002137 |    0.0108527    0.0861276 |    0.0000077    0.0003748
    20032   801.280 |    0.0000899    0.0020807 |    0.0000054    0.0002142 |    0.0108512    0.0861469 |    0.0000077    0.0003749
    20064   802.560 |    0.0000899    0.0020810 |    0.0000054    0.0002145 |    0.0108496    0.0861696 |    0.0000077    0.0003746
    20096   803.840 |    0.0000900    0.0020808 |    0.0000054    0.0002143 |    0.0108477    0.0861948 |    0.0000077    0.0003728
    20128   805.120 |    0.0000900    0.0020812 |    0.0000054    0.0002148 |    0.0108457    0.0862127 |    0.0000077    0.0003734
    20160   806.400 |    0.0000900    0.0020812 |    0.0000054    0.0002148 |    0.0108434    0.0862278 |    0.0000076    0.0003735
    20192   807.680 |    0.0000901    0.0020817 |    0.0000054    0.0002153 |    0.0108407    0.0862474 |    0.0000076    0.0003713
    20224   808.960 |    0.0000901    0.0020818 |    0.0000054    0.0002155 |    0.0108375    0.0862647 |    0.0000076    0.0003711
    20256   810.240 |    0.0000901    0.0020822 |    0.0000054    0.0002159 |    0.0108335    0.0862717 |    0.0000076    0.0003709
    20288   811.520 |    0.0000902    0.0020826 |    0.0000054    0.0002163 |    0.0108286    0.0862834 |    0.0000076    0.0003743
    20320   812.800 |    0.0000902    0.0020826 |    0.0000054    0.0002164 |    0.0108226    0.0862831 |    0.0000076    0.0003683
    20352   814.080 |    0.0000903    0.0020830 |    0.0000054    0.0002168 |    0.0108159    0.0862871 |    0.0000076    0.0003676
    20384   815.360 |    0.0000903    0.0020832 |    0.0000054    0.0002170 |    0.0108086    0.0862898 |    0.0000075    0.0003664
    20416   816.640 |    0.0000903    0.0020835 |    0.0000055    0.0002173 |    0.0108009    0.0862874 |    0.0000075    0.0003739
    20448   817.920 |    0.0000903    0.0020837 |    0.0000055    0.0002176 |    0.0107928    0.0862808 |    0.0000075    0.0003645
-----------------------------------------------------------------------------------------------------------------------------------
Iteration      Time |            HYDROBASE::rho |          HYDROBASE::press |            HYDROBASE::eps |      ML_ADMCONSTRAINTS::H
                    |        norm2      maximum |        norm2      maximum |        norm2      maximum |        norm2      maximum
-----------------------------------------------------------------------------------------------------------------------------------
    20480   819.200 |    0.0000904    0.0020839 |    0.0000055    0.0002178 |    0.0107842    0.0862715 |    0.0000075    0.0003638
    20512   820.480 |    0.0000904    0.0020841 |    0.0000055    0.0002180 |    0.0107751    0.0862609 |    0.0000075    0.0003629
    20544   821.760 |    0.0000904    0.0020844 |    0.0000055    0.0002183 |    0.0107655    0.0862519 |    0.0000075    0.0003619
    20576   823.040 |    0.0000904    0.0020844 |    0.0000055    0.0002183 |    0.0107557    0.0862468 |    0.0000075    0.0003610
    20608   824.320 |    0.0000904    0.0020845 |    0.0000055    0.0002185 |    0.0107456    0.0862425 |    0.0000075    0.0003581
    20640   825.600 |    0.0000905    0.0020844 |    0.0000055    0.0002184 |    0.0107354    0.0862374 |    0.0000074    0.0004105
    20672   826.880 |    0.0000905    0.0020849 |    0.0000055    0.0002189 |    0.0107251    0.0862247 |    0.0000074    0.0003597
    20704   828.160 |    0.0000905    0.0020849 |    0.0000055    0.0002189 |    0.0107150    0.0862116 |    0.0000074    0.0003601
    20736   829.440 |    0.0000904    0.0020846 |    0.0000055    0.0002186 |    0.0107054    0.0861904 |    0.0000074    0.0003786
    20768   830.720 |    0.0000904    0.0020851 |    0.0000055    0.0002192 |    0.0106962    0.0861356 |    0.0000074    0.0003655
    20800   832.000 |    0.0000904    0.0020846 |    0.0000055    0.0002186 |    0.0106873    0.0860959 |    0.0000074    0.0003676
    20832   833.280 |    0.0000904    0.0020845 |    0.0000055    0.0002185 |    0.0106787    0.0860929 |    0.0000074    0.0003699
    20864   834.560 |    0.0000904    0.0020844 |    0.0000055    0.0002184 |    0.0106704    0.0861250 |    0.0000074    0.0003780
    20896   835.840 |    0.0000903    0.0020844 |    0.0000055    0.0002184 |    0.0106624    0.0861489 |    0.0000074    0.0003802
    20928   837.120 |    0.0000903    0.0020840 |    0.0000055    0.0002179 |    0.0106548    0.0861719 |    0.0000074    0.0003889
    20960   838.400 |    0.0000903    0.0020838 |    0.0000055    0.0002177 |    0.0106474    0.0861917 |    0.0000074    0.0003659
    20992   839.680 |    0.0000902    0.0020837 |    0.0000055    0.0002176 |    0.0106402    0.0862110 |    0.0000074    0.0003590
    21024   840.960 |    0.0000902    0.0020834 |    0.0000054    0.0002173 |    0.0106333    0.0862246 |    0.0000074    0.0003521
    21056   842.240 |    0.0000901    0.0020831 |    0.0000054    0.0002169 |    0.0106265    0.0862380 |    0.0000074    0.0003827
    21088   843.520 |    0.0000901    0.0020825 |    0.0000054    0.0002163 |    0.0106201    0.0862462 |    0.0000074    0.0003742
-----------------------------------------------------------------------------------------------------------------------------------
Iteration      Time |            HYDROBASE::rho |          HYDROBASE::press |            HYDROBASE::eps |      ML_ADMCONSTRAINTS::H
                    |        norm2      maximum |        norm2      maximum |        norm2      maximum |        norm2      maximum
-----------------------------------------------------------------------------------------------------------------------------------
    21120   844.800 |    0.0000900    0.0020824 |    0.0000054    0.0002162 |    0.0106140    0.0862528 |    0.0000074    0.0004277
    21152   846.080 |    0.0000900    0.0020821 |    0.0000054    0.0002158 |    0.0106082    0.0862652 |    0.0000074    0.0003908
    21184   847.360 |    0.0000899    0.0020819 |    0.0000054    0.0002156 |    0.0106026    0.0862699 |    0.0000074    0.0003507
    21216   848.640 |    0.0000899    0.0020819 |    0.0000054    0.0002156 |    0.0105972    0.0862619 |    0.0000074    0.0003589
    21248   849.920 |    0.0000898    0.0020814 |    0.0000054    0.0002151 |    0.0105919    0.0862574 |    0.0000074    0.0003558
    21280   851.200 |    0.0000898    0.0020810 |    0.0000054    0.0002146 |    0.0105868    0.0862363 |    0.0000074    0.0003873
    21312   852.480 |    0.0000897    0.0020802 |    0.0000054    0.0002137 |    0.0105818    0.0863033 |    0.0000074    0.0003885
    21344   853.760 |    0.0000897    0.0020803 |    0.0000053    0.0002138 |    0.0105770    0.0862775 |    0.0000074    0.0003669
    21376   855.040 |    0.0000896    0.0020812 |    0.0000053    0.0002148 |    0.0105722    0.0863205 |    0.0000073    0.0003804
    21408   856.320 |    0.0000896    0.0020791 |    0.0000053    0.0002125 |    0.0105677    0.0863879 |    0.0000073    0.0004236
    21440   857.600 |    0.0000895    0.0020798 |    0.0000053    0.0002133 |    0.0105632    0.0864248 |    0.0000073    0.0003713
    21472   858.880 |    0.0000895    0.0020793 |    0.0000053    0.0002127 |    0.0105589    0.0864438 |    0.0000073    0.0003665
    21504   860.160 |    0.0000894    0.0020785 |    0.0000053    0.0002119 |    0.0105548    0.0864956 |    0.0000073    0.0003742
    21536   861.440 |    0.0000894    0.0020789 |    0.0000053    0.0002123 |    0.0105508    0.0865681 |    0.0000073    0.0003828
    21568   862.720 |    0.0000894    0.0020781 |    0.0000053    0.0002114 |    0.0105470    0.0866034 |    0.0000073    0.0003760
    21600   864.000 |    0.0000893    0.0020784 |    0.0000053    0.0002117 |    0.0105434    0.0866721 |    0.0000073    0.0003774
    21632   865.280 |    0.0000893    0.0020781 |    0.0000053    0.0002114 |    0.0105403    0.0866865 |    0.0000073    0.0003856
    21664   866.560 |    0.0000893    0.0020786 |    0.0000053    0.0002119 |    0.0105382    0.0867065 |    0.0000073    0.0003789
    21696   867.840 |    0.0000893    0.0020782 |    0.0000053    0.0002115 |    0.0105366    0.0867331 |    0.0000073    0.0003797
    21728   869.120 |    0.0000893    0.0020769 |    0.0000053    0.0002101 |    0.0105343    0.0867762 |    0.0000073    0.0004014
-----------------------------------------------------------------------------------------------------------------------------------
Iteration      Time |            HYDROBASE::rho |          HYDROBASE::press |            HYDROBASE::eps |      ML_ADMCONSTRAINTS::H
                    |        norm2      maximum |        norm2      maximum |        norm2      maximum |        norm2      maximum
-----------------------------------------------------------------------------------------------------------------------------------
    21760   870.400 |    0.0000892    0.0020782 |    0.0000053    0.0002115 |    0.0105315    0.0867988 |    0.0000072    0.0003930
    21792   871.680 |    0.0000892    0.0020773 |    0.0000053    0.0002105 |    0.0105289    0.0868046 |    0.0000072    0.0003800
    21824   872.960 |    0.0000892    0.0020783 |    0.0000053    0.0002116 |    0.0105270    0.0868280 |    0.0000072    0.0003879
    21856   874.240 |    0.0000892    0.0020775 |    0.0000053    0.0002107 |    0.0105245    0.0868667 |    0.0000072    0.0003755
    21888   875.520 |    0.0000893    0.0020776 |    0.0000053    0.0002109 |    0.0105220    0.0868973 |    0.0000072    0.0003761
    21920   876.800 |    0.0000893    0.0020782 |    0.0000053    0.0002115 |    0.0105194    0.0869131 |    0.0000072    0.0003714
    21952   878.080 |    0.0000893    0.0020775 |    0.0000053    0.0002107 |    0.0105166    0.0869242 |    0.0000072    0.0003736
    21984   879.360 |    0.0000893    0.0020782 |    0.0000053    0.0002115 |    0.0105140    0.0867758 |    0.0000072    0.0003701
    22016   880.640 |    0.0000893    0.0020781 |    0.0000053    0.0002114 |    0.0105112    0.0868214 |    0.0000072    0.0003696
    22048   881.920 |    0.0000893    0.0020786 |    0.0000053    0.0002120 |    0.0105084    0.0868755 |    0.0000071    0.0003651
    22080   883.200 |    0.0000894    0.0020787 |    0.0000053    0.0002121 |    0.0105055    0.0869297 |    0.0000071    0.0003616
    22112   884.480 |    0.0000894    0.0020791 |    0.0000053    0.0002125 |    0.0105024    0.0869712 |    0.0000071    0.0003577
    22144   885.760 |    0.0000894    0.0020792 |    0.0000053    0.0002126 |    0.0104991    0.0870129 |    0.0000071    0.0003518
    22176   887.040 |    0.0000895    0.0020792 |    0.0000053    0.0002126 |    0.0104953    0.0870492 |    0.0000071    0.0003440
    22208   888.320 |    0.0000895    0.0020795 |    0.0000053    0.0002129 |    0.0104907    0.0870826 |    0.0000071    0.0003413
    22240   889.600 |    0.0000895    0.0020797 |    0.0000053    0.0002131 |    0.0104853    0.0871167 |    0.0000071    0.0003407
    22272   890.880 |    0.0000896    0.0020800 |    0.0000053    0.0002135 |    0.0104794    0.0871416 |    0.0000071    0.0003386
    22304   892.160 |    0.0000896    0.0020804 |    0.0000054    0.0002139 |    0.0104730    0.0871630 |    0.0000070    0.0003365
    22336   893.440 |    0.0000896    0.0020806 |    0.0000054    0.0002141 |    0.0104662    0.0871821 |    0.0000070    0.0003347
    22368   894.720 |    0.0000896    0.0020807 |    0.0000054    0.0002142 |    0.0104592    0.0872006 |    0.0000070    0.0003326
-----------------------------------------------------------------------------------------------------------------------------------
Iteration      Time |            HYDROBASE::rho |          HYDROBASE::press |            HYDROBASE::eps |      ML_ADMCONSTRAINTS::H
                    |        norm2      maximum |        norm2      maximum |        norm2      maximum |        norm2      maximum
-----------------------------------------------------------------------------------------------------------------------------------
    22400   896.000 |    0.0000897    0.0020809 |    0.0000054    0.0002144 |    0.0104521    0.0872175 |    0.0000070    0.0003326
    22432   897.280 |    0.0000897    0.0020810 |    0.0000054    0.0002146 |    0.0104450    0.0872317 |    0.0000070    0.0003314
    22464   898.560 |    0.0000897    0.0020811 |    0.0000054    0.0002147 |    0.0104380    0.0872462 |    0.0000070    0.0003312
    22496   899.840 |    0.0000897    0.0020814 |    0.0000054    0.0002150 |    0.0104310    0.0872608 |    0.0000070    0.0003914
    22528   901.120 |    0.0000897    0.0020815 |    0.0000054    0.0002152 |    0.0104241    0.0872759 |    0.0000070    0.0003290
    22560   902.400 |    0.0000897    0.0020817 |    0.0000054    0.0002153 |    0.0104173    0.0872940 |    0.0000069    0.0003341
    22592   903.680 |    0.0000898    0.0020816 |    0.0000054    0.0002152 |    0.0104106    0.0873098 |    0.0000069    0.0003768
    22624   904.960 |    0.0000898    0.0020816 |    0.0000054    0.0002152 |    0.0104039    0.0873265 |    0.0000069    0.0003279
    22656   906.240 |    0.0000898    0.0020819 |    0.0000054    0.0002156 |    0.0103972    0.0873467 |    0.0000069    0.0003426
    22688   907.520 |    0.0000897    0.0020816 |    0.0000054    0.0002152 |    0.0103906    0.0873643 |    0.0000069    0.0004072
    22720   908.800 |    0.0000897    0.0020819 |    0.0000054    0.0002155 |    0.0103842    0.0873705 |    0.0000069    0.0003296
    22752   910.080 |    0.0000897    0.0020818 |    0.0000054    0.0002154 |    0.0103778    0.0873803 |    0.0000069    0.0003271
    22784   911.360 |    0.0000897    0.0020820 |    0.0000054    0.0002157 |    0.0103716    0.0873899 |    0.0000069    0.0003278
    22816   912.640 |    0.0000897    0.0020815 |    0.0000054    0.0002150 |    0.0103657    0.0874002 |    0.0000069    0.0003289
    22848   913.920 |    0.0000897    0.0020815 |    0.0000054    0.0002151 |    0.0103601    0.0874130 |    0.0000069    0.0003349
    22880   915.200 |    0.0000896    0.0020813 |    0.0000054    0.0002149 |    0.0103548    0.0874237 |    0.0000069    0.0003387
    22912   916.480 |    0.0000896    0.0020811 |    0.0000054    0.0002146 |    0.0103499    0.0874373 |    0.0000069    0.0003441
    22944   917.760 |    0.0000896    0.0020810 |    0.0000054    0.0002145 |    0.0103453    0.0874553 |    0.0000069    0.0003507
    22976   919.040 |    0.0000895    0.0020807 |    0.0000054    0.0002142 |    0.0103409    0.0874728 |    0.0000069    0.0003557
    23008   920.320 |    0.0000895    0.0020806 |    0.0000054    0.0002141 |    0.0103368    0.0874952 |    0.0000069    0.0003636
-----------------------------------------------------------------------------------------------------------------------------------
Iteration      Time |            HYDROBASE::rho |          HYDROBASE::press |            HYDROBASE::eps |      ML_ADMCONSTRAINTS::H
                    |        norm2      maximum |        norm2      maximum |        norm2      maximum |        norm2      maximum
-----------------------------------------------------------------------------------------------------------------------------------
    23040   921.600 |    0.0000895    0.0020803 |    0.0000054    0.0002137 |    0.0103329    0.0875149 |    0.0000069    0.0003685
    23072   922.880 |    0.0000894    0.0020801 |    0.0000053    0.0002135 |    0.0103292    0.0875329 |    0.0000069    0.0003729
    23104   924.160 |    0.0000894    0.0020797 |    0.0000053    0.0002131 |    0.0103259    0.0875508 |    0.0000069    0.0003781
    23136   925.440 |    0.0000893    0.0020794 |    0.0000053    0.0002128 |    0.0103229    0.0875710 |    0.0000069    0.0003853
    23168   926.720 |    0.0000893    0.0020794 |    0.0000053    0.0002127 |    0.0103201    0.0875897 |    0.0000069    0.0003837
    23200   928.000 |    0.0000892    0.0020791 |    0.0000053    0.0002123 |    0.0103178    0.0876063 |    0.0000069    0.0003916
    23232   929.280 |    0.0000892    0.0020787 |    0.0000053    0.0002120 |    0.0103156    0.0876255 |    0.0000069    0.0003873
    23264   930.560 |    0.0000891    0.0020786 |    0.0000053    0.0002118 |    0.0103138    0.0876091 |    0.0000069    0.0003980
    23296   931.840 |    0.0000891    0.0020781 |    0.0000053    0.0002113 |    0.0103120    0.0876328 |    0.0000069    0.0004060
    23328   933.120 |    0.0000890    0.0020780 |    0.0000053    0.0002112 |    0.0103107    0.0876346 |    0.0000069    0.0003766
    23360   934.400 |    0.0000890    0.0020776 |    0.0000053    0.0002108 |    0.0103097    0.0876738 |    0.0000069    0.0003892
    23392   935.680 |    0.0000889    0.0020776 |    0.0000053    0.0002107 |    0.0103090    0.0877112 |    0.0000069    0.0003736
    23424   936.960 |    0.0000889    0.0020771 |    0.0000052    0.0002101 |    0.0103080    0.0877450 |    0.0000069    0.0004371
    23456   938.240 |    0.0000888    0.0020771 |    0.0000052    0.0002101 |    0.0103068    0.0877724 |    0.0000068    0.0003684
    23488   939.520 |    0.0000888    0.0020762 |    0.0000052    0.0002092 |    0.0103054    0.0877931 |    0.0000068    0.0003998
    23520   940.800 |    0.0000888    0.0020754 |    0.0000052    0.0002083 |    0.0103046    0.0878239 |    0.0000068    0.0003595
    23552   942.080 |    0.0000887    0.0020773 |    0.0000052    0.0002104 |    0.0103036    0.0878655 |    0.0000068    0.0003548
    23584   943.360 |    0.0000887    0.0020758 |    0.0000052    0.0002088 |    0.0103029    0.0875976 |    0.0000068    0.0003618
    23616   944.640 |    0.0000887    0.0020758 |    0.0000052    0.0002088 |    0.0103018    0.0873732 |    0.0000068    0.0003851
    23648   945.920 |    0.0000887    0.0020755 |    0.0000052    0.0002084 |    0.0103004    0.0873849 |    0.0000068    0.0003524
-----------------------------------------------------------------------------------------------------------------------------------
Iteration      Time |            HYDROBASE::rho |          HYDROBASE::press |            HYDROBASE::eps |      ML_ADMCONSTRAINTS::H
                    |        norm2      maximum |        norm2      maximum |        norm2      maximum |        norm2      maximum
-----------------------------------------------------------------------------------------------------------------------------------
    23680   947.200 |    0.0000887    0.0020749 |    0.0000052    0.0002078 |    0.0102987    0.0873738 |    0.0000068    0.0003488
    23712   948.480 |    0.0000886    0.0020756 |    0.0000052    0.0002085 |    0.0102969    0.0870923 |    0.0000068    0.0003598
    23744   949.760 |    0.0000886    0.0020747 |    0.0000052    0.0002076 |    0.0102949    0.0871383 |    0.0000068    0.0004047
    23776   951.040 |    0.0000886    0.0020762 |    0.0000052    0.0002092 |    0.0102928    0.0871073 |    0.0000068    0.0003637
    23808   952.320 |    0.0000886    0.0020754 |    0.0000052    0.0002083 |    0.0102903    0.0870959 |    0.0000067    0.0003631
    23840   953.600 |    0.0000886    0.0020753 |    0.0000052    0.0002082 |    0.0102876    0.0871272 |    0.0000068    0.0003589
    23872   954.880 |    0.0000886    0.0020761 |    0.0000052    0.0002091 |    0.0102844    0.0871408 |    0.0000067    0.0003596
    23904   956.160 |    0.0000886    0.0020751 |    0.0000052    0.0002080 |    0.0102807    0.0871498 |    0.0000067    0.0003596
    23936   957.440 |    0.0000887    0.0020758 |    0.0000052    0.0002088 |    0.0102767    0.0871593 |    0.0000067    0.0003662
    23968   958.720 |    0.0000887    0.0020757 |    0.0000052    0.0002087 |    0.0102723    0.0871691 |    0.0000067    0.0003881
    24000   960.000 |    0.0000887    0.0020761 |    0.0000052    0.0002091 |    0.0102677    0.0871811 |    0.0000067    0.0003863
    24032   961.280 |    0.0000887    0.0020760 |    0.0000052    0.0002090 |    0.0102629    0.0871988 |    0.0000067    0.0003776
    24064   962.560 |    0.0000887    0.0020762 |    0.0000052    0.0002092 |    0.0102578    0.0872121 |    0.0000067    0.0003739
    24096   963.840 |    0.0000887    0.0020768 |    0.0000052    0.0002098 |    0.0102527    0.0872284 |    0.0000066    0.0003761
    24128   965.120 |    0.0000888    0.0020762 |    0.0000052    0.0002092 |    0.0102475    0.0872524 |    0.0000066    0.0003699
    24160   966.400 |    0.0000888    0.0020768 |    0.0000052    0.0002098 |    0.0102422    0.0872871 |    0.0000066    0.0003661
    24192   967.680 |    0.0000888    0.0020769 |    0.0000052    0.0002099 |    0.0102369    0.0873176 |    0.0000066    0.0003591
    24224   968.960 |    0.0000888    0.0020772 |    0.0000053    0.0002103 |    0.0102316    0.0873447 |    0.0000066    0.0003568
    24256   970.240 |    0.0000889    0.0020774 |    0.0000053    0.0002104 |    0.0102264    0.0873758 |    0.0000066    0.0003523
    24288   971.520 |    0.0000889    0.0020775 |    0.0000053    0.0002106 |    0.0102212    0.0874065 |    0.0000066    0.0003486
-----------------------------------------------------------------------------------------------------------------------------------
Iteration      Time |            HYDROBASE::rho |          HYDROBASE::press |            HYDROBASE::eps |      ML_ADMCONSTRAINTS::H
                    |        norm2      maximum |        norm2      maximum |        norm2      maximum |        norm2      maximum
-----------------------------------------------------------------------------------------------------------------------------------
    24320   972.800 |    0.0000889    0.0020780 |    0.0000053    0.0002111 |    0.0102161    0.0874410 |    0.0000066    0.0003396
    24352   974.080 |    0.0000889    0.0020778 |    0.0000053    0.0002109 |    0.0102113    0.0874732 |    0.0000066    0.0003298
    24384   975.360 |    0.0000890    0.0020780 |    0.0000053    0.0002111 |    0.0102066    0.0875064 |    0.0000066    0.0003222
    24416   976.640 |    0.0000890    0.0020782 |    0.0000053    0.0002113 |    0.0102021    0.0875354 |    0.0000065    0.0003195
    24448   977.920 |    0.0000890    0.0020784 |    0.0000053    0.0002116 |    0.0101977    0.0875405 |    0.0000065    0.0003165
    24480   979.200 |    0.0000890    0.0020786 |    0.0000053    0.0002117 |    0.0101934    0.0875434 |    0.0000065    0.0003118
    24512   980.480 |    0.0000890    0.0020787 |    0.0000053    0.0002118 |    0.0101891    0.0875441 |    0.0000065    0.0003122
    24544   981.760 |    0.0000890    0.0020789 |    0.0000053    0.0002121 |    0.0101850    0.0875399 |    0.0000065    0.0003160
    24576   983.040 |    0.0000891    0.0020788 |    0.0000053    0.0002120 |    0.0101808    0.0875370 |    0.0000065    0.0003145
    24608   984.320 |    0.0000891    0.0020788 |    0.0000053    0.0002120 |    0.0101767    0.0875382 |    0.0000065    0.0003177
    24640   985.600 |    0.0000891    0.0020790 |    0.0000053    0.0002122 |    0.0101727    0.0875409 |    0.0000065    0.0003385
    24672   986.880 |    0.0000891    0.0020795 |    0.0000053    0.0002127 |    0.0101688    0.0875441 |    0.0000065    0.0003350
    24704   988.160 |    0.0000891    0.0020789 |    0.0000053    0.0002121 |    0.0101648    0.0875557 |    0.0000065    0.0003254
    24736   989.440 |    0.0000891    0.0020791 |    0.0000053    0.0002123 |    0.0101609    0.0876928 |    0.0000065    0.0003237
    24768   990.720 |    0.0000890    0.0020790 |    0.0000053    0.0002122 |    0.0101570    0.0877648 |    0.0000065    0.0003309
    24800   992.000 |    0.0000890    0.0020789 |    0.0000053    0.0002121 |    0.0101530    0.0877903 |    0.0000065    0.0003833
    24832   993.280 |    0.0000890    0.0020788 |    0.0000053    0.0002119 |    0.0101490    0.0878090 |    0.0000065    0.0003580
    24864   994.560 |    0.0000890    0.0020788 |    0.0000053    0.0002119 |    0.0101451    0.0878323 |    0.0000065    0.0003652
    24896   995.840 |    0.0000890    0.0020788 |    0.0000053    0.0002119 |    0.0101414    0.0878567 |    0.0000065    0.0003699
    24928   997.120 |    0.0000889    0.0020785 |    0.0000053    0.0002116 |    0.0101378    0.0878811 |    0.0000065    0.0003732
-----------------------------------------------------------------------------------------------------------------------------------
Iteration      Time |            HYDROBASE::rho |          HYDROBASE::press |            HYDROBASE::eps |      ML_ADMCONSTRAINTS::H
                    |        norm2      maximum |        norm2      maximum |        norm2      maximum |        norm2      maximum
-----------------------------------------------------------------------------------------------------------------------------------
    24960   998.400 |    0.0000889    0.0020784 |    0.0000053    0.0002115 |    0.0101345    0.0879062 |    0.0000065    0.0003830
    24992   999.680 |    0.0000889    0.0020783 |    0.0000053    0.0002114 |    0.0101315    0.0879270 |    0.0000065    0.0003801
    25024  1000.960 |    0.0000889    0.0020781 |    0.0000053    0.0002111 |    0.0101286    0.0879542 |    0.0000065    0.0003877
    25056  1002.240 |    0.0000888    0.0020778 |    0.0000053    0.0002108 |    0.0101261    0.0879963 |    0.0000065    0.0003913
    25088  1003.520 |    0.0000888    0.0020775 |    0.0000053    0.0002105 |    0.0101238    0.0880474 |    0.0000065    0.0003966
    25120  1004.800 |    0.0000887    0.0020774 |    0.0000053    0.0002104 |    0.0101220    0.0881106 |    0.0000065    0.0003974
    25152  1006.080 |    0.0000887    0.0020772 |    0.0000053    0.0002101 |    0.0101206    0.0881757 |    0.0000065    0.0003987
    25184  1007.360 |    0.0000887    0.0020770 |    0.0000052    0.0002099 |    0.0101195    0.0882379 |    0.0000065    0.0003863
    25216  1008.640 |    0.0000886    0.0020768 |    0.0000052    0.0002097 |    0.0101186    0.0882796 |    0.0000065    0.0004009
    25248  1009.920 |    0.0000886    0.0020767 |    0.0000052    0.0002096 |    0.0101179    0.0882417 |    0.0000065    0.0004042
    25280  1011.200 |    0.0000885    0.0020762 |    0.0000052    0.0002091 |    0.0101174    0.0878216 |    0.0000065    0.0004228
    25312  1012.480 |    0.0000885    0.0020757 |    0.0000052    0.0002085 |    0.0101172    0.0877271 |    0.0000064    0.0004064
    25344  1013.760 |    0.0000885    0.0020756 |    0.0000052    0.0002084 |    0.0101172    0.0875834 |    0.0000064    0.0004002
    25376  1015.040 |    0.0000884    0.0020767 |    0.0000052    0.0002096 |    0.0101174    0.0876213 |    0.0000065    0.0004070
    25408  1016.320 |    0.0000884    0.0020743 |    0.0000052    0.0002069 |    0.0101176    0.0876831 |    0.0000065    0.0003924
    25440  1017.600 |    0.0000883    0.0020752 |    0.0000052    0.0002079 |    0.0101178    0.0877114 |    0.0000064    0.0003977
    25472  1018.880 |    0.0000883    0.0020751 |    0.0000052    0.0002079 |    0.0101178    0.0877302 |    0.0000064    0.0003959
    25504  1020.160 |    0.0000883    0.0020738 |    0.0000052    0.0002064 |    0.0101177    0.0877622 |    0.0000064    0.0004094
    25536  1021.440 |    0.0000882    0.0020750 |    0.0000052    0.0002077 |    0.0101174    0.0878055 |    0.0000064    0.0004042
    25568  1022.720 |    0.0000882    0.0020739 |    0.0000052    0.0002066 |    0.0101169    0.0878978 |    0.0000064    0.0004077
Memory statistics from CarpetLib:
   Current number of objects: 768
   Current allocated memory:  257 MB
   Maximum number of objects: 772
   Maximum allocated memory:  258 MB
   Current administrative memory: 1.1 MB
   Total allocated used system memory: 55.4 MB
   Total allocated free system memory: 32 MB
   gh::allmemory:    123132
   dh::allmemory:    721984
   th::allmemory:    13888
   ggf::allmemory:   189992
   gdata::allmemory: 55208
-----------------------------------------------------------------------------------------------------------------------------------
Iteration      Time |            HYDROBASE::rho |          HYDROBASE::press |            HYDROBASE::eps |      ML_ADMCONSTRAINTS::H
                    |        norm2      maximum |        norm2      maximum |        norm2      maximum |        norm2      maximum
-----------------------------------------------------------------------------------------------------------------------------------
    25600  1024.000 |    0.0000882    0.0020744 |    0.0000052    0.0002071 |    0.0101162    0.0879352 |    0.0000064    0.0004219
    25632  1025.280 |    0.0000882    0.0020738 |    0.0000051    0.0002065 |    0.0101153    0.0879546 |    0.0000064    0.0003857
    25664  1026.560 |    0.0000881    0.0020730 |    0.0000051    0.0002055 |    0.0101141    0.0879955 |    0.0000064    0.0003930
    25696  1027.840 |    0.0000881    0.0020741 |    0.0000051    0.0002067 |    0.0101127    0.0880258 |    0.0000064    0.0004028
    25728  1029.120 |    0.0000881    0.0020734 |    0.0000051    0.0002060 |    0.0101111    0.0880286 |    0.0000064    0.0004019
    25760  1030.400 |    0.0000881    0.0020739 |    0.0000051    0.0002066 |    0.0101092    0.0880259 |    0.0000064    0.0004020
    25792  1031.680 |    0.0000881    0.0020736 |    0.0000051    0.0002062 |    0.0101072    0.0880673 |    0.0000064    0.0003992
    25824  1032.960 |    0.0000881    0.0020739 |    0.0000051    0.0002065 |    0.0101050    0.0881082 |    0.0000064    0.0004059
    25856  1034.240 |    0.0000881    0.0020731 |    0.0000051    0.0002057 |    0.0101026    0.0881389 |    0.0000064    0.0004033
    25888  1035.520 |    0.0000881    0.0020735 |    0.0000051    0.0002061 |    0.0101001    0.0881481 |    0.0000063    0.0003939
    25920  1036.800 |    0.0000881    0.0020739 |    0.0000051    0.0002065 |    0.0100975    0.0881631 |    0.0000063    0.0003948
    25952  1038.080 |    0.0000881    0.0020735 |    0.0000051    0.0002061 |    0.0100947    0.0881897 |    0.0000063    0.0003930
    25984  1039.360 |    0.0000881    0.0020739 |    0.0000051    0.0002065 |    0.0100918    0.0882076 |    0.0000063    0.0004020
    26016  1040.640 |    0.0000881    0.0020737 |    0.0000051    0.0002063 |    0.0100888    0.0882142 |    0.0000063    0.0003842
    26048  1041.920 |    0.0000881    0.0020740 |    0.0000052    0.0002067 |    0.0100857    0.0882281 |    0.0000063    0.0003917
    26080  1043.200 |    0.0000881    0.0020740 |    0.0000052    0.0002066 |    0.0100825    0.0882520 |    0.0000063    0.0003863
    26112  1044.480 |    0.0000882    0.0020743 |    0.0000052    0.0002069 |    0.0100792    0.0882709 |    0.0000063    0.0003841
    26144  1045.760 |    0.0000882    0.0020742 |    0.0000052    0.0002068 |    0.0100759    0.0882857 |    0.0000063    0.0003810
    26176  1047.040 |    0.0000882    0.0020745 |    0.0000052    0.0002072 |    0.0100724    0.0883050 |    0.0000063    0.0003875
    26208  1048.320 |    0.0000882    0.0020747 |    0.0000052    0.0002073 |    0.0100689    0.0883207 |    0.0000063    0.0003921
INFO (CarpetIOHDF5): ---------------------------------------------------------
INFO (CarpetIOHDF5): Dumping periodic checkpoint at iteration 26237, simulation time 1049.48
INFO (CarpetIOHDF5): ---------------------------------------------------------
-----------------------------------------------------------------------------------------------------------------------------------
Iteration      Time |            HYDROBASE::rho |          HYDROBASE::press |            HYDROBASE::eps |      ML_ADMCONSTRAINTS::H
                    |        norm2      maximum |        norm2      maximum |        norm2      maximum |        norm2      maximum
-----------------------------------------------------------------------------------------------------------------------------------
    26240  1049.600 |    0.0000882    0.0020749 |    0.0000052    0.0002076 |    0.0100654    0.0883331 |    0.0000063    0.0003891
    26272  1050.880 |    0.0000883    0.0020750 |    0.0000052    0.0002077 |    0.0100617    0.0883438 |    0.0000063    0.0003878
    26304  1052.160 |    0.0000883    0.0020751 |    0.0000052    0.0002078 |    0.0100579    0.0883552 |    0.0000063    0.0003859
    26336  1053.440 |    0.0000883    0.0020752 |    0.0000052    0.0002079 |    0.0100540    0.0883646 |    0.0000062    0.0003868
    26368  1054.720 |    0.0000883    0.0020754 |    0.0000052    0.0002081 |    0.0100499    0.0883705 |    0.0000062    0.0003861
    26400  1056.000 |    0.0000883    0.0020757 |    0.0000052    0.0002085 |    0.0100458    0.0883784 |    0.0000062    0.0003870
    26432  1057.280 |    0.0000884    0.0020758 |    0.0000052    0.0002085 |    0.0100417    0.0883862 |    0.0000062    0.0003856
    26464  1058.560 |    0.0000884    0.0020760 |    0.0000052    0.0002087 |    0.0100376    0.0883913 |    0.0000062    0.0003855
    26496  1059.840 |    0.0000884    0.0020761 |    0.0000052    0.0002088 |    0.0100337    0.0883938 |    0.0000062    0.0003861
    26528  1061.120 |    0.0000884    0.0020761 |    0.0000052    0.0002088 |    0.0100300    0.0883963 |    0.0000062    0.0003853
    26560  1062.400 |    0.0000884    0.0020762 |    0.0000052    0.0002090 |    0.0100263    0.0883980 |    0.0000062    0.0003838
    26592  1063.680 |    0.0000884    0.0020763 |    0.0000052    0.0002090 |    0.0100227    0.0883981 |    0.0000062    0.0003832
    26624  1064.960 |    0.0000884    0.0020765 |    0.0000052    0.0002092 |    0.0100191    0.0883986 |    0.0000062    0.0003847
    26656  1066.240 |    0.0000884    0.0020767 |    0.0000052    0.0002095 |    0.0100153    0.0883985 |    0.0000062    0.0003869
    26688  1067.520 |    0.0000884    0.0020768 |    0.0000052    0.0002096 |    0.0100115    0.0883951 |    0.0000062    0.0003909
    26720  1068.800 |    0.0000884    0.0020768 |    0.0000052    0.0002096 |    0.0100078    0.0883925 |    0.0000062    0.0003907
    26752  1070.080 |    0.0000884    0.0020766 |    0.0000052    0.0002094 |    0.0100041    0.0884021 |    0.0000062    0.0003925
    26784  1071.360 |    0.0000884    0.0020765 |    0.0000052    0.0002093 |    0.0100005    0.0884044 |    0.0000061    0.0003923
    26816  1072.640 |    0.0000884    0.0020767 |    0.0000052    0.0002095 |    0.0099970    0.0884085 |    0.0000061    0.0003957
    26848  1073.920 |    0.0000884    0.0020765 |    0.0000052    0.0002093 |    0.0099936    0.0884106 |    0.0000061    0.0003950
-----------------------------------------------------------------------------------------------------------------------------------
Iteration      Time |            HYDROBASE::rho |          HYDROBASE::press |            HYDROBASE::eps |      ML_ADMCONSTRAINTS::H
                    |        norm2      maximum |        norm2      maximum |        norm2      maximum |        norm2      maximum
-----------------------------------------------------------------------------------------------------------------------------------
    26880  1075.200 |    0.0000884    0.0020766 |    0.0000052    0.0002093 |    0.0099905    0.0884122 |    0.0000061    0.0003976
    26912  1076.480 |    0.0000884    0.0020765 |    0.0000052    0.0002092 |    0.0099876    0.0884128 |    0.0000061    0.0004031
    26944  1077.760 |    0.0000884    0.0020764 |    0.0000052    0.0002091 |    0.0099851    0.0884205 |    0.0000061    0.0004052
    26976  1079.040 |    0.0000883    0.0020763 |    0.0000052    0.0002090 |    0.0099832    0.0884287 |    0.0000061    0.0004143
    27008  1080.320 |    0.0000883    0.0020764 |    0.0000052    0.0002091 |    0.0099817    0.0884366 |    0.0000061    0.0004032
    27040  1081.600 |    0.0000883    0.0020758 |    0.0000052    0.0002085 |    0.0099805    0.0884463 |    0.0000061    0.0004015
    27072  1082.880 |    0.0000883    0.0020755 |    0.0000052    0.0002081 |    0.0099795    0.0884603 |    0.0000061    0.0004053
    27104  1084.160 |    0.0000882    0.0020757 |    0.0000052    0.0002084 |    0.0099786    0.0884796 |    0.0000061    0.0004137
    27136  1085.440 |    0.0000882    0.0020754 |    0.0000052    0.0002081 |    0.0099777    0.0885003 |    0.0000061    0.0004131
    27168  1086.720 |    0.0000882    0.0020753 |    0.0000052    0.0002080 |    0.0099771    0.0885163 |    0.0000061    0.0004530
    27200  1088.000 |    0.0000881    0.0020754 |    0.0000052    0.0002080 |    0.0099769    0.0885334 |    0.0000061    0.0005782
    27232  1089.280 |    0.0000881    0.0020753 |    0.0000052    0.0002080 |    0.0099770    0.0885526 |    0.0000061    0.0004151
    27264  1090.560 |    0.0000881    0.0020742 |    0.0000052    0.0002067 |    0.0099772    0.0885866 |    0.0000061    0.0004127
    27296  1091.840 |    0.0000880    0.0020746 |    0.0000052    0.0002071 |    0.0099775    0.0886388 |    0.0000061    0.0005118
    27328  1093.120 |    0.0000880    0.0020743 |    0.0000052    0.0002068 |    0.0099782    0.0886510 |    0.0000061    0.0004700
    27360  1094.400 |    0.0000879    0.0020740 |    0.0000052    0.0002066 |    0.0099790    0.0886692 |    0.0000061    0.0004511
    27392  1095.680 |    0.0000879    0.0020735 |    0.0000051    0.0002060 |    0.0099800    0.0886931 |    0.0000061    0.0004634
    27424  1096.960 |    0.0000879    0.0020734 |    0.0000051    0.0002059 |    0.0099810    0.0887161 |    0.0000060    0.0004601
    27456  1098.240 |    0.0000878    0.0020742 |    0.0000051    0.0002067 |    0.0099818    0.0887244 |    0.0000060    0.0004718
    27488  1099.520 |    0.0000878    0.0020727 |    0.0000051    0.0002051 |    0.0099825    0.0887268 |    0.0000060    0.0004512
-----------------------------------------------------------------------------------------------------------------------------------
Iteration      Time |            HYDROBASE::rho |          HYDROBASE::press |            HYDROBASE::eps |      ML_ADMCONSTRAINTS::H
                    |        norm2      maximum |        norm2      maximum |        norm2      maximum |        norm2      maximum
-----------------------------------------------------------------------------------------------------------------------------------
    27520  1100.800 |    0.0000878    0.0020732 |    0.0000051    0.0002056 |    0.0099830    0.0887309 |    0.0000060    0.0003826
    27552  1102.080 |    0.0000877    0.0020728 |    0.0000051    0.0002052 |    0.0099831    0.0887020 |    0.0000060    0.0005208
    27584  1103.360 |    0.0000877    0.0020727 |    0.0000051    0.0002051 |    0.0099831    0.0887022 |    0.0000060    0.0005060
    27616  1104.640 |    0.0000876    0.0020720 |    0.0000051    0.0002043 |    0.0099829    0.0887182 |    0.0000060    0.0003679
    27648  1105.920 |    0.0000876    0.0020725 |    0.0000051    0.0002048 |    0.0099825    0.0886801 |    0.0000060    0.0003597
    27680  1107.200 |    0.0000876    0.0020722 |    0.0000051    0.0002046 |    0.0099820    0.0884990 |    0.0000060    0.0003249
    27712  1108.480 |    0.0000876    0.0020715 |    0.0000051    0.0002038 |    0.0099812    0.0884831 |    0.0000060    0.0003278
    27744  1109.760 |    0.0000876    0.0020719 |    0.0000051    0.0002043 |    0.0099803    0.0883080 |    0.0000060    0.0003439
    27776  1111.040 |    0.0000875    0.0020719 |    0.0000051    0.0002042 |    0.0099792    0.0881296 |    0.0000060    0.0003267
    27808  1112.320 |    0.0000875    0.0020711 |    0.0000051    0.0002034 |    0.0099778    0.0881474 |    0.0000060    0.0003592
    27840  1113.600 |    0.0000875    0.0020720 |    0.0000051    0.0002044 |    0.0099762    0.0881613 |    0.0000060    0.0003319
    27872  1114.880 |    0.0000875    0.0020714 |    0.0000051    0.0002036 |    0.0099743    0.0881987 |    0.0000060    0.0003345
    27904  1116.160 |    0.0000875    0.0020714 |    0.0000051    0.0002037 |    0.0099723    0.0882349 |    0.0000060    0.0003361
    27936  1117.440 |    0.0000875    0.0020714 |    0.0000051    0.0002036 |    0.0099701    0.0882624 |    0.0000060    0.0003420
    27968  1118.720 |    0.0000875    0.0020716 |    0.0000051    0.0002039 |    0.0099677    0.0882802 |    0.0000060    0.0003323
    28000  1120.000 |    0.0000875    0.0020713 |    0.0000051    0.0002035 |    0.0099651    0.0883001 |    0.0000060    0.0003333
    28032  1121.280 |    0.0000875    0.0020712 |    0.0000051    0.0002034 |    0.0099625    0.0883297 |    0.0000060    0.0003369
    28064  1122.560 |    0.0000875    0.0020720 |    0.0000051    0.0002043 |    0.0099598    0.0883571 |    0.0000060    0.0003400
    28096  1123.840 |    0.0000875    0.0020712 |    0.0000051    0.0002034 |    0.0099572    0.0883937 |    0.0000060    0.0003765
    28128  1125.120 |    0.0000875    0.0020716 |    0.0000051    0.0002038 |    0.0099544    0.0884229 |    0.0000060    0.0003256
-----------------------------------------------------------------------------------------------------------------------------------
Iteration      Time |            HYDROBASE::rho |          HYDROBASE::press |            HYDROBASE::eps |      ML_ADMCONSTRAINTS::H
                    |        norm2      maximum |        norm2      maximum |        norm2      maximum |        norm2      maximum
-----------------------------------------------------------------------------------------------------------------------------------
    28160  1126.400 |    0.0000875    0.0020716 |    0.0000051    0.0002038 |    0.0099516    0.0884541 |    0.0000060    0.0003295
    28192  1127.680 |    0.0000875    0.0020721 |    0.0000051    0.0002044 |    0.0099489    0.0884817 |    0.0000060    0.0003368
    28224  1128.960 |    0.0000875    0.0020718 |    0.0000051    0.0002040 |    0.0099460    0.0885041 |    0.0000059    0.0003403
    28256  1130.240 |    0.0000876    0.0020718 |    0.0000051    0.0002041 |    0.0099431    0.0885308 |    0.0000059    0.0003416
    28288  1131.520 |    0.0000876    0.0020722 |    0.0000051    0.0002045 |    0.0099399    0.0885566 |    0.0000059    0.0003403
    28320  1132.800 |    0.0000876    0.0020722 |    0.0000051    0.0002045 |    0.0099366    0.0885722 |    0.0000059    0.0003425
    28352  1134.080 |    0.0000876    0.0020724 |    0.0000051    0.0002047 |    0.0099332    0.0885934 |    0.0000059    0.0005255
    28384  1135.360 |    0.0000876    0.0020724 |    0.0000051    0.0002047 |    0.0099297    0.0886170 |    0.0000059    0.0003490
    28416  1136.640 |    0.0000876    0.0020729 |    0.0000051    0.0002053 |    0.0099262    0.0886415 |    0.0000059    0.0003432
    28448  1137.920 |    0.0000877    0.0020725 |    0.0000051    0.0002048 |    0.0099227    0.0886606 |    0.0000059    0.0003428
    28480  1139.200 |    0.0000877    0.0020729 |    0.0000051    0.0002052 |    0.0099192    0.0886777 |    0.0000059    0.0003409
    28512  1140.480 |    0.0000877    0.0020730 |    0.0000051    0.0002054 |    0.0099156    0.0886951 |    0.0000059    0.0003393
    28544  1141.760 |    0.0000877    0.0020732 |    0.0000051    0.0002055 |    0.0099119    0.0887149 |    0.0000059    0.0003404
    28576  1143.040 |    0.0000877    0.0020732 |    0.0000051    0.0002055 |    0.0099081    0.0887354 |    0.0000059    0.0003407
    28608  1144.320 |    0.0000877    0.0020734 |    0.0000051    0.0002057 |    0.0099044    0.0887538 |    0.0000059    0.0003408
    28640  1145.600 |    0.0000877    0.0020736 |    0.0000051    0.0002060 |    0.0099007    0.0887703 |    0.0000059    0.0003391
    28672  1146.880 |    0.0000878    0.0020735 |    0.0000051    0.0002058 |    0.0098971    0.0887871 |    0.0000058    0.0003401
    28704  1148.160 |    0.0000878    0.0020737 |    0.0000051    0.0002060 |    0.0098934    0.0888053 |    0.0000058    0.0003386
    28736  1149.440 |    0.0000878    0.0020737 |    0.0000051    0.0002061 |    0.0098896    0.0888222 |    0.0000058    0.0003384
    28768  1150.720 |    0.0000878    0.0020738 |    0.0000052    0.0002062 |    0.0098857    0.0888391 |    0.0000058    0.0003378
-----------------------------------------------------------------------------------------------------------------------------------
Iteration      Time |            HYDROBASE::rho |          HYDROBASE::press |            HYDROBASE::eps |      ML_ADMCONSTRAINTS::H
                    |        norm2      maximum |        norm2      maximum |        norm2      maximum |        norm2      maximum
-----------------------------------------------------------------------------------------------------------------------------------
    28800  1152.000 |    0.0000878    0.0020738 |    0.0000052    0.0002062 |    0.0098817    0.0888561 |    0.0000058    0.0003339
    28832  1153.280 |    0.0000878    0.0020739 |    0.0000052    0.0002063 |    0.0098775    0.0888693 |    0.0000058    0.0003339
    28864  1154.560 |    0.0000878    0.0020740 |    0.0000052    0.0002064 |    0.0098733    0.0888836 |    0.0000058    0.0003336
    28896  1155.840 |    0.0000878    0.0020739 |    0.0000052    0.0002063 |    0.0098692    0.0888983 |    0.0000058    0.0003360
    28928  1157.120 |    0.0000878    0.0020739 |    0.0000052    0.0002063 |    0.0098650    0.0889123 |    0.0000058    0.0003379
    28960  1158.400 |    0.0000878    0.0020739 |    0.0000052    0.0002063 |    0.0098608    0.0889271 |    0.0000058    0.0003398
    28992  1159.680 |    0.0000878    0.0020739 |    0.0000052    0.0002063 |    0.0098566    0.0889429 |    0.0000058    0.0003419
    29024  1160.960 |    0.0000877    0.0020738 |    0.0000052    0.0002062 |    0.0098526    0.0889578 |    0.0000058    0.0003443
    29056  1162.240 |    0.0000877    0.0020738 |    0.0000051    0.0002061 |    0.0098490    0.0889698 |    0.0000058    0.0003911
    29088  1163.520 |    0.0000877    0.0020737 |    0.0000051    0.0002060 |    0.0098456    0.0889814 |    0.0000058    0.0003351
    29120  1164.800 |    0.0000877    0.0020737 |    0.0000051    0.0002061 |    0.0098426    0.0889963 |    0.0000058    0.0003303
    29152  1166.080 |    0.0000877    0.0020734 |    0.0000051    0.0002058 |    0.0098397    0.0890138 |    0.0000058    0.0003438
    29184  1167.360 |    0.0000876    0.0020735 |    0.0000051    0.0002058 |    0.0098370    0.0890267 |    0.0000058    0.0003447
    29216  1168.640 |    0.0000876    0.0020731 |    0.0000051    0.0002054 |    0.0098345    0.0890366 |    0.0000058    0.0003315
    29248  1169.920 |    0.0000876    0.0020731 |    0.0000051    0.0002054 |    0.0098323    0.0890474 |    0.0000058    0.0003308
    29280  1171.200 |    0.0000876    0.0020731 |    0.0000051    0.0002054 |    0.0098303    0.0890579 |    0.0000058    0.0003466
    29312  1172.480 |    0.0000875    0.0020727 |    0.0000051    0.0002050 |    0.0098285    0.0890677 |    0.0000058    0.0003453
    29344  1173.760 |    0.0000875    0.0020726 |    0.0000051    0.0002048 |    0.0098269    0.0890761 |    0.0000058    0.0003455
    29376  1175.040 |    0.0000875    0.0020727 |    0.0000051    0.0002050 |    0.0098255    0.0890887 |    0.0000058    0.0003476
    29408  1176.320 |    0.0000874    0.0020718 |    0.0000051    0.0002040 |    0.0098243    0.0890991 |    0.0000058    0.0003508
-----------------------------------------------------------------------------------------------------------------------------------
Iteration      Time |            HYDROBASE::rho |          HYDROBASE::press |            HYDROBASE::eps |      ML_ADMCONSTRAINTS::H
                    |        norm2      maximum |        norm2      maximum |        norm2      maximum |        norm2      maximum
-----------------------------------------------------------------------------------------------------------------------------------
    29440  1177.600 |    0.0000874    0.0020720 |    0.0000051    0.0002042 |    0.0098233    0.0891025 |    0.0000058    0.0003508
    29472  1178.880 |    0.0000874    0.0020719 |    0.0000051    0.0002041 |    0.0098226    0.0890570 |    0.0000058    0.0003675
    29504  1180.160 |    0.0000873    0.0020720 |    0.0000051    0.0002042 |    0.0098219    0.0890872 |    0.0000058    0.0003422
    29536  1181.440 |    0.0000873    0.0020715 |    0.0000051    0.0002036 |    0.0098214    0.0891079 |    0.0000058    0.0003450
    29568  1182.720 |    0.0000873    0.0020714 |    0.0000051    0.0002036 |    0.0098209    0.0891295 |    0.0000058    0.0003612
    29600  1184.000 |    0.0000872    0.0020710 |    0.0000051    0.0002031 |    0.0098204    0.0891549 |    0.0000057    0.0003522
    29632  1185.280 |    0.0000872    0.0020709 |    0.0000051    0.0002030 |    0.0098199    0.0892507 |    0.0000057    0.0003736
    29664  1186.560 |    0.0000872    0.0020708 |    0.0000050    0.0002029 |    0.0098193    0.0892112 |    0.0000057    0.0003438
    29696  1187.840 |    0.0000871    0.0020702 |    0.0000050    0.0002022 |    0.0098187    0.0889677 |    0.0000057    0.0003456
    29728  1189.120 |    0.0000871    0.0020707 |    0.0000050    0.0002028 |    0.0098180    0.0889747 |    0.0000057    0.0003490
    29760  1190.400 |    0.0000871    0.0020699 |    0.0000050    0.0002020 |    0.0098172    0.0890269 |    0.0000057    0.0003441
    29792  1191.680 |    0.0000871    0.0020700 |    0.0000050    0.0002020 |    0.0098165    0.0890489 |    0.0000057    0.0003369
    29824  1192.960 |    0.0000870    0.0020698 |    0.0000050    0.0002018 |    0.0098158    0.0890694 |    0.0000057    0.0003444
    29856  1194.240 |    0.0000870    0.0020697 |    0.0000050    0.0002017 |    0.0098150    0.0890885 |    0.0000057    0.0003610
    29888  1195.520 |    0.0000870    0.0020699 |    0.0000050    0.0002019 |    0.0098143    0.0891125 |    0.0000057    0.0003818
    29920  1196.800 |    0.0000870    0.0020688 |    0.0000050    0.0002008 |    0.0098137    0.0891405 |    0.0000057    0.0003456
    29952  1198.080 |    0.0000870    0.0020703 |    0.0000050    0.0002023 |    0.0098133    0.0891645 |    0.0000057    0.0003492
    29984  1199.360 |    0.0000870    0.0020692 |    0.0000050    0.0002011 |    0.0098130    0.0892002 |    0.0000057    0.0003508
    30016  1200.640 |    0.0000869    0.0020693 |    0.0000050    0.0002012 |    0.0098127    0.0892240 |    0.0000057    0.0003548
    30048  1201.920 |    0.0000869    0.0020699 |    0.0000050    0.0002018 |    0.0098123    0.0892478 |    0.0000057    0.0003574
-----------------------------------------------------------------------------------------------------------------------------------
Iteration      Time |            HYDROBASE::rho |          HYDROBASE::press |            HYDROBASE::eps |      ML_ADMCONSTRAINTS::H
                    |        norm2      maximum |        norm2      maximum |        norm2      maximum |        norm2      maximum
-----------------------------------------------------------------------------------------------------------------------------------
    30080  1203.200 |    0.0000869    0.0020691 |    0.0000050    0.0002010 |    0.0098115    0.0892704 |    0.0000057    0.0003509
    30112  1204.480 |    0.0000869    0.0020699 |    0.0000050    0.0002019 |    0.0098103    0.0893197 |    0.0000057    0.0003510
    30144  1205.760 |    0.0000869    0.0020685 |    0.0000050    0.0002004 |    0.0098090    0.0893450 |    0.0000057    0.0003641
    30176  1207.040 |    0.0000869    0.0020693 |    0.0000050    0.0002013 |    0.0098076    0.0893566 |    0.0000057    0.0003358
    30208  1208.320 |    0.0000869    0.0020695 |    0.0000050    0.0002014 |    0.0098060    0.0893852 |    0.0000057    0.0003464
    30240  1209.600 |    0.0000869    0.0020697 |    0.0000050    0.0002017 |    0.0098041    0.0894169 |    0.0000057    0.0003482
    30272  1210.880 |    0.0000869    0.0020687 |    0.0000050    0.0002006 |    0.0098020    0.0894537 |    0.0000057    0.0003484
    30304  1212.160 |    0.0000869    0.0020695 |    0.0000050    0.0002015 |    0.0097996    0.0894898 |    0.0000057    0.0003407
    30336  1213.440 |    0.0000869    0.0020696 |    0.0000050    0.0002016 |    0.0097969    0.0895151 |    0.0000057    0.0003407
    30368  1214.720 |    0.0000870    0.0020694 |    0.0000050    0.0002013 |    0.0097938    0.0895328 |    0.0000057    0.0003386
    30400  1216.000 |    0.0000870    0.0020696 |    0.0000050    0.0002016 |    0.0097903    0.0895606 |    0.0000056    0.0003544
    30432  1217.280 |    0.0000870    0.0020699 |    0.0000050    0.0002018 |    0.0097868    0.0895868 |    0.0000057    0.0003388
    30464  1218.560 |    0.0000870    0.0020701 |    0.0000050    0.0002020 |    0.0097829    0.0896176 |    0.0000056    0.0003355
    30496  1219.840 |    0.0000870    0.0020698 |    0.0000050    0.0002017 |    0.0097788    0.0896445 |    0.0000056    0.0003365
    30528  1221.120 |    0.0000870    0.0020703 |    0.0000050    0.0002023 |    0.0097743    0.0896719 |    0.0000056    0.0003347
    30560  1222.400 |    0.0000870    0.0020702 |    0.0000050    0.0002022 |    0.0097694    0.0897039 |    0.0000056    0.0003333
    30592  1223.680 |    0.0000870    0.0020703 |    0.0000050    0.0002023 |    0.0097642    0.0897333 |    0.0000056    0.0003329
    30624  1224.960 |    0.0000871    0.0020703 |    0.0000050    0.0002023 |    0.0097588    0.0897598 |    0.0000056    0.0003342
    30656  1226.240 |    0.0000871    0.0020706 |    0.0000050    0.0002026 |    0.0097531    0.0897816 |    0.0000056    0.0003331
    30688  1227.520 |    0.0000871    0.0020707 |    0.0000051    0.0002027 |    0.0097471    0.0898034 |    0.0000056    0.0003347
-----------------------------------------------------------------------------------------------------------------------------------
Iteration      Time |            HYDROBASE::rho |          HYDROBASE::press |            HYDROBASE::eps |      ML_ADMCONSTRAINTS::H
                    |        norm2      maximum |        norm2      maximum |        norm2      maximum |        norm2      maximum
-----------------------------------------------------------------------------------------------------------------------------------
    30720  1228.800 |    0.0000871    0.0020707 |    0.0000051    0.0002027 |    0.0097408    0.0898225 |    0.0000056    0.0003334
    30752  1230.080 |    0.0000871    0.0020709 |    0.0000051    0.0002029 |    0.0097343    0.0898394 |    0.0000056    0.0003344
    30784  1231.360 |    0.0000871    0.0020709 |    0.0000051    0.0002030 |    0.0097275    0.0898550 |    0.0000056    0.0003334
    30816  1232.640 |    0.0000871    0.0020710 |    0.0000051    0.0002031 |    0.0097206    0.0898677 |    0.0000056    0.0003315
    30848  1233.920 |    0.0000871    0.0020711 |    0.0000051    0.0002031 |    0.0097138    0.0898784 |    0.0000055    0.0003297
    30880  1235.200 |    0.0000872    0.0020713 |    0.0000051    0.0002033 |    0.0097071    0.0898866 |    0.0000055    0.0003317
    30912  1236.480 |    0.0000872    0.0020713 |    0.0000051    0.0002033 |    0.0097007    0.0898940 |    0.0000055    0.0003297
    30944  1237.760 |    0.0000872    0.0020713 |    0.0000051    0.0002034 |    0.0096946    0.0899005 |    0.0000055    0.0003313
    30976  1239.040 |    0.0000872    0.0020714 |    0.0000051    0.0002035 |    0.0096888    0.0899033 |    0.0000055    0.0003327
    31008  1240.320 |    0.0000872    0.0020714 |    0.0000051    0.0002034 |    0.0096831    0.0899060 |    0.0000055    0.0003301
    31040  1241.600 |    0.0000872    0.0020714 |    0.0000051    0.0002035 |    0.0096774    0.0899077 |    0.0000055    0.0003303
    31072  1242.880 |    0.0000872    0.0020714 |    0.0000051    0.0002034 |    0.0096718    0.0899076 |    0.0000055    0.0003176
    31104  1244.160 |    0.0000872    0.0020714 |    0.0000051    0.0002035 |    0.0096662    0.0899077 |    0.0000055    0.0003177
    31136  1245.440 |    0.0000871    0.0020716 |    0.0000051    0.0002036 |    0.0096607    0.0899072 |    0.0000055    0.0003100
    31168  1246.720 |    0.0000871    0.0020714 |    0.0000051    0.0002035 |    0.0096555    0.0899062 |    0.0000055    0.0003178
    31200  1248.000 |    0.0000871    0.0020714 |    0.0000051    0.0002034 |    0.0096506    0.0899029 |    0.0000055    0.0003171
    31232  1249.280 |    0.0000871    0.0020713 |    0.0000051    0.0002033 |    0.0096460    0.0898998 |    0.0000055    0.0003231
    31264  1250.560 |    0.0000871    0.0020712 |    0.0000051    0.0002032 |    0.0096419    0.0898986 |    0.0000055    0.0003229
    31296  1251.840 |    0.0000871    0.0020711 |    0.0000051    0.0002031 |    0.0096382    0.0898968 |    0.0000055    0.0003243
    31328  1253.120 |    0.0000871    0.0020711 |    0.0000051    0.0002031 |    0.0096349    0.0898939 |    0.0000055    0.0003271
-----------------------------------------------------------------------------------------------------------------------------------
Iteration      Time |            HYDROBASE::rho |          HYDROBASE::press |            HYDROBASE::eps |      ML_ADMCONSTRAINTS::H
                    |        norm2      maximum |        norm2      maximum |        norm2      maximum |        norm2      maximum
-----------------------------------------------------------------------------------------------------------------------------------
    31360  1254.400 |    0.0000870    0.0020710 |    0.0000051    0.0002030 |    0.0096319    0.0898888 |    0.0000055    0.0003274
    31392  1255.680 |    0.0000870    0.0020708 |    0.0000051    0.0002028 |    0.0096290    0.0898850 |    0.0000055    0.0003137
    31424  1256.960 |    0.0000870    0.0020706 |    0.0000051    0.0002026 |    0.0096261    0.0898841 |    0.0000055    0.0003377
    31456  1258.240 |    0.0000870    0.0020706 |    0.0000051    0.0002025 |    0.0096234    0.0898852 |    0.0000055    0.0003313
    31488  1259.520 |    0.0000869    0.0020707 |    0.0000050    0.0002026 |    0.0096207    0.0898850 |    0.0000055    0.0003245
    31520  1260.800 |    0.0000869    0.0020701 |    0.0000050    0.0002021 |    0.0096181    0.0898832 |    0.0000055    0.0003306
    31552  1262.080 |    0.0000869    0.0020704 |    0.0000050    0.0002023 |    0.0096158    0.0898741 |    0.0000055    0.0003252
    31584  1263.360 |    0.0000869    0.0020696 |    0.0000050    0.0002015 |    0.0096136    0.0898703 |    0.0000055    0.0003327
    31616  1264.640 |    0.0000868    0.0020697 |    0.0000050    0.0002016 |    0.0096118    0.0898720 |    0.0000055    0.0003292
    31648  1265.920 |    0.0000868    0.0020696 |    0.0000050    0.0002015 |    0.0096102    0.0898749 |    0.0000055    0.0003462
    31680  1267.200 |    0.0000868    0.0020695 |    0.0000050    0.0002014 |    0.0096088    0.0898833 |    0.0000055    0.0003547
    31712  1268.480 |    0.0000867    0.0020696 |    0.0000050    0.0002014 |    0.0096079    0.0898540 |    0.0000055    0.0003329
    31744  1269.760 |    0.0000867    0.0020691 |    0.0000050    0.0002009 |    0.0096072    0.0898527 |    0.0000055    0.0003391
    31776  1271.040 |    0.0000867    0.0020699 |    0.0000050    0.0002018 |    0.0096067    0.0898633 |    0.0000055    0.0003429
    31808  1272.320 |    0.0000866    0.0020680 |    0.0000050    0.0001997 |    0.0096064    0.0898383 |    0.0000055    0.0003459
    31840  1273.600 |    0.0000866    0.0020687 |    0.0000050    0.0002005 |    0.0096063    0.0898442 |    0.0000055    0.0003496
    31872  1274.880 |    0.0000866    0.0020686 |    0.0000050    0.0002004 |    0.0096062    0.0898470 |    0.0000055    0.0003564
    31904  1276.160 |    0.0000865    0.0020686 |    0.0000050    0.0002003 |    0.0096061    0.0898387 |    0.0000054    0.0003605
    31936  1277.440 |    0.0000865    0.0020681 |    0.0000050    0.0001999 |    0.0096059    0.0898215 |    0.0000054    0.0003261
    31968  1278.720 |    0.0000865    0.0020673 |    0.0000050    0.0001990 |    0.0096060    0.0897910 |    0.0000054    0.0003264
Memory statistics from CarpetLib:
   Current number of objects: 768
   Current allocated memory:  257 MB
   Maximum number of objects: 772
   Maximum allocated memory:  258 MB
   Current administrative memory: 1.1 MB
   Total allocated used system memory: 55.4 MB
   Total allocated free system memory: 32 MB
   gh::allmemory:    123132
   dh::allmemory:    721984
   th::allmemory:    13888
   ggf::allmemory:   189992
   gdata::allmemory: 55208
-----------------------------------------------------------------------------------------------------------------------------------
Iteration      Time |            HYDROBASE::rho |          HYDROBASE::press |            HYDROBASE::eps |      ML_ADMCONSTRAINTS::H
                    |        norm2      maximum |        norm2      maximum |        norm2      maximum |        norm2      maximum
-----------------------------------------------------------------------------------------------------------------------------------
    32000  1280.000 |    0.0000865    0.0020682 |    0.0000050    0.0002000 |    0.0096066    0.0897636 |    0.0000054    0.0003147
    32032  1281.280 |    0.0000864    0.0020673 |    0.0000050    0.0001990 |    0.0096074    0.0896617 |    0.0000054    0.0003394
    32064  1282.560 |    0.0000864    0.0020678 |    0.0000050    0.0001995 |    0.0096076    0.0896250 |    0.0000054    0.0003517
    32096  1283.840 |    0.0000864    0.0020676 |    0.0000049    0.0001993 |    0.0096075    0.0895992 |    0.0000054    0.0003387
    32128  1285.120 |    0.0000864    0.0020669 |    0.0000049    0.0001986 |    0.0096072    0.0896140 |    0.0000054    0.0003506
    32160  1286.400 |    0.0000864    0.0020665 |    0.0000049    0.0001981 |    0.0096070    0.0897028 |    0.0000054    0.0003462
    32192  1287.680 |    0.0000863    0.0020673 |    0.0000049    0.0001990 |    0.0096066    0.0897192 |    0.0000054    0.0003503
    32224  1288.960 |    0.0000863    0.0020671 |    0.0000049    0.0001988 |    0.0096063    0.0897099 |    0.0000054    0.0003448
    32256  1290.240 |    0.0000863    0.0020674 |    0.0000049    0.0001991 |    0.0096059    0.0895512 |    0.0000054    0.0003258
    32288  1291.520 |    0.0000863    0.0020664 |    0.0000049    0.0001981 |    0.0096053    0.0895250 |    0.0000054    0.0003277
    32320  1292.800 |    0.0000863    0.0020676 |    0.0000049    0.0001993 |    0.0096044    0.0895472 |    0.0000054    0.0003458
    32352  1294.080 |    0.0000863    0.0020671 |    0.0000049    0.0001988 |    0.0096033    0.0895757 |    0.0000054    0.0003872
    32384  1295.360 |    0.0000863    0.0020661 |    0.0000049    0.0001977 |    0.0096020    0.0896180 |    0.0000054    0.0003401
    32416  1296.640 |    0.0000863    0.0020667 |    0.0000049    0.0001983 |    0.0096006    0.0896375 |    0.0000054    0.0003643
    32448  1297.920 |    0.0000863    0.0020670 |    0.0000049    0.0001987 |    0.0095991    0.0896619 |    0.0000054    0.0003372
    32480  1299.200 |    0.0000863    0.0020665 |    0.0000049    0.0001982 |    0.0095975    0.0896807 |    0.0000054    0.0003376
    32512  1300.480 |    0.0000863    0.0020666 |    0.0000049    0.0001983 |    0.0095957    0.0896938 |    0.0000053    0.0003174
    32544  1301.760 |    0.0000863    0.0020672 |    0.0000049    0.0001989 |    0.0095935    0.0897214 |    0.0000053    0.0003579
    32576  1303.040 |    0.0000863    0.0020668 |    0.0000049    0.0001985 |    0.0095911    0.0897503 |    0.0000053    0.0003645
    32608  1304.320 |    0.0000863    0.0020672 |    0.0000049    0.0001989 |    0.0095884    0.0897877 |    0.0000053    0.0003530
-----------------------------------------------------------------------------------------------------------------------------------
Iteration      Time |            HYDROBASE::rho |          HYDROBASE::press |            HYDROBASE::eps |      ML_ADMCONSTRAINTS::H
                    |        norm2      maximum |        norm2      maximum |        norm2      maximum |        norm2      maximum
-----------------------------------------------------------------------------------------------------------------------------------
    32640  1305.600 |    0.0000863    0.0020667 |    0.0000049    0.0001984 |    0.0095855    0.0898160 |    0.0000053    0.0003338
    32672  1306.880 |    0.0000863    0.0020674 |    0.0000049    0.0001991 |    0.0095824    0.0898414 |    0.0000053    0.0003390
    32704  1308.160 |    0.0000863    0.0020671 |    0.0000050    0.0001988 |    0.0095791    0.0898665 |    0.0000053    0.0003419
    32736  1309.440 |    0.0000864    0.0020675 |    0.0000050    0.0001992 |    0.0095757    0.0898928 |    0.0000053    0.0003404
    32768  1310.720 |    0.0000864    0.0020675 |    0.0000050    0.0001992 |    0.0095723    0.0899112 |    0.0000053    0.0003398
    32800  1312.000 |    0.0000864    0.0020675 |    0.0000050    0.0001992 |    0.0095689    0.0899334 |    0.0000053    0.0003386
INFO (CarpetIOHDF5): ---------------------------------------------------------
INFO (CarpetIOHDF5): Dumping periodic checkpoint at iteration 32807, simulation time 1312.28
INFO (CarpetIOHDF5): ---------------------------------------------------------
    32832  1313.280 |    0.0000864    0.0020675 |    0.0000050    0.0001993 |    0.0095654    0.0899590 |    0.0000053    0.0003390
    32864  1314.560 |    0.0000864    0.0020676 |    0.0000050    0.0001993 |    0.0095617    0.0899803 |    0.0000053    0.0003422
    32896  1315.840 |    0.0000864    0.0020679 |    0.0000050    0.0001996 |    0.0095579    0.0900044 |    0.0000053    0.0003417
    32928  1317.120 |    0.0000864    0.0020678 |    0.0000050    0.0001995 |    0.0095539    0.0900284 |    0.0000053    0.0003411
    32960  1318.400 |    0.0000864    0.0020681 |    0.0000050    0.0001998 |    0.0095498    0.0900553 |    0.0000053    0.0003372
    32992  1319.680 |    0.0000864    0.0020679 |    0.0000050    0.0001997 |    0.0095457    0.0900782 |    0.0000053    0.0003381
    33024  1320.960 |    0.0000865    0.0020680 |    0.0000050    0.0001998 |    0.0095416    0.0900997 |    0.0000053    0.0003402
    33056  1322.240 |    0.0000865    0.0020681 |    0.0000050    0.0001999 |    0.0095376    0.0901154 |    0.0000052    0.0003416
    33088  1323.520 |    0.0000865    0.0020683 |    0.0000050    0.0002000 |    0.0095337    0.0901317 |    0.0000052    0.0003392
    33120  1324.800 |    0.0000865    0.0020683 |    0.0000050    0.0002001 |    0.0095300    0.0901457 |    0.0000052    0.0003364
    33152  1326.080 |    0.0000865    0.0020684 |    0.0000050    0.0002002 |    0.0095264    0.0901602 |    0.0000052    0.0003451
    33184  1327.360 |    0.0000865    0.0020685 |    0.0000050    0.0002003 |    0.0095229    0.0901703 |    0.0000052    0.0003395
    33216  1328.640 |    0.0000865    0.0020684 |    0.0000050    0.0002002 |    0.0095195    0.0901796 |    0.0000052    0.0003428
    33248  1329.920 |    0.0000865    0.0020685 |    0.0000050    0.0002003 |    0.0095161    0.0901881 |    0.0000052    0.0003433
-----------------------------------------------------------------------------------------------------------------------------------
Iteration      Time |            HYDROBASE::rho |          HYDROBASE::press |            HYDROBASE::eps |      ML_ADMCONSTRAINTS::H
                    |        norm2      maximum |        norm2      maximum |        norm2      maximum |        norm2      maximum
-----------------------------------------------------------------------------------------------------------------------------------
    33280  1331.200 |    0.0000865    0.0020683 |    0.0000050    0.0002001 |    0.0095127    0.0901923 |    0.0000052    0.0003455
    33312  1332.480 |    0.0000865    0.0020686 |    0.0000050    0.0002004 |    0.0095092    0.0902062 |    0.0000052    0.0003460
    33344  1333.760 |    0.0000865    0.0020685 |    0.0000050    0.0002003 |    0.0095056    0.0902138 |    0.0000052    0.0003476
    33376  1335.040 |    0.0000865    0.0020683 |    0.0000050    0.0002001 |    0.0095020    0.0902206 |    0.0000052    0.0003506
    33408  1336.320 |    0.0000865    0.0020684 |    0.0000050    0.0002002 |    0.0094985    0.0902235 |    0.0000052    0.0003465
    33440  1337.600 |    0.0000864    0.0020684 |    0.0000050    0.0002002 |    0.0094951    0.0902260 |    0.0000052    0.0003462
    33472  1338.880 |    0.0000864    0.0020683 |    0.0000050    0.0002001 |    0.0094920    0.0902287 |    0.0000052    0.0003449
    33504  1340.160 |    0.0000864    0.0020682 |    0.0000050    0.0002000 |    0.0094892    0.0902315 |    0.0000052    0.0003454
    33536  1341.440 |    0.0000864    0.0020683 |    0.0000050    0.0002001 |    0.0094867    0.0902354 |    0.0000052    0.0003418
    33568  1342.720 |    0.0000864    0.0020680 |    0.0000050    0.0001998 |    0.0094845    0.0902380 |    0.0000052    0.0003096
    33600  1344.000 |    0.0000864    0.0020680 |    0.0000050    0.0001997 |    0.0094824    0.0902410 |    0.0000052    0.0003216
    33632  1345.280 |    0.0000864    0.0020680 |    0.0000050    0.0001998 |    0.0094804    0.0902427 |    0.0000052    0.0003088
    33664  1346.560 |    0.0000863    0.0020680 |    0.0000050    0.0001997 |    0.0094785    0.0902412 |    0.0000052    0.0003156
    33696  1347.840 |    0.0000863    0.0020678 |    0.0000050    0.0001996 |    0.0094768    0.0902387 |    0.0000052    0.0003084
    33728  1349.120 |    0.0000863    0.0020675 |    0.0000050    0.0001993 |    0.0094751    0.0902361 |    0.0000052    0.0003120
    33760  1350.400 |    0.0000863    0.0020669 |    0.0000050    0.0001986 |    0.0094734    0.0902311 |    0.0000052    0.0003140
    33792  1351.680 |    0.0000862    0.0020673 |    0.0000050    0.0001990 |    0.0094719    0.0902113 |    0.0000052    0.0003157
    33824  1352.960 |    0.0000862    0.0020671 |    0.0000050    0.0001988 |    0.0094707    0.0901552 |    0.0000052    0.0003308
    33856  1354.240 |    0.0000862    0.0020672 |    0.0000049    0.0001989 |    0.0094699    0.0901476 |    0.0000052    0.0003173
    33888  1355.520 |    0.0000862    0.0020669 |    0.0000049    0.0001986 |    0.0094694    0.0899776 |    0.0000052    0.0003180
-----------------------------------------------------------------------------------------------------------------------------------
Iteration      Time |            HYDROBASE::rho |          HYDROBASE::press |            HYDROBASE::eps |      ML_ADMCONSTRAINTS::H
                    |        norm2      maximum |        norm2      maximum |        norm2      maximum |        norm2      maximum
-----------------------------------------------------------------------------------------------------------------------------------
    33920  1356.800 |    0.0000861    0.0020668 |    0.0000049    0.0001985 |    0.0094689    0.0896480 |    0.0000052    0.0003409
    33952  1358.080 |    0.0000861    0.0020663 |    0.0000049    0.0001980 |    0.0094685    0.0896541 |    0.0000052    0.0003375
    33984  1359.360 |    0.0000861    0.0020668 |    0.0000049    0.0001985 |    0.0094683    0.0896443 |    0.0000052    0.0003199
    34016  1360.640 |    0.0000860    0.0020659 |    0.0000049    0.0001975 |    0.0094682    0.0895509 |    0.0000052    0.0003201
    34048  1361.920 |    0.0000860    0.0020662 |    0.0000049    0.0001978 |    0.0094683    0.0895218 |    0.0000052    0.0003213
    34080  1363.200 |    0.0000860    0.0020662 |    0.0000049    0.0001978 |    0.0094684    0.0895044 |    0.0000052    0.0003221
    34112  1364.480 |    0.0000860    0.0020662 |    0.0000049    0.0001978 |    0.0094685    0.0895348 |    0.0000052    0.0003245
    34144  1365.760 |    0.0000859    0.0020648 |    0.0000049    0.0001964 |    0.0094686    0.0895292 |    0.0000052    0.0003220
    34176  1367.040 |    0.0000859    0.0020652 |    0.0000049    0.0001968 |    0.0094688    0.0893417 |    0.0000051    0.0003099
    34208  1368.320 |    0.0000859    0.0020655 |    0.0000049    0.0001971 |    0.0094688    0.0893686 |    0.0000052    0.0003162
    34240  1369.600 |    0.0000859    0.0020652 |    0.0000049    0.0001968 |    0.0094686    0.0894010 |    0.0000052    0.0003180
    34272  1370.880 |    0.0000858    0.0020651 |    0.0000049    0.0001967 |    0.0094682    0.0894270 |    0.0000051    0.0003219
    34304  1372.160 |    0.0000858    0.0020648 |    0.0000049    0.0001964 |    0.0094676    0.0894567 |    0.0000052    0.0003222
    34336  1373.440 |    0.0000858    0.0020651 |    0.0000049    0.0001967 |    0.0094668    0.0894836 |    0.0000051    0.0003173
    34368  1374.720 |    0.0000858    0.0020642 |    0.0000049    0.0001958 |    0.0094658    0.0895098 |    0.0000052    0.0003220
    34400  1376.000 |    0.0000858    0.0020654 |    0.0000049    0.0001970 |    0.0094645    0.0895431 |    0.0000052    0.0003218
    34432  1377.280 |    0.0000857    0.0020638 |    0.0000049    0.0001953 |    0.0094631    0.0895824 |    0.0000051    0.0003263
    34464  1378.560 |    0.0000857    0.0020644 |    0.0000049    0.0001960 |    0.0094615    0.0896948 |    0.0000051    0.0003327
    34496  1379.840 |    0.0000857    0.0020644 |    0.0000049    0.0001960 |    0.0094597    0.0897356 |    0.0000052    0.0003301
    34528  1381.120 |    0.0000857    0.0020649 |    0.0000049    0.0001964 |    0.0094578    0.0897748 |    0.0000051    0.0003350
-----------------------------------------------------------------------------------------------------------------------------------
Iteration      Time |            HYDROBASE::rho |          HYDROBASE::press |            HYDROBASE::eps |      ML_ADMCONSTRAINTS::H
                    |        norm2      maximum |        norm2      maximum |        norm2      maximum |        norm2      maximum
-----------------------------------------------------------------------------------------------------------------------------------
    34560  1382.400 |    0.0000857    0.0020641 |    0.0000049    0.0001957 |    0.0094559    0.0898203 |    0.0000051    0.0003676
    34592  1383.680 |    0.0000857    0.0020642 |    0.0000049    0.0001958 |    0.0094540    0.0898552 |    0.0000051    0.0003215
    34624  1384.960 |    0.0000857    0.0020646 |    0.0000049    0.0001961 |    0.0094519    0.0898819 |    0.0000051    0.0003166
    34656  1386.240 |    0.0000857    0.0020639 |    0.0000049    0.0001954 |    0.0094497    0.0899132 |    0.0000051    0.0003173
    34688  1387.520 |    0.0000857    0.0020642 |    0.0000049    0.0001957 |    0.0094474    0.0899543 |    0.0000051    0.0003220
    34720  1388.800 |    0.0000857    0.0020644 |    0.0000049    0.0001960 |    0.0094450    0.0899872 |    0.0000051    0.0003248
    34752  1390.080 |    0.0000857    0.0020646 |    0.0000049    0.0001961 |    0.0094425    0.0900243 |    0.0000051    0.0003239
    34784  1391.360 |    0.0000857    0.0020642 |    0.0000049    0.0001957 |    0.0094398    0.0900600 |    0.0000051    0.0003229
    34816  1392.640 |    0.0000857    0.0020647 |    0.0000049    0.0001962 |    0.0094369    0.0900931 |    0.0000051    0.0003222
    34848  1393.920 |    0.0000857    0.0020641 |    0.0000049    0.0001956 |    0.0094339    0.0901277 |    0.0000051    0.0003208
    34880  1395.200 |    0.0000857    0.0020644 |    0.0000049    0.0001959 |    0.0094309    0.0901629 |    0.0000051    0.0003187
    34912  1396.480 |    0.0000857    0.0020645 |    0.0000049    0.0001961 |    0.0094279    0.0902015 |    0.0000051    0.0003196
    34944  1397.760 |    0.0000857    0.0020648 |    0.0000049    0.0001964 |    0.0094251    0.0902370 |    0.0000051    0.0003197
    34976  1399.040 |    0.0000857    0.0020647 |    0.0000049    0.0001963 |    0.0094223    0.0902715 |    0.0000051    0.0003192
    35008  1400.320 |    0.0000858    0.0020648 |    0.0000049    0.0001963 |    0.0094195    0.0903054 |    0.0000051    0.0003162
    35040  1401.600 |    0.0000858    0.0020649 |    0.0000049    0.0001965 |    0.0094166    0.0903383 |    0.0000051    0.0003143
    35072  1402.880 |    0.0000858    0.0020648 |    0.0000049    0.0001964 |    0.0094136    0.0903707 |    0.0000051    0.0003133
    35104  1404.160 |    0.0000858    0.0020650 |    0.0000049    0.0001965 |    0.0094103    0.0904040 |    0.0000051    0.0003120
    35136  1405.440 |    0.0000858    0.0020651 |    0.0000049    0.0001967 |    0.0094069    0.0904364 |    0.0000051    0.0003111
    35168  1406.720 |    0.0000858    0.0020653 |    0.0000049    0.0001969 |    0.0094033    0.0904688 |    0.0000051    0.0003107
-----------------------------------------------------------------------------------------------------------------------------------
Iteration      Time |            HYDROBASE::rho |          HYDROBASE::press |            HYDROBASE::eps |      ML_ADMCONSTRAINTS::H
                    |        norm2      maximum |        norm2      maximum |        norm2      maximum |        norm2      maximum
-----------------------------------------------------------------------------------------------------------------------------------
    35200  1408.000 |    0.0000858    0.0020653 |    0.0000049    0.0001969 |    0.0093995    0.0904985 |    0.0000050    0.0003111
    35232  1409.280 |    0.0000858    0.0020655 |    0.0000049    0.0001971 |    0.0093957    0.0905270 |    0.0000050    0.0003106
    35264  1410.560 |    0.0000858    0.0020655 |    0.0000049    0.0001970 |    0.0093920    0.0905535 |    0.0000050    0.0003102
    35296  1411.840 |    0.0000859    0.0020655 |    0.0000049    0.0001971 |    0.0093884    0.0905784 |    0.0000050    0.0003090
    35328  1413.120 |    0.0000859    0.0020656 |    0.0000049    0.0001971 |    0.0093850    0.0906021 |    0.0000050    0.0003092
    35360  1414.400 |    0.0000859    0.0020657 |    0.0000049    0.0001973 |    0.0093817    0.0906252 |    0.0000050    0.0003086
    35392  1415.680 |    0.0000859    0.0020658 |    0.0000049    0.0001974 |    0.0093786    0.0906476 |    0.0000050    0.0003082
    35424  1416.960 |    0.0000859    0.0020658 |    0.0000049    0.0001975 |    0.0093753    0.0906690 |    0.0000050    0.0003085
    35456  1418.240 |    0.0000859    0.0020659 |    0.0000049    0.0001975 |    0.0093721    0.0906893 |    0.0000050    0.0003071
    35488  1419.520 |    0.0000859    0.0020659 |    0.0000049    0.0001975 |    0.0093688    0.0907076 |    0.0000050    0.0003081
    35520  1420.800 |    0.0000859    0.0020659 |    0.0000049    0.0001975 |    0.0093656    0.0907256 |    0.0000050    0.0003074
    35552  1422.080 |    0.0000859    0.0020659 |    0.0000049    0.0001975 |    0.0093625    0.0907421 |    0.0000050    0.0003078
    35584  1423.360 |    0.0000859    0.0020660 |    0.0000049    0.0001976 |    0.0093595    0.0907582 |    0.0000050    0.0003077
    35616  1424.640 |    0.0000859    0.0020660 |    0.0000049    0.0001976 |    0.0093566    0.0907735 |    0.0000050    0.0003063
    35648  1425.920 |    0.0000859    0.0020660 |    0.0000049    0.0001976 |    0.0093537    0.0907867 |    0.0000050    0.0003076
    35680  1427.200 |    0.0000859    0.0020660 |    0.0000049    0.0001976 |    0.0093510    0.0907965 |    0.0000050    0.0003074
    35712  1428.480 |    0.0000859    0.0020659 |    0.0000049    0.0001975 |    0.0093487    0.0908105 |    0.0000050    0.0003073
    35744  1429.760 |    0.0000859    0.0020658 |    0.0000049    0.0001974 |    0.0093465    0.0908207 |    0.0000050    0.0003082
    35776  1431.040 |    0.0000858    0.0020658 |    0.0000049    0.0001974 |    0.0093445    0.0908300 |    0.0000050    0.0003075
    35808  1432.320 |    0.0000858    0.0020657 |    0.0000049    0.0001973 |    0.0093424    0.0908388 |    0.0000050    0.0003092
-----------------------------------------------------------------------------------------------------------------------------------
Iteration      Time |            HYDROBASE::rho |          HYDROBASE::press |            HYDROBASE::eps |      ML_ADMCONSTRAINTS::H
                    |        norm2      maximum |        norm2      maximum |        norm2      maximum |        norm2      maximum
-----------------------------------------------------------------------------------------------------------------------------------
    35840  1433.600 |    0.0000858    0.0020657 |    0.0000049    0.0001973 |    0.0093405    0.0908464 |    0.0000050    0.0003192
    35872  1434.880 |    0.0000858    0.0020656 |    0.0000049    0.0001972 |    0.0093388    0.0908546 |    0.0000050    0.0003516
    35904  1436.160 |    0.0000858    0.0020655 |    0.0000049    0.0001971 |    0.0093372    0.0908701 |    0.0000050    0.0003452
    35936  1437.440 |    0.0000858    0.0020655 |    0.0000049    0.0001971 |    0.0093357    0.0908829 |    0.0000050    0.0003084
    35968  1438.720 |    0.0000857    0.0020654 |    0.0000049    0.0001970 |    0.0093343    0.0908879 |    0.0000050    0.0003323
    36000  1440.000 |    0.0000857    0.0020651 |    0.0000049    0.0001967 |    0.0093329    0.0909052 |    0.0000049    0.0003185
    36032  1441.280 |    0.0000857    0.0020650 |    0.0000049    0.0001965 |    0.0093316    0.0909081 |    0.0000050    0.0003251
    36064  1442.560 |    0.0000857    0.0020652 |    0.0000049    0.0001968 |    0.0093303    0.0909128 |    0.0000050    0.0003550
    36096  1443.840 |    0.0000856    0.0020645 |    0.0000049    0.0001960 |    0.0093292    0.0909279 |    0.0000050    0.0003513
    36128  1445.120 |    0.0000856    0.0020645 |    0.0000049    0.0001961 |    0.0093281    0.0909399 |    0.0000050    0.0003296
    36160  1446.400 |    0.0000856    0.0020651 |    0.0000049    0.0001967 |    0.0093271    0.0909763 |    0.0000050    0.0003355
    36192  1447.680 |    0.0000856    0.0020640 |    0.0000049    0.0001955 |    0.0093261    0.0909276 |    0.0000049    0.0003591
    36224  1448.960 |    0.0000855    0.0020642 |    0.0000049    0.0001957 |    0.0093250    0.0908989 |    0.0000050    0.0003348
    36256  1450.240 |    0.0000855    0.0020644 |    0.0000049    0.0001960 |    0.0093239    0.0908985 |    0.0000050    0.0003503
    36288  1451.520 |    0.0000855    0.0020641 |    0.0000049    0.0001956 |    0.0093226    0.0908909 |    0.0000050    0.0003491
    36320  1452.800 |    0.0000855    0.0020637 |    0.0000049    0.0001952 |    0.0093213    0.0908778 |    0.0000049    0.0003628
    36352  1454.080 |    0.0000854    0.0020633 |    0.0000049    0.0001948 |    0.0093200    0.0909147 |    0.0000049    0.0003684
    36384  1455.360 |    0.0000854    0.0020638 |    0.0000048    0.0001953 |    0.0093186    0.0909193 |    0.0000049    0.0003558
    36416  1456.640 |    0.0000854    0.0020630 |    0.0000048    0.0001945 |    0.0093172    0.0909166 |    0.0000049    0.0003450
    36448  1457.920 |    0.0000853    0.0020634 |    0.0000048    0.0001949 |    0.0093156    0.0907811 |    0.0000049    0.0003598
-----------------------------------------------------------------------------------------------------------------------------------
Iteration      Time |            HYDROBASE::rho |          HYDROBASE::press |            HYDROBASE::eps |      ML_ADMCONSTRAINTS::H
                    |        norm2      maximum |        norm2      maximum |        norm2      maximum |        norm2      maximum
-----------------------------------------------------------------------------------------------------------------------------------
    36480  1459.200 |    0.0000853    0.0020621 |    0.0000048    0.0001935 |    0.0093140    0.0905848 |    0.0000049    0.0003679
    36512  1460.480 |    0.0000853    0.0020632 |    0.0000048    0.0001946 |    0.0093123    0.0906048 |    0.0000049    0.0003711
    36544  1461.760 |    0.0000853    0.0020626 |    0.0000048    0.0001941 |    0.0093106    0.0905685 |    0.0000049    0.0003610
    36576  1463.040 |    0.0000852    0.0020628 |    0.0000048    0.0001943 |    0.0093089    0.0905964 |    0.0000049    0.0003768
    36608  1464.320 |    0.0000852    0.0020624 |    0.0000048    0.0001938 |    0.0093072    0.0905669 |    0.0000049    0.0003685
    36640  1465.600 |    0.0000852    0.0020620 |    0.0000048    0.0001935 |    0.0093055    0.0904312 |    0.0000049    0.0003812
    36672  1466.880 |    0.0000852    0.0020629 |    0.0000048    0.0001944 |    0.0093036    0.0903149 |    0.0000049    0.0003684
    36704  1468.160 |    0.0000852    0.0020614 |    0.0000048    0.0001928 |    0.0093018    0.0904206 |    0.0000049    0.0003671
    36736  1469.440 |    0.0000851    0.0020623 |    0.0000048    0.0001937 |    0.0093000    0.0903050 |    0.0000049    0.0003341
    36768  1470.720 |    0.0000851    0.0020624 |    0.0000048    0.0001938 |    0.0092982    0.0898274 |    0.0000049    0.0003410
    36800  1472.000 |    0.0000851    0.0020613 |    0.0000048    0.0001927 |    0.0092962    0.0898131 |    0.0000049    0.0003383
    36832  1473.280 |    0.0000851    0.0020620 |    0.0000048    0.0001934 |    0.0092942    0.0898278 |    0.0000049    0.0003873
    36864  1474.560 |    0.0000851    0.0020620 |    0.0000048    0.0001934 |    0.0092922    0.0898360 |    0.0000049    0.0003505
    36896  1475.840 |    0.0000851    0.0020613 |    0.0000048    0.0001927 |    0.0092902    0.0898511 |    0.0000049    0.0003212
    36928  1477.120 |    0.0000851    0.0020614 |    0.0000048    0.0001929 |    0.0092882    0.0898669 |    0.0000049    0.0003496
    36960  1478.400 |    0.0000851    0.0020619 |    0.0000048    0.0001933 |    0.0092862    0.0898848 |    0.0000049    0.0003277
    36992  1479.680 |    0.0000851    0.0020614 |    0.0000048    0.0001928 |    0.0092841    0.0898958 |    0.0000049    0.0003354
    37024  1480.960 |    0.0000851    0.0020617 |    0.0000048    0.0001931 |    0.0092821    0.0899167 |    0.0000049    0.0003742
    37056  1482.240 |    0.0000851    0.0020619 |    0.0000048    0.0001934 |    0.0092800    0.0899273 |    0.0000049    0.0003697
    37088  1483.520 |    0.0000851    0.0020617 |    0.0000048    0.0001931 |    0.0092778    0.0899446 |    0.0000049    0.0003741
-----------------------------------------------------------------------------------------------------------------------------------
Iteration      Time |            HYDROBASE::rho |          HYDROBASE::press |            HYDROBASE::eps |      ML_ADMCONSTRAINTS::H
                    |        norm2      maximum |        norm2      maximum |        norm2      maximum |        norm2      maximum
-----------------------------------------------------------------------------------------------------------------------------------
    37120  1484.800 |    0.0000851    0.0020612 |    0.0000048    0.0001926 |    0.0092756    0.0899577 |    0.0000049    0.0003742
    37152  1486.080 |    0.0000851    0.0020619 |    0.0000048    0.0001933 |    0.0092734    0.0899717 |    0.0000049    0.0003747
    37184  1487.360 |    0.0000851    0.0020616 |    0.0000048    0.0001930 |    0.0092713    0.0899883 |    0.0000048    0.0003739
    37216  1488.640 |    0.0000851    0.0020617 |    0.0000048    0.0001931 |    0.0092692    0.0900016 |    0.0000049    0.0003730
    37248  1489.920 |    0.0000851    0.0020620 |    0.0000048    0.0001935 |    0.0092672    0.0900150 |    0.0000048    0.0003743
    37280  1491.200 |    0.0000851    0.0020618 |    0.0000048    0.0001932 |    0.0092652    0.0900299 |    0.0000048    0.0003696
    37312  1492.480 |    0.0000851    0.0020619 |    0.0000048    0.0001933 |    0.0092634    0.0900440 |    0.0000048    0.0003256
    37344  1493.760 |    0.0000851    0.0020619 |    0.0000048    0.0001934 |    0.0092617    0.0900565 |    0.0000048    0.0003743
    37376  1495.040 |    0.0000851    0.0020622 |    0.0000048    0.0001936 |    0.0092600    0.0900678 |    0.0000048    0.0003835
    37408  1496.320 |    0.0000851    0.0020623 |    0.0000048    0.0001937 |    0.0092582    0.0900812 |    0.0000048    0.0003614
    37440  1497.600 |    0.0000851    0.0020621 |    0.0000048    0.0001935 |    0.0092564    0.0900933 |    0.0000048    0.0003576
    37472  1498.880 |    0.0000851    0.0020623 |    0.0000048    0.0001937 |    0.0092545    0.0901069 |    0.0000048    0.0003604
    37504  1500.160 |    0.0000852    0.0020623 |    0.0000048    0.0001937 |    0.0092525    0.0901166 |    0.0000048    0.0003618
    37536  1501.440 |    0.0000852    0.0020624 |    0.0000048    0.0001938 |    0.0092506    0.0901250 |    0.0000048    0.0003597
    37568  1502.720 |    0.0000852    0.0020625 |    0.0000048    0.0001940 |    0.0092486    0.0901327 |    0.0000048    0.0003613
    37600  1504.000 |    0.0000852    0.0020626 |    0.0000048    0.0001941 |    0.0092467    0.0901398 |    0.0000048    0.0003633
    37632  1505.280 |    0.0000852    0.0020626 |    0.0000048    0.0001941 |    0.0092448    0.0901477 |    0.0000048    0.0003638
    37664  1506.560 |    0.0000852    0.0020627 |    0.0000048    0.0001942 |    0.0092430    0.0901552 |    0.0000048    0.0003668
    37696  1507.840 |    0.0000852    0.0020628 |    0.0000048    0.0001943 |    0.0092412    0.0901636 |    0.0000048    0.0003659
    37728  1509.120 |    0.0000852    0.0020628 |    0.0000048    0.0001943 |    0.0092396    0.0901693 |    0.0000048    0.0003651
-----------------------------------------------------------------------------------------------------------------------------------
Iteration      Time |            HYDROBASE::rho |          HYDROBASE::press |            HYDROBASE::eps |      ML_ADMCONSTRAINTS::H
                    |        norm2      maximum |        norm2      maximum |        norm2      maximum |        norm2      maximum
-----------------------------------------------------------------------------------------------------------------------------------
    37760  1510.400 |    0.0000852    0.0020629 |    0.0000048    0.0001944 |    0.0092380    0.0901704 |    0.0000048    0.0003646
    37792  1511.680 |    0.0000852    0.0020630 |    0.0000048    0.0001945 |    0.0092364    0.0901701 |    0.0000048    0.0003655
    37824  1512.960 |    0.0000852    0.0020630 |    0.0000048    0.0001945 |    0.0092348    0.0901705 |    0.0000048    0.0003686
    37856  1514.240 |    0.0000852    0.0020631 |    0.0000048    0.0001946 |    0.0092330    0.0901715 |    0.0000048    0.0003672
    37888  1515.520 |    0.0000852    0.0020631 |    0.0000048    0.0001946 |    0.0092312    0.0901710 |    0.0000048    0.0003681
    37920  1516.800 |    0.0000852    0.0020631 |    0.0000048    0.0001946 |    0.0092293    0.0901689 |    0.0000048    0.0003679
    37952  1518.080 |    0.0000852    0.0020631 |    0.0000048    0.0001946 |    0.0092273    0.0901663 |    0.0000048    0.0003668
    37984  1519.360 |    0.0000852    0.0020631 |    0.0000048    0.0001946 |    0.0092254    0.0901711 |    0.0000048    0.0003657
    38016  1520.640 |    0.0000852    0.0020632 |    0.0000048    0.0001947 |    0.0092235    0.0901845 |    0.0000048    0.0003710
    38048  1521.920 |    0.0000852    0.0020632 |    0.0000048    0.0001947 |    0.0092217    0.0901991 |    0.0000047    0.0003640
    38080  1523.200 |    0.0000852    0.0020632 |    0.0000048    0.0001947 |    0.0092197    0.0902148 |    0.0000047    0.0003700
    38112  1524.480 |    0.0000852    0.0020632 |    0.0000048    0.0001947 |    0.0092177    0.0902289 |    0.0000047    0.0003696
    38144  1525.760 |    0.0000852    0.0020633 |    0.0000048    0.0001948 |    0.0092155    0.0902389 |    0.0000047    0.0003684
    38176  1527.040 |    0.0000852    0.0020629 |    0.0000048    0.0001944 |    0.0092134    0.0902481 |    0.0000047    0.0003684
    38208  1528.320 |    0.0000852    0.0020628 |    0.0000048    0.0001943 |    0.0092113    0.0902638 |    0.0000047    0.0003740
    38240  1529.600 |    0.0000852    0.0020630 |    0.0000048    0.0001945 |    0.0092094    0.0902706 |    0.0000047    0.0003416
    38272  1530.880 |    0.0000852    0.0020629 |    0.0000048    0.0001944 |    0.0092075    0.0902779 |    0.0000047    0.0003387
    38304  1532.160 |    0.0000852    0.0020628 |    0.0000048    0.0001943 |    0.0092057    0.0902900 |    0.0000047    0.0003463
    38336  1533.440 |    0.0000851    0.0020628 |    0.0000048    0.0001943 |    0.0092040    0.0903063 |    0.0000047    0.0003493
    38368  1534.720 |    0.0000851    0.0020623 |    0.0000048    0.0001938 |    0.0092023    0.0903229 |    0.0000047    0.0003438
Memory statistics from CarpetLib:
   Current number of objects: 768
   Current allocated memory:  257 MB
   Maximum number of objects: 772
   Maximum allocated memory:  258 MB
   Current administrative memory: 1.1 MB
   Total allocated used system memory: 55.4 MB
   Total allocated free system memory: 37.6 MB
   gh::allmemory:    123132
   dh::allmemory:    721984
   th::allmemory:    13888
   ggf::allmemory:   189992
   gdata::allmemory: 55208
-----------------------------------------------------------------------------------------------------------------------------------
Iteration      Time |            HYDROBASE::rho |          HYDROBASE::press |            HYDROBASE::eps |      ML_ADMCONSTRAINTS::H
                    |        norm2      maximum |        norm2      maximum |        norm2      maximum |        norm2      maximum
-----------------------------------------------------------------------------------------------------------------------------------
    38400  1536.000 |    0.0000851    0.0020624 |    0.0000048    0.0001938 |    0.0092006    0.0903411 |    0.0000047    0.0003455
    38432  1537.280 |    0.0000851    0.0020624 |    0.0000048    0.0001939 |    0.0091990    0.0903588 |    0.0000047    0.0003436
    38464  1538.560 |    0.0000851    0.0020625 |    0.0000048    0.0001940 |    0.0091974    0.0903881 |    0.0000047    0.0003448
    38496  1539.840 |    0.0000850    0.0020621 |    0.0000048    0.0001935 |    0.0091959    0.0904096 |    0.0000047    0.0003478
    38528  1541.120 |    0.0000850    0.0020622 |    0.0000048    0.0001936 |    0.0091946    0.0904314 |    0.0000047    0.0003484
    38560  1542.400 |    0.0000850    0.0020619 |    0.0000048    0.0001933 |    0.0091934    0.0904516 |    0.0000047    0.0003520
    38592  1543.680 |    0.0000850    0.0020618 |    0.0000048    0.0001932 |    0.0091924    0.0904419 |    0.0000047    0.0003625
    38624  1544.960 |    0.0000850    0.0020619 |    0.0000048    0.0001933 |    0.0091916    0.0904833 |    0.0000047    0.0003693
    38656  1546.240 |    0.0000849    0.0020622 |    0.0000048    0.0001937 |    0.0091909    0.0905008 |    0.0000047    0.0003741
    38688  1547.520 |    0.0000849    0.0020612 |    0.0000048    0.0001926 |    0.0091902    0.0905368 |    0.0000047    0.0004091
    38720  1548.800 |    0.0000849    0.0020608 |    0.0000048    0.0001921 |    0.0091897    0.0906072 |    0.0000047    0.0003959
    38752  1550.080 |    0.0000849    0.0020615 |    0.0000048    0.0001930 |    0.0091892    0.0906685 |    0.0000047    0.0004030
    38784  1551.360 |    0.0000848    0.0020608 |    0.0000048    0.0001922 |    0.0091888    0.0907142 |    0.0000047    0.0004076
    38816  1552.640 |    0.0000848    0.0020609 |    0.0000048    0.0001923 |    0.0091884    0.0906999 |    0.0000047    0.0004044
    38848  1553.920 |    0.0000848    0.0020609 |    0.0000048    0.0001923 |    0.0091881    0.0907316 |    0.0000047    0.0004087
    38880  1555.200 |    0.0000848    0.0020607 |    0.0000048    0.0001921 |    0.0091879    0.0908059 |    0.0000047    0.0004075
    38912  1556.480 |    0.0000847    0.0020601 |    0.0000048    0.0001914 |    0.0091877    0.0909023 |    0.0000047    0.0004010
    38944  1557.760 |    0.0000847    0.0020602 |    0.0000048    0.0001916 |    0.0091875    0.0909611 |    0.0000047    0.0004066
    38976  1559.040 |    0.0000847    0.0020606 |    0.0000048    0.0001919 |    0.0091873    0.0909974 |    0.0000047    0.0004032
    39008  1560.320 |    0.0000847    0.0020603 |    0.0000048    0.0001917 |    0.0091871    0.0910484 |    0.0000047    0.0004030
-----------------------------------------------------------------------------------------------------------------------------------
Iteration      Time |            HYDROBASE::rho |          HYDROBASE::press |            HYDROBASE::eps |      ML_ADMCONSTRAINTS::H
                    |        norm2      maximum |        norm2      maximum |        norm2      maximum |        norm2      maximum
-----------------------------------------------------------------------------------------------------------------------------------
    39040  1561.600 |    0.0000847    0.0020602 |    0.0000048    0.0001916 |    0.0091869    0.0910805 |    0.0000047    0.0003975
    39072  1562.880 |    0.0000847    0.0020606 |    0.0000048    0.0001919 |    0.0091868    0.0910990 |    0.0000047    0.0003971
    39104  1564.160 |    0.0000846    0.0020598 |    0.0000047    0.0001912 |    0.0091869    0.0910782 |    0.0000047    0.0004030
    39136  1565.440 |    0.0000846    0.0020591 |    0.0000047    0.0001904 |    0.0091871    0.0910048 |    0.0000047    0.0004649
    39168  1566.720 |    0.0000846    0.0020604 |    0.0000047    0.0001918 |    0.0091870    0.0910142 |    0.0000047    0.0004102
    39200  1568.000 |    0.0000846    0.0020592 |    0.0000047    0.0001906 |    0.0091869    0.0909974 |    0.0000047    0.0004114
    39232  1569.280 |    0.0000846    0.0020596 |    0.0000047    0.0001910 |    0.0091868    0.0910045 |    0.0000047    0.0004056
    39264  1570.560 |    0.0000846    0.0020596 |    0.0000047    0.0001910 |    0.0091866    0.0910416 |    0.0000047    0.0004019
    39296  1571.840 |    0.0000846    0.0020599 |    0.0000047    0.0001912 |    0.0091863    0.0910601 |    0.0000047    0.0004022
    39328  1573.120 |    0.0000846    0.0020591 |    0.0000047    0.0001904 |    0.0091859    0.0910713 |    0.0000047    0.0003984
    39360  1574.400 |    0.0000846    0.0020595 |    0.0000047    0.0001909 |    0.0091854    0.0910639 |    0.0000047    0.0003818
INFO (CarpetIOHDF5): ---------------------------------------------------------
INFO (CarpetIOHDF5): Dumping periodic checkpoint at iteration 39371, simulation time 1574.84
INFO (CarpetIOHDF5): ---------------------------------------------------------
    39392  1575.680 |    0.0000846    0.0020598 |    0.0000047    0.0001912 |    0.0091848    0.0910569 |    0.0000047    0.0004045
    39424  1576.960 |    0.0000846    0.0020594 |    0.0000047    0.0001907 |    0.0091840    0.0910807 |    0.0000047    0.0004093
    39456  1578.240 |    0.0000845    0.0020591 |    0.0000047    0.0001904 |    0.0091831    0.0910833 |    0.0000047    0.0004004
    39488  1579.520 |    0.0000845    0.0020597 |    0.0000047    0.0001910 |    0.0091823    0.0911077 |    0.0000046    0.0004111
    39520  1580.800 |    0.0000845    0.0020589 |    0.0000047    0.0001902 |    0.0091814    0.0911242 |    0.0000046    0.0004088
    39552  1582.080 |    0.0000846    0.0020596 |    0.0000047    0.0001909 |    0.0091804    0.0911421 |    0.0000046    0.0004016
    39584  1583.360 |    0.0000846    0.0020595 |    0.0000047    0.0001909 |    0.0091794    0.0911530 |    0.0000046    0.0004027
    39616  1584.640 |    0.0000846    0.0020595 |    0.0000047    0.0001908 |    0.0091782    0.0911734 |    0.0000046    0.0004037
    39648  1585.920 |    0.0000846    0.0020592 |    0.0000047    0.0001906 |    0.0091768    0.0911868 |    0.0000046    0.0004026
-----------------------------------------------------------------------------------------------------------------------------------
Iteration      Time |            HYDROBASE::rho |          HYDROBASE::press |            HYDROBASE::eps |      ML_ADMCONSTRAINTS::H
                    |        norm2      maximum |        norm2      maximum |        norm2      maximum |        norm2      maximum
-----------------------------------------------------------------------------------------------------------------------------------
    39680  1587.200 |    0.0000846    0.0020596 |    0.0000047    0.0001909 |    0.0091753    0.0911942 |    0.0000046    0.0004020
    39712  1588.480 |    0.0000846    0.0020598 |    0.0000047    0.0001911 |    0.0091735    0.0912025 |    0.0000046    0.0004014
    39744  1589.760 |    0.0000846    0.0020598 |    0.0000047    0.0001911 |    0.0091717    0.0912213 |    0.0000046    0.0004011
    39776  1591.040 |    0.0000846    0.0020599 |    0.0000048    0.0001912 |    0.0091697    0.0912349 |    0.0000046    0.0004020
    39808  1592.320 |    0.0000846    0.0020600 |    0.0000048    0.0001913 |    0.0091675    0.0912430 |    0.0000046    0.0004027
    39840  1593.600 |    0.0000846    0.0020598 |    0.0000048    0.0001911 |    0.0091653    0.0912530 |    0.0000046    0.0004026
    39872  1594.880 |    0.0000846    0.0020599 |    0.0000048    0.0001913 |    0.0091630    0.0912648 |    0.0000046    0.0004027
    39904  1596.160 |    0.0000846    0.0020602 |    0.0000048    0.0001915 |    0.0091606    0.0912741 |    0.0000046    0.0004029
    39936  1597.440 |    0.0000846    0.0020602 |    0.0000048    0.0001915 |    0.0091582    0.0912825 |    0.0000046    0.0004028
    39968  1598.720 |    0.0000846    0.0020602 |    0.0000048    0.0001916 |    0.0091559    0.0912944 |    0.0000046    0.0004014
    40000  1600.000 |    0.0000847    0.0020603 |    0.0000048    0.0001917 |    0.0091536    0.0913053 |    0.0000046    0.0003391
    40032  1601.280 |    0.0000847    0.0020603 |    0.0000048    0.0001917 |    0.0091513    0.0913131 |    0.0000046    0.0004925
    40064  1602.560 |    0.0000847    0.0020604 |    0.0000048    0.0001917 |    0.0091491    0.0913175 |    0.0000046    0.0003361
    40096  1603.840 |    0.0000847    0.0020605 |    0.0000048    0.0001919 |    0.0091467    0.0913230 |    0.0000046    0.0003362
    40128  1605.120 |    0.0000847    0.0020606 |    0.0000048    0.0001919 |    0.0091443    0.0913286 |    0.0000046    0.0003373
    40160  1606.400 |    0.0000847    0.0020605 |    0.0000048    0.0001919 |    0.0091418    0.0913341 |    0.0000046    0.0003402
    40192  1607.680 |    0.0000847    0.0020607 |    0.0000048    0.0001920 |    0.0091393    0.0913377 |    0.0000045    0.0003388
    40224  1608.960 |    0.0000847    0.0020607 |    0.0000048    0.0001921 |    0.0091368    0.0913395 |    0.0000045    0.0003414
    40256  1610.240 |    0.0000847    0.0020607 |    0.0000048    0.0001921 |    0.0091343    0.0913416 |    0.0000045    0.0003421
    40288  1611.520 |    0.0000847    0.0020608 |    0.0000048    0.0001922 |    0.0091318    0.0913432 |    0.0000045    0.0003434
-----------------------------------------------------------------------------------------------------------------------------------
Iteration      Time |            HYDROBASE::rho |          HYDROBASE::press |            HYDROBASE::eps |      ML_ADMCONSTRAINTS::H
                    |        norm2      maximum |        norm2      maximum |        norm2      maximum |        norm2      maximum
-----------------------------------------------------------------------------------------------------------------------------------
    40320  1612.800 |    0.0000847    0.0020609 |    0.0000048    0.0001922 |    0.0091295    0.0913473 |    0.0000045    0.0003461
    40352  1614.080 |    0.0000847    0.0020608 |    0.0000048    0.0001922 |    0.0091274    0.0913607 |    0.0000045    0.0003482
    40384  1615.360 |    0.0000847    0.0020609 |    0.0000048    0.0001922 |    0.0091254    0.0913819 |    0.0000045    0.0003499
    40416  1616.640 |    0.0000847    0.0020609 |    0.0000048    0.0001923 |    0.0091235    0.0913997 |    0.0000045    0.0003541
    40448  1617.920 |    0.0000847    0.0020609 |    0.0000048    0.0001922 |    0.0091218    0.0914174 |    0.0000045    0.0003572
    40480  1619.200 |    0.0000847    0.0020609 |    0.0000048    0.0001922 |    0.0091202    0.0914372 |    0.0000045    0.0003618
    40512  1620.480 |    0.0000847    0.0020609 |    0.0000048    0.0001923 |    0.0091188    0.0914562 |    0.0000045    0.0003662
    40544  1621.760 |    0.0000847    0.0020607 |    0.0000048    0.0001921 |    0.0091174    0.0914744 |    0.0000045    0.0003747
    40576  1623.040 |    0.0000847    0.0020608 |    0.0000048    0.0001922 |    0.0091163    0.0914914 |    0.0000045    0.0004357
    40608  1624.320 |    0.0000847    0.0020608 |    0.0000048    0.0001921 |    0.0091152    0.0915081 |    0.0000045    0.0004105
    40640  1625.600 |    0.0000847    0.0020607 |    0.0000048    0.0001921 |    0.0091144    0.0915261 |    0.0000045    0.0004162
    40672  1626.880 |    0.0000846    0.0020606 |    0.0000048    0.0001919 |    0.0091136    0.0915404 |    0.0000045    0.0004176
    40704  1628.160 |    0.0000846    0.0020607 |    0.0000048    0.0001920 |    0.0091129    0.0915604 |    0.0000045    0.0004192
    40736  1629.440 |    0.0000846    0.0020605 |    0.0000048    0.0001918 |    0.0091123    0.0915746 |    0.0000045    0.0004193
    40768  1630.720 |    0.0000846    0.0020605 |    0.0000048    0.0001918 |    0.0091118    0.0915848 |    0.0000045    0.0004234
    40800  1632.000 |    0.0000846    0.0020605 |    0.0000048    0.0001919 |    0.0091115    0.0916053 |    0.0000045    0.0004187
    40832  1633.280 |    0.0000846    0.0020602 |    0.0000048    0.0001916 |    0.0091114    0.0916196 |    0.0000045    0.0004149
    40864  1634.560 |    0.0000846    0.0020603 |    0.0000048    0.0001916 |    0.0091112    0.0916071 |    0.0000045    0.0003137
    40896  1635.840 |    0.0000845    0.0020602 |    0.0000048    0.0001916 |    0.0091109    0.0916025 |    0.0000045    0.0005799
    40928  1637.120 |    0.0000845    0.0020600 |    0.0000048    0.0001914 |    0.0091106    0.0915447 |    0.0000045    0.0002863
-----------------------------------------------------------------------------------------------------------------------------------
Iteration      Time |            HYDROBASE::rho |          HYDROBASE::press |            HYDROBASE::eps |      ML_ADMCONSTRAINTS::H
                    |        norm2      maximum |        norm2      maximum |        norm2      maximum |        norm2      maximum
-----------------------------------------------------------------------------------------------------------------------------------
    40960  1638.400 |    0.0000845    0.0020596 |    0.0000048    0.0001910 |    0.0091105    0.0914760 |    0.0000045    0.0003119
    40992  1639.680 |    0.0000845    0.0020597 |    0.0000047    0.0001910 |    0.0091105    0.0913731 |    0.0000045    0.0002921
    41024  1640.960 |    0.0000845    0.0020593 |    0.0000047    0.0001906 |    0.0091106    0.0913797 |    0.0000045    0.0002988
    41056  1642.240 |    0.0000844    0.0020596 |    0.0000047    0.0001910 |    0.0091107    0.0913881 |    0.0000045    0.0003064
    41088  1643.520 |    0.0000844    0.0020592 |    0.0000047    0.0001906 |    0.0091108    0.0914034 |    0.0000045    0.0003053
    41120  1644.800 |    0.0000844    0.0020595 |    0.0000047    0.0001908 |    0.0091110    0.0914169 |    0.0000045    0.0003075
    41152  1646.080 |    0.0000844    0.0020592 |    0.0000047    0.0001905 |    0.0091115    0.0914212 |    0.0000045    0.0003169
    41184  1647.360 |    0.0000843    0.0020590 |    0.0000047    0.0001903 |    0.0091123    0.0914331 |    0.0000045    0.0003082
    41216  1648.640 |    0.0000843    0.0020589 |    0.0000047    0.0001902 |    0.0091130    0.0914522 |    0.0000045    0.0003031
    41248  1649.920 |    0.0000843    0.0020590 |    0.0000047    0.0001903 |    0.0091133    0.0914417 |    0.0000045    0.0002786
    41280  1651.200 |    0.0000843    0.0020587 |    0.0000047    0.0001900 |    0.0091136    0.0913379 |    0.0000045    0.0002817
    41312  1652.480 |    0.0000843    0.0020582 |    0.0000047    0.0001895 |    0.0091140    0.0913353 |    0.0000045    0.0002862
    41344  1653.760 |    0.0000842    0.0020590 |    0.0000047    0.0001904 |    0.0091144    0.0913279 |    0.0000045    0.0002841
    41376  1655.040 |    0.0000842    0.0020581 |    0.0000047    0.0001893 |    0.0091147    0.0913217 |    0.0000045    0.0003303
    41408  1656.320 |    0.0000842    0.0020578 |    0.0000047    0.0001890 |    0.0091149    0.0913239 |    0.0000045    0.0002834
    41440  1657.600 |    0.0000842    0.0020582 |    0.0000047    0.0001895 |    0.0091151    0.0913200 |    0.0000045    0.0003212
    41472  1658.880 |    0.0000842    0.0020581 |    0.0000047    0.0001893 |    0.0091153    0.0912925 |    0.0000045    0.0002995
    41504  1660.160 |    0.0000841    0.0020576 |    0.0000047    0.0001889 |    0.0091154    0.0908063 |    0.0000045    0.0003019
    41536  1661.440 |    0.0000841    0.0020584 |    0.0000047    0.0001897 |    0.0091155    0.0908276 |    0.0000045    0.0002912
    41568  1662.720 |    0.0000841    0.0020575 |    0.0000047    0.0001888 |    0.0091155    0.0907812 |    0.0000045    0.0002962
-----------------------------------------------------------------------------------------------------------------------------------
Iteration      Time |            HYDROBASE::rho |          HYDROBASE::press |            HYDROBASE::eps |      ML_ADMCONSTRAINTS::H
                    |        norm2      maximum |        norm2      maximum |        norm2      maximum |        norm2      maximum
-----------------------------------------------------------------------------------------------------------------------------------
    41600  1664.000 |    0.0000841    0.0020571 |    0.0000047    0.0001884 |    0.0091153    0.0906675 |    0.0000045    0.0003009
    41632  1665.280 |    0.0000841    0.0020573 |    0.0000047    0.0001885 |    0.0091151    0.0906374 |    0.0000045    0.0002868
    41664  1666.560 |    0.0000841    0.0020580 |    0.0000047    0.0001893 |    0.0091147    0.0906759 |    0.0000045    0.0003107
    41696  1667.840 |    0.0000841    0.0020575 |    0.0000047    0.0001887 |    0.0091141    0.0906840 |    0.0000045    0.0003057
    41728  1669.120 |    0.0000840    0.0020569 |    0.0000047    0.0001882 |    0.0091135    0.0906921 |    0.0000045    0.0002880
    41760  1670.400 |    0.0000840    0.0020575 |    0.0000047    0.0001887 |    0.0091128    0.0906871 |    0.0000045    0.0002764
    41792  1671.680 |    0.0000840    0.0020569 |    0.0000047    0.0001881 |    0.0091121    0.0906854 |    0.0000045    0.0002917
    41824  1672.960 |    0.0000840    0.0020566 |    0.0000047    0.0001879 |    0.0091113    0.0906881 |    0.0000045    0.0002798
    41856  1674.240 |    0.0000840    0.0020573 |    0.0000047    0.0001885 |    0.0091104    0.0906953 |    0.0000045    0.0002964
    41888  1675.520 |    0.0000840    0.0020574 |    0.0000047    0.0001887 |    0.0091095    0.0907060 |    0.0000045    0.0002825
    41920  1676.800 |    0.0000840    0.0020570 |    0.0000047    0.0001883 |    0.0091084    0.0907308 |    0.0000045    0.0002955
    41952  1678.080 |    0.0000840    0.0020574 |    0.0000047    0.0001887 |    0.0091072    0.0907547 |    0.0000045    0.0002917
    41984  1679.360 |    0.0000840    0.0020570 |    0.0000047    0.0001883 |    0.0091060    0.0907710 |    0.0000045    0.0002926
    42016  1680.640 |    0.0000840    0.0020567 |    0.0000047    0.0001879 |    0.0091046    0.0907875 |    0.0000045    0.0002899
    42048  1681.920 |    0.0000840    0.0020572 |    0.0000047    0.0001885 |    0.0091031    0.0908052 |    0.0000045    0.0002883
    42080  1683.200 |    0.0000840    0.0020575 |    0.0000047    0.0001887 |    0.0091015    0.0908256 |    0.0000045    0.0003249
    42112  1684.480 |    0.0000840    0.0020573 |    0.0000047    0.0001885 |    0.0090999    0.0908531 |    0.0000044    0.0002857
    42144  1685.760 |    0.0000840    0.0020575 |    0.0000047    0.0001888 |    0.0090983    0.0908765 |    0.0000044    0.0002730
    42176  1687.040 |    0.0000840    0.0020575 |    0.0000047    0.0001887 |    0.0090967    0.0908953 |    0.0000044    0.0002920
    42208  1688.320 |    0.0000840    0.0020570 |    0.0000047    0.0001882 |    0.0090952    0.0909195 |    0.0000044    0.0002841
-----------------------------------------------------------------------------------------------------------------------------------
Iteration      Time |            HYDROBASE::rho |          HYDROBASE::press |            HYDROBASE::eps |      ML_ADMCONSTRAINTS::H
                    |        norm2      maximum |        norm2      maximum |        norm2      maximum |        norm2      maximum
-----------------------------------------------------------------------------------------------------------------------------------
    42240  1689.600 |    0.0000840    0.0020575 |    0.0000047    0.0001888 |    0.0090937    0.0909398 |    0.0000044    0.0002908
    42272  1690.880 |    0.0000840    0.0020572 |    0.0000047    0.0001885 |    0.0090923    0.0909621 |    0.0000044    0.0002861
    42304  1692.160 |    0.0000840    0.0020576 |    0.0000047    0.0001889 |    0.0090908    0.0909654 |    0.0000044    0.0003114
    42336  1693.440 |    0.0000841    0.0020576 |    0.0000047    0.0001889 |    0.0090893    0.0909316 |    0.0000044    0.0002777
    42368  1694.720 |    0.0000841    0.0020581 |    0.0000047    0.0001893 |    0.0090876    0.0909501 |    0.0000044    0.0002792
    42400  1696.000 |    0.0000841    0.0020575 |    0.0000047    0.0001887 |    0.0090857    0.0909718 |    0.0000044    0.0002800
    42432  1697.280 |    0.0000841    0.0020574 |    0.0000047    0.0001887 |    0.0090838    0.0909904 |    0.0000044    0.0002764
    42464  1698.560 |    0.0000841    0.0020577 |    0.0000047    0.0001890 |    0.0090817    0.0910118 |    0.0000044    0.0002793
    42496  1699.840 |    0.0000841    0.0020579 |    0.0000047    0.0001892 |    0.0090797    0.0910289 |    0.0000044    0.0002831
    42528  1701.120 |    0.0000841    0.0020578 |    0.0000047    0.0001891 |    0.0090776    0.0910468 |    0.0000044    0.0002837
    42560  1702.400 |    0.0000841    0.0020582 |    0.0000047    0.0001895 |    0.0090756    0.0910659 |    0.0000044    0.0002855
    42592  1703.680 |    0.0000841    0.0020581 |    0.0000047    0.0001893 |    0.0090737    0.0910844 |    0.0000044    0.0002850
    42624  1704.960 |    0.0000841    0.0020579 |    0.0000047    0.0001892 |    0.0090719    0.0911022 |    0.0000044    0.0002861
    42656  1706.240 |    0.0000841    0.0020579 |    0.0000047    0.0001892 |    0.0090702    0.0911188 |    0.0000044    0.0002882
    42688  1707.520 |    0.0000841    0.0020581 |    0.0000047    0.0001894 |    0.0090687    0.0911334 |    0.0000044    0.0002895
    42720  1708.800 |    0.0000841    0.0020580 |    0.0000047    0.0001893 |    0.0090671    0.0911516 |    0.0000044    0.0002922
    42752  1710.080 |    0.0000841    0.0020583 |    0.0000047    0.0001896 |    0.0090655    0.0911830 |    0.0000044    0.0002912
    42784  1711.360 |    0.0000841    0.0020584 |    0.0000047    0.0001897 |    0.0090639    0.0912159 |    0.0000044    0.0002918
    42816  1712.640 |    0.0000841    0.0020582 |    0.0000047    0.0001895 |    0.0090621    0.0912456 |    0.0000044    0.0002933
    42848  1713.920 |    0.0000841    0.0020582 |    0.0000047    0.0001895 |    0.0090604    0.0912629 |    0.0000044    0.0002937
-----------------------------------------------------------------------------------------------------------------------------------
Iteration      Time |            HYDROBASE::rho |          HYDROBASE::press |            HYDROBASE::eps |      ML_ADMCONSTRAINTS::H
                    |        norm2      maximum |        norm2      maximum |        norm2      maximum |        norm2      maximum
-----------------------------------------------------------------------------------------------------------------------------------
    42880  1715.200 |    0.0000841    0.0020582 |    0.0000047    0.0001895 |    0.0090586    0.0912773 |    0.0000044    0.0002941
    42912  1716.480 |    0.0000841    0.0020582 |    0.0000047    0.0001894 |    0.0090569    0.0912900 |    0.0000044    0.0002954
    42944  1717.760 |    0.0000841    0.0020582 |    0.0000047    0.0001895 |    0.0090551    0.0913024 |    0.0000043    0.0002959
    42976  1719.040 |    0.0000841    0.0020584 |    0.0000047    0.0001897 |    0.0090533    0.0913140 |    0.0000044    0.0002957
    43008  1720.320 |    0.0000841    0.0020586 |    0.0000047    0.0001899 |    0.0090516    0.0913231 |    0.0000043    0.0002976
    43040  1721.600 |    0.0000841    0.0020581 |    0.0000047    0.0001893 |    0.0090499    0.0913355 |    0.0000043    0.0002958
    43072  1722.880 |    0.0000841    0.0020582 |    0.0000047    0.0001895 |    0.0090485    0.0913456 |    0.0000043    0.0002972
    43104  1724.160 |    0.0000841    0.0020581 |    0.0000047    0.0001894 |    0.0090473    0.0913581 |    0.0000043    0.0002985
    43136  1725.440 |    0.0000841    0.0020580 |    0.0000047    0.0001893 |    0.0090461    0.0913702 |    0.0000043    0.0002988
    43168  1726.720 |    0.0000841    0.0020581 |    0.0000047    0.0001894 |    0.0090450    0.0913821 |    0.0000043    0.0003004
    43200  1728.000 |    0.0000841    0.0020582 |    0.0000047    0.0001895 |    0.0090437    0.0913947 |    0.0000043    0.0003020
    43232  1729.280 |    0.0000840    0.0020579 |    0.0000047    0.0001892 |    0.0090423    0.0914048 |    0.0000043    0.0003044
    43264  1730.560 |    0.0000840    0.0020580 |    0.0000047    0.0001893 |    0.0090408    0.0914100 |    0.0000043    0.0003034
    43296  1731.840 |    0.0000840    0.0020580 |    0.0000047    0.0001892 |    0.0090394    0.0914164 |    0.0000043    0.0003035
    43328  1733.120 |    0.0000840    0.0020577 |    0.0000047    0.0001889 |    0.0090382    0.0914218 |    0.0000043    0.0003284
    43360  1734.400 |    0.0000840    0.0020576 |    0.0000047    0.0001888 |    0.0090372    0.0914043 |    0.0000043    0.0003034
    43392  1735.680 |    0.0000840    0.0020577 |    0.0000047    0.0001890 |    0.0090364    0.0914119 |    0.0000043    0.0003068
    43424  1736.960 |    0.0000840    0.0020578 |    0.0000047    0.0001891 |    0.0090358    0.0914493 |    0.0000043    0.0003109
    43456  1738.240 |    0.0000839    0.0020572 |    0.0000047    0.0001884 |    0.0090353    0.0914364 |    0.0000043    0.0003115
    43488  1739.520 |    0.0000839    0.0020576 |    0.0000047    0.0001889 |    0.0090347    0.0914574 |    0.0000043    0.0003020
-----------------------------------------------------------------------------------------------------------------------------------
Iteration      Time |            HYDROBASE::rho |          HYDROBASE::press |            HYDROBASE::eps |      ML_ADMCONSTRAINTS::H
                    |        norm2      maximum |        norm2      maximum |        norm2      maximum |        norm2      maximum
-----------------------------------------------------------------------------------------------------------------------------------
    43520  1740.800 |    0.0000839    0.0020573 |    0.0000047    0.0001885 |    0.0090342    0.0914549 |    0.0000043    0.0002834
    43552  1742.080 |    0.0000839    0.0020566 |    0.0000047    0.0001878 |    0.0090337    0.0915099 |    0.0000043    0.0002888
    43584  1743.360 |    0.0000839    0.0020571 |    0.0000047    0.0001883 |    0.0090332    0.0915039 |    0.0000043    0.0002936
    43616  1744.640 |    0.0000838    0.0020573 |    0.0000047    0.0001886 |    0.0090326    0.0915300 |    0.0000043    0.0002985
    43648  1745.920 |    0.0000838    0.0020562 |    0.0000047    0.0001874 |    0.0090320    0.0915431 |    0.0000043    0.0003015
    43680  1747.200 |    0.0000838    0.0020569 |    0.0000047    0.0001882 |    0.0090313    0.0915604 |    0.0000043    0.0003669
    43712  1748.480 |    0.0000838    0.0020569 |    0.0000047    0.0001882 |    0.0090306    0.0915737 |    0.0000043    0.0002980
    43744  1749.760 |    0.0000838    0.0020558 |    0.0000047    0.0001870 |    0.0090299    0.0915912 |    0.0000043    0.0003009
    43776  1751.040 |    0.0000837    0.0020563 |    0.0000047    0.0001875 |    0.0090291    0.0916087 |    0.0000043    0.0003007
    43808  1752.320 |    0.0000837    0.0020561 |    0.0000047    0.0001874 |    0.0090284    0.0916267 |    0.0000043    0.0003070
    43840  1753.600 |    0.0000837    0.0020560 |    0.0000046    0.0001872 |    0.0090276    0.0916450 |    0.0000043    0.0003060
    43872  1754.880 |    0.0000837    0.0020561 |    0.0000046    0.0001873 |    0.0090268    0.0916794 |    0.0000043    0.0003046
    43904  1756.160 |    0.0000837    0.0020559 |    0.0000046    0.0001871 |    0.0090258    0.0917029 |    0.0000043    0.0003098
    43936  1757.440 |    0.0000837    0.0020555 |    0.0000046    0.0001867 |    0.0090249    0.0917171 |    0.0000043    0.0003099
    43968  1758.720 |    0.0000836    0.0020559 |    0.0000046    0.0001871 |    0.0090239    0.0917538 |    0.0000043    0.0003078
    44000  1760.000 |    0.0000836    0.0020555 |    0.0000046    0.0001867 |    0.0090229    0.0917048 |    0.0000043    0.0003061
    44032  1761.280 |    0.0000836    0.0020558 |    0.0000046    0.0001870 |    0.0090218    0.0916631 |    0.0000043    0.0003086
    44064  1762.560 |    0.0000836    0.0020555 |    0.0000046    0.0001867 |    0.0090208    0.0916916 |    0.0000043    0.0003048
    44096  1763.840 |    0.0000836    0.0020553 |    0.0000046    0.0001865 |    0.0090198    0.0917101 |    0.0000043    0.0003073
    44128  1765.120 |    0.0000836    0.0020548 |    0.0000046    0.0001860 |    0.0090188    0.0917102 |    0.0000043    0.0003096
-----------------------------------------------------------------------------------------------------------------------------------
Iteration      Time |            HYDROBASE::rho |          HYDROBASE::press |            HYDROBASE::eps |      ML_ADMCONSTRAINTS::H
                    |        norm2      maximum |        norm2      maximum |        norm2      maximum |        norm2      maximum
-----------------------------------------------------------------------------------------------------------------------------------
    44160  1766.400 |    0.0000836    0.0020557 |    0.0000046    0.0001869 |    0.0090178    0.0916704 |    0.0000043    0.0003064
    44192  1767.680 |    0.0000835    0.0020547 |    0.0000046    0.0001859 |    0.0090167    0.0914650 |    0.0000043    0.0003116
    44224  1768.960 |    0.0000835    0.0020553 |    0.0000046    0.0001865 |    0.0090155    0.0914513 |    0.0000043    0.0003082
    44256  1770.240 |    0.0000835    0.0020551 |    0.0000046    0.0001863 |    0.0090143    0.0914932 |    0.0000043    0.0003053
    44288  1771.520 |    0.0000835    0.0020547 |    0.0000046    0.0001859 |    0.0090131    0.0915313 |    0.0000043    0.0002656
    44320  1772.800 |    0.0000835    0.0020550 |    0.0000046    0.0001862 |    0.0090119    0.0915678 |    0.0000043    0.0002693
    44352  1774.080 |    0.0000835    0.0020553 |    0.0000046    0.0001865 |    0.0090107    0.0915860 |    0.0000043    0.0002703
    44384  1775.360 |    0.0000835    0.0020549 |    0.0000046    0.0001861 |    0.0090094    0.0916072 |    0.0000043    0.0002704
    44416  1776.640 |    0.0000835    0.0020551 |    0.0000046    0.0001863 |    0.0090081    0.0916297 |    0.0000043    0.0002700
    44448  1777.920 |    0.0000835    0.0020550 |    0.0000046    0.0001862 |    0.0090067    0.0916457 |    0.0000043    0.0002722
    44480  1779.200 |    0.0000835    0.0020549 |    0.0000046    0.0001861 |    0.0090053    0.0916617 |    0.0000043    0.0002714
    44512  1780.480 |    0.0000835    0.0020551 |    0.0000046    0.0001863 |    0.0090038    0.0916815 |    0.0000043    0.0002679
    44544  1781.760 |    0.0000835    0.0020550 |    0.0000046    0.0001861 |    0.0090023    0.0917005 |    0.0000043    0.0002639
    44576  1783.040 |    0.0000835    0.0020552 |    0.0000046    0.0001864 |    0.0090008    0.0917151 |    0.0000043    0.0002670
    44608  1784.320 |    0.0000835    0.0020553 |    0.0000046    0.0001865 |    0.0089993    0.0917301 |    0.0000043    0.0002642
    44640  1785.600 |    0.0000835    0.0020550 |    0.0000046    0.0001862 |    0.0089977    0.0917447 |    0.0000043    0.0002635
    44672  1786.880 |    0.0000835    0.0020551 |    0.0000046    0.0001863 |    0.0089961    0.0917585 |    0.0000043    0.0002636
    44704  1788.160 |    0.0000835    0.0020551 |    0.0000046    0.0001862 |    0.0089944    0.0917769 |    0.0000043    0.0002669
    44736  1789.440 |    0.0000835    0.0020552 |    0.0000046    0.0001864 |    0.0089927    0.0917900 |    0.0000043    0.0002651
    44768  1790.720 |    0.0000835    0.0020555 |    0.0000046    0.0001867 |    0.0089910    0.0918044 |    0.0000043    0.0002697
Memory statistics from CarpetLib:
   Current number of objects: 768
   Current allocated memory:  257 MB
   Maximum number of objects: 772
   Maximum allocated memory:  258 MB
   Current administrative memory: 1.1 MB
   Total allocated used system memory: 55.4 MB
   Total allocated free system memory: 33 MB
   gh::allmemory:    123132
   dh::allmemory:    721984
   th::allmemory:    13888
   ggf::allmemory:   189992
   gdata::allmemory: 55208
-----------------------------------------------------------------------------------------------------------------------------------
Iteration      Time |            HYDROBASE::rho |          HYDROBASE::press |            HYDROBASE::eps |      ML_ADMCONSTRAINTS::H
                    |        norm2      maximum |        norm2      maximum |        norm2      maximum |        norm2      maximum
-----------------------------------------------------------------------------------------------------------------------------------
    44800  1792.000 |    0.0000835    0.0020552 |    0.0000046    0.0001864 |    0.0089893    0.0918204 |    0.0000042    0.0002586
    44832  1793.280 |    0.0000835    0.0020553 |    0.0000046    0.0001865 |    0.0089877    0.0918307 |    0.0000042    0.0002662
    44864  1794.560 |    0.0000835    0.0020554 |    0.0000046    0.0001866 |    0.0089861    0.0918418 |    0.0000042    0.0002718
    44896  1795.840 |    0.0000836    0.0020553 |    0.0000046    0.0001865 |    0.0089846    0.0918616 |    0.0000042    0.0002698
    44928  1797.120 |    0.0000836    0.0020554 |    0.0000046    0.0001866 |    0.0089831    0.0918782 |    0.0000042    0.0002670
    44960  1798.400 |    0.0000836    0.0020557 |    0.0000046    0.0001869 |    0.0089817    0.0918931 |    0.0000042    0.0002673
    44992  1799.680 |    0.0000836    0.0020554 |    0.0000046    0.0001866 |    0.0089803    0.0919133 |    0.0000042    0.0002673
    45024  1800.960 |    0.0000836    0.0020556 |    0.0000046    0.0001868 |    0.0089790    0.0919295 |    0.0000042    0.0002656
    45056  1802.240 |    0.0000836    0.0020558 |    0.0000046    0.0001870 |    0.0089777    0.0919446 |    0.0000042    0.0002660
    45088  1803.520 |    0.0000836    0.0020557 |    0.0000046    0.0001869 |    0.0089764    0.0919616 |    0.0000042    0.0002660
    45120  1804.800 |    0.0000836    0.0020558 |    0.0000046    0.0001870 |    0.0089752    0.0919776 |    0.0000042    0.0002650
    45152  1806.080 |    0.0000836    0.0020559 |    0.0000046    0.0001871 |    0.0089739    0.0919902 |    0.0000042    0.0002649
    45184  1807.360 |    0.0000836    0.0020558 |    0.0000046    0.0001870 |    0.0089726    0.0920044 |    0.0000042    0.0002643
    45216  1808.640 |    0.0000836    0.0020559 |    0.0000047    0.0001871 |    0.0089714    0.0920179 |    0.0000042    0.0002652
    45248  1809.920 |    0.0000836    0.0020560 |    0.0000047    0.0001872 |    0.0089702    0.0920297 |    0.0000042    0.0002649
    45280  1811.200 |    0.0000836    0.0020559 |    0.0000047    0.0001872 |    0.0089691    0.0920408 |    0.0000042    0.0002665
    45312  1812.480 |    0.0000836    0.0020559 |    0.0000047    0.0001872 |    0.0089680    0.0920511 |    0.0000042    0.0002668
    45344  1813.760 |    0.0000836    0.0020560 |    0.0000047    0.0001872 |    0.0089670    0.0920602 |    0.0000042    0.0002665
    45376  1815.040 |    0.0000836    0.0020560 |    0.0000047    0.0001872 |    0.0089660    0.0920689 |    0.0000042    0.0002660
    45408  1816.320 |    0.0000836    0.0020560 |    0.0000047    0.0001872 |    0.0089650    0.0920774 |    0.0000042    0.0002644
-----------------------------------------------------------------------------------------------------------------------------------
Iteration      Time |            HYDROBASE::rho |          HYDROBASE::press |            HYDROBASE::eps |      ML_ADMCONSTRAINTS::H
                    |        norm2      maximum |        norm2      maximum |        norm2      maximum |        norm2      maximum
-----------------------------------------------------------------------------------------------------------------------------------
    45440  1817.600 |    0.0000836    0.0020561 |    0.0000047    0.0001873 |    0.0089641    0.0920843 |    0.0000042    0.0002577
    45472  1818.880 |    0.0000836    0.0020559 |    0.0000047    0.0001871 |    0.0089634    0.0920909 |    0.0000042    0.0002574
    45504  1820.160 |    0.0000836    0.0020559 |    0.0000047    0.0001871 |    0.0089626    0.0920978 |    0.0000042    0.0002587
    45536  1821.440 |    0.0000836    0.0020560 |    0.0000047    0.0001872 |    0.0089616    0.0921024 |    0.0000042    0.0002624
    45568  1822.720 |    0.0000836    0.0020560 |    0.0000047    0.0001872 |    0.0089606    0.0921046 |    0.0000042    0.0002639
    45600  1824.000 |    0.0000836    0.0020559 |    0.0000047    0.0001871 |    0.0089595    0.0921083 |    0.0000042    0.0002650
    45632  1825.280 |    0.0000836    0.0020558 |    0.0000046    0.0001870 |    0.0089584    0.0921113 |    0.0000042    0.0002660
    45664  1826.560 |    0.0000836    0.0020558 |    0.0000046    0.0001870 |    0.0089573    0.0921174 |    0.0000042    0.0002679
    45696  1827.840 |    0.0000835    0.0020557 |    0.0000046    0.0001869 |    0.0089562    0.0921131 |    0.0000042    0.0002827
    45728  1829.120 |    0.0000835    0.0020558 |    0.0000046    0.0001870 |    0.0089550    0.0921163 |    0.0000042    0.0002769
    45760  1830.400 |    0.0000835    0.0020555 |    0.0000046    0.0001867 |    0.0089537    0.0921175 |    0.0000042    0.0002762
    45792  1831.680 |    0.0000835    0.0020556 |    0.0000046    0.0001868 |    0.0089525    0.0921192 |    0.0000042    0.0002764
    45824  1832.960 |    0.0000835    0.0020555 |    0.0000046    0.0001868 |    0.0089513    0.0921197 |    0.0000042    0.0002785
    45856  1834.240 |    0.0000835    0.0020553 |    0.0000046    0.0001866 |    0.0089502    0.0921210 |    0.0000042    0.0002897
INFO (CarpetIOHDF5): ---------------------------------------------------------
INFO (CarpetIOHDF5): Dumping periodic checkpoint at iteration 45881, simulation time 1835.24
INFO (CarpetIOHDF5): ---------------------------------------------------------
    45888  1835.520 |    0.0000835    0.0020554 |    0.0000046    0.0001866 |    0.0089493    0.0921210 |    0.0000042    0.0002846
    45920  1836.800 |    0.0000834    0.0020551 |    0.0000046    0.0001863 |    0.0089485    0.0921172 |    0.0000042    0.0002848
    45952  1838.080 |    0.0000834    0.0020554 |    0.0000046    0.0001866 |    0.0089478    0.0921165 |    0.0000042    0.0002872
    45984  1839.360 |    0.0000834    0.0020549 |    0.0000046    0.0001861 |    0.0089471    0.0921175 |    0.0000042    0.0002857
    46016  1840.640 |    0.0000834    0.0020553 |    0.0000046    0.0001865 |    0.0089463    0.0921149 |    0.0000042    0.0002886
    46048  1841.920 |    0.0000834    0.0020549 |    0.0000046    0.0001860 |    0.0089456    0.0921133 |    0.0000042    0.0002844
-----------------------------------------------------------------------------------------------------------------------------------
Iteration      Time |            HYDROBASE::rho |          HYDROBASE::press |            HYDROBASE::eps |      ML_ADMCONSTRAINTS::H
                    |        norm2      maximum |        norm2      maximum |        norm2      maximum |        norm2      maximum
-----------------------------------------------------------------------------------------------------------------------------------
    46080  1843.200 |    0.0000834    0.0020549 |    0.0000046    0.0001861 |    0.0089450    0.0921129 |    0.0000042    0.0002861
    46112  1844.480 |    0.0000833    0.0020542 |    0.0000046    0.0001854 |    0.0089443    0.0921311 |    0.0000042    0.0002836
    46144  1845.760 |    0.0000833    0.0020546 |    0.0000046    0.0001858 |    0.0089438    0.0920647 |    0.0000042    0.0002876
    46176  1847.040 |    0.0000833    0.0020548 |    0.0000046    0.0001860 |    0.0089432    0.0920532 |    0.0000042    0.0002860
    46208  1848.320 |    0.0000833    0.0020548 |    0.0000046    0.0001860 |    0.0089426    0.0920658 |    0.0000042    0.0003257
    46240  1849.600 |    0.0000833    0.0020540 |    0.0000046    0.0001851 |    0.0089420    0.0920521 |    0.0000042    0.0002726
    46272  1850.880 |    0.0000832    0.0020540 |    0.0000046    0.0001852 |    0.0089413    0.0920613 |    0.0000042    0.0002777
    46304  1852.160 |    0.0000832    0.0020538 |    0.0000046    0.0001850 |    0.0089406    0.0920556 |    0.0000042    0.0002815
    46336  1853.440 |    0.0000832    0.0020534 |    0.0000046    0.0001846 |    0.0089398    0.0920509 |    0.0000041    0.0003156
    46368  1854.720 |    0.0000832    0.0020537 |    0.0000046    0.0001849 |    0.0089392    0.0920499 |    0.0000042    0.0002999
    46400  1856.000 |    0.0000832    0.0020541 |    0.0000046    0.0001853 |    0.0089387    0.0920540 |    0.0000042    0.0003079
    46432  1857.280 |    0.0000831    0.0020536 |    0.0000046    0.0001848 |    0.0089382    0.0920556 |    0.0000041    0.0003077
    46464  1858.560 |    0.0000831    0.0020533 |    0.0000046    0.0001845 |    0.0089378    0.0920563 |    0.0000041    0.0003053
    46496  1859.840 |    0.0000831    0.0020528 |    0.0000046    0.0001840 |    0.0089373    0.0920574 |    0.0000042    0.0003148
    46528  1861.120 |    0.0000831    0.0020533 |    0.0000046    0.0001844 |    0.0089368    0.0920619 |    0.0000042    0.0003218
    46560  1862.400 |    0.0000831    0.0020529 |    0.0000046    0.0001841 |    0.0089363    0.0920622 |    0.0000042    0.0003228
    46592  1863.680 |    0.0000830    0.0020536 |    0.0000046    0.0001848 |    0.0089357    0.0920372 |    0.0000041    0.0003270
    46624  1864.960 |    0.0000830    0.0020526 |    0.0000046    0.0001837 |    0.0089352    0.0916996 |    0.0000042    0.0003218
    46656  1866.240 |    0.0000830    0.0020538 |    0.0000046    0.0001849 |    0.0089346    0.0914951 |    0.0000042    0.0003162
    46688  1867.520 |    0.0000830    0.0020525 |    0.0000046    0.0001837 |    0.0089340    0.0915133 |    0.0000042    0.0003204
-----------------------------------------------------------------------------------------------------------------------------------
Iteration      Time |            HYDROBASE::rho |          HYDROBASE::press |            HYDROBASE::eps |      ML_ADMCONSTRAINTS::H
                    |        norm2      maximum |        norm2      maximum |        norm2      maximum |        norm2      maximum
-----------------------------------------------------------------------------------------------------------------------------------
    46720  1868.800 |    0.0000830    0.0020526 |    0.0000046    0.0001838 |    0.0089333    0.0915067 |    0.0000041    0.0003207
    46752  1870.080 |    0.0000830    0.0020524 |    0.0000046    0.0001836 |    0.0089326    0.0915054 |    0.0000042    0.0003786
    46784  1871.360 |    0.0000830    0.0020529 |    0.0000046    0.0001841 |    0.0089318    0.0915216 |    0.0000041    0.0003221
    46816  1872.640 |    0.0000830    0.0020524 |    0.0000046    0.0001836 |    0.0089310    0.0915226 |    0.0000041    0.0003298
    46848  1873.920 |    0.0000829    0.0020534 |    0.0000046    0.0001846 |    0.0089302    0.0915324 |    0.0000041    0.0003281
    46880  1875.200 |    0.0000829    0.0020517 |    0.0000046    0.0001828 |    0.0089293    0.0914586 |    0.0000041    0.0003226
    46912  1876.480 |    0.0000829    0.0020523 |    0.0000046    0.0001834 |    0.0089284    0.0913362 |    0.0000041    0.0003243
    46944  1877.760 |    0.0000829    0.0020525 |    0.0000046    0.0001836 |    0.0089276    0.0912811 |    0.0000041    0.0003241
    46976  1879.040 |    0.0000829    0.0020525 |    0.0000046    0.0001836 |    0.0089267    0.0912463 |    0.0000041    0.0003359
    47008  1880.320 |    0.0000829    0.0020521 |    0.0000046    0.0001832 |    0.0089258    0.0912684 |    0.0000041    0.0003343
    47040  1881.600 |    0.0000829    0.0020528 |    0.0000046    0.0001839 |    0.0089248    0.0912866 |    0.0000041    0.0003285
    47072  1882.880 |    0.0000829    0.0020522 |    0.0000046    0.0001834 |    0.0089238    0.0913026 |    0.0000041    0.0003260
    47104  1884.160 |    0.0000829    0.0020520 |    0.0000046    0.0001832 |    0.0089227    0.0913268 |    0.0000041    0.0003323
    47136  1885.440 |    0.0000829    0.0020523 |    0.0000046    0.0001835 |    0.0089215    0.0913375 |    0.0000041    0.0003323
    47168  1886.720 |    0.0000829    0.0020524 |    0.0000046    0.0001836 |    0.0089201    0.0913606 |    0.0000041    0.0003546
    47200  1888.000 |    0.0000829    0.0020522 |    0.0000046    0.0001833 |    0.0089185    0.0913581 |    0.0000041    0.0003378
    47232  1889.280 |    0.0000829    0.0020523 |    0.0000046    0.0001835 |    0.0089167    0.0912576 |    0.0000041    0.0003339
    47264  1890.560 |    0.0000829    0.0020524 |    0.0000046    0.0001835 |    0.0089147    0.0912673 |    0.0000041    0.0003342
    47296  1891.840 |    0.0000829    0.0020522 |    0.0000046    0.0001834 |    0.0089126    0.0912805 |    0.0000041    0.0003348
    47328  1893.120 |    0.0000829    0.0020527 |    0.0000046    0.0001839 |    0.0089104    0.0912877 |    0.0000041    0.0003427
-----------------------------------------------------------------------------------------------------------------------------------
Iteration      Time |            HYDROBASE::rho |          HYDROBASE::press |            HYDROBASE::eps |      ML_ADMCONSTRAINTS::H
                    |        norm2      maximum |        norm2      maximum |        norm2      maximum |        norm2      maximum
-----------------------------------------------------------------------------------------------------------------------------------
    47360  1894.400 |    0.0000829    0.0020522 |    0.0000046    0.0001834 |    0.0089082    0.0912948 |    0.0000041    0.0003387
    47392  1895.680 |    0.0000829    0.0020522 |    0.0000046    0.0001834 |    0.0089060    0.0912996 |    0.0000041    0.0003391
    47424  1896.960 |    0.0000829    0.0020523 |    0.0000046    0.0001835 |    0.0089038    0.0913066 |    0.0000041    0.0003380
    47456  1898.240 |    0.0000829    0.0020526 |    0.0000046    0.0001838 |    0.0089015    0.0913254 |    0.0000041    0.0003365
    47488  1899.520 |    0.0000829    0.0020525 |    0.0000046    0.0001837 |    0.0088991    0.0913518 |    0.0000041    0.0003347
    47520  1900.800 |    0.0000829    0.0020527 |    0.0000046    0.0001839 |    0.0088968    0.0913728 |    0.0000040    0.0003378
    47552  1902.080 |    0.0000829    0.0020526 |    0.0000046    0.0001838 |    0.0088944    0.0913985 |    0.0000040    0.0003357
    47584  1903.360 |    0.0000829    0.0020524 |    0.0000046    0.0001836 |    0.0088920    0.0914223 |    0.0000040    0.0003343
    47616  1904.640 |    0.0000829    0.0020525 |    0.0000046    0.0001837 |    0.0088898    0.0914438 |    0.0000040    0.0003382
    47648  1905.920 |    0.0000829    0.0020529 |    0.0000046    0.0001841 |    0.0088876    0.0914644 |    0.0000040    0.0003326
    47680  1907.200 |    0.0000829    0.0020525 |    0.0000046    0.0001837 |    0.0088855    0.0914849 |    0.0000040    0.0003311
    47712  1908.480 |    0.0000829    0.0020529 |    0.0000046    0.0001841 |    0.0088835    0.0915073 |    0.0000040    0.0003220
    47744  1909.760 |    0.0000830    0.0020529 |    0.0000046    0.0001841 |    0.0088815    0.0915268 |    0.0000040    0.0003261
    47776  1911.040 |    0.0000830    0.0020527 |    0.0000046    0.0001839 |    0.0088795    0.0915509 |    0.0000040    0.0003250
    47808  1912.320 |    0.0000830    0.0020527 |    0.0000046    0.0001839 |    0.0088775    0.0915695 |    0.0000040    0.0003281
    47840  1913.600 |    0.0000830    0.0020528 |    0.0000046    0.0001840 |    0.0088754    0.0915893 |    0.0000040    0.0003309
    47872  1914.880 |    0.0000830    0.0020528 |    0.0000046    0.0001840 |    0.0088733    0.0916138 |    0.0000040    0.0003331
    47904  1916.160 |    0.0000830    0.0020529 |    0.0000046    0.0001841 |    0.0088712    0.0916321 |    0.0000040    0.0003347
    47936  1917.440 |    0.0000830    0.0020529 |    0.0000046    0.0001841 |    0.0088691    0.0916551 |    0.0000040    0.0003334
    47968  1918.720 |    0.0000830    0.0020528 |    0.0000046    0.0001841 |    0.0088671    0.0916753 |    0.0000040    0.0003351
-----------------------------------------------------------------------------------------------------------------------------------
Iteration      Time |            HYDROBASE::rho |          HYDROBASE::press |            HYDROBASE::eps |      ML_ADMCONSTRAINTS::H
                    |        norm2      maximum |        norm2      maximum |        norm2      maximum |        norm2      maximum
-----------------------------------------------------------------------------------------------------------------------------------
    48000  1920.000 |    0.0000830    0.0020529 |    0.0000046    0.0001841 |    0.0088652    0.0916954 |    0.0000040    0.0003354
    48032  1921.280 |    0.0000830    0.0020529 |    0.0000046    0.0001841 |    0.0088636    0.0917150 |    0.0000040    0.0003351
    48064  1922.560 |    0.0000830    0.0020528 |    0.0000046    0.0001840 |    0.0088624    0.0917348 |    0.0000040    0.0003366
    48096  1923.840 |    0.0000829    0.0020528 |    0.0000046    0.0001841 |    0.0088616    0.0917558 |    0.0000040    0.0003364
    48128  1925.120 |    0.0000829    0.0020529 |    0.0000046    0.0001842 |    0.0088611    0.0917771 |    0.0000040    0.0003357
    48160  1926.400 |    0.0000829    0.0020528 |    0.0000046    0.0001841 |    0.0088606    0.0917991 |    0.0000040    0.0003163
    48192  1927.680 |    0.0000829    0.0020529 |    0.0000046    0.0001841 |    0.0088600    0.0918185 |    0.0000040    0.0002679
    48224  1928.960 |    0.0000829    0.0020528 |    0.0000046    0.0001840 |    0.0088595    0.0918365 |    0.0000040    0.0002685
    48256  1930.240 |    0.0000829    0.0020528 |    0.0000046    0.0001840 |    0.0088589    0.0918552 |    0.0000040    0.0002759
    48288  1931.520 |    0.0000829    0.0020525 |    0.0000046    0.0001837 |    0.0088584    0.0918732 |    0.0000040    0.0003131
    48320  1932.800 |    0.0000829    0.0020528 |    0.0000046    0.0001840 |    0.0088581    0.0918912 |    0.0000040    0.0002976
    48352  1934.080 |    0.0000829    0.0020527 |    0.0000046    0.0001839 |    0.0088578    0.0919082 |    0.0000040    0.0003036
    48384  1935.360 |    0.0000829    0.0020526 |    0.0000046    0.0001838 |    0.0088575    0.0919244 |    0.0000040    0.0003035
    48416  1936.640 |    0.0000829    0.0020526 |    0.0000046    0.0001838 |    0.0088572    0.0919024 |    0.0000040    0.0003040
    48448  1937.920 |    0.0000829    0.0020525 |    0.0000046    0.0001838 |    0.0088571    0.0919164 |    0.0000040    0.0003053
    48480  1939.200 |    0.0000828    0.0020524 |    0.0000046    0.0001836 |    0.0088571    0.0919220 |    0.0000040    0.0003058
    48512  1940.480 |    0.0000828    0.0020523 |    0.0000046    0.0001835 |    0.0088573    0.0919302 |    0.0000040    0.0003072
    48544  1941.760 |    0.0000828    0.0020523 |    0.0000046    0.0001835 |    0.0088576    0.0919427 |    0.0000040    0.0003076
    48576  1943.040 |    0.0000828    0.0020522 |    0.0000046    0.0001834 |    0.0088581    0.0919500 |    0.0000040    0.0003078
    48608  1944.320 |    0.0000828    0.0020522 |    0.0000046    0.0001834 |    0.0088587    0.0919563 |    0.0000040    0.0003018
-----------------------------------------------------------------------------------------------------------------------------------
Iteration      Time |            HYDROBASE::rho |          HYDROBASE::press |            HYDROBASE::eps |      ML_ADMCONSTRAINTS::H
                    |        norm2      maximum |        norm2      maximum |        norm2      maximum |        norm2      maximum
-----------------------------------------------------------------------------------------------------------------------------------
    48640  1945.600 |    0.0000828    0.0020522 |    0.0000046    0.0001834 |    0.0088593    0.0919532 |    0.0000040    0.0003117
    48672  1946.880 |    0.0000828    0.0020519 |    0.0000045    0.0001830 |    0.0088599    0.0919210 |    0.0000040    0.0003159
    48704  1948.160 |    0.0000827    0.0020517 |    0.0000045    0.0001829 |    0.0088606    0.0918419 |    0.0000040    0.0003189
    48736  1949.440 |    0.0000827    0.0020519 |    0.0000045    0.0001830 |    0.0088612    0.0917890 |    0.0000040    0.0003185
    48768  1950.720 |    0.0000827    0.0020516 |    0.0000045    0.0001828 |    0.0088619    0.0917980 |    0.0000040    0.0003212
    48800  1952.000 |    0.0000827    0.0020520 |    0.0000045    0.0001832 |    0.0088625    0.0917984 |    0.0000040    0.0003239
    48832  1953.280 |    0.0000827    0.0020514 |    0.0000045    0.0001825 |    0.0088631    0.0917405 |    0.0000040    0.0003263
    48864  1954.560 |    0.0000827    0.0020515 |    0.0000045    0.0001826 |    0.0088636    0.0917547 |    0.0000040    0.0003047
    48896  1955.840 |    0.0000827    0.0020512 |    0.0000045    0.0001823 |    0.0088640    0.0917655 |    0.0000040    0.0003025
    48928  1957.120 |    0.0000826    0.0020515 |    0.0000045    0.0001827 |    0.0088642    0.0917795 |    0.0000040    0.0003222
    48960  1958.400 |    0.0000826    0.0020512 |    0.0000045    0.0001823 |    0.0088643    0.0917846 |    0.0000040    0.0003249
    48992  1959.680 |    0.0000826    0.0020513 |    0.0000045    0.0001824 |    0.0088641    0.0917955 |    0.0000040    0.0003270
    49024  1960.960 |    0.0000826    0.0020511 |    0.0000045    0.0001823 |    0.0088638    0.0918054 |    0.0000040    0.0003261
    49056  1962.240 |    0.0000826    0.0020510 |    0.0000045    0.0001821 |    0.0088634    0.0918160 |    0.0000040    0.0003297
    49088  1963.520 |    0.0000826    0.0020510 |    0.0000045    0.0001822 |    0.0088628    0.0918202 |    0.0000040    0.0003315
    49120  1964.800 |    0.0000826    0.0020507 |    0.0000045    0.0001819 |    0.0088621    0.0918283 |    0.0000040    0.0003359
    49152  1966.080 |    0.0000825    0.0020509 |    0.0000045    0.0001820 |    0.0088612    0.0918369 |    0.0000040    0.0003099
    49184  1967.360 |    0.0000825    0.0020505 |    0.0000045    0.0001816 |    0.0088603    0.0918594 |    0.0000040    0.0003160
    49216  1968.640 |    0.0000825    0.0020510 |    0.0000045    0.0001821 |    0.0088593    0.0918894 |    0.0000040    0.0003183
    49248  1969.920 |    0.0000825    0.0020506 |    0.0000045    0.0001817 |    0.0088581    0.0919317 |    0.0000040    0.0003250
-----------------------------------------------------------------------------------------------------------------------------------
Iteration      Time |            HYDROBASE::rho |          HYDROBASE::press |            HYDROBASE::eps |      ML_ADMCONSTRAINTS::H
                    |        norm2      maximum |        norm2      maximum |        norm2      maximum |        norm2      maximum
-----------------------------------------------------------------------------------------------------------------------------------
    49280  1971.200 |    0.0000825    0.0020507 |    0.0000045    0.0001818 |    0.0088568    0.0919442 |    0.0000040    0.0003179
    49312  1972.480 |    0.0000825    0.0020502 |    0.0000045    0.0001813 |    0.0088554    0.0919357 |    0.0000040    0.0003144
    49344  1973.760 |    0.0000825    0.0020507 |    0.0000045    0.0001818 |    0.0088540    0.0919529 |    0.0000040    0.0003167
    49376  1975.040 |    0.0000825    0.0020504 |    0.0000045    0.0001816 |    0.0088524    0.0919691 |    0.0000040    0.0003133
    49408  1976.320 |    0.0000825    0.0020505 |    0.0000045    0.0001816 |    0.0088508    0.0919727 |    0.0000040    0.0003148
    49440  1977.600 |    0.0000825    0.0020503 |    0.0000045    0.0001814 |    0.0088492    0.0919719 |    0.0000040    0.0003232
    49472  1978.880 |    0.0000825    0.0020501 |    0.0000045    0.0001813 |    0.0088477    0.0919799 |    0.0000040    0.0003190
    49504  1980.160 |    0.0000824    0.0020501 |    0.0000045    0.0001813 |    0.0088462    0.0919907 |    0.0000040    0.0003207
    49536  1981.440 |    0.0000824    0.0020503 |    0.0000045    0.0001815 |    0.0088447    0.0919895 |    0.0000040    0.0003254
    49568  1982.720 |    0.0000824    0.0020500 |    0.0000045    0.0001812 |    0.0088433    0.0919956 |    0.0000040    0.0003233
    49600  1984.000 |    0.0000824    0.0020504 |    0.0000045    0.0001815 |    0.0088419    0.0920030 |    0.0000040    0.0003208
    49632  1985.280 |    0.0000824    0.0020503 |    0.0000045    0.0001815 |    0.0088405    0.0920134 |    0.0000040    0.0003200
    49664  1986.560 |    0.0000824    0.0020499 |    0.0000045    0.0001811 |    0.0088392    0.0920244 |    0.0000040    0.0003203
    49696  1987.840 |    0.0000824    0.0020503 |    0.0000045    0.0001814 |    0.0088378    0.0920291 |    0.0000040    0.0003230
    49728  1989.120 |    0.0000824    0.0020504 |    0.0000045    0.0001815 |    0.0088365    0.0920327 |    0.0000040    0.0003202
    49760  1990.400 |    0.0000824    0.0020500 |    0.0000045    0.0001811 |    0.0088352    0.0920464 |    0.0000040    0.0003176
    49792  1991.680 |    0.0000824    0.0020500 |    0.0000045    0.0001812 |    0.0088339    0.0920515 |    0.0000039    0.0003208
    49824  1992.960 |    0.0000824    0.0020504 |    0.0000045    0.0001815 |    0.0088326    0.0920589 |    0.0000039    0.0003184
    49856  1994.240 |    0.0000824    0.0020500 |    0.0000045    0.0001812 |    0.0088312    0.0920735 |    0.0000039    0.0003181
    49888  1995.520 |    0.0000824    0.0020502 |    0.0000045    0.0001814 |    0.0088298    0.0920942 |    0.0000039    0.0003192
-----------------------------------------------------------------------------------------------------------------------------------
Iteration      Time |            HYDROBASE::rho |          HYDROBASE::press |            HYDROBASE::eps |      ML_ADMCONSTRAINTS::H
                    |        norm2      maximum |        norm2      maximum |        norm2      maximum |        norm2      maximum
-----------------------------------------------------------------------------------------------------------------------------------
    49920  1996.800 |    0.0000824    0.0020504 |    0.0000045    0.0001817 |    0.0088285    0.0920973 |    0.0000040    0.0003194
    49952  1998.080 |    0.0000824    0.0020499 |    0.0000045    0.0001811 |    0.0088271    0.0921044 |    0.0000039    0.0003200
    49984  1999.360 |    0.0000824    0.0020499 |    0.0000045    0.0001811 |    0.0088257    0.0921257 |    0.0000039    0.0003193
INFO (Carpet): Terminating due to cctk_final_time at t = 2000.000000
INFO (CarpetIOHDF5): ---------------------------------------------------------
INFO (CarpetIOHDF5): Dumping termination checkpoint at iteration 50000, simulation time 2000
INFO (CarpetIOHDF5): ---------------------------------------------------------
--------------------------------------------------------------------------------
Done.
Stopping:
2025年 11月 15日 星期六 08:02:55 CST
Done.
Simfactory Done at date: 2025年11月15日 星期六 08时02分55秒
