Running simulation SFHo+CSSpoint2
Preparing:
Checking:
/home/rva-msi-ubuntu/simulations/SFHo+CSSpoint2/output-0000-active
rva-msi-ubuntu
2025年 11月 20日 星期四 15:56:18 CST
Environment:
Starting:
INFO (Cactus): Increased logging level from 0 to 3
--------------------------------------------------------------------------------

       10                                  
  1   0101       ************************  
  01  1010 10      The Cactus Code V4.17.0    
 1010 1101 011      www.cactuscode.org     
  1001 100101    ************************  
    00010101                               
     100011     (c) Copyright The Authors  
      0100      GNU Licensed. No Warranty  
      0101                                 
--------------------------------------------------------------------------------

Cactus version:    4.17.0
Compile date:      Nov 18 2025 (20:29:45)
Run date:          Nov 20 2025 (15:56:19+0800)
Run host:          rva-msi-ubuntu (pid=6060)
Working directory: /home/rva-msi-ubuntu/simulations/SFHo+CSSpoint2/output-0000
Executable:        /home/rva-msi-ubuntu/simulations/SFHo+CSSpoint2/SIMFACTORY/exe/cactus_sim
Parameter file:    /home/rva-msi-ubuntu/simulations/SFHo+CSSpoint2/output-0000/SFHo+CSS.par
--------------------------------------------------------------------------------

Activating thorn Cactus...Success -> active implementation Cactus
Activation requested for 
--->AEILocalInterp Constants Fortran GSL Formaline TerminationTrigger Carpet CarpetLib CarpetInterp LocalInterp2 CarpetReduce LoopControl Slab Boundary CartGrid3D CoordBase SymBase ReflectionSymmetry CarpetRegrid2 MoL Time PizzaTOV PizzaBase PizzaIDBase PizzaNumUtils HydroBase THC_Core HRSCCore EOS_Thermal EOS_Thermal_Hybrid ADMBase ADMCoupling ADMMacros CoordGauge SpaceMask StaticConformal TmunuBase InitBase GenericFD NewRad ML_CCZ4 ML_CCZ4_Helper ML_ADMConstraints Dissipation WatchDog NaNChecker Multipole WeylScal4 SphericalSurface IOUtil HDF5 CarpetIOASCII CarpetIOScalar CarpetIOHDF5 CarpetIOBasic<---
Thorn Carpet requests automatic activation of MPI
Thorn Carpet requests automatic activation of Timers
Thorn CarpetLib requests automatic activation of Vectors
Thorn CarpetLib requests automatic activation of Boost
Thorn CarpetLib requests automatic activation of CycleClock
Thorn EOS_Thermal_Hybrid requests automatic activation of EOS_Barotropic
Thorn Formaline requests automatic activation of pthreads
Thorn HDF5 requests automatic activation of zlib
Thorn HRSCCore requests automatic activation of CPPUtils
Thorn HRSCCore requests automatic activation of FDCore
Thorn LoopControl requests automatic activation of hwloc
Thorn CPPUtils requests automatic activation of BLAS
Activating thorn ADMBase...Success -> active implementation ADMBase
Activating thorn ADMCoupling...Success -> active implementation ADMCoupling
Activating thorn ADMMacros...Success -> active implementation ADMMacros
Activating thorn AEILocalInterp...Success -> active implementation AEILocalInterp
Activating thorn BLAS...Success -> active implementation BLAS
Activating thorn Boost...Success -> active implementation Boost
Activating thorn Boundary...Success -> active implementation boundary
Activating thorn Carpet...Success -> active implementation Driver
Activating thorn CarpetInterp...Success -> active implementation interp
Activating thorn CarpetIOASCII...Success -> active implementation IOASCII
Activating thorn CarpetIOBasic...Success -> active implementation IOBasic
Activating thorn CarpetIOHDF5...Success -> active implementation IOHDF5
Activating thorn CarpetIOScalar...Success -> active implementation IOScalar
Activating thorn CarpetLib...Success -> active implementation CarpetLib
Activating thorn CarpetReduce...Success -> active implementation reduce
Activating thorn CarpetRegrid2...Success -> active implementation CarpetRegrid2
Activating thorn CartGrid3D...Success -> active implementation grid
Activating thorn Constants...Success -> active implementation Constants
Activating thorn CoordBase...Success -> active implementation CoordBase
Activating thorn CoordGauge...Success -> active implementation CoordGauge
Activating thorn CPPUtils...Success -> active implementation CPPUtils
Activating thorn CycleClock...Success -> active implementation CycleClock
Activating thorn Dissipation...Success -> active implementation Dissipation
Activating thorn EOS_Barotropic...Success -> active implementation EOS_Barotropic
Activating thorn EOS_Thermal...Success -> active implementation EOS_Thermal
Activating thorn EOS_Thermal_Hybrid...Success -> active implementation EOS_Thermal_Hybrid
Activating thorn FDCore...Success -> active implementation FDCore
Activating thorn Formaline...Success -> active implementation Formaline
Activating thorn Fortran...Success -> active implementation Fortran
Activating thorn GenericFD...Success -> active implementation GenericFD
Activating thorn GSL...Success -> active implementation GSL
Activating thorn HDF5...Success -> active implementation HDF5
Activating thorn HRSCCore...Success -> active implementation HRSCCore
Activating thorn hwloc...Success -> active implementation hwloc
Activating thorn HydroBase...Success -> active implementation HydroBase
Activating thorn InitBase...Success -> active implementation InitBase
Activating thorn IOUtil...Success -> active implementation IO
Activating thorn LocalInterp2...Success -> active implementation LocalInterp
Activating thorn LoopControl...Success -> active implementation LoopControl
Activating thorn ML_ADMConstraints...Success -> active implementation ML_ADMConstraints
Activating thorn ML_CCZ4...Success -> active implementation ML_CCZ4
Activating thorn ML_CCZ4_Helper...Success -> active implementation ML_CCZ4_Helper
Activating thorn MoL...Success -> active implementation MethodOfLines
Activating thorn MPI...Success -> active implementation MPI
Activating thorn Multipole...Success -> active implementation multipole
Activating thorn NaNChecker...Success -> active implementation NaNChecker
Activating thorn NewRad...Success -> active implementation NewRad
Activating thorn PizzaBase...Success -> active implementation PizzaBase
Activating thorn PizzaIDBase...Success -> active implementation PizzaIDBase
Activating thorn PizzaNumUtils...Success -> active implementation PizzaNumUtils
Activating thorn PizzaTOV...Success -> active implementation PizzaTOV
Activating thorn pthreads...Success -> active implementation PTHREADS
Activating thorn ReflectionSymmetry...Success -> active implementation ReflectionSymmetry
Activating thorn Slab...Success -> active implementation Slab
Activating thorn SpaceMask...Success -> active implementation SpaceMask
Activating thorn SphericalSurface...Success -> active implementation SphericalSurface
Activating thorn StaticConformal...Success -> active implementation StaticConformal
Activating thorn SymBase...Success -> active implementation SymBase
Activating thorn TerminationTrigger...Success -> active implementation TerminationTrigger
Activating thorn THC_Core...Success -> active implementation THC_Core
Activating thorn Time...Success -> active implementation time
Activating thorn Timers...Success -> active implementation Timers
Activating thorn TmunuBase...Success -> active implementation TmunuBase
Activating thorn Vectors...Success -> active implementation Vectors
Activating thorn WatchDog...Success -> active implementation WatchDog
Activating thorn WeylScal4...Success -> active implementation WeylScal4
Activating thorn zlib...Success -> active implementation zlib
INFO (IOUtil): Recovery directory '../checkpoint' doesn't exist
--------------------------------------------------------------------------------
  if (recover initial data)
    Recover parameters
  endif

  Startup routines
    [CCTK_STARTUP]
      Carpet::MultiModel_Startup: Multi-model Startup routine
      CycleClock::CycleClock_Setup: Set up CycleClock
      LoopControl::LC_setup: Set up LoopControl
      ML_CCZ4_Helper::ML_CCZ4_SetGroupTags: [meta] Set checkpointing and prolongation group tags
      Timers::Timer_Startup: Prepare hierarchical timers
      CarpetIOHDF5::CarpetIOHDF5_SetNumRefinementLevels: [meta] Overwrite 'CarpetRegrid::refinement_levels' with the number of levels found in the checkpoint file
      Carpet::Driver_Startup: Startup routine
      IOUtil::IOUtil_Startup: Startup routine
      CarpetInterp::CarpetInterpStartup: Startup routine
      CarpetReduce::CarpetReduceStartup: Startup routine
      CartGrid3D::SymmetryStartup: Register GH Extension for GridSymmetry
      CoordBase::CoordBase_Startup: Register a GH extension to store the coordinate system handles
      AEILocalInterp::AEILocalInterp_U_Startup: register CCTK_InterpLocalUniform() interpolation operators
      EOS_Thermal_Hybrid::EOS_Hybrid_Register: Register Hybrid EOS as global evolution EOS
      Formaline::Formaline_PrintIDs: [meta] Print the build and simulation ids
      HRSCCore::HRSCC_Startup: [global] Register banner
      HydroBase::HydroBase_StartUp: Startup banner
      CarpetIOASCII::CarpetIOASCIIStartup: [global] Startup routine
      LocalInterp2::LocalInterp2_Startup: register LocalInterp2's interpolation operators
      CarpetIOBasic::CarpetIOBasicStartup: [global] Startup routine
      ML_ADMConstraints::ML_ADMConstraints_Startup: [meta] create banner
      ML_CCZ4::ML_CCZ4_Startup: [meta] create banner
      ML_CCZ4_Helper::ML_CCZ4_RegisterSlicing: [meta] Register slicing
      CarpetIOHDF5::CarpetIOHDF5_Startup: Startup routine
      MoL::MoL_Startup: Startup banner
      PizzaBase::PizzaBase_Startup: Parameter Conversions
      PizzaIDBase::PizzaIDBase_Startup: Parameter Conversions
      PizzaTOV::PizzaTOV_Startup: Parameter Conversions
      Slab::Slab_InitMPIDatatypes: Create MPI datatypes for complex variables in C
      SymBase::SymBase_Startup: Register GH Extension for SymBase
      THC_Core::THC_Init: [global] Register banner
      TerminationTrigger::TerminationTrigger_StartSignalHandler: Start signal handler
      CarpetIOScalar::CarpetIOScalarStartup: [global] Startup routine
      Vectors::Vectors_Startup: Print startup message
      WeylScal4::WeylScal4_Startup: [meta] create banner
      GROUP hwloc_startup: hwloc startup group
        hwloc::hwloc_version: Output hwloc version

  Startup routines which need an existing grid hierarchy
    [CCTK_WRAGH]
      ADMBase::Einstein_InitSymBound: [global] Set up GF symmetries
      Boundary::Boundary_RegisterBCs: [global] Register boundary conditions that this thorn provides
      CarpetRegrid2::CarpetRegrid2_Initialise: [global] Initialise locations of refined regions
      CartGrid3D::RegisterCartGrid3DCoords: [meta] Register coordinates for the Cartesian grid
      CoordGauge::Einstein_ActivateSlicing: Initialize slicing, setup priorities for mixed slicings
      CoordGauge::Einstein_SetNextSlicing: Identify the slicing for the next iteration
      Formaline::Formaline_OutputSource: [meta] Output Cactus source tree
      Formaline::Formaline_RegisterWarnings: [meta] Register to receive warnings and info messages from the flesh
      Formaline::Formaline_AnnounceInitial: [global] Put some meta information about the current run into permanent storage
      HRSCCore::HRSCC_GetGridCoordinates: [global] Store the Cactus indices of the grid coordinates and weights
      HRSCCore::HRSCC_GetMetric: [global] Store the Cactus indices of the diagonal components of the metric and the lapse
      ML_CCZ4_Helper::ML_CCZ4_ParamCompat: [meta] Handle parameter backward compatibility
      MoL::MoL_SetupIndexArrays: Set up the MoL bookkeeping index arrays
      MoL::MoL_SetScheduleStatus: [global] Set the flag so it is ok to register with MoL
      TmunuBase::TmunuBase_SetStressEnergyState: [global] Set the stress_energy_state variable
      GROUP MoL_Register: The group where physics thorns register variables with MoL
        ML_ADMConstraints::ML_ADMConstraints_RegisterVars: [meta] Register Variables for MoL
        ML_CCZ4::ML_CCZ4_RegisterVars: [meta] Register Variables for MoL
        ML_CCZ4_Helper::ML_CCZ4_RegisterConstrained: [meta] Register ADMBase variables as constrained
        THC_Core::THC_MoLRegister: [global] Register variables with MoL
        WeylScal4::WeylScal4_RegisterVars: [meta] Register Variables for MoL
      Slab::Slab_InitTimers: Initialise timers
      SpaceMask::MaskSym: [global] Set grid symmetries for mask
      SpaceMask::MaskSym_emask: [global] Set grid symmetries for emask (compatibility mode)
      GROUP SymBase_Wrapper: Wrapper group for SymBase
        GROUP SymmetryRegister: Register your symmetries here
          CartGrid3D::CartGrid3D_RegisterSymmetryBoundaries: [meta] Register symmetry boundaries
          ML_ADMConstraints::ML_ADMConstraints_RegisterSymmetries: [meta] register symmetries
          ML_CCZ4::ML_CCZ4_RegisterSymmetries: [meta] register symmetries
          ReflectionSymmetry::ReflectionSymmetry_Register: Register reflection symmetry boundaries
          WeylScal4::WeylScal4_RegisterSymmetries: [meta] register symmetries
        SymBase::SymBase_Statistics: Print symmetry boundary face descriptions
      THC_Core::THC_SetupAtmosphere: [global] Setup atmosphere parameters
      THC_Core::THC_HRSCCRegister: [global] Register variable indices with HRSCCore
      MoL::MoL_ReportNumberVariables: [meta] Report how many of each type of variable there are
  Parameter checking routines
    [CCTK_PARAMCHECK]
      ADMBase::ADMBase_ParamCheck: [global] Check consistency of parameters
      Boundary::Boundary_Check: Check dimension of grid variables
      Carpet::CarpetParamCheck: Parameter checking routine
      CarpetLib::CarpetLib_test_prolongate_3d_rf2: [global] Test prolongation operators
      CarpetRegrid2::CarpetRegrid2_ParamCheck: Check parameters
      CartGrid3D::ParamCheck_CartGrid3D: Check coordinates for CartGrid3D
      Dissipation::dissipation_paramcheck: Check dissipation parameters for consistency
      Fortran::CheckFortranParameters: Test whether Fortran parameters work correctly
      HRSCCore::HRSCC_ParamCheck: [global] Check consistency of the parameters
      ML_CCZ4_Helper::ML_CCZ4_ParamCheck: [meta] Check parameters
      MoL::MoL_ParamCheck: Basic parameter checking
      Multipole::Multipole_ParamCheck: [global] Check Multipole parameters
      SphericalSurface::SphericalSurface_ParamCheck: [global] Check that all surface names are unique
      THC_Core::THC_ParamCheck: [global] Check parameters
      TerminationTrigger::TerminationTrigger_ParamCheck: Check consitency of parameters
      TmunuBase::TmunuBase_ParamCheck: [global] Check that no deprecated parameters are used.
      Vectors::Vectors_Test: Run correctness tests.

  Initialisation
    if (NOT (recover initial data AND recovery_mode is 'strict'))
      [CCTK_PREREGRIDINITIAL]
      Set up grid hierarchy
      [CCTK_POSTREGRIDINITIAL]
        CartGrid3D::SpatialCoordinates: Set Coordinates after regridding
        GROUP MaskBase_SetupMask: Set up the weight function
          GROUP MaskBase_SetupMaskAll: Set up the weight function
            CarpetReduce::MaskBase_AllocateMask: [global] Allocate the weight function
            CarpetReduce::MaskBase_InitMask: [global] [loop-local] Initialise the weight function
            GROUP SetupIMaskInternal: Set up the integer weight function (schedule other routines in here)
              CarpetReduce::CoordBase_SetupMask: [global] [loop-local] Set up the outer boundaries of the weight function
              CarpetReduce::CarpetMaskSetup: [global] [loop-singlemap] Set up the weight function for the restriction regions
            GROUP SetupIMask: Set up the integer weight function (schedule other routines in here)
            CarpetReduce::MaskBase_SetMask: [global] [loop-local] Set the weight function
            GROUP SetupMask: Set up the real weight function (schedule other routines in here)
            CarpetReduce::MaskBase_TestMask: [global] Test the weight function
        Dissipation::setup_epsdis: Setup spatially varying dissipation
        GROUP MoL_PseudoEvolutionBoundaries: Apply boundary conditions to pseudo-evolved quantities
          GROUP ML_ADMConstraints_evaluate_bc_group: ML_ADMConstraints_evaluate
            ML_ADMConstraints::ML_ADMConstraints_evaluate_SelectBCs: [level] ML_ADMConstraints_evaluate_SelectBCs
            GROUP ML_ADMConstraints_evaluate_ApplyBCs: Apply BCs for groups set in ML_ADMConstraints_evaluate
              GROUP BoundaryConditions: Execute all boundary conditions
                Boundary::Boundary_ApplyPhysicalBCs: Apply all requested local physical boundary conditions
                CartGrid3D::CartGrid3D_ApplyBC: Apply symmetry boundary conditions
                ReflectionSymmetry::ReflectionSymmetry_Apply: Apply reflection symmetries
              Boundary::Boundary_ClearSelection: [level] Unselect all grid variables for boundary conditions
          GROUP ML_CCZ4_ConstraintsEverywhere_bc_group: ML_CCZ4_ConstraintsEverywhere
            ML_CCZ4::ML_CCZ4_ConstraintsEverywhere_SelectBCs: [level] ML_CCZ4_ConstraintsEverywhere_SelectBCs
            GROUP ML_CCZ4_ConstraintsEverywhere_ApplyBCs: Apply BCs for groups set in ML_CCZ4_ConstraintsEverywhere
              GROUP BoundaryConditions: Execute all boundary conditions
                Boundary::Boundary_ApplyPhysicalBCs: Apply all requested local physical boundary conditions
                CartGrid3D::CartGrid3D_ApplyBC: Apply symmetry boundary conditions
                ReflectionSymmetry::ReflectionSymmetry_Apply: Apply reflection symmetries
              Boundary::Boundary_ClearSelection: [level] Unselect all grid variables for boundary conditions
          GROUP ML_CCZ4_ConstraintsInterior_bc_group: ML_CCZ4_ConstraintsInterior
            ML_CCZ4::ML_CCZ4_ConstraintsInterior_SelectBCs: [level] ML_CCZ4_ConstraintsInterior_SelectBCs
            GROUP ML_CCZ4_ConstraintsInterior_ApplyBCs: Apply BCs for groups set in ML_CCZ4_ConstraintsInterior
              GROUP BoundaryConditions: Execute all boundary conditions
                Boundary::Boundary_ApplyPhysicalBCs: Apply all requested local physical boundary conditions
                CartGrid3D::CartGrid3D_ApplyBC: Apply symmetry boundary conditions
                ReflectionSymmetry::ReflectionSymmetry_Apply: Apply reflection symmetries
              Boundary::Boundary_ClearSelection: [level] Unselect all grid variables for boundary conditions
          GROUP WeylScal4_psi4_calc_Nth_bc_group: WeylScal4_psi4_calc_Nth
            WeylScal4::WeylScal4_psi4_calc_Nth_SelectBCs: [level] WeylScal4_psi4_calc_Nth_SelectBCs
            GROUP WeylScal4_psi4_calc_Nth_ApplyBCs: Apply BCs for groups set in WeylScal4_psi4_calc_Nth
              GROUP BoundaryConditions: Execute all boundary conditions
                Boundary::Boundary_ApplyPhysicalBCs: Apply all requested local physical boundary conditions
                CartGrid3D::CartGrid3D_ApplyBC: Apply symmetry boundary conditions
                ReflectionSymmetry::ReflectionSymmetry_Apply: Apply reflection symmetries
              Boundary::Boundary_ClearSelection: [level] Unselect all grid variables for boundary conditions
        SpaceMask::MaskZero: Initialise mask to zero
        SpaceMask::MaskOne: Set mask to one
      [CCTK_BASEGRID]
        ADMBase::ADMBase_SetShiftStateOn: Set the shift_state variable to 1
        ADMBase::ADMBase_SetDtLapseStateOn: Set the dtlapse_state variable to 1
        ADMBase::ADMBase_SetDtShiftStateOn: Set the dtshift_state variable to 1
        ADMMacros::ADMMacros_SetLocalSpatialOrder: Initialize the local_spatial_order
        CartGrid3D::SpatialSpacings: Set up ranges for spatial 3D Cartesian coordinates (on all grids)
        CartGrid3D::SpatialCoordinates: Set up spatial 3D Cartesian coordinates on the GH
        SphericalSurface::SphericalSurface_SetupRes: [global] [loop-local] Set surface resolution automatically
        Dissipation::dissipation_basegrid: Ensure that there are enough ghost zones
        HRSCCore::HRSCC_ParamStore: [global] Store parameters in private namespace
        ML_ADMConstraints::ML_ADMConstraints_CheckBoundaries: [meta] check boundaries treatment
        ML_CCZ4::ML_CCZ4_CheckBoundaries: [meta] check boundaries treatment
        NaNChecker::NaNChecker_ResetCounter: [global] Reset the NaNChecker::NaNsFound counter
        SpaceMask::MaskZero: Initialise mask to zero
        SpaceMask::MaskOne: Set old style mask to one
        SphericalSurface::SphericalSurface_Setup: [global] Calculate surface coordinate descriptors
        GROUP MaskBase_SetupMask: Set up the weight function
          GROUP MaskBase_SetupMaskAll: Set up the weight function
            CarpetReduce::MaskBase_AllocateMask: [global] Allocate the weight function
            CarpetReduce::MaskBase_InitMask: [global] [loop-local] Initialise the weight function
            GROUP SetupIMaskInternal: Set up the integer weight function (schedule other routines in here)
              CarpetReduce::CoordBase_SetupMask: [global] [loop-local] Set up the outer boundaries of the weight function
              CarpetReduce::CarpetMaskSetup: [global] [loop-singlemap] Set up the weight function for the restriction regions
            GROUP SetupIMask: Set up the integer weight function (schedule other routines in here)
            CarpetReduce::MaskBase_SetMask: [global] [loop-local] Set the weight function
            GROUP SetupMask: Set up the real weight function (schedule other routines in here)
            CarpetReduce::MaskBase_TestMask: [global] Test the weight function
        SphericalSurface::SphericalSurface_Set: [global] Set surface radii to be used for initial setup in other thorns
        GROUP SphericalSurface_HasBeenSet: Set the spherical surfaces before this group, and use it afterwards
          SphericalSurface::SphericalSurface_CheckState: [global] Test the state of the spherical surfaces
        SymBase::SymBase_Check: Check whether the driver set up the grid consistently
        THC_Core::THC_SetSym: [global] Setup symmetries
        TerminationTrigger::TerminationTrigger_ResetTrigger: Clear trigger state
        TerminationTrigger::TerminationTrigger_StartTimer: Start timer
        TerminationTrigger::TerminationTrigger_CreateFile: Create termination file
        Time::Time_Initialise: [global] Initialise Time variables
        Time::TemporalSpacings: [singlemap] Set timestep based on Courant condition (courant_static)
        WeylScal4::WeylScal4_CheckBoundaries: [meta] check boundaries treatment
      [CCTK_INITIAL]
        StaticConformal::StaticConformal_InitialiseState: Set the conformal_state variable to 0
        GROUP ADMBase_InitialData: Schedule group for calculating ADM initial data
        GROUP ADMBase_InitialGauge: Schedule group for the ADM initial gauge condition
          ADMBase::ADMBase_DtLapseZero: Set the dtlapse to 0 at all points
          ADMBase::ADMBase_DtShiftZero: Set the dtshift to 0 at all points
        CarpetIOASCII::CarpetIOASCIIInit: [global] Initialisation routine
        CarpetIOBasic::CarpetIOBasicInit: [global] Initialisation routine
        CarpetIOHDF5::CarpetIOHDF5_Init: [global] Initialisation routine
        CarpetIOScalar::CarpetIOScalarInit: [global] Initialisation routine
        GROUP HydroBase_Initial: HydroBase initial data group
          GROUP PizzaIDBase_InitialData: Construct initial data
            PizzaTOV::PizzaTOV_Initial_Data: TOV-Star initial data
            PizzaTOV::TOVSol_Startup: [global] Print param_test for debug
          GROUP PizzaIDBase_Analysis_Unpert: Analysis of unperturbed data
          GROUP PizzaIDBase_Perturb: Add Perturbation to initial data
            PizzaTOV::PizzaTOV_Perturb_Data: Add Density Perturbation to initial data
          PizzaIDBase::PizzaIDBase_Timelevels: Copy ID to previous timelevels
        GROUP HydroBase_Prim2ConInitial: Recover the conservative variables from the primitive variables
          THC_Core::THC_PrimToAllInitial: Initialize all the other variables
        GROUP ADMBase_PostInitial: Schedule group for modifying the ADM initial data, such as e.g. adding noise
        ML_CCZ4::ML_CCZ4_InitialADMBase1Everywhere: ML_CCZ4_InitialADMBase1Everywhere
        ML_CCZ4::ML_CCZ4_InitialADMBase2Interior: ML_CCZ4_InitialADMBase2Interior
        MoL::MoL_StartLoop: [level] Initialise the step size control
        ML_CCZ4_Helper::ML_CCZ4_ExtrapolateGammas: Extrapolate Gammas and time derivatives of lapse and shift
      [CCTK_POSTINITIAL]
        CarpetIOHDF5::CarpetIOHDF5_CloseFiles: [global] Close all filereader input files
        MoL::MoL_FillAllLevels: A bad routine. Fills all previous timelevels with data copied from the current.
        GROUP MoL_PostStepModify: The group for physics thorns to schedule enforcing constraints
          ML_CCZ4::ML_CCZ4_EnforceEverywhere: ML_CCZ4_EnforceEverywhere
        GROUP MoL_PostStep: Ensure that everything is correct after the initial data have been set up
          ML_CCZ4::ML_CCZ4_SelectBoundConds: [level] select boundary conditions
          GROUP ML_CCZ4_ApplyBCs: Apply boundary conditions controlled by thorn Boundary
            GROUP BoundaryConditions: Execute all boundary conditions
              Boundary::Boundary_ApplyPhysicalBCs: Apply all requested local physical boundary conditions
              CartGrid3D::CartGrid3D_ApplyBC: Apply symmetry boundary conditions
              ReflectionSymmetry::ReflectionSymmetry_Apply: Apply reflection symmetries
            Boundary::Boundary_ClearSelection: [level] Unselect all grid variables for boundary conditions
          ML_ADMConstraints::ML_ADMConstraints_SelectBoundConds: [level] select boundary conditions
          GROUP ML_ADMConstraints_ApplyBCs: Apply boundary conditions controlled by thorn Boundary
            GROUP BoundaryConditions: Execute all boundary conditions
              Boundary::Boundary_ApplyPhysicalBCs: Apply all requested local physical boundary conditions
              CartGrid3D::CartGrid3D_ApplyBC: Apply symmetry boundary conditions
              ReflectionSymmetry::ReflectionSymmetry_Apply: Apply reflection symmetries
            Boundary::Boundary_ClearSelection: [level] Unselect all grid variables for boundary conditions
          ML_CCZ4::ML_CCZ4_ADMBaseInterior: ML_CCZ4_ADMBaseInterior
          ML_CCZ4::ML_CCZ4_ADMBaseBoundaryScalar: ML_CCZ4_ADMBaseBoundaryScalar
          ML_CCZ4::ML_CCZ4_ADMBaseEverywhere: ML_CCZ4_ADMBaseEverywhere
          ML_CCZ4_Helper::ML_CCZ4_ADMBase_SelectBCs: [level] Select boundary conditions for ADMBase variables
          GROUP ML_CCZ4_ADMBase_ApplyBCs: Apply boundary conditions to ADMBase variables
            GROUP BoundaryConditions: Execute all boundary conditions
              Boundary::Boundary_ApplyPhysicalBCs: Apply all requested local physical boundary conditions
              CartGrid3D::CartGrid3D_ApplyBC: Apply symmetry boundary conditions
              ReflectionSymmetry::ReflectionSymmetry_Apply: Apply reflection symmetries
            Boundary::Boundary_ClearSelection: [level] Unselect all grid variables for boundary conditions
          GROUP ADMBase_SetADMVars: Set the ADM variables before this group, and use them afterwards
          GROUP HydroBase_PostStep: Post step tasks for hydro thorns
            GROUP HydroBase_Boundaries: HydroBase-internal Boundary conditions group
              GROUP HydroBase_Select_Boundaries: Group to schedule the boundary condition functions
                THC_Core::THC_SelectBC: [singlemap] Select boundary conditions
              GROUP HydroBase_ApplyBCs: Apply the boundary conditions of HydroBase
                GROUP BoundaryConditions: Execute all boundary conditions
                  Boundary::Boundary_ApplyPhysicalBCs: Apply all requested local physical boundary conditions
                  CartGrid3D::CartGrid3D_ApplyBC: Apply symmetry boundary conditions
                  ReflectionSymmetry::ReflectionSymmetry_Apply: Apply reflection symmetries
                Boundary::Boundary_ClearSelection: [level] Unselect all grid variables for boundary conditions
            GROUP HydroBase_Con2Prim: Convert from conservative to primitive variables
              GROUP THC_SetExcisionMask: Thorns providing excision should set the bitmask
              THC_Core::THC_ConsToAll: Computes the primitives from the conservatives
          GROUP SetTmunu: Group for calculating the stress-energy tensor
            TmunuBase::TmunuBase_ZeroTmunu: Initialise the stress-energy tensor to zero
            GROUP AddToTmunu: Add to the stress-energy tensor here
              THC_Core::THC_AddToTmunu: Adds the contribution of the fluid to the global stress-energy tensor
          WeylScal4::WeylScal4_SelectBoundConds: [level] select boundary conditions
          GROUP WeylScal4_ApplyBCs: Apply boundary conditions controlled by thorn Boundary
            GROUP BoundaryConditions: Execute all boundary conditions
              Boundary::Boundary_ApplyPhysicalBCs: Apply all requested local physical boundary conditions
              CartGrid3D::CartGrid3D_ApplyBC: Apply symmetry boundary conditions
              ReflectionSymmetry::ReflectionSymmetry_Apply: Apply reflection symmetries
            Boundary::Boundary_ClearSelection: [level] Unselect all grid variables for boundary conditions
        GROUP MoL_PseudoEvolution: Calculate pseudo-evolved quantities
          GROUP ADMBase_SetADMVars: Set the ADM variables before this group, and use them afterwards
          GROUP ML_ADMConstraints_evaluate_group: ML_ADMConstraints_evaluate
            ML_ADMConstraints::ML_ADMConstraints_evaluate: ML_ADMConstraints_evaluate
            GROUP ML_ADMConstraints_evaluate_bc_group: ML_ADMConstraints_evaluate
              ML_ADMConstraints::ML_ADMConstraints_evaluate_SelectBCs: [level] ML_ADMConstraints_evaluate_SelectBCs
              GROUP ML_ADMConstraints_evaluate_ApplyBCs: Apply BCs for groups set in ML_ADMConstraints_evaluate
                GROUP BoundaryConditions: Execute all boundary conditions
                  Boundary::Boundary_ApplyPhysicalBCs: Apply all requested local physical boundary conditions
                  CartGrid3D::CartGrid3D_ApplyBC: Apply symmetry boundary conditions
                  ReflectionSymmetry::ReflectionSymmetry_Apply: Apply reflection symmetries
                Boundary::Boundary_ClearSelection: [level] Unselect all grid variables for boundary conditions
          GROUP ML_CCZ4_ConstraintsEverywhere_group: ML_CCZ4_ConstraintsEverywhere
            ML_CCZ4::ML_CCZ4_ConstraintsEverywhere: ML_CCZ4_ConstraintsEverywhere
            GROUP ML_CCZ4_ConstraintsEverywhere_bc_group: ML_CCZ4_ConstraintsEverywhere
              ML_CCZ4::ML_CCZ4_ConstraintsEverywhere_SelectBCs: [level] ML_CCZ4_ConstraintsEverywhere_SelectBCs
              GROUP ML_CCZ4_ConstraintsEverywhere_ApplyBCs: Apply BCs for groups set in ML_CCZ4_ConstraintsEverywhere
                GROUP BoundaryConditions: Execute all boundary conditions
                  Boundary::Boundary_ApplyPhysicalBCs: Apply all requested local physical boundary conditions
                  CartGrid3D::CartGrid3D_ApplyBC: Apply symmetry boundary conditions
                  ReflectionSymmetry::ReflectionSymmetry_Apply: Apply reflection symmetries
                Boundary::Boundary_ClearSelection: [level] Unselect all grid variables for boundary conditions
          GROUP ML_CCZ4_ConstraintsInterior_group: ML_CCZ4_ConstraintsInterior
            ML_CCZ4::ML_CCZ4_ConstraintsInterior: ML_CCZ4_ConstraintsInterior
            GROUP ML_CCZ4_ConstraintsInterior_bc_group: ML_CCZ4_ConstraintsInterior
              ML_CCZ4::ML_CCZ4_ConstraintsInterior_SelectBCs: [level] ML_CCZ4_ConstraintsInterior_SelectBCs
              GROUP ML_CCZ4_ConstraintsInterior_ApplyBCs: Apply BCs for groups set in ML_CCZ4_ConstraintsInterior
                GROUP BoundaryConditions: Execute all boundary conditions
                  Boundary::Boundary_ApplyPhysicalBCs: Apply all requested local physical boundary conditions
                  CartGrid3D::CartGrid3D_ApplyBC: Apply symmetry boundary conditions
                  ReflectionSymmetry::ReflectionSymmetry_Apply: Apply reflection symmetries
                Boundary::Boundary_ClearSelection: [level] Unselect all grid variables for boundary conditions
          GROUP WeylScal4_psi4_calc_Nth_group: WeylScal4_psi4_calc_Nth
            WeylScal4::WeylScal4_psi4_calc_Nth: WeylScal4_psi4_calc_Nth
            GROUP WeylScal4_psi4_calc_Nth_bc_group: WeylScal4_psi4_calc_Nth
              WeylScal4::WeylScal4_psi4_calc_Nth_SelectBCs: [level] WeylScal4_psi4_calc_Nth_SelectBCs
              GROUP WeylScal4_psi4_calc_Nth_ApplyBCs: Apply BCs for groups set in WeylScal4_psi4_calc_Nth
                GROUP BoundaryConditions: Execute all boundary conditions
                  Boundary::Boundary_ApplyPhysicalBCs: Apply all requested local physical boundary conditions
                  CartGrid3D::CartGrid3D_ApplyBC: Apply symmetry boundary conditions
                  ReflectionSymmetry::ReflectionSymmetry_Apply: Apply reflection symmetries
                Boundary::Boundary_ClearSelection: [level] Unselect all grid variables for boundary conditions
      Initialise finer grids recursively
      Restrict from finer grids
      [CCTK_POSTRESTRICTINITIAL]
        GROUP MoL_PostStep: Ensure that everything is correct after restriction
          ML_CCZ4::ML_CCZ4_SelectBoundConds: [level] select boundary conditions
          GROUP ML_CCZ4_ApplyBCs: Apply boundary conditions controlled by thorn Boundary
            GROUP BoundaryConditions: Execute all boundary conditions
              Boundary::Boundary_ApplyPhysicalBCs: Apply all requested local physical boundary conditions
              CartGrid3D::CartGrid3D_ApplyBC: Apply symmetry boundary conditions
              ReflectionSymmetry::ReflectionSymmetry_Apply: Apply reflection symmetries
            Boundary::Boundary_ClearSelection: [level] Unselect all grid variables for boundary conditions
          ML_ADMConstraints::ML_ADMConstraints_SelectBoundConds: [level] select boundary conditions
          GROUP ML_ADMConstraints_ApplyBCs: Apply boundary conditions controlled by thorn Boundary
            GROUP BoundaryConditions: Execute all boundary conditions
              Boundary::Boundary_ApplyPhysicalBCs: Apply all requested local physical boundary conditions
              CartGrid3D::CartGrid3D_ApplyBC: Apply symmetry boundary conditions
              ReflectionSymmetry::ReflectionSymmetry_Apply: Apply reflection symmetries
            Boundary::Boundary_ClearSelection: [level] Unselect all grid variables for boundary conditions
          ML_CCZ4::ML_CCZ4_ADMBaseInterior: ML_CCZ4_ADMBaseInterior
          ML_CCZ4::ML_CCZ4_ADMBaseBoundaryScalar: ML_CCZ4_ADMBaseBoundaryScalar
          ML_CCZ4::ML_CCZ4_ADMBaseEverywhere: ML_CCZ4_ADMBaseEverywhere
          ML_CCZ4_Helper::ML_CCZ4_ADMBase_SelectBCs: [level] Select boundary conditions for ADMBase variables
          GROUP ML_CCZ4_ADMBase_ApplyBCs: Apply boundary conditions to ADMBase variables
            GROUP BoundaryConditions: Execute all boundary conditions
              Boundary::Boundary_ApplyPhysicalBCs: Apply all requested local physical boundary conditions
              CartGrid3D::CartGrid3D_ApplyBC: Apply symmetry boundary conditions
              ReflectionSymmetry::ReflectionSymmetry_Apply: Apply reflection symmetries
            Boundary::Boundary_ClearSelection: [level] Unselect all grid variables for boundary conditions
          GROUP ADMBase_SetADMVars: Set the ADM variables before this group, and use them afterwards
          GROUP HydroBase_PostStep: Post step tasks for hydro thorns
            GROUP HydroBase_Boundaries: HydroBase-internal Boundary conditions group
              GROUP HydroBase_Select_Boundaries: Group to schedule the boundary condition functions
                THC_Core::THC_SelectBC: [singlemap] Select boundary conditions
              GROUP HydroBase_ApplyBCs: Apply the boundary conditions of HydroBase
                GROUP BoundaryConditions: Execute all boundary conditions
                  Boundary::Boundary_ApplyPhysicalBCs: Apply all requested local physical boundary conditions
                  CartGrid3D::CartGrid3D_ApplyBC: Apply symmetry boundary conditions
                  ReflectionSymmetry::ReflectionSymmetry_Apply: Apply reflection symmetries
                Boundary::Boundary_ClearSelection: [level] Unselect all grid variables for boundary conditions
            GROUP HydroBase_Con2Prim: Convert from conservative to primitive variables
              GROUP THC_SetExcisionMask: Thorns providing excision should set the bitmask
              THC_Core::THC_ConsToAll: Computes the primitives from the conservatives
          GROUP SetTmunu: Group for calculating the stress-energy tensor
            TmunuBase::TmunuBase_ZeroTmunu: Initialise the stress-energy tensor to zero
            GROUP AddToTmunu: Add to the stress-energy tensor here
              THC_Core::THC_AddToTmunu: Adds the contribution of the fluid to the global stress-energy tensor
          WeylScal4::WeylScal4_SelectBoundConds: [level] select boundary conditions
          GROUP WeylScal4_ApplyBCs: Apply boundary conditions controlled by thorn Boundary
            GROUP BoundaryConditions: Execute all boundary conditions
              Boundary::Boundary_ApplyPhysicalBCs: Apply all requested local physical boundary conditions
              CartGrid3D::CartGrid3D_ApplyBC: Apply symmetry boundary conditions
              ReflectionSymmetry::ReflectionSymmetry_Apply: Apply reflection symmetries
            Boundary::Boundary_ClearSelection: [level] Unselect all grid variables for boundary conditions
        GROUP MoL_PseudoEvolutionBoundaries: Apply boundary conditions to pseudo-evolved quantities
          GROUP ML_ADMConstraints_evaluate_bc_group: ML_ADMConstraints_evaluate
            ML_ADMConstraints::ML_ADMConstraints_evaluate_SelectBCs: [level] ML_ADMConstraints_evaluate_SelectBCs
            GROUP ML_ADMConstraints_evaluate_ApplyBCs: Apply BCs for groups set in ML_ADMConstraints_evaluate
              GROUP BoundaryConditions: Execute all boundary conditions
                Boundary::Boundary_ApplyPhysicalBCs: Apply all requested local physical boundary conditions
                CartGrid3D::CartGrid3D_ApplyBC: Apply symmetry boundary conditions
                ReflectionSymmetry::ReflectionSymmetry_Apply: Apply reflection symmetries
              Boundary::Boundary_ClearSelection: [level] Unselect all grid variables for boundary conditions
          GROUP ML_CCZ4_ConstraintsEverywhere_bc_group: ML_CCZ4_ConstraintsEverywhere
            ML_CCZ4::ML_CCZ4_ConstraintsEverywhere_SelectBCs: [level] ML_CCZ4_ConstraintsEverywhere_SelectBCs
            GROUP ML_CCZ4_ConstraintsEverywhere_ApplyBCs: Apply BCs for groups set in ML_CCZ4_ConstraintsEverywhere
              GROUP BoundaryConditions: Execute all boundary conditions
                Boundary::Boundary_ApplyPhysicalBCs: Apply all requested local physical boundary conditions
                CartGrid3D::CartGrid3D_ApplyBC: Apply symmetry boundary conditions
                ReflectionSymmetry::ReflectionSymmetry_Apply: Apply reflection symmetries
              Boundary::Boundary_ClearSelection: [level] Unselect all grid variables for boundary conditions
          GROUP ML_CCZ4_ConstraintsInterior_bc_group: ML_CCZ4_ConstraintsInterior
            ML_CCZ4::ML_CCZ4_ConstraintsInterior_SelectBCs: [level] ML_CCZ4_ConstraintsInterior_SelectBCs
            GROUP ML_CCZ4_ConstraintsInterior_ApplyBCs: Apply BCs for groups set in ML_CCZ4_ConstraintsInterior
              GROUP BoundaryConditions: Execute all boundary conditions
                Boundary::Boundary_ApplyPhysicalBCs: Apply all requested local physical boundary conditions
                CartGrid3D::CartGrid3D_ApplyBC: Apply symmetry boundary conditions
                ReflectionSymmetry::ReflectionSymmetry_Apply: Apply reflection symmetries
              Boundary::Boundary_ClearSelection: [level] Unselect all grid variables for boundary conditions
          GROUP WeylScal4_psi4_calc_Nth_bc_group: WeylScal4_psi4_calc_Nth
            WeylScal4::WeylScal4_psi4_calc_Nth_SelectBCs: [level] WeylScal4_psi4_calc_Nth_SelectBCs
            GROUP WeylScal4_psi4_calc_Nth_ApplyBCs: Apply BCs for groups set in WeylScal4_psi4_calc_Nth
              GROUP BoundaryConditions: Execute all boundary conditions
                Boundary::Boundary_ApplyPhysicalBCs: Apply all requested local physical boundary conditions
                CartGrid3D::CartGrid3D_ApplyBC: Apply symmetry boundary conditions
                ReflectionSymmetry::ReflectionSymmetry_Apply: Apply reflection symmetries
              Boundary::Boundary_ClearSelection: [level] Unselect all grid variables for boundary conditions
      [CCTK_POSTPOSTINITIAL]
        GROUP Con2Prim: Convert from conservative to primitive variables (might be redundant)
          GROUP THC_SetExcisionMask: Thorns providing excision should set the bitmask
          THC_Core::THC_ConsToAll: Computes the primitives from the conservatives
      [CCTK_POSTSTEP]
        SphericalSurface::SphericalSurface_Set: [global] Set surface radii
        GROUP zzz_NaNChecker_NaNCheck: Check for NaNs and count them in NaNChecker::NaNsFound
          NaNChecker::NaNChecker_NaNCheck_Prepare: [level] Prepare data structures to check for NaNs
          NaNChecker::NaNChecker_NaNCheck_Check: [local] Check for NaNs
          NaNChecker::NaNChecker_NaNCheck_Finish: [level] Count NaNs in NaNChecker::NaNsFound
        NaNChecker::NaNChecker_TakeAction: [global] [loop-level] Output NaNChecker::NaNmask and take action according to NaNChecker::action_if_found
        SpaceMask::CheckMask: Ensure that all mask values are legal
        GROUP SphericalSurface_HasBeenSet: Set the spherical surfaces before this group, and use it afterwards
          SphericalSurface::SphericalSurface_CheckState: [global] Test the state of the spherical surfaces
        Dissipation::setup_epsdis: Setup spatially varying dissipation
    endif
    if (recover initial data)
      [CCTK_BASEGRID]
        ADMBase::ADMBase_SetShiftStateOn: Set the shift_state variable to 1
        ADMBase::ADMBase_SetDtLapseStateOn: Set the dtlapse_state variable to 1
        ADMBase::ADMBase_SetDtShiftStateOn: Set the dtshift_state variable to 1
        ADMMacros::ADMMacros_SetLocalSpatialOrder: Initialize the local_spatial_order
        CartGrid3D::SpatialSpacings: Set up ranges for spatial 3D Cartesian coordinates (on all grids)
        CartGrid3D::SpatialCoordinates: Set up spatial 3D Cartesian coordinates on the GH
        SphericalSurface::SphericalSurface_SetupRes: [global] [loop-local] Set surface resolution automatically
        Dissipation::dissipation_basegrid: Ensure that there are enough ghost zones
        HRSCCore::HRSCC_ParamStore: [global] Store parameters in private namespace
        ML_ADMConstraints::ML_ADMConstraints_CheckBoundaries: [meta] check boundaries treatment
        ML_CCZ4::ML_CCZ4_CheckBoundaries: [meta] check boundaries treatment
        NaNChecker::NaNChecker_ResetCounter: [global] Reset the NaNChecker::NaNsFound counter
        SpaceMask::MaskZero: Initialise mask to zero
        SpaceMask::MaskOne: Set old style mask to one
        SphericalSurface::SphericalSurface_Setup: [global] Calculate surface coordinate descriptors
        GROUP MaskBase_SetupMask: Set up the weight function
          GROUP MaskBase_SetupMaskAll: Set up the weight function
            CarpetReduce::MaskBase_AllocateMask: [global] Allocate the weight function
            CarpetReduce::MaskBase_InitMask: [global] [loop-local] Initialise the weight function
            GROUP SetupIMaskInternal: Set up the integer weight function (schedule other routines in here)
              CarpetReduce::CoordBase_SetupMask: [global] [loop-local] Set up the outer boundaries of the weight function
              CarpetReduce::CarpetMaskSetup: [global] [loop-singlemap] Set up the weight function for the restriction regions
            GROUP SetupIMask: Set up the integer weight function (schedule other routines in here)
            CarpetReduce::MaskBase_SetMask: [global] [loop-local] Set the weight function
            GROUP SetupMask: Set up the real weight function (schedule other routines in here)
            CarpetReduce::MaskBase_TestMask: [global] Test the weight function
        SphericalSurface::SphericalSurface_Set: [global] Set surface radii to be used for initial setup in other thorns
        GROUP SphericalSurface_HasBeenSet: Set the spherical surfaces before this group, and use it afterwards
          SphericalSurface::SphericalSurface_CheckState: [global] Test the state of the spherical surfaces
        SymBase::SymBase_Check: Check whether the driver set up the grid consistently
        THC_Core::THC_SetSym: [global] Setup symmetries
        TerminationTrigger::TerminationTrigger_ResetTrigger: Clear trigger state
        TerminationTrigger::TerminationTrigger_StartTimer: Start timer
        TerminationTrigger::TerminationTrigger_CreateFile: Create termination file
        Time::Time_Initialise: [global] Initialise Time variables
        Time::TemporalSpacings: [singlemap] Set timestep based on Courant condition (courant_static)
        WeylScal4::WeylScal4_CheckBoundaries: [meta] check boundaries treatment
      [CCTK_RECOVER_VARIABLES]
        IOUtil::IOUtil_RecoverGH: [level] Checkpoint recovery routine
      [CCTK_POST_RECOVER_VARIABLES]
        CarpetIOHDF5::CarpetIOHDF5_InitCheckpointingIntervals: [global] Initialisation of checkpointing intervals after recovery
        CarpetIOHDF5::CarpetIOHDF5_CloseFiles: [meta] Close all initial data checkpoint files after recovery
        GROUP MaskBase_SetupMask: Set up the weight function
          GROUP MaskBase_SetupMaskAll: Set up the weight function
            CarpetReduce::MaskBase_AllocateMask: [global] Allocate the weight function
            CarpetReduce::MaskBase_InitMask: [global] [loop-local] Initialise the weight function
            GROUP SetupIMaskInternal: Set up the integer weight function (schedule other routines in here)
              CarpetReduce::CoordBase_SetupMask: [global] [loop-local] Set up the outer boundaries of the weight function
              CarpetReduce::CarpetMaskSetup: [global] [loop-singlemap] Set up the weight function for the restriction regions
            GROUP SetupIMask: Set up the integer weight function (schedule other routines in here)
            CarpetReduce::MaskBase_SetMask: [global] [loop-local] Set the weight function
            GROUP SetupMask: Set up the real weight function (schedule other routines in here)
            CarpetReduce::MaskBase_TestMask: [global] Test the weight function
        GROUP MoL_PostStep: Ensure that everything is correct after recovery
          ML_CCZ4::ML_CCZ4_SelectBoundConds: [level] select boundary conditions
          GROUP ML_CCZ4_ApplyBCs: Apply boundary conditions controlled by thorn Boundary
            GROUP BoundaryConditions: Execute all boundary conditions
              Boundary::Boundary_ApplyPhysicalBCs: Apply all requested local physical boundary conditions
              CartGrid3D::CartGrid3D_ApplyBC: Apply symmetry boundary conditions
              ReflectionSymmetry::ReflectionSymmetry_Apply: Apply reflection symmetries
            Boundary::Boundary_ClearSelection: [level] Unselect all grid variables for boundary conditions
          ML_ADMConstraints::ML_ADMConstraints_SelectBoundConds: [level] select boundary conditions
          GROUP ML_ADMConstraints_ApplyBCs: Apply boundary conditions controlled by thorn Boundary
            GROUP BoundaryConditions: Execute all boundary conditions
              Boundary::Boundary_ApplyPhysicalBCs: Apply all requested local physical boundary conditions
              CartGrid3D::CartGrid3D_ApplyBC: Apply symmetry boundary conditions
              ReflectionSymmetry::ReflectionSymmetry_Apply: Apply reflection symmetries
            Boundary::Boundary_ClearSelection: [level] Unselect all grid variables for boundary conditions
          ML_CCZ4::ML_CCZ4_ADMBaseInterior: ML_CCZ4_ADMBaseInterior
          ML_CCZ4::ML_CCZ4_ADMBaseBoundaryScalar: ML_CCZ4_ADMBaseBoundaryScalar
          ML_CCZ4::ML_CCZ4_ADMBaseEverywhere: ML_CCZ4_ADMBaseEverywhere
          ML_CCZ4_Helper::ML_CCZ4_ADMBase_SelectBCs: [level] Select boundary conditions for ADMBase variables
          GROUP ML_CCZ4_ADMBase_ApplyBCs: Apply boundary conditions to ADMBase variables
            GROUP BoundaryConditions: Execute all boundary conditions
              Boundary::Boundary_ApplyPhysicalBCs: Apply all requested local physical boundary conditions
              CartGrid3D::CartGrid3D_ApplyBC: Apply symmetry boundary conditions
              ReflectionSymmetry::ReflectionSymmetry_Apply: Apply reflection symmetries
            Boundary::Boundary_ClearSelection: [level] Unselect all grid variables for boundary conditions
          GROUP ADMBase_SetADMVars: Set the ADM variables before this group, and use them afterwards
          GROUP HydroBase_PostStep: Post step tasks for hydro thorns
            GROUP HydroBase_Boundaries: HydroBase-internal Boundary conditions group
              GROUP HydroBase_Select_Boundaries: Group to schedule the boundary condition functions
                THC_Core::THC_SelectBC: [singlemap] Select boundary conditions
              GROUP HydroBase_ApplyBCs: Apply the boundary conditions of HydroBase
                GROUP BoundaryConditions: Execute all boundary conditions
                  Boundary::Boundary_ApplyPhysicalBCs: Apply all requested local physical boundary conditions
                  CartGrid3D::CartGrid3D_ApplyBC: Apply symmetry boundary conditions
                  ReflectionSymmetry::ReflectionSymmetry_Apply: Apply reflection symmetries
                Boundary::Boundary_ClearSelection: [level] Unselect all grid variables for boundary conditions
            GROUP HydroBase_Con2Prim: Convert from conservative to primitive variables
              GROUP THC_SetExcisionMask: Thorns providing excision should set the bitmask
              THC_Core::THC_ConsToAll: Computes the primitives from the conservatives
          GROUP SetTmunu: Group for calculating the stress-energy tensor
            TmunuBase::TmunuBase_ZeroTmunu: Initialise the stress-energy tensor to zero
            GROUP AddToTmunu: Add to the stress-energy tensor here
              THC_Core::THC_AddToTmunu: Adds the contribution of the fluid to the global stress-energy tensor
          WeylScal4::WeylScal4_SelectBoundConds: [level] select boundary conditions
          GROUP WeylScal4_ApplyBCs: Apply boundary conditions controlled by thorn Boundary
            GROUP BoundaryConditions: Execute all boundary conditions
              Boundary::Boundary_ApplyPhysicalBCs: Apply all requested local physical boundary conditions
              CartGrid3D::CartGrid3D_ApplyBC: Apply symmetry boundary conditions
              ReflectionSymmetry::ReflectionSymmetry_Apply: Apply reflection symmetries
            Boundary::Boundary_ClearSelection: [level] Unselect all grid variables for boundary conditions
        GROUP zzz_NaNChecker_NaNCheck: Check for NaNs and count them in NaNChecker::NaNsFound
          NaNChecker::NaNChecker_NaNCheck_Prepare: [level] Prepare data structures to check for NaNs
          NaNChecker::NaNChecker_NaNCheck_Check: [local] Check for NaNs
          NaNChecker::NaNChecker_NaNCheck_Finish: [level] Count NaNs in NaNChecker::NaNsFound
        NaNChecker::NaNChecker_TakeAction: [global] [loop-level] Output NaNChecker::NaNmask and take action according to NaNChecker::action_if_found
        TerminationTrigger::TerminationTrigger_ResetMinutes: [global] Reset Watchtime
    endif
    if (checkpoint initial data)
      [CCTK_CPINITIAL]
        CarpetIOHDF5::CarpetIOHDF5_InitialDataCheckpoint: [meta] Initial data checkpoint routine
    endif
    if (analysis)
      [CCTK_ANALYSIS]
        CarpetLib::CarpetLib_printtimestats: [global] Print timing statistics if desired
        CarpetLib::CarpetLib_printmemstats: [global] Print memory statistics if desired
        Formaline::Formaline_AnnounceUpdate: [global] Put some meta information about the current run into permanent storage
        LoopControl::LC_statistics_analysis: [meta] Output LoopControl statistics
        GROUP ML_CCZ4_EvolutionAnalysis: Calculate RHS at analysis
          ML_CCZ4::ML_CCZ4_EvolutionAnalysisInit: ML_CCZ4_EvolutionAnalysisInit
          ML_CCZ4::ML_CCZ4_EvolutionAnalysisInterior: ML_CCZ4_EvolutionAnalysisInterior
          ML_CCZ4_Helper::ML_CCZ4_NewRad: Apply NewRad boundary conditions to RHS
        Multipole::Multipole_Calc: [global] Calculate Multipoles
        TerminationTrigger::TerminationTrigger_CheckWalltime: Check elapsed job walltime
        TerminationTrigger::TerminationTrigger_CheckSignal: Check if we received a termination signal
        TerminationTrigger::TerminationTrigger_CheckFile: Check termination file
        WatchDog::WatchDog: Make sure that the run is progressing
  endif
  Output grid variables

  do loop over timesteps
    [CCTK_PREREGRID]
    Change grid hierarchy
    [CCTK_POSTREGRID]
      CartGrid3D::SpatialCoordinates: Set Coordinates after regridding
      GROUP MaskBase_SetupMask: Set up the weight function
        GROUP MaskBase_SetupMaskAll: Set up the weight function
          CarpetReduce::MaskBase_AllocateMask: [global] Allocate the weight function
          CarpetReduce::MaskBase_InitMask: [global] [loop-local] Initialise the weight function
          GROUP SetupIMaskInternal: Set up the integer weight function (schedule other routines in here)
            CarpetReduce::CoordBase_SetupMask: [global] [loop-local] Set up the outer boundaries of the weight function
            CarpetReduce::CarpetMaskSetup: [global] [loop-singlemap] Set up the weight function for the restriction regions
          GROUP SetupIMask: Set up the integer weight function (schedule other routines in here)
          CarpetReduce::MaskBase_SetMask: [global] [loop-local] Set the weight function
          GROUP SetupMask: Set up the real weight function (schedule other routines in here)
          CarpetReduce::MaskBase_TestMask: [global] Test the weight function
      Dissipation::setup_epsdis: Setup spatially varying dissipation
      GROUP MoL_PostStep: Ensure that everything is correct after regridding
        ML_CCZ4::ML_CCZ4_SelectBoundConds: [level] select boundary conditions
        GROUP ML_CCZ4_ApplyBCs: Apply boundary conditions controlled by thorn Boundary
          GROUP BoundaryConditions: Execute all boundary conditions
            Boundary::Boundary_ApplyPhysicalBCs: Apply all requested local physical boundary conditions
            CartGrid3D::CartGrid3D_ApplyBC: Apply symmetry boundary conditions
            ReflectionSymmetry::ReflectionSymmetry_Apply: Apply reflection symmetries
          Boundary::Boundary_ClearSelection: [level] Unselect all grid variables for boundary conditions
        ML_ADMConstraints::ML_ADMConstraints_SelectBoundConds: [level] select boundary conditions
        GROUP ML_ADMConstraints_ApplyBCs: Apply boundary conditions controlled by thorn Boundary
          GROUP BoundaryConditions: Execute all boundary conditions
            Boundary::Boundary_ApplyPhysicalBCs: Apply all requested local physical boundary conditions
            CartGrid3D::CartGrid3D_ApplyBC: Apply symmetry boundary conditions
            ReflectionSymmetry::ReflectionSymmetry_Apply: Apply reflection symmetries
          Boundary::Boundary_ClearSelection: [level] Unselect all grid variables for boundary conditions
        ML_CCZ4::ML_CCZ4_ADMBaseInterior: ML_CCZ4_ADMBaseInterior
        ML_CCZ4::ML_CCZ4_ADMBaseBoundaryScalar: ML_CCZ4_ADMBaseBoundaryScalar
        ML_CCZ4::ML_CCZ4_ADMBaseEverywhere: ML_CCZ4_ADMBaseEverywhere
        ML_CCZ4_Helper::ML_CCZ4_ADMBase_SelectBCs: [level] Select boundary conditions for ADMBase variables
        GROUP ML_CCZ4_ADMBase_ApplyBCs: Apply boundary conditions to ADMBase variables
          GROUP BoundaryConditions: Execute all boundary conditions
            Boundary::Boundary_ApplyPhysicalBCs: Apply all requested local physical boundary conditions
            CartGrid3D::CartGrid3D_ApplyBC: Apply symmetry boundary conditions
            ReflectionSymmetry::ReflectionSymmetry_Apply: Apply reflection symmetries
          Boundary::Boundary_ClearSelection: [level] Unselect all grid variables for boundary conditions
        GROUP ADMBase_SetADMVars: Set the ADM variables before this group, and use them afterwards
        GROUP HydroBase_PostStep: Post step tasks for hydro thorns
          GROUP HydroBase_Boundaries: HydroBase-internal Boundary conditions group
            GROUP HydroBase_Select_Boundaries: Group to schedule the boundary condition functions
              THC_Core::THC_SelectBC: [singlemap] Select boundary conditions
            GROUP HydroBase_ApplyBCs: Apply the boundary conditions of HydroBase
              GROUP BoundaryConditions: Execute all boundary conditions
                Boundary::Boundary_ApplyPhysicalBCs: Apply all requested local physical boundary conditions
                CartGrid3D::CartGrid3D_ApplyBC: Apply symmetry boundary conditions
                ReflectionSymmetry::ReflectionSymmetry_Apply: Apply reflection symmetries
              Boundary::Boundary_ClearSelection: [level] Unselect all grid variables for boundary conditions
          GROUP HydroBase_Con2Prim: Convert from conservative to primitive variables
            GROUP THC_SetExcisionMask: Thorns providing excision should set the bitmask
            THC_Core::THC_ConsToAll: Computes the primitives from the conservatives
        GROUP SetTmunu: Group for calculating the stress-energy tensor
          TmunuBase::TmunuBase_ZeroTmunu: Initialise the stress-energy tensor to zero
          GROUP AddToTmunu: Add to the stress-energy tensor here
            THC_Core::THC_AddToTmunu: Adds the contribution of the fluid to the global stress-energy tensor
        WeylScal4::WeylScal4_SelectBoundConds: [level] select boundary conditions
        GROUP WeylScal4_ApplyBCs: Apply boundary conditions controlled by thorn Boundary
          GROUP BoundaryConditions: Execute all boundary conditions
            Boundary::Boundary_ApplyPhysicalBCs: Apply all requested local physical boundary conditions
            CartGrid3D::CartGrid3D_ApplyBC: Apply symmetry boundary conditions
            ReflectionSymmetry::ReflectionSymmetry_Apply: Apply reflection symmetries
          Boundary::Boundary_ClearSelection: [level] Unselect all grid variables for boundary conditions
      GROUP MoL_PseudoEvolutionBoundaries: Apply boundary conditions to pseudo-evolved quantities
        GROUP ML_ADMConstraints_evaluate_bc_group: ML_ADMConstraints_evaluate
          ML_ADMConstraints::ML_ADMConstraints_evaluate_SelectBCs: [level] ML_ADMConstraints_evaluate_SelectBCs
          GROUP ML_ADMConstraints_evaluate_ApplyBCs: Apply BCs for groups set in ML_ADMConstraints_evaluate
            GROUP BoundaryConditions: Execute all boundary conditions
              Boundary::Boundary_ApplyPhysicalBCs: Apply all requested local physical boundary conditions
              CartGrid3D::CartGrid3D_ApplyBC: Apply symmetry boundary conditions
              ReflectionSymmetry::ReflectionSymmetry_Apply: Apply reflection symmetries
            Boundary::Boundary_ClearSelection: [level] Unselect all grid variables for boundary conditions
        GROUP ML_CCZ4_ConstraintsEverywhere_bc_group: ML_CCZ4_ConstraintsEverywhere
          ML_CCZ4::ML_CCZ4_ConstraintsEverywhere_SelectBCs: [level] ML_CCZ4_ConstraintsEverywhere_SelectBCs
          GROUP ML_CCZ4_ConstraintsEverywhere_ApplyBCs: Apply BCs for groups set in ML_CCZ4_ConstraintsEverywhere
            GROUP BoundaryConditions: Execute all boundary conditions
              Boundary::Boundary_ApplyPhysicalBCs: Apply all requested local physical boundary conditions
              CartGrid3D::CartGrid3D_ApplyBC: Apply symmetry boundary conditions
              ReflectionSymmetry::ReflectionSymmetry_Apply: Apply reflection symmetries
            Boundary::Boundary_ClearSelection: [level] Unselect all grid variables for boundary conditions
        GROUP ML_CCZ4_ConstraintsInterior_bc_group: ML_CCZ4_ConstraintsInterior
          ML_CCZ4::ML_CCZ4_ConstraintsInterior_SelectBCs: [level] ML_CCZ4_ConstraintsInterior_SelectBCs
          GROUP ML_CCZ4_ConstraintsInterior_ApplyBCs: Apply BCs for groups set in ML_CCZ4_ConstraintsInterior
            GROUP BoundaryConditions: Execute all boundary conditions
              Boundary::Boundary_ApplyPhysicalBCs: Apply all requested local physical boundary conditions
              CartGrid3D::CartGrid3D_ApplyBC: Apply symmetry boundary conditions
              ReflectionSymmetry::ReflectionSymmetry_Apply: Apply reflection symmetries
            Boundary::Boundary_ClearSelection: [level] Unselect all grid variables for boundary conditions
        GROUP WeylScal4_psi4_calc_Nth_bc_group: WeylScal4_psi4_calc_Nth
          WeylScal4::WeylScal4_psi4_calc_Nth_SelectBCs: [level] WeylScal4_psi4_calc_Nth_SelectBCs
          GROUP WeylScal4_psi4_calc_Nth_ApplyBCs: Apply BCs for groups set in WeylScal4_psi4_calc_Nth
            GROUP BoundaryConditions: Execute all boundary conditions
              Boundary::Boundary_ApplyPhysicalBCs: Apply all requested local physical boundary conditions
              CartGrid3D::CartGrid3D_ApplyBC: Apply symmetry boundary conditions
              ReflectionSymmetry::ReflectionSymmetry_Apply: Apply reflection symmetries
            Boundary::Boundary_ClearSelection: [level] Unselect all grid variables for boundary conditions
      SpaceMask::MaskZero: Initialise mask to zero
      SpaceMask::MaskOne: Set mask to one
    Rotate timelevels
    iteration = iteration+1
    t = t+dt
    [CCTK_PRESTEP]
      CoordGauge::Einstein_SetNextSlicing: Identify the slicing for the next iteration
      LoopControl::LC_steer: [meta] Update LoopControl algorithm preferences
      NaNChecker::NaNChecker_ResetCounter: [global] Reset the NaNChecker::NaNsFound counter
    [CCTK_EVOL]
      MoL::MoL_StartLoop: [level] Initialise the step size control
      while (MoL::MoL_Stepsize_Bad)
        GROUP MoL_Evolution: A single Cactus evolution step using MoL
          GROUP MoL_StartStep: MoL internal setup for the evolution step
            MoL::MoL_SetCounter: [level] Set the counter for the ODE method to loop over
            MoL::MoL_SetTime: [level] Ensure the correct time and timestep are used
            MoL::MoL_AllocateScratchSpace: [level] Allocate storage for scratch levels
          GROUP MoL_PreStep: Physics thorns can schedule preloop setup routines in here
          MoL::MoL_AllocateScratch: Allocate sufficient space for array scratch variables
          MoL::MoL_InitialCopy: Ensure the data is in the correct timelevel
          while (MoL::MoL_Intermediate_Step)
            GROUP MoL_Step: The loop over the intermediate steps for the ODE integrator
              MoL::MoL_InitRHS: Initialise the RHS functions
              GROUP MoL_CalcRHS: Physics thorns schedule the calculation of the discrete spatial operator in here
                GROUP HydroBase_RHS: Groups for scheduling tasks for calculating RHS of hydro variables
                  THC_Core::THC_InitSource: Initializes the source term
                  THC_Core::THC_GRSource: Computes the geometric source terms
                  THC_Core::THC_RHS: Compute the RHS for MoL
                GROUP ML_CCZ4_EvolutionInteriorSplitBy: 
                  ML_CCZ4::ML_CCZ4_EvolutionInteriorSplitBy1: ML_CCZ4_EvolutionInteriorSplitBy1
                  ML_CCZ4::ML_CCZ4_EvolutionInteriorSplitBy2: ML_CCZ4_EvolutionInteriorSplitBy2
                  ML_CCZ4::ML_CCZ4_EvolutionInteriorSplitBy3: ML_CCZ4_EvolutionInteriorSplitBy3
                ML_CCZ4_Helper::ML_CCZ4_NewRad: Apply NewRad boundary conditions to RHS
              GROUP MoL_PostRHS: Modify RHS functions
                Dissipation::dissipation_add: Add Kreiss-Oliger dissipation to the right hand sides
              GROUP MoL_RHSBoundaries: Any 'final' modifications to the RHS functions (boundaries etc.)
              MoL::MoL_Add: Updates calculated with the efficient Runge-Kutta 3 method
              MoL::MoL_DecrementCounter: [level] Alter the counter number
              MoL::MoL_ResetTime: [level] If necessary, change the time
              GROUP MoL_PostStepModify: The group for physics thorns to schedule enforcing constraints
                ML_CCZ4::ML_CCZ4_EnforceEverywhere: ML_CCZ4_EnforceEverywhere
              GROUP MoL_PostStep: The group for physics thorns to schedule boundary calls etc.
                ML_CCZ4::ML_CCZ4_SelectBoundConds: [level] select boundary conditions
                GROUP ML_CCZ4_ApplyBCs: Apply boundary conditions controlled by thorn Boundary
                  GROUP BoundaryConditions: Execute all boundary conditions
                    Boundary::Boundary_ApplyPhysicalBCs: Apply all requested local physical boundary conditions
                    CartGrid3D::CartGrid3D_ApplyBC: Apply symmetry boundary conditions
                    ReflectionSymmetry::ReflectionSymmetry_Apply: Apply reflection symmetries
                  Boundary::Boundary_ClearSelection: [level] Unselect all grid variables for boundary conditions
                ML_ADMConstraints::ML_ADMConstraints_SelectBoundConds: [level] select boundary conditions
                GROUP ML_ADMConstraints_ApplyBCs: Apply boundary conditions controlled by thorn Boundary
                  GROUP BoundaryConditions: Execute all boundary conditions
                    Boundary::Boundary_ApplyPhysicalBCs: Apply all requested local physical boundary conditions
                    CartGrid3D::CartGrid3D_ApplyBC: Apply symmetry boundary conditions
                    ReflectionSymmetry::ReflectionSymmetry_Apply: Apply reflection symmetries
                  Boundary::Boundary_ClearSelection: [level] Unselect all grid variables for boundary conditions
                ML_CCZ4::ML_CCZ4_ADMBaseInterior: ML_CCZ4_ADMBaseInterior
                ML_CCZ4::ML_CCZ4_ADMBaseBoundaryScalar: ML_CCZ4_ADMBaseBoundaryScalar
                ML_CCZ4::ML_CCZ4_ADMBaseEverywhere: ML_CCZ4_ADMBaseEverywhere
                ML_CCZ4_Helper::ML_CCZ4_ADMBase_SelectBCs: [level] Select boundary conditions for ADMBase variables
                GROUP ML_CCZ4_ADMBase_ApplyBCs: Apply boundary conditions to ADMBase variables
                  GROUP BoundaryConditions: Execute all boundary conditions
                    Boundary::Boundary_ApplyPhysicalBCs: Apply all requested local physical boundary conditions
                    CartGrid3D::CartGrid3D_ApplyBC: Apply symmetry boundary conditions
                    ReflectionSymmetry::ReflectionSymmetry_Apply: Apply reflection symmetries
                  Boundary::Boundary_ClearSelection: [level] Unselect all grid variables for boundary conditions
                GROUP ADMBase_SetADMVars: Set the ADM variables before this group, and use them afterwards
                GROUP HydroBase_PostStep: Post step tasks for hydro thorns
                  GROUP HydroBase_Boundaries: HydroBase-internal Boundary conditions group
                    GROUP HydroBase_Select_Boundaries: Group to schedule the boundary condition functions
                      THC_Core::THC_SelectBC: [singlemap] Select boundary conditions
                    GROUP HydroBase_ApplyBCs: Apply the boundary conditions of HydroBase
                      GROUP BoundaryConditions: Execute all boundary conditions
                        Boundary::Boundary_ApplyPhysicalBCs: Apply all requested local physical boundary conditions
                        CartGrid3D::CartGrid3D_ApplyBC: Apply symmetry boundary conditions
                        ReflectionSymmetry::ReflectionSymmetry_Apply: Apply reflection symmetries
                      Boundary::Boundary_ClearSelection: [level] Unselect all grid variables for boundary conditions
                  GROUP HydroBase_Con2Prim: Convert from conservative to primitive variables
                    GROUP THC_SetExcisionMask: Thorns providing excision should set the bitmask
                    THC_Core::THC_ConsToAll: Computes the primitives from the conservatives
                GROUP SetTmunu: Group for calculating the stress-energy tensor
                  TmunuBase::TmunuBase_ZeroTmunu: Initialise the stress-energy tensor to zero
                  GROUP AddToTmunu: Add to the stress-energy tensor here
                    THC_Core::THC_AddToTmunu: Adds the contribution of the fluid to the global stress-energy tensor
                WeylScal4::WeylScal4_SelectBoundConds: [level] select boundary conditions
                GROUP WeylScal4_ApplyBCs: Apply boundary conditions controlled by thorn Boundary
                  GROUP BoundaryConditions: Execute all boundary conditions
                    Boundary::Boundary_ApplyPhysicalBCs: Apply all requested local physical boundary conditions
                    CartGrid3D::CartGrid3D_ApplyBC: Apply symmetry boundary conditions
                    ReflectionSymmetry::ReflectionSymmetry_Apply: Apply reflection symmetries
                  Boundary::Boundary_ClearSelection: [level] Unselect all grid variables for boundary conditions
              MoL::MoL_ResetDeltaTime: [level] If necessary, change the timestep
          end while
          MoL::MoL_FinishLoop: [level] Control the step size
          MoL::MoL_RestoreSandR: Restoring the Save and Restore variables to the original state
          MoL::MoL_FreeScratchSpace: [level] Free storage for scratch levels
      end while
      GROUP MoL_PseudoEvolution: Calculate pseudo-evolved quantities
        GROUP ADMBase_SetADMVars: Set the ADM variables before this group, and use them afterwards
        GROUP ML_ADMConstraints_evaluate_group: ML_ADMConstraints_evaluate
          ML_ADMConstraints::ML_ADMConstraints_evaluate: ML_ADMConstraints_evaluate
          GROUP ML_ADMConstraints_evaluate_bc_group: ML_ADMConstraints_evaluate
            ML_ADMConstraints::ML_ADMConstraints_evaluate_SelectBCs: [level] ML_ADMConstraints_evaluate_SelectBCs
            GROUP ML_ADMConstraints_evaluate_ApplyBCs: Apply BCs for groups set in ML_ADMConstraints_evaluate
              GROUP BoundaryConditions: Execute all boundary conditions
                Boundary::Boundary_ApplyPhysicalBCs: Apply all requested local physical boundary conditions
                CartGrid3D::CartGrid3D_ApplyBC: Apply symmetry boundary conditions
                ReflectionSymmetry::ReflectionSymmetry_Apply: Apply reflection symmetries
              Boundary::Boundary_ClearSelection: [level] Unselect all grid variables for boundary conditions
        GROUP ML_CCZ4_ConstraintsEverywhere_group: ML_CCZ4_ConstraintsEverywhere
          ML_CCZ4::ML_CCZ4_ConstraintsEverywhere: ML_CCZ4_ConstraintsEverywhere
          GROUP ML_CCZ4_ConstraintsEverywhere_bc_group: ML_CCZ4_ConstraintsEverywhere
            ML_CCZ4::ML_CCZ4_ConstraintsEverywhere_SelectBCs: [level] ML_CCZ4_ConstraintsEverywhere_SelectBCs
            GROUP ML_CCZ4_ConstraintsEverywhere_ApplyBCs: Apply BCs for groups set in ML_CCZ4_ConstraintsEverywhere
              GROUP BoundaryConditions: Execute all boundary conditions
                Boundary::Boundary_ApplyPhysicalBCs: Apply all requested local physical boundary conditions
                CartGrid3D::CartGrid3D_ApplyBC: Apply symmetry boundary conditions
                ReflectionSymmetry::ReflectionSymmetry_Apply: Apply reflection symmetries
              Boundary::Boundary_ClearSelection: [level] Unselect all grid variables for boundary conditions
        GROUP ML_CCZ4_ConstraintsInterior_group: ML_CCZ4_ConstraintsInterior
          ML_CCZ4::ML_CCZ4_ConstraintsInterior: ML_CCZ4_ConstraintsInterior
          GROUP ML_CCZ4_ConstraintsInterior_bc_group: ML_CCZ4_ConstraintsInterior
            ML_CCZ4::ML_CCZ4_ConstraintsInterior_SelectBCs: [level] ML_CCZ4_ConstraintsInterior_SelectBCs
            GROUP ML_CCZ4_ConstraintsInterior_ApplyBCs: Apply BCs for groups set in ML_CCZ4_ConstraintsInterior
              GROUP BoundaryConditions: Execute all boundary conditions
                Boundary::Boundary_ApplyPhysicalBCs: Apply all requested local physical boundary conditions
                CartGrid3D::CartGrid3D_ApplyBC: Apply symmetry boundary conditions
                ReflectionSymmetry::ReflectionSymmetry_Apply: Apply reflection symmetries
              Boundary::Boundary_ClearSelection: [level] Unselect all grid variables for boundary conditions
        GROUP WeylScal4_psi4_calc_Nth_group: WeylScal4_psi4_calc_Nth
          WeylScal4::WeylScal4_psi4_calc_Nth: WeylScal4_psi4_calc_Nth
          GROUP WeylScal4_psi4_calc_Nth_bc_group: WeylScal4_psi4_calc_Nth
            WeylScal4::WeylScal4_psi4_calc_Nth_SelectBCs: [level] WeylScal4_psi4_calc_Nth_SelectBCs
            GROUP WeylScal4_psi4_calc_Nth_ApplyBCs: Apply BCs for groups set in WeylScal4_psi4_calc_Nth
              GROUP BoundaryConditions: Execute all boundary conditions
                Boundary::Boundary_ApplyPhysicalBCs: Apply all requested local physical boundary conditions
                CartGrid3D::CartGrid3D_ApplyBC: Apply symmetry boundary conditions
                ReflectionSymmetry::ReflectionSymmetry_Apply: Apply reflection symmetries
              Boundary::Boundary_ClearSelection: [level] Unselect all grid variables for boundary conditions
    Evolve finer grids recursively
    Restrict from finer grids
    [CCTK_POSTRESTRICT]
      GROUP MoL_PostStep: Ensure that everything is correct after restriction
        ML_CCZ4::ML_CCZ4_SelectBoundConds: [level] select boundary conditions
        GROUP ML_CCZ4_ApplyBCs: Apply boundary conditions controlled by thorn Boundary
          GROUP BoundaryConditions: Execute all boundary conditions
            Boundary::Boundary_ApplyPhysicalBCs: Apply all requested local physical boundary conditions
            CartGrid3D::CartGrid3D_ApplyBC: Apply symmetry boundary conditions
            ReflectionSymmetry::ReflectionSymmetry_Apply: Apply reflection symmetries
          Boundary::Boundary_ClearSelection: [level] Unselect all grid variables for boundary conditions
        ML_ADMConstraints::ML_ADMConstraints_SelectBoundConds: [level] select boundary conditions
        GROUP ML_ADMConstraints_ApplyBCs: Apply boundary conditions controlled by thorn Boundary
          GROUP BoundaryConditions: Execute all boundary conditions
            Boundary::Boundary_ApplyPhysicalBCs: Apply all requested local physical boundary conditions
            CartGrid3D::CartGrid3D_ApplyBC: Apply symmetry boundary conditions
            ReflectionSymmetry::ReflectionSymmetry_Apply: Apply reflection symmetries
          Boundary::Boundary_ClearSelection: [level] Unselect all grid variables for boundary conditions
        ML_CCZ4::ML_CCZ4_ADMBaseInterior: ML_CCZ4_ADMBaseInterior
        ML_CCZ4::ML_CCZ4_ADMBaseBoundaryScalar: ML_CCZ4_ADMBaseBoundaryScalar
        ML_CCZ4::ML_CCZ4_ADMBaseEverywhere: ML_CCZ4_ADMBaseEverywhere
        ML_CCZ4_Helper::ML_CCZ4_ADMBase_SelectBCs: [level] Select boundary conditions for ADMBase variables
        GROUP ML_CCZ4_ADMBase_ApplyBCs: Apply boundary conditions to ADMBase variables
          GROUP BoundaryConditions: Execute all boundary conditions
            Boundary::Boundary_ApplyPhysicalBCs: Apply all requested local physical boundary conditions
            CartGrid3D::CartGrid3D_ApplyBC: Apply symmetry boundary conditions
            ReflectionSymmetry::ReflectionSymmetry_Apply: Apply reflection symmetries
          Boundary::Boundary_ClearSelection: [level] Unselect all grid variables for boundary conditions
        GROUP ADMBase_SetADMVars: Set the ADM variables before this group, and use them afterwards
        GROUP HydroBase_PostStep: Post step tasks for hydro thorns
          GROUP HydroBase_Boundaries: HydroBase-internal Boundary conditions group
            GROUP HydroBase_Select_Boundaries: Group to schedule the boundary condition functions
              THC_Core::THC_SelectBC: [singlemap] Select boundary conditions
            GROUP HydroBase_ApplyBCs: Apply the boundary conditions of HydroBase
              GROUP BoundaryConditions: Execute all boundary conditions
                Boundary::Boundary_ApplyPhysicalBCs: Apply all requested local physical boundary conditions
                CartGrid3D::CartGrid3D_ApplyBC: Apply symmetry boundary conditions
                ReflectionSymmetry::ReflectionSymmetry_Apply: Apply reflection symmetries
              Boundary::Boundary_ClearSelection: [level] Unselect all grid variables for boundary conditions
          GROUP HydroBase_Con2Prim: Convert from conservative to primitive variables
            GROUP THC_SetExcisionMask: Thorns providing excision should set the bitmask
            THC_Core::THC_ConsToAll: Computes the primitives from the conservatives
        GROUP SetTmunu: Group for calculating the stress-energy tensor
          TmunuBase::TmunuBase_ZeroTmunu: Initialise the stress-energy tensor to zero
          GROUP AddToTmunu: Add to the stress-energy tensor here
            THC_Core::THC_AddToTmunu: Adds the contribution of the fluid to the global stress-energy tensor
        WeylScal4::WeylScal4_SelectBoundConds: [level] select boundary conditions
        GROUP WeylScal4_ApplyBCs: Apply boundary conditions controlled by thorn Boundary
          GROUP BoundaryConditions: Execute all boundary conditions
            Boundary::Boundary_ApplyPhysicalBCs: Apply all requested local physical boundary conditions
            CartGrid3D::CartGrid3D_ApplyBC: Apply symmetry boundary conditions
            ReflectionSymmetry::ReflectionSymmetry_Apply: Apply reflection symmetries
          Boundary::Boundary_ClearSelection: [level] Unselect all grid variables for boundary conditions
      GROUP MoL_PseudoEvolutionBoundaries: Apply boundary conditions to pseudo-evolved quantities
        GROUP ML_ADMConstraints_evaluate_bc_group: ML_ADMConstraints_evaluate
          ML_ADMConstraints::ML_ADMConstraints_evaluate_SelectBCs: [level] ML_ADMConstraints_evaluate_SelectBCs
          GROUP ML_ADMConstraints_evaluate_ApplyBCs: Apply BCs for groups set in ML_ADMConstraints_evaluate
            GROUP BoundaryConditions: Execute all boundary conditions
              Boundary::Boundary_ApplyPhysicalBCs: Apply all requested local physical boundary conditions
              CartGrid3D::CartGrid3D_ApplyBC: Apply symmetry boundary conditions
              ReflectionSymmetry::ReflectionSymmetry_Apply: Apply reflection symmetries
            Boundary::Boundary_ClearSelection: [level] Unselect all grid variables for boundary conditions
        GROUP ML_CCZ4_ConstraintsEverywhere_bc_group: ML_CCZ4_ConstraintsEverywhere
          ML_CCZ4::ML_CCZ4_ConstraintsEverywhere_SelectBCs: [level] ML_CCZ4_ConstraintsEverywhere_SelectBCs
          GROUP ML_CCZ4_ConstraintsEverywhere_ApplyBCs: Apply BCs for groups set in ML_CCZ4_ConstraintsEverywhere
            GROUP BoundaryConditions: Execute all boundary conditions
              Boundary::Boundary_ApplyPhysicalBCs: Apply all requested local physical boundary conditions
              CartGrid3D::CartGrid3D_ApplyBC: Apply symmetry boundary conditions
              ReflectionSymmetry::ReflectionSymmetry_Apply: Apply reflection symmetries
            Boundary::Boundary_ClearSelection: [level] Unselect all grid variables for boundary conditions
        GROUP ML_CCZ4_ConstraintsInterior_bc_group: ML_CCZ4_ConstraintsInterior
          ML_CCZ4::ML_CCZ4_ConstraintsInterior_SelectBCs: [level] ML_CCZ4_ConstraintsInterior_SelectBCs
          GROUP ML_CCZ4_ConstraintsInterior_ApplyBCs: Apply BCs for groups set in ML_CCZ4_ConstraintsInterior
            GROUP BoundaryConditions: Execute all boundary conditions
              Boundary::Boundary_ApplyPhysicalBCs: Apply all requested local physical boundary conditions
              CartGrid3D::CartGrid3D_ApplyBC: Apply symmetry boundary conditions
              ReflectionSymmetry::ReflectionSymmetry_Apply: Apply reflection symmetries
            Boundary::Boundary_ClearSelection: [level] Unselect all grid variables for boundary conditions
        GROUP WeylScal4_psi4_calc_Nth_bc_group: WeylScal4_psi4_calc_Nth
          WeylScal4::WeylScal4_psi4_calc_Nth_SelectBCs: [level] WeylScal4_psi4_calc_Nth_SelectBCs
          GROUP WeylScal4_psi4_calc_Nth_ApplyBCs: Apply BCs for groups set in WeylScal4_psi4_calc_Nth
            GROUP BoundaryConditions: Execute all boundary conditions
              Boundary::Boundary_ApplyPhysicalBCs: Apply all requested local physical boundary conditions
              CartGrid3D::CartGrid3D_ApplyBC: Apply symmetry boundary conditions
              ReflectionSymmetry::ReflectionSymmetry_Apply: Apply reflection symmetries
            Boundary::Boundary_ClearSelection: [level] Unselect all grid variables for boundary conditions
    [CCTK_POSTSTEP]
      SphericalSurface::SphericalSurface_Set: [global] Set surface radii
      GROUP zzz_NaNChecker_NaNCheck: Check for NaNs and count them in NaNChecker::NaNsFound
        NaNChecker::NaNChecker_NaNCheck_Prepare: [level] Prepare data structures to check for NaNs
        NaNChecker::NaNChecker_NaNCheck_Check: [local] Check for NaNs
        NaNChecker::NaNChecker_NaNCheck_Finish: [level] Count NaNs in NaNChecker::NaNsFound
      NaNChecker::NaNChecker_TakeAction: [global] [loop-level] Output NaNChecker::NaNmask and take action according to NaNChecker::action_if_found
      SpaceMask::CheckMask: Ensure that all mask values are legal
      GROUP SphericalSurface_HasBeenSet: Set the spherical surfaces before this group, and use it afterwards
        SphericalSurface::SphericalSurface_CheckState: [global] Test the state of the spherical surfaces
      Dissipation::setup_epsdis: Setup spatially varying dissipation
    if (checkpoint)
      [CCTK_CHECKPOINT]
      CarpetIOHDF5::CarpetIOHDF5_EvolutionCheckpoint: [meta] Evolution checkpoint routine
    endif
    if (analysis)
      [CCTK_ANALYSIS]
      CarpetLib::CarpetLib_printtimestats: [global] Print timing statistics if desired
      CarpetLib::CarpetLib_printmemstats: [global] Print memory statistics if desired
      Formaline::Formaline_AnnounceUpdate: [global] Put some meta information about the current run into permanent storage
      LoopControl::LC_statistics_analysis: [meta] Output LoopControl statistics
      GROUP ML_CCZ4_EvolutionAnalysis: Calculate RHS at analysis
        ML_CCZ4::ML_CCZ4_EvolutionAnalysisInit: ML_CCZ4_EvolutionAnalysisInit
        ML_CCZ4::ML_CCZ4_EvolutionAnalysisInterior: ML_CCZ4_EvolutionAnalysisInterior
        ML_CCZ4_Helper::ML_CCZ4_NewRad: Apply NewRad boundary conditions to RHS
      Multipole::Multipole_Calc: [global] Calculate Multipoles
      TerminationTrigger::TerminationTrigger_CheckWalltime: Check elapsed job walltime
      TerminationTrigger::TerminationTrigger_CheckSignal: Check if we received a termination signal
      TerminationTrigger::TerminationTrigger_CheckFile: Check termination file
      WatchDog::WatchDog: Make sure that the run is progressing
    endif
    Output grid variables
    enddo

  Termination routines
    [CCTK_TERMINATE]
      CarpetIOHDF5::CarpetIOHDF5_TerminationCheckpoint: [meta] Termination checkpoint routine
      Formaline::Formaline_AnnounceFinal: [global] Put some meta information about the current run into permanent storage
      LoopControl::LC_statistics_terminate: [meta] Output LoopControl statistics
      MoL::MoL_FreeIndexArrays: Free the MoL bookkeeping index arrays

  Shutdown routines
    [CCTK_SHUTDOWN]
      Timers::Timer_Shutdown: Prepare hierarchical timers

  Routines run after changing the grid hierarchy:
    [CCTK_POSTREGRID]
      CartGrid3D::SpatialCoordinates: Set Coordinates after regridding
      GROUP MaskBase_SetupMask: Set up the weight function
        GROUP MaskBase_SetupMaskAll: Set up the weight function
          CarpetReduce::MaskBase_AllocateMask: [global] Allocate the weight function
          CarpetReduce::MaskBase_InitMask: [global] [loop-local] Initialise the weight function
          GROUP SetupIMaskInternal: Set up the integer weight function (schedule other routines in here)
            CarpetReduce::CoordBase_SetupMask: [global] [loop-local] Set up the outer boundaries of the weight function
            CarpetReduce::CarpetMaskSetup: [global] [loop-singlemap] Set up the weight function for the restriction regions
          GROUP SetupIMask: Set up the integer weight function (schedule other routines in here)
          CarpetReduce::MaskBase_SetMask: [global] [loop-local] Set the weight function
          GROUP SetupMask: Set up the real weight function (schedule other routines in here)
          CarpetReduce::MaskBase_TestMask: [global] Test the weight function
      Dissipation::setup_epsdis: Setup spatially varying dissipation
      GROUP MoL_PostStep: Ensure that everything is correct after regridding
        ML_CCZ4::ML_CCZ4_SelectBoundConds: [level] select boundary conditions
        GROUP ML_CCZ4_ApplyBCs: Apply boundary conditions controlled by thorn Boundary
          GROUP BoundaryConditions: Execute all boundary conditions
            Boundary::Boundary_ApplyPhysicalBCs: Apply all requested local physical boundary conditions
            CartGrid3D::CartGrid3D_ApplyBC: Apply symmetry boundary conditions
            ReflectionSymmetry::ReflectionSymmetry_Apply: Apply reflection symmetries
          Boundary::Boundary_ClearSelection: [level] Unselect all grid variables for boundary conditions
        ML_ADMConstraints::ML_ADMConstraints_SelectBoundConds: [level] select boundary conditions
        GROUP ML_ADMConstraints_ApplyBCs: Apply boundary conditions controlled by thorn Boundary
          GROUP BoundaryConditions: Execute all boundary conditions
            Boundary::Boundary_ApplyPhysicalBCs: Apply all requested local physical boundary conditions
            CartGrid3D::CartGrid3D_ApplyBC: Apply symmetry boundary conditions
            ReflectionSymmetry::ReflectionSymmetry_Apply: Apply reflection symmetries
          Boundary::Boundary_ClearSelection: [level] Unselect all grid variables for boundary conditions
        ML_CCZ4::ML_CCZ4_ADMBaseInterior: ML_CCZ4_ADMBaseInterior
        ML_CCZ4::ML_CCZ4_ADMBaseBoundaryScalar: ML_CCZ4_ADMBaseBoundaryScalar
        ML_CCZ4::ML_CCZ4_ADMBaseEverywhere: ML_CCZ4_ADMBaseEverywhere
        ML_CCZ4_Helper::ML_CCZ4_ADMBase_SelectBCs: [level] Select boundary conditions for ADMBase variables
        GROUP ML_CCZ4_ADMBase_ApplyBCs: Apply boundary conditions to ADMBase variables
          GROUP BoundaryConditions: Execute all boundary conditions
            Boundary::Boundary_ApplyPhysicalBCs: Apply all requested local physical boundary conditions
            CartGrid3D::CartGrid3D_ApplyBC: Apply symmetry boundary conditions
            ReflectionSymmetry::ReflectionSymmetry_Apply: Apply reflection symmetries
          Boundary::Boundary_ClearSelection: [level] Unselect all grid variables for boundary conditions
        GROUP ADMBase_SetADMVars: Set the ADM variables before this group, and use them afterwards
        GROUP HydroBase_PostStep: Post step tasks for hydro thorns
          GROUP HydroBase_Boundaries: HydroBase-internal Boundary conditions group
            GROUP HydroBase_Select_Boundaries: Group to schedule the boundary condition functions
              THC_Core::THC_SelectBC: [singlemap] Select boundary conditions
            GROUP HydroBase_ApplyBCs: Apply the boundary conditions of HydroBase
              GROUP BoundaryConditions: Execute all boundary conditions
                Boundary::Boundary_ApplyPhysicalBCs: Apply all requested local physical boundary conditions
                CartGrid3D::CartGrid3D_ApplyBC: Apply symmetry boundary conditions
                ReflectionSymmetry::ReflectionSymmetry_Apply: Apply reflection symmetries
              Boundary::Boundary_ClearSelection: [level] Unselect all grid variables for boundary conditions
          GROUP HydroBase_Con2Prim: Convert from conservative to primitive variables
            GROUP THC_SetExcisionMask: Thorns providing excision should set the bitmask
            THC_Core::THC_ConsToAll: Computes the primitives from the conservatives
        GROUP SetTmunu: Group for calculating the stress-energy tensor
          TmunuBase::TmunuBase_ZeroTmunu: Initialise the stress-energy tensor to zero
          GROUP AddToTmunu: Add to the stress-energy tensor here
            THC_Core::THC_AddToTmunu: Adds the contribution of the fluid to the global stress-energy tensor
        WeylScal4::WeylScal4_SelectBoundConds: [level] select boundary conditions
        GROUP WeylScal4_ApplyBCs: Apply boundary conditions controlled by thorn Boundary
          GROUP BoundaryConditions: Execute all boundary conditions
            Boundary::Boundary_ApplyPhysicalBCs: Apply all requested local physical boundary conditions
            CartGrid3D::CartGrid3D_ApplyBC: Apply symmetry boundary conditions
            ReflectionSymmetry::ReflectionSymmetry_Apply: Apply reflection symmetries
          Boundary::Boundary_ClearSelection: [level] Unselect all grid variables for boundary conditions
      GROUP MoL_PseudoEvolutionBoundaries: Apply boundary conditions to pseudo-evolved quantities
        GROUP ML_ADMConstraints_evaluate_bc_group: ML_ADMConstraints_evaluate
          ML_ADMConstraints::ML_ADMConstraints_evaluate_SelectBCs: [level] ML_ADMConstraints_evaluate_SelectBCs
          GROUP ML_ADMConstraints_evaluate_ApplyBCs: Apply BCs for groups set in ML_ADMConstraints_evaluate
            GROUP BoundaryConditions: Execute all boundary conditions
              Boundary::Boundary_ApplyPhysicalBCs: Apply all requested local physical boundary conditions
              CartGrid3D::CartGrid3D_ApplyBC: Apply symmetry boundary conditions
              ReflectionSymmetry::ReflectionSymmetry_Apply: Apply reflection symmetries
            Boundary::Boundary_ClearSelection: [level] Unselect all grid variables for boundary conditions
        GROUP ML_CCZ4_ConstraintsEverywhere_bc_group: ML_CCZ4_ConstraintsEverywhere
          ML_CCZ4::ML_CCZ4_ConstraintsEverywhere_SelectBCs: [level] ML_CCZ4_ConstraintsEverywhere_SelectBCs
          GROUP ML_CCZ4_ConstraintsEverywhere_ApplyBCs: Apply BCs for groups set in ML_CCZ4_ConstraintsEverywhere
            GROUP BoundaryConditions: Execute all boundary conditions
              Boundary::Boundary_ApplyPhysicalBCs: Apply all requested local physical boundary conditions
              CartGrid3D::CartGrid3D_ApplyBC: Apply symmetry boundary conditions
              ReflectionSymmetry::ReflectionSymmetry_Apply: Apply reflection symmetries
            Boundary::Boundary_ClearSelection: [level] Unselect all grid variables for boundary conditions
        GROUP ML_CCZ4_ConstraintsInterior_bc_group: ML_CCZ4_ConstraintsInterior
          ML_CCZ4::ML_CCZ4_ConstraintsInterior_SelectBCs: [level] ML_CCZ4_ConstraintsInterior_SelectBCs
          GROUP ML_CCZ4_ConstraintsInterior_ApplyBCs: Apply BCs for groups set in ML_CCZ4_ConstraintsInterior
            GROUP BoundaryConditions: Execute all boundary conditions
              Boundary::Boundary_ApplyPhysicalBCs: Apply all requested local physical boundary conditions
              CartGrid3D::CartGrid3D_ApplyBC: Apply symmetry boundary conditions
              ReflectionSymmetry::ReflectionSymmetry_Apply: Apply reflection symmetries
            Boundary::Boundary_ClearSelection: [level] Unselect all grid variables for boundary conditions
        GROUP WeylScal4_psi4_calc_Nth_bc_group: WeylScal4_psi4_calc_Nth
          WeylScal4::WeylScal4_psi4_calc_Nth_SelectBCs: [level] WeylScal4_psi4_calc_Nth_SelectBCs
          GROUP WeylScal4_psi4_calc_Nth_ApplyBCs: Apply BCs for groups set in WeylScal4_psi4_calc_Nth
            GROUP BoundaryConditions: Execute all boundary conditions
              Boundary::Boundary_ApplyPhysicalBCs: Apply all requested local physical boundary conditions
              CartGrid3D::CartGrid3D_ApplyBC: Apply symmetry boundary conditions
              ReflectionSymmetry::ReflectionSymmetry_Apply: Apply reflection symmetries
            Boundary::Boundary_ClearSelection: [level] Unselect all grid variables for boundary conditions
      SpaceMask::MaskZero: Initialise mask to zero
      SpaceMask::MaskOne: Set mask to one
--------------------------------------------------------------------------------
INFO (Carpet): Multi-Model listing:
   model 0: "world"
INFO (Carpet): Multi-Model process distribution:
   processes 0-15: model 0 "world"
INFO (Carpet): Multi-Model: This is process 0, model 0 "world"
INFO (CarpetLib): Process startup time was 1.5 seconds
Current core file size limit: hard=[unlimited], soft=0 MB
Current addres space size limit: hard=[unlimited], soft=[unlimited]
Current data segment size limit: hard=[unlimited], soft=[unlimited]
Current resident set size limit: hard=[unlimited], soft=[unlimited]
INFO (CycleClock): Measuring CycleClock tick via OpenMP...
INFO (CycleClock): Calibrated CycleClock: 0.313755 ns per clock tick (3.1872 GHz)
INFO (Formaline): Configuration id: config-sim-rva-msi-ubuntu-home-rva-msi-ubuntu-Cactus
INFO (Formaline): Build id: build-sim-rva-msi-ubuntu-rva-msi-ubuntu-2025.11.18-12.29.43-71374
INFO (Formaline): Simulation id: run-SFHo+CSS-rva-msi-ubuntu-rva-msi-ubuntu-2025.11.20-07.56.19-6060
INFO (Formaline): Run id: run-SFHo+CSS-rva-msi-ubuntu-rva-msi-ubuntu-2025.11.20-07.56.19-6060
Star model parameters:

Mass (grav.)      = 5.214328259637306e+26
Mass (baryonic)   = 5.317373537980043e+26
Radius (circumf.) = 6.479513033435798e+00
Compactness       = 1.194993972931727e-01
Moment of inertia = 3.934776075374149e+27
Omega (infinity)  = 0.000000000000000e+00
Central
 Restmass density = 2.675864632577326e+24
 Pressure         = 1.418334745438090e+40
 Soundspeed       = 2.844017955408068e+08
 Omega            = 0.000000000000000e+00
 Lapse            = 8.382864511144239e-01
Redshift at surf. = 6.165006383182011e-02
in units (ulength=1.000000000000000e+00 m, utime=1.000000000000000e+00 s, umass=1.000000000000000e+00 kg)

EOS: SFHo+CCS
Mass_ori (grav.)      = 3.871489511244176e-01
Radius_ori (circumf.) = 6.479513033435798e+00
 Restmass density ori = 1.986752912877210e-03
 Pressure_ori         = 1.171701687035550e-04

INFO (Vectors): Using vector size 2 for architecture SSE2 (64-bit precision)
INFO (hwloc): library version 2.7.0, API version 0x20500
--------------------------------------------------------------------------------
AMR driver provided by Carpet
--------------------------------------------------------------------------------
HRSCCore: HRSC for Cactus
--------------------------------------------------------------------------------
HydroBase: Let it flow.
--------------------------------------------------------------------------------
AMR 0D ASCII I/O provided by CarpetIOASCII
--------------------------------------------------------------------------------
AMR 1D ASCII I/O provided by CarpetIOASCII
--------------------------------------------------------------------------------
AMR 2D ASCII I/O provided by CarpetIOASCII
--------------------------------------------------------------------------------
AMR 3D ASCII I/O provided by CarpetIOASCII
--------------------------------------------------------------------------------
AMR info I/O provided by CarpetIOBasic
--------------------------------------------------------------------------------
ML_ADMConstraints
--------------------------------------------------------------------------------
ML_CCZ4
--------------------------------------------------------------------------------
AMR HDF5 I/O provided by CarpetIOHDF5
--------------------------------------------------------------------------------
AMR 0D HDF5 I/O provided by CarpetIOHDF5
--------------------------------------------------------------------------------
AMR 1D HDF5 I/O provided by CarpetIOHDF5
--------------------------------------------------------------------------------
AMR 2D HDF5 I/O provided by CarpetIOHDF5
--------------------------------------------------------------------------------
AMR 3D HDF5 I/O provided by CarpetIOHDF5
--------------------------------------------------------------------------------
MoL: Generalized time integration.
--------------------------------------------------------------------------------
PizzaBase: pizza infrastructure
--------------------------------------------------------------------------------
PizzaIDBase: pizza initial data infrastructure
--------------------------------------------------------------------------------
PizzaTOV: TOV star initial data
--------------------------------------------------------------------------------
Templated Hydrodynamics Code: a modular (relativistic) CFD code for Cactus.
--------------------------------------------------------------------------------
AMR scalar I/O provided by CarpetIOScalar
--------------------------------------------------------------------------------
WeylScal4
--------------------------------------------------------------------------------

INFO (Carpet): MPI is enabled
INFO (Carpet): Carpet is running on 16 processes
INFO (Carpet): This is process 0
INFO (Carpet): OpenMP is enabled
INFO (Carpet): This process contains 1 threads, this is thread 0
INFO (Carpet): There are 16 threads in total
INFO (Carpet): There are 1 threads per process
INFO (Carpet): This process runs on host rva-msi-ubuntu, pid=6060
INFO (Carpet): This process runs on 24 cores: 0-23
INFO (Carpet): Thread 0 runs on 24 cores: 0-23
INFO (Carpet): This simulation is running in 3 dimensions
INFO (Carpet): Boundary specification for map 0:
   nboundaryzones: [[3,3,3],[3,3,3]]
   is_internal   : [[0,0,0],[0,0,0]]
   is_staggered  : [[0,0,0],[0,0,0]]
   shiftout      : [[1,1,1],[0,0,0]]
INFO (Carpet): CoordBase domain specification for map 0:
   physical extent: [0,0,0] : [24,24,24]   ([24,24,24])
   interior extent: [0,0,0] : [23.68,23.68,23.68]   ([23.68,23.68,23.68])
   exterior extent: [-0.96,-0.96,-0.96] : [24.64,24.64,24.64]   ([25.6,25.6,25.6])
   base_spacing   : [0.32,0.32,0.32]
INFO (Carpet): Adapted domain specification for map 0:
   convergence factor: 2
   convergence level : 0
   physical extent   : [0,0,0] : [24,24,24]   ([24,24,24])
   interior extent   : [0,0,0] : [23.68,23.68,23.68]   ([23.68,23.68,23.68])
   exterior extent   : [-0.96,-0.96,-0.96] : [24.64,24.64,24.64]   ([25.6,25.6,25.6])
   spacing           : [0.32,0.32,0.32]
INFO (Carpet): Base grid specification for map 0:
   number of grid points             : [81,81,81]
   number of coarse grid ghost points: [[3,3,3],[3,3,3]]
INFO (Carpet): Buffer zone counts (excluding ghosts):
   [0]: [[0,0,0],[0,0,0]]
   [1]: [[6,6,6],[6,6,6]]
INFO (Carpet): Overlap zone counts:
   [0]: [[0,0,0],[0,0,0]]
   [1]: [[0,0,0],[0,0,0]]
INFO (Carpet): Group and variable statistics:
INFO (Carpet):    There are 757 grid functions in 108 groups
INFO (Carpet):    There are 242 grid scalars in 54 groups
INFO (Carpet):    There are 81 1-dimensional grid arrays in 7 groups
INFO (Carpet):    There are 3 2-dimensional grid arrays in 3 groups
INFO (Carpet):    There are 0 3-dimensional grid arrays in 0 groups
INFO (Carpet):    (The number of variables counts all time levels)
INFO (CarpetIOASCII): I/O Method 'IOASCII_0D' registered: 0D AMR output of grid variables to ASCII files
INFO (CarpetIOASCII): Periodic 0D AMR output requested for:
   CARPET::physical_time_per_hour
INFO (CarpetIOASCII): I/O Method 'IOASCII_1D' registered: 1D AMR output of grid variables to ASCII files
INFO (CarpetIOASCII): I/O Method 'IOASCII_2D' registered: 2D AMR output of grid variables to ASCII files
INFO (CarpetIOASCII): I/O Method 'IOASCII_3D' registered: 3D AMR output of grid variables to ASCII files
INFO (CarpetIOHDF5): I/O Method 'IOHDF5' registered: AMR output of grid variables to HDF5 files
INFO (CarpetIOHDF5): I/O Method 'IOHDF5_0D' registered: 0D AMR output of grid variables to HDF5 files
INFO (CarpetIOHDF5): I/O Method 'IOHDF5_1D' registered: 1D AMR output of grid variables to HDF5 files
INFO (CarpetIOHDF5): Periodic 1D AMR output requested for:
   ADMBASE::alp
   ADMBASE::betax
   ADMBASE::betay
   ADMBASE::betaz
   HYDROBASE::rho
   HYDROBASE::press
   HYDROBASE::eps
   HYDROBASE::vel[0]
   HYDROBASE::vel[1]
   HYDROBASE::vel[2]
   HYDROBASE::w_lorentz
   HYDROBASE::entropy
   ML_ADMCONSTRAINTS::H
   THC_CORE::dens
   THC_CORE::scon[0]
   THC_CORE::scon[1]
   THC_CORE::scon[2]
   THC_CORE::tau
   THC_CORE::volform
   WEYLSCAL4::Psi4r
   WEYLSCAL4::Psi4i
INFO (CarpetIOHDF5): I/O Method 'IOHDF5_2D' registered: 2D AMR output of grid variables to HDF5 files
INFO (CarpetIOHDF5): Periodic 2D AMR output requested for:
   ADMBASE::gxx
   ADMBASE::gxy
   ADMBASE::gxz
   ADMBASE::gyy
   ADMBASE::gyz
   ADMBASE::gzz
   ADMBASE::alp
   ADMBASE::betax
   ADMBASE::betay
   ADMBASE::betaz
   HYDROBASE::rho
   HYDROBASE::press
   HYDROBASE::eps
   HYDROBASE::vel[0]
   HYDROBASE::vel[1]
   HYDROBASE::vel[2]
   HYDROBASE::w_lorentz
   HYDROBASE::entropy
   ML_ADMCONSTRAINTS::H
   THC_CORE::dens
   THC_CORE::scon[0]
   THC_CORE::scon[1]
   THC_CORE::scon[2]
   THC_CORE::tau
   THC_CORE::csound
   THC_CORE::volform
   THC_CORE::bitmask
   WEYLSCAL4::Psi4r
   WEYLSCAL4::Psi4i
INFO (CarpetIOHDF5): I/O Method 'IOHDF5_3D' registered: 3D AMR output of grid variables to HDF5 files
INFO (CarpetIOScalar): Periodic scalar output requested for:
   ADMBASE::alp
   HYDROBASE::rho
   HYDROBASE::press
   HYDROBASE::w_lorentz
   ML_ADMCONSTRAINTS::H
   THC_CORE::dens
--------------------------------------------------------------------------------
INFO (Formaline): Writing tarballs with the Cactus sources into the directory "./data/../../cactus-source"
INFO (MoL): Using Runge-Kutta 3 as the time integrator.
INFO (SymBase): Symmetry on lower x-face: reflection_symmetry
INFO (SymBase): Symmetry on lower y-face: reflection_symmetry
INFO (SymBase): Symmetry on lower z-face: reflection_symmetry
INFO (MoL): The maximum number of evolved variables is 542. 32 are registered.
INFO (MoL): The maximum number of slow evolved variables is 542. 0 are registered.
INFO (MoL): The maximum number of constrained variables is 542. 30 are registered.
INFO (MoL): The maximum number of SandR variables is 542. 0 are registered.
INFO (MoL): The maximum number of evolved array variables is 542. 0 are registered.
INFO (MoL): The maximum number of constrained array variables is 542. 0 are registered.
INFO (MoL): The maximum number of SandR array variables is 542. 0 are registered.
INFO (MoL): The maximum size of any array variables is 0.
INFO (Vectors): Testing vectorisation... [errors may result in segfaults]
INFO (Vectors): 375/375 tests passed 
INFO (CarpetRegrid2): Enforcing grid structure properties, iteration 0
INFO (CarpetRegrid2): Enforcing grid structure properties, iteration 1
INFO (Carpet): Grid structure (superregions, grid points):
   [0][0][0]   exterior: [0,0,0] : [80,80,80]   ([81,81,81] + PADDING) 531441
   [1][0][0]   exterior: [3,3,3] : [88,88,88]   ([86,86,86] + PADDING) 636056
INFO (Carpet): Grid structure (superregions, coordinates):
   [0][0][0]   exterior: [-0.96,-0.96,-0.96] : [24.64,24.64,24.64] : [0.32,0.32,0.32]
   [1][0][0]   exterior: [-0.48,-0.48,-0.48] : [13.12,13.12,13.12] : [0.16,0.16,0.16]
INFO (Carpet): Global grid structure statistics:
INFO (Carpet): GF: rhs: 445k active, 522k owned (+17%), 889k total (+70%), 3 steps/time
INFO (Carpet): GF: vars: 339, pts: 298M active, 337M owned (+13%), 578M total (+72%), 1.0 comp/proc
INFO (Carpet): GA: vars: 307, pts: 1M active, 1M total (+0%)
INFO (Carpet): Total required memory: 4.610 GByte (for GAs and currently active GFs)
INFO (Carpet): Load balance:  min     avg     max     sdv     max/avg-1
INFO (Carpet): Level  0:       7M      9M     11M      1M owned     24%
INFO (Carpet): Level  1:      10M     12M     14M      1M owned     14%
INFO (CartGrid3D): Grid Spacings:
INFO (CartGrid3D): dx=>3.2000000e-01  dy=>3.2000000e-01  dz=>3.2000000e-01
INFO (CartGrid3D): Computational Coordinates:
INFO (CartGrid3D): x=>[-0.960,24.640]  y=>[-0.960,24.640]  z=>[-0.960,24.640]
INFO (CartGrid3D): Indices of Physical Coordinates:
INFO (CartGrid3D): x=>[0,80]  y=>[0,80]  z=>[0,80]
INFO (HRSCCore): Using FD. Method ID = 58.
INFO (TerminationTrigger): Reminding you every 60 minutes about remaining walltime
INFO (Time): Timestep set to 0.08 (courant_static)
INFO (PizzaTOV): PizzaTOV: param_test = 121
INFO (PizzaTOV): >>> Running lzh(), scale=1 <<<
INFO (TerminationTrigger): Reminding you every 60 minutes about remaining walltime
INFO (Time): Timestep set to 0.04 (courant_static)
INFO (PizzaTOV): >>> Running lzh(), scale=1 <<<
Memory statistics from CarpetLib:
   Current number of objects: 768
   Current allocated memory:  257 MB
   Maximum number of objects: 772
   Maximum allocated memory:  258 MB
   Current administrative memory: 1.1 MB
   Total allocated used system memory: 14.8 MB
   Total allocated free system memory: 22 MB
   gh::allmemory:    123132
   dh::allmemory:    721984
   th::allmemory:    13888
   ggf::allmemory:   189992
   gdata::allmemory: 55208
-----------------------------------------------------------------------------------------------------------------------------------
Iteration      Time |            HYDROBASE::rho |          HYDROBASE::press |            HYDROBASE::eps |      ML_ADMCONSTRAINTS::H
                    |        norm2      maximum |        norm2      maximum |        norm2      maximum |        norm2      maximum
-----------------------------------------------------------------------------------------------------------------------------------
        0     0.000 |    0.0000646    0.0020943 |    0.0000025    0.0002277 |    0.0024903    0.0647937 |    0.0028803    0.3834950
       32     1.280 |    0.0000635    0.0019853 |    0.0000024    0.0001153 |    0.0025551    0.0612354 |    0.0005681    0.0650476
       64     2.560 |    0.0000629    0.0020195 |    0.0000027    0.0001496 |    0.0025810    0.0614781 |    0.0003202    0.0461049
       96     3.840 |    0.0000621    0.0021466 |    0.0000027    0.0002840 |    0.0025999    0.0680285 |    0.0002370    0.1194186
      128     5.120 |    0.0000614    0.0019881 |    0.0000023    0.0001184 |    0.0026063    0.0615531 |    0.0001890    0.0156598
      160     6.400 |    0.0000606    0.0019562 |    0.0000018    0.0000858 |    0.0026127    0.0615285 |    0.0001662    0.0120768
      192     7.680 |    0.0000599    0.0019538 |    0.0000018    0.0000835 |    0.0026169    0.0613665 |    0.0001450    0.0106106
      224     8.960 |    0.0000593    0.0019967 |    0.0000021    0.0001268 |    0.0026212    0.0615439 |    0.0001372    0.0084227
      256    10.240 |    0.0000586    0.0020573 |    0.0000022    0.0001886 |    0.0026309    0.0630749 |    0.0001271    0.0078008
      288    11.520 |    0.0000579    0.0019737 |    0.0000019    0.0001031 |    0.0026474    0.0614627 |    0.0001181    0.0071467
      320    12.800 |    0.0000572    0.0019649 |    0.0000015    0.0000943 |    0.0026703    0.0614957 |    0.0001067    0.0064600
      352    14.080 |    0.0000565    0.0019733 |    0.0000017    0.0001028 |    0.0026999    0.0613802 |    0.0000944    0.0062027
      384    15.360 |    0.0000558    0.0020860 |    0.0000020    0.0002194 |    0.0027325    0.0644256 |    0.0000854    0.0056482
      416    16.640 |    0.0000551    0.0019846 |    0.0000018    0.0001145 |    0.0027774    0.0614832 |    0.0000785    0.0050454
      448    17.920 |    0.0000543    0.0019412 |    0.0000014    0.0000717 |    0.0028642    0.0614817 |    0.0000735    0.0047708
      480    19.200 |    0.0000536    0.0019438 |    0.0000015    0.0000743 |    0.0031295    0.0663085 |    0.0000694    0.0047248
      512    20.480 |    0.0000529    0.0020277 |    0.0000017    0.0001583 |    0.0054582    0.4307231 |    0.0000652    0.0042054
      544    21.760 |    0.0000521    0.0019798 |    0.0000016    0.0001096 |    0.0105417    0.4290227 |    0.0000606    0.0041045
      576    23.040 |    0.0000513    0.0019367 |    0.0000013    0.0000669 |    0.0155113    0.7141423 |    0.0000557    0.0039837
      608    24.320 |    0.0000505    0.0019431 |    0.0000014    0.0000738 |    0.0235255    0.9765903 |    0.0000525    0.0038006
-----------------------------------------------------------------------------------------------------------------------------------
Iteration      Time |            HYDROBASE::rho |          HYDROBASE::press |            HYDROBASE::eps |      ML_ADMCONSTRAINTS::H
                    |        norm2      maximum |        norm2      maximum |        norm2      maximum |        norm2      maximum
-----------------------------------------------------------------------------------------------------------------------------------
      640    25.600 |    0.0000497    0.0020375 |    0.0000016    0.0001690 |    0.0326758    1.0580592 |    0.0000488    0.0032498
      672    26.880 |    0.0000489    0.0019572 |    0.0000014    0.0000868 |    0.0427027    1.1399511 |    0.0000461    0.0032803
      704    28.160 |    0.0000480    0.0019216 |    0.0000012    0.0000656 |    0.0542243    1.1471524 |    0.0000439    0.0030735
      736    29.440 |    0.0000472    0.0019634 |    0.0000014    0.0000928 |    0.0613097    1.1576720 |    0.0000422    0.0029686
      768    30.720 |    0.0000463    0.0019772 |    0.0000013    0.0001068 |    0.0725330    1.2044207 |    0.0000404    0.0028215
      800    32.000 |    0.0000453    0.0019286 |    0.0000011    0.0000663 |    0.0815059    1.2677369 |    0.0000390    0.0028427
      832    33.280 |    0.0000444    0.0019549 |    0.0000012    0.0000854 |    0.0867686    1.0453304 |    0.0000390    0.0027852
      864    34.560 |    0.0000435    0.0020488 |    0.0000011    0.0001870 |    0.0928078    0.9256100 |    0.0000366    0.0044834
      896    35.840 |    0.0000425    0.0019411 |    0.0000010    0.0000725 |    0.1001073    0.8756300 |    0.0000351    0.0024416
      928    37.120 |    0.0000415    0.0019380 |    0.0000010    0.0000705 |    0.1081790    0.8181337 |    0.0000335    0.0024760
      960    38.400 |    0.0000405    0.0019368 |    0.0000010    0.0000727 |    0.1168062    0.7541411 |    0.0000331    0.0023067
      992    39.680 |    0.0000395    0.0019312 |    0.0000009    0.0000678 |    0.1255130    0.7093449 |    0.0000323    0.0024683
     1024    40.960 |    0.0000385    0.0019338 |    0.0000009    0.0000653 |    0.1336233    0.6604741 |    0.0000315    0.0024028
     1056    42.240 |    0.0000374    0.0019391 |    0.0000008    0.0000717 |    0.1412061    0.6393806 |    0.0000302    0.0021867
     1088    43.520 |    0.0000364    0.0019342 |    0.0000007    0.0000660 |    0.1422705    0.6052704 |    0.0000298    0.0029870
     1120    44.800 |    0.0000355    0.0018620 |    0.0000007    0.0000562 |    0.1345000    0.5953211 |    0.0000287    0.0028779
     1152    46.080 |    0.0000346    0.0012173 |    0.0000007    0.0000372 |    0.1265777    0.5641365 |    0.0000286    0.0021209
     1184    47.360 |    0.0000339    0.0010834 |    0.0000006    0.0000286 |    0.1168114    0.5233629 |    0.0000282    0.0019112
     1216    48.640 |    0.0000331    0.0010649 |    0.0000006    0.0000290 |    0.1049039    0.4879274 |    0.0000271    0.0018930
     1248    49.920 |    0.0000324    0.0010263 |    0.0000006    0.0000290 |    0.0925279    0.4736665 |    0.0000274    0.0018629
-----------------------------------------------------------------------------------------------------------------------------------
Iteration      Time |            HYDROBASE::rho |          HYDROBASE::press |            HYDROBASE::eps |      ML_ADMCONSTRAINTS::H
                    |        norm2      maximum |        norm2      maximum |        norm2      maximum |        norm2      maximum
-----------------------------------------------------------------------------------------------------------------------------------
     1280    51.200 |    0.0000317    0.0010206 |    0.0000005    0.0000411 |    0.0800711    0.4572670 |    0.0000265    0.0017565
     1312    52.480 |    0.0000310    0.0010376 |    0.0000005    0.0000313 |    0.0664163    0.4530716 |    0.0000265    0.0017485
     1344    53.760 |    0.0000303    0.0009614 |    0.0000005    0.0000310 |    0.0534688    0.4545810 |    0.0000260    0.0015945
     1376    55.040 |    0.0000297    0.0007165 |    0.0000005    0.0000298 |    0.0429223    0.4199943 |    0.0000252    0.0015904
     1408    56.320 |    0.0000292    0.0006102 |    0.0000004    0.0000257 |    0.0341194    0.4097905 |    0.0000250    0.0016638
     1440    57.600 |    0.0000288    0.0005778 |    0.0000004    0.0000205 |    0.0257791    0.4026551 |    0.0000243    0.0016755
     1472    58.880 |    0.0000284    0.0005574 |    0.0000004    0.0000237 |    0.0178639    0.4059572 |    0.0000242    0.0015891
     1504    60.160 |    0.0000280    0.0003579 |    0.0000004    0.0000077 |    0.0106392    0.3930020 |    0.0000236    0.0016535
     1536    61.440 |    0.0000277    0.0003444 |    0.0000003    0.0000060 |    0.0054046    0.3371626 |    0.0000233    0.0016078
     1568    62.720 |    0.0000274    0.0003322 |    0.0000003    0.0000056 |    0.0035845    0.2369362 |    0.0000229    0.0015302
     1600    64.000 |    0.0000271    0.0003224 |    0.0000003    0.0000052 |    0.0034859    0.0322957 |    0.0000226    0.0014999
     1632    65.280 |    0.0000269    0.0003121 |    0.0000003    0.0000048 |    0.0034922    0.0284218 |    0.0000222    0.0014976
     1664    66.560 |    0.0000266    0.0003052 |    0.0000003    0.0000045 |    0.0035035    0.0272543 |    0.0000219    0.0014702
     1696    67.840 |    0.0000263    0.0002981 |    0.0000003    0.0000042 |    0.0035165    0.0266689 |    0.0000216    0.0014096
     1728    69.120 |    0.0000260    0.0002903 |    0.0000003    0.0000039 |    0.0035314    0.0262252 |    0.0000213    0.0013759
     1760    70.400 |    0.0000258    0.0002830 |    0.0000003    0.0000036 |    0.0035484    0.0257987 |    0.0000210    0.0013822
     1792    71.680 |    0.0000255    0.0002709 |    0.0000003    0.0000035 |    0.0035668    0.0266369 |    0.0000207    0.0013498
     1824    72.960 |    0.0000252    0.0002588 |    0.0000003    0.0000034 |    0.0035866    0.0281642 |    0.0000204    0.0012799
     1856    74.240 |    0.0000250    0.0002543 |    0.0000002    0.0000032 |    0.0036074    0.0358730 |    0.0000201    0.0013005
     1888    75.520 |    0.0000247    0.0002492 |    0.0000002    0.0000030 |    0.0036287    0.0406630 |    0.0000198    0.0012804
-----------------------------------------------------------------------------------------------------------------------------------
Iteration      Time |            HYDROBASE::rho |          HYDROBASE::press |            HYDROBASE::eps |      ML_ADMCONSTRAINTS::H
                    |        norm2      maximum |        norm2      maximum |        norm2      maximum |        norm2      maximum
-----------------------------------------------------------------------------------------------------------------------------------
     1920    76.800 |    0.0000245    0.0002455 |    0.0000002    0.0000195 |    0.0036509    0.1666656 |    0.0000195    0.0012253
     1952    78.080 |    0.0000243    0.0002401 |    0.0000002    0.0000102 |    0.0036735    0.1043689 |    0.0000192    0.0012256
     1984    79.360 |    0.0000241    0.0002548 |    0.0000002    0.0000079 |    0.0036964    0.1036166 |    0.0000190    0.0012015
     2016    80.640 |    0.0000240    0.0003002 |    0.0000002    0.0000074 |    0.0037196    0.0997443 |    0.0000188    0.0011762
     2048    81.920 |    0.0000239    0.0003234 |    0.0000002    0.0000073 |    0.0037432    0.1004667 |    0.0000185    0.0011674
     2080    83.200 |    0.0000238    0.0003447 |    0.0000002    0.0000071 |    0.0037670    0.0995024 |    0.0000182    0.0011432
     2112    84.480 |    0.0000237    0.0003546 |    0.0000002    0.0000071 |    0.0037909    0.0993435 |    0.0000181    0.0011293
     2144    85.760 |    0.0000237    0.0003589 |    0.0000002    0.0000071 |    0.0038150    0.0989777 |    0.0000178    0.0011124
     2176    87.040 |    0.0000236    0.0003592 |    0.0000002    0.0000073 |    0.0038389    0.0986406 |    0.0000176    0.0010944
     2208    88.320 |    0.0000236    0.0003622 |    0.0000002    0.0000074 |    0.0038626    0.0986416 |    0.0000174    0.0010882
     2240    89.600 |    0.0000236    0.0003641 |    0.0000002    0.0000076 |    0.0038859    0.0987651 |    0.0000172    0.0010683
     2272    90.880 |    0.0000236    0.0003635 |    0.0000002    0.0000077 |    0.0039088    0.0984871 |    0.0000171    0.0010584
     2304    92.160 |    0.0000237    0.0003635 |    0.0000003    0.0000078 |    0.0039312    0.0978024 |    0.0000168    0.0010458
     2336    93.440 |    0.0000237    0.0003638 |    0.0000003    0.0000077 |    0.0039531    0.0966630 |    0.0000167    0.0010422
     2368    94.720 |    0.0000238    0.0003652 |    0.0000003    0.0000076 |    0.0039746    0.0954199 |    0.0000166    0.0010325
     2400    96.000 |    0.0000238    0.0003668 |    0.0000003    0.0000075 |    0.0039955    0.0943898 |    0.0000165    0.0010183
     2432    97.280 |    0.0000239    0.0003666 |    0.0000003    0.0000075 |    0.0040159    0.0937875 |    0.0000163    0.0010116
     2464    98.560 |    0.0000240    0.0003659 |    0.0000003    0.0000075 |    0.0040358    0.0932934 |    0.0000162    0.0010011
     2496    99.840 |    0.0000241    0.0003648 |    0.0000003    0.0000075 |    0.0040551    0.0927035 |    0.0000161    0.0009937
     2528   101.120 |    0.0000242    0.0003642 |    0.0000003    0.0000074 |    0.0040738    0.0919897 |    0.0000160    0.0009816
-----------------------------------------------------------------------------------------------------------------------------------
Iteration      Time |            HYDROBASE::rho |          HYDROBASE::press |            HYDROBASE::eps |      ML_ADMCONSTRAINTS::H
                    |        norm2      maximum |        norm2      maximum |        norm2      maximum |        norm2      maximum
-----------------------------------------------------------------------------------------------------------------------------------
     2560   102.400 |    0.0000243    0.0003648 |    0.0000003    0.0000074 |    0.0040919    0.0913481 |    0.0000159    0.0009722
     2592   103.680 |    0.0000244    0.0003656 |    0.0000003    0.0000074 |    0.0041095    0.0908607 |    0.0000158    0.0009676
     2624   104.960 |    0.0000246    0.0003671 |    0.0000003    0.0000074 |    0.0041268    0.0906219 |    0.0000157    0.0009586
     2656   106.240 |    0.0000247    0.0003685 |    0.0000003    0.0000075 |    0.0041442    0.0905862 |    0.0000156    0.0009521
     2688   107.520 |    0.0000249    0.0003695 |    0.0000003    0.0000076 |    0.0041612    0.0906728 |    0.0000155    0.0009429
     2720   108.800 |    0.0000250    0.0003716 |    0.0000003    0.0000077 |    0.0041773    0.0907883 |    0.0000154    0.0009342
     2752   110.080 |    0.0000252    0.0003744 |    0.0000003    0.0000079 |    0.0041928    0.0909014 |    0.0000153    0.0009293
     2784   111.360 |    0.0000254    0.0003773 |    0.0000003    0.0000080 |    0.0042078    0.0909535 |    0.0000152    0.0009256
     2816   112.640 |    0.0000256    0.0003802 |    0.0000004    0.0000081 |    0.0042224    0.0909464 |    0.0000152    0.0009103
     2848   113.920 |    0.0000258    0.0003835 |    0.0000004    0.0000082 |    0.0042363    0.0910825 |    0.0000151    0.0009078
     2880   115.200 |    0.0000260    0.0003873 |    0.0000004    0.0000084 |    0.0042496    0.0915466 |    0.0000150    0.0009060
     2912   116.480 |    0.0000263    0.0003917 |    0.0000004    0.0000087 |    0.0042621    0.0922906 |    0.0000149    0.0008941
     2944   117.760 |    0.0000265    0.0003965 |    0.0000004    0.0000090 |    0.0042740    0.0928787 |    0.0000149    0.0008920
     2976   119.040 |    0.0000268    0.0004013 |    0.0000004    0.0000092 |    0.0042852    0.0931074 |    0.0000148    0.0008868
     3008   120.320 |    0.0000270    0.0004059 |    0.0000004    0.0000093 |    0.0042957    0.0932521 |    0.0000147    0.0008805
     3040   121.600 |    0.0000273    0.0004111 |    0.0000004    0.0000096 |    0.0043055    0.0936691 |    0.0000146    0.0008723
     3072   122.880 |    0.0000276    0.0004164 |    0.0000004    0.0000099 |    0.0043147    0.0943373 |    0.0000145    0.0008712
     3104   124.160 |    0.0000279    0.0004216 |    0.0000004    0.0000102 |    0.0043232    0.0950592 |    0.0000144    0.0008631
     3136   125.440 |    0.0000283    0.0004270 |    0.0000004    0.0000106 |    0.0043312    0.0957151 |    0.0000143    0.0008598
     3168   126.720 |    0.0000286    0.0004328 |    0.0000005    0.0000109 |    0.0043387    0.0963434 |    0.0000143    0.0008530
-----------------------------------------------------------------------------------------------------------------------------------
Iteration      Time |            HYDROBASE::rho |          HYDROBASE::press |            HYDROBASE::eps |      ML_ADMCONSTRAINTS::H
                    |        norm2      maximum |        norm2      maximum |        norm2      maximum |        norm2      maximum
-----------------------------------------------------------------------------------------------------------------------------------
     3200   128.000 |    0.0000290    0.0004390 |    0.0000005    0.0000112 |    0.0043457    0.0969225 |    0.0000141    0.0008476
     3232   129.280 |    0.0000294    0.0004456 |    0.0000005    0.0000116 |    0.0043523    0.0974238 |    0.0000140    0.0008430
     3264   130.560 |    0.0000298    0.0004527 |    0.0000005    0.0000119 |    0.0043584    0.0979339 |    0.0000139    0.0008393
     3296   131.840 |    0.0000302    0.0004604 |    0.0000005    0.0000123 |    0.0043643    0.0985712 |    0.0000138    0.0008318
     3328   133.120 |    0.0000306    0.0004683 |    0.0000005    0.0000127 |    0.0043698    0.0993095 |    0.0000137    0.0008261
     3360   134.400 |    0.0000310    0.0004759 |    0.0000006    0.0000132 |    0.0043751    0.1001216 |    0.0000136    0.0008205
     3392   135.680 |    0.0000315    0.0004833 |    0.0000006    0.0000139 |    0.0043803    0.1012753 |    0.0000135    0.0008125
     3424   136.960 |    0.0000319    0.0004906 |    0.0000006    0.0000147 |    0.0043853    0.1031713 |    0.0000134    0.0008083
     3456   138.240 |    0.0000324    0.0004983 |    0.0000006    0.0000158 |    0.0043905    0.1051200 |    0.0000132    0.0008020
     3488   139.520 |    0.0000328    0.0005070 |    0.0000007    0.0000163 |    0.0043959    0.1056200 |    0.0000131    0.0007960
     3520   140.800 |    0.0000333    0.0005171 |    0.0000007    0.0000165 |    0.0044016    0.1050613 |    0.0000130    0.0007875
     3552   142.080 |    0.0000337    0.0005280 |    0.0000007    0.0000169 |    0.0044079    0.1049464 |    0.0000129    0.0007796
     3584   143.360 |    0.0000342    0.0005391 |    0.0000007    0.0000177 |    0.0044148    0.1059988 |    0.0000127    0.0007735
     3616   144.640 |    0.0000346    0.0005493 |    0.0000008    0.0000188 |    0.0044225    0.1077788 |    0.0000126    0.0007640
     3648   145.920 |    0.0000350    0.0005598 |    0.0000008    0.0000201 |    0.0044311    0.1094292 |    0.0000124    0.0007556
     3680   147.200 |    0.0000354    0.0005733 |    0.0000008    0.0000217 |    0.0044409    0.1112416 |    0.0000123    0.0007463
     3712   148.480 |    0.0000358    0.0005928 |    0.0000009    0.0000238 |    0.0044518    0.1138750 |    0.0000122    0.0007356
     3744   149.760 |    0.0000362    0.0006019 |    0.0000009    0.0000256 |    0.0044640    0.1153385 |    0.0000120    0.0007265
     3776   151.040 |    0.0000365    0.0006090 |    0.0000010    0.0000262 |    0.0044776    0.1135067 |    0.0000119    0.0007165
     3808   152.320 |    0.0000368    0.0006149 |    0.0000010    0.0000290 |    0.0044927    0.1126177 |    0.0000118    0.0007101
-----------------------------------------------------------------------------------------------------------------------------------
Iteration      Time |            HYDROBASE::rho |          HYDROBASE::press |            HYDROBASE::eps |      ML_ADMCONSTRAINTS::H
                    |        norm2      maximum |        norm2      maximum |        norm2      maximum |        norm2      maximum
-----------------------------------------------------------------------------------------------------------------------------------
     3840   153.600 |    0.0000370    0.0006210 |    0.0000010    0.0000310 |    0.0045092    0.1166131 |    0.0000116    0.0007223
     3872   154.880 |    0.0000372    0.0006474 |    0.0000011    0.0000370 |    0.0045272    0.1253677 |    0.0000115    0.0007195
     3904   156.160 |    0.0000374    0.0007059 |    0.0000011    0.0000362 |    0.0045463    0.1183313 |    0.0000114    0.0007204
     3936   157.440 |    0.0000375    0.0006971 |    0.0000011    0.0000343 |    0.0045668    0.1105919 |    0.0000113    0.0007053
     3968   158.720 |    0.0000375    0.0006957 |    0.0000011    0.0000335 |    0.0045893    0.1103298 |    0.0000112    0.0007001
     4000   160.000 |    0.0000375    0.0006873 |    0.0000011    0.0000329 |    0.0046146    0.1090838 |    0.0000111    0.0007274
     4032   161.280 |    0.0000374    0.0006864 |    0.0000011    0.0000328 |    0.0046440    0.1083905 |    0.0000110    0.0007241
     4064   162.560 |    0.0000373    0.0006860 |    0.0000011    0.0000331 |    0.0046783    0.1063502 |    0.0000109    0.0007049
     4096   163.840 |    0.0000371    0.0006865 |    0.0000010    0.0000329 |    0.0047178    0.1057122 |    0.0000108    0.0007090
     4128   165.120 |    0.0000369    0.0006843 |    0.0000010    0.0000329 |    0.0047608    0.1037161 |    0.0000107    0.0006883
     4160   166.400 |    0.0000366    0.0006827 |    0.0000010    0.0000325 |    0.0048059    0.1019185 |    0.0000106    0.0006820
     4192   167.680 |    0.0000363    0.0006812 |    0.0000010    0.0000317 |    0.0048523    0.1002469 |    0.0000105    0.0006834
     4224   168.960 |    0.0000360    0.0006840 |    0.0000009    0.0000306 |    0.0049019    0.0985963 |    0.0000105    0.0006744
     4256   170.240 |    0.0000356    0.0006841 |    0.0000009    0.0000314 |    0.0049597    0.0938034 |    0.0000105    0.0006643
     4288   171.520 |    0.0000352    0.0006548 |    0.0000009    0.0000318 |    0.0050282    0.0957236 |    0.0000104    0.0006584
     4320   172.800 |    0.0000347    0.0005935 |    0.0000008    0.0000259 |    0.0051051    0.0932591 |    0.0000103    0.0006626
     4352   174.080 |    0.0000343    0.0005854 |    0.0000008    0.0000219 |    0.0051872    0.0810701 |    0.0000103    0.0006612
     4384   175.360 |    0.0000339    0.0005631 |    0.0000007    0.0000214 |    0.0052714    0.0754189 |    0.0000103    0.0006431
     4416   176.640 |    0.0000334    0.0005348 |    0.0000007    0.0000205 |    0.0053555    0.0845993 |    0.0000103    0.0006361
     4448   177.920 |    0.0000329    0.0005264 |    0.0000007    0.0000209 |    0.0054388    0.0846977 |    0.0000103    0.0006371
-----------------------------------------------------------------------------------------------------------------------------------
Iteration      Time |            HYDROBASE::rho |          HYDROBASE::press |            HYDROBASE::eps |      ML_ADMCONSTRAINTS::H
                    |        norm2      maximum |        norm2      maximum |        norm2      maximum |        norm2      maximum
-----------------------------------------------------------------------------------------------------------------------------------
     4480   179.200 |    0.0000325    0.0005154 |    0.0000007    0.0000175 |    0.0055208    0.0785898 |    0.0000103    0.0006354
     4512   180.480 |    0.0000320    0.0004983 |    0.0000006    0.0000158 |    0.0056020    0.0652885 |    0.0000103    0.0006363
     4544   181.760 |    0.0000316    0.0004886 |    0.0000006    0.0000145 |    0.0056826    0.0678897 |    0.0000103    0.0006333
     4576   183.040 |    0.0000312    0.0004833 |    0.0000006    0.0000138 |    0.0057623    0.0714654 |    0.0000103    0.0006328
     4608   184.320 |    0.0000308    0.0004753 |    0.0000005    0.0000144 |    0.0058418    0.0725007 |    0.0000104    0.0006326
     4640   185.600 |    0.0000304    0.0004633 |    0.0000005    0.0000134 |    0.0059222    0.0702965 |    0.0000104    0.0006314
     4672   186.880 |    0.0000300    0.0004554 |    0.0000005    0.0000124 |    0.0060025    0.0678582 |    0.0000105    0.0006285
     4704   188.160 |    0.0000296    0.0004519 |    0.0000005    0.0000119 |    0.0060824    0.0662282 |    0.0000105    0.0006258
     4736   189.440 |    0.0000292    0.0004455 |    0.0000005    0.0000114 |    0.0061620    0.0658158 |    0.0000106    0.0006249
     4768   190.720 |    0.0000289    0.0004370 |    0.0000005    0.0000114 |    0.0062420    0.0655404 |    0.0000106    0.0006214
     4800   192.000 |    0.0000285    0.0004296 |    0.0000004    0.0000111 |    0.0063273    0.0648441 |    0.0000107    0.0006193
     4832   193.280 |    0.0000282    0.0004248 |    0.0000004    0.0000107 |    0.0064145    0.0638722 |    0.0000107    0.0006160
     4864   194.560 |    0.0000279    0.0004217 |    0.0000004    0.0000103 |    0.0064989    0.0627615 |    0.0000107    0.0006127
     4896   195.840 |    0.0000276    0.0004151 |    0.0000004    0.0000099 |    0.0065820    0.0616699 |    0.0000108    0.0006102
     4928   197.120 |    0.0000274    0.0004090 |    0.0000004    0.0000095 |    0.0066648    0.0607332 |    0.0000108    0.0006060
     4960   198.400 |    0.0000271    0.0004031 |    0.0000004    0.0000093 |    0.0067475    0.0600963 |    0.0000108    0.0006034
     4992   199.680 |    0.0000269    0.0003983 |    0.0000004    0.0000092 |    0.0068300    0.0596798 |    0.0000108    0.0005998
     5024   200.960 |    0.0000266    0.0003939 |    0.0000004    0.0000090 |    0.0069122    0.0591653 |    0.0000108    0.0005964
     5056   202.240 |    0.0000264    0.0003892 |    0.0000004    0.0000087 |    0.0069935    0.0583965 |    0.0000108    0.0005926
     5088   203.520 |    0.0000262    0.0003846 |    0.0000003    0.0000084 |    0.0070739    0.0575649 |    0.0000108    0.0005881
-----------------------------------------------------------------------------------------------------------------------------------
Iteration      Time |            HYDROBASE::rho |          HYDROBASE::press |            HYDROBASE::eps |      ML_ADMCONSTRAINTS::H
                    |        norm2      maximum |        norm2      maximum |        norm2      maximum |        norm2      maximum
-----------------------------------------------------------------------------------------------------------------------------------
     5120   204.800 |    0.0000260    0.0003801 |    0.0000003    0.0000082 |    0.0071534    0.0568233 |    0.0000108    0.0005845
     5152   206.080 |    0.0000258    0.0003757 |    0.0000003    0.0000079 |    0.0072320    0.0561730 |    0.0000107    0.0005801
     5184   207.360 |    0.0000257    0.0003719 |    0.0000003    0.0000077 |    0.0073100    0.0554637 |    0.0000107    0.0005763
     5216   208.640 |    0.0000255    0.0003682 |    0.0000003    0.0000075 |    0.0073869    0.0547533 |    0.0000106    0.0005725
     5248   209.920 |    0.0000254    0.0003645 |    0.0000003    0.0000073 |    0.0074629    0.0541864 |    0.0000105    0.0005687
     5280   211.200 |    0.0000252    0.0003609 |    0.0000003    0.0000071 |    0.0075382    0.0536999 |    0.0000104    0.0005644
     5312   212.480 |    0.0000251    0.0003573 |    0.0000003    0.0000070 |    0.0076125    0.0532216 |    0.0000103    0.0005604
     5344   213.760 |    0.0000250    0.0003540 |    0.0000003    0.0000068 |    0.0076848    0.0527956 |    0.0000102    0.0005571
     5376   215.040 |    0.0000249    0.0003510 |    0.0000003    0.0000067 |    0.0077549    0.0523842 |    0.0000100    0.0005537
     5408   216.320 |    0.0000249    0.0003484 |    0.0000003    0.0000066 |    0.0078234    0.0519240 |    0.0000099    0.0005493
     5440   217.600 |    0.0000248    0.0003461 |    0.0000003    0.0000064 |    0.0078903    0.0514385 |    0.0000098    0.0005453
     5472   218.880 |    0.0000248    0.0003443 |    0.0000003    0.0000063 |    0.0079558    0.0510148 |    0.0000096    0.0005422
     5504   220.160 |    0.0000247    0.0003438 |    0.0000003    0.0000062 |    0.0080201    0.0507092 |    0.0000095    0.0005383
     5536   221.440 |    0.0000247    0.0003427 |    0.0000003    0.0000062 |    0.0080831    0.0505327 |    0.0000093    0.0005346
     5568   222.720 |    0.0000247    0.0003424 |    0.0000003    0.0000062 |    0.0081451    0.0504496 |    0.0000092    0.0005315
     5600   224.000 |    0.0000247    0.0003429 |    0.0000003    0.0000062 |    0.0082061    0.0504208 |    0.0000091    0.0005282
     5632   225.280 |    0.0000247    0.0003429 |    0.0000003    0.0000062 |    0.0082661    0.0504313 |    0.0000089    0.0005252
     5664   226.560 |    0.0000247    0.0003438 |    0.0000003    0.0000062 |    0.0083251    0.0504577 |    0.0000088    0.0005221
     5696   227.840 |    0.0000248    0.0003462 |    0.0000003    0.0000063 |    0.0083831    0.0504959 |    0.0000087    0.0005194
     5728   229.120 |    0.0000248    0.0003484 |    0.0000003    0.0000063 |    0.0084401    0.0505493 |    0.0000086    0.0005164
-----------------------------------------------------------------------------------------------------------------------------------
Iteration      Time |            HYDROBASE::rho |          HYDROBASE::press |            HYDROBASE::eps |      ML_ADMCONSTRAINTS::H
                    |        norm2      maximum |        norm2      maximum |        norm2      maximum |        norm2      maximum
-----------------------------------------------------------------------------------------------------------------------------------
     5760   230.400 |    0.0000249    0.0003508 |    0.0000003    0.0000064 |    0.0084960    0.0506225 |    0.0000085    0.0005141
     5792   231.680 |    0.0000249    0.0003545 |    0.0000003    0.0000065 |    0.0085509    0.0507578 |    0.0000084    0.0005117
     5824   232.960 |    0.0000250    0.0003585 |    0.0000003    0.0000066 |    0.0086048    0.0509498 |    0.0000083    0.0005092
     5856   234.240 |    0.0000251    0.0003611 |    0.0000003    0.0000067 |    0.0086578    0.0511867 |    0.0000083    0.0005067
     5888   235.520 |    0.0000252    0.0003629 |    0.0000003    0.0000068 |    0.0087098    0.0514670 |    0.0000083    0.0005048
     5920   236.800 |    0.0000254    0.0003672 |    0.0000003    0.0000070 |    0.0087609    0.0518103 |    0.0000082    0.0005024
     5952   238.080 |    0.0000255    0.0003709 |    0.0000003    0.0000072 |    0.0088110    0.0522416 |    0.0000082    0.0005009
     5984   239.360 |    0.0000256    0.0003758 |    0.0000003    0.0000074 |    0.0088602    0.0527098 |    0.0000082    0.0004988
     6016   240.640 |    0.0000258    0.0003814 |    0.0000003    0.0000077 |    0.0089086    0.0532091 |    0.0000082    0.0004976
     6048   241.920 |    0.0000260    0.0003873 |    0.0000003    0.0000080 |    0.0089562    0.0537862 |    0.0000082    0.0004952
     6080   243.200 |    0.0000262    0.0003934 |    0.0000003    0.0000083 |    0.0090024    0.0544379 |    0.0000082    0.0004934
     6112   244.480 |    0.0000264    0.0004006 |    0.0000004    0.0000086 |    0.0090411    0.0551339 |    0.0000083    0.0004925
     6144   245.760 |    0.0000266    0.0004080 |    0.0000004    0.0000090 |    0.0090622    0.0558606 |    0.0000083    0.0004911
     6176   247.040 |    0.0000268    0.0004152 |    0.0000004    0.0000094 |    0.0090699    0.0565886 |    0.0000083    0.0004891
     6208   248.320 |    0.0000270    0.0004236 |    0.0000004    0.0000098 |    0.0090660    0.0573104 |    0.0000084    0.0004879
     6240   249.600 |    0.0000273    0.0004317 |    0.0000004    0.0000102 |    0.0090519    0.0579479 |    0.0000084    0.0004863
     6272   250.880 |    0.0000275    0.0004393 |    0.0000004    0.0000106 |    0.0090296    0.0584948 |    0.0000085    0.0004855
     6304   252.160 |    0.0000278    0.0004483 |    0.0000004    0.0000109 |    0.0090006    0.0590607 |    0.0000085    0.0004845
     6336   253.440 |    0.0000281    0.0004566 |    0.0000004    0.0000113 |    0.0089653    0.0596760 |    0.0000086    0.0004825
     6368   254.720 |    0.0000283    0.0004644 |    0.0000004    0.0000118 |    0.0089240    0.0603650 |    0.0000086    0.0004816
Memory statistics from CarpetLib:
   Current number of objects: 768
   Current allocated memory:  257 MB
   Maximum number of objects: 772
   Maximum allocated memory:  258 MB
   Current administrative memory: 1.1 MB
   Total allocated used system memory: 55.3 MB
   Total allocated free system memory: 14.7 MB
   gh::allmemory:    123132
   dh::allmemory:    721984
   th::allmemory:    13888
   ggf::allmemory:   189992
   gdata::allmemory: 55208
-----------------------------------------------------------------------------------------------------------------------------------
Iteration      Time |            HYDROBASE::rho |          HYDROBASE::press |            HYDROBASE::eps |      ML_ADMCONSTRAINTS::H
                    |        norm2      maximum |        norm2      maximum |        norm2      maximum |        norm2      maximum
-----------------------------------------------------------------------------------------------------------------------------------
     6400   256.000 |    0.0000286    0.0004726 |    0.0000005    0.0000123 |    0.0088766    0.0611842 |    0.0000086    0.0004793
     6432   257.280 |    0.0000289    0.0004817 |    0.0000005    0.0000129 |    0.0088237    0.0620629 |    0.0000087    0.0004788
     6464   258.560 |    0.0000292    0.0004897 |    0.0000005    0.0000135 |    0.0087656    0.0628712 |    0.0000087    0.0004770
     6496   259.840 |    0.0000296    0.0004979 |    0.0000005    0.0000140 |    0.0087028    0.0636035 |    0.0000087    0.0004750
     6528   261.120 |    0.0000299    0.0005065 |    0.0000005    0.0000146 |    0.0086358    0.0643281 |    0.0000087    0.0004753
     6560   262.400 |    0.0000302    0.0005153 |    0.0000005    0.0000152 |    0.0085650    0.0650726 |    0.0000087    0.0004719
     6592   263.680 |    0.0000305    0.0005233 |    0.0000006    0.0000159 |    0.0084906    0.0658177 |    0.0000087    0.0004705
     6624   264.960 |    0.0000309    0.0005316 |    0.0000006    0.0000164 |    0.0084130    0.0663948 |    0.0000087    0.0004681
     6656   266.240 |    0.0000312    0.0005389 |    0.0000006    0.0000169 |    0.0083325    0.0669135 |    0.0000087    0.0004654
INFO (CarpetIOHDF5): ---------------------------------------------------------
INFO (CarpetIOHDF5): Dumping periodic checkpoint at iteration 6684, simulation time 267.36
INFO (CarpetIOHDF5): ---------------------------------------------------------
     6688   267.520 |    0.0000315    0.0005450 |    0.0000006    0.0000175 |    0.0082499    0.0673941 |    0.0000087    0.0004629
     6720   268.800 |    0.0000318    0.0005507 |    0.0000006    0.0000180 |    0.0081649    0.0678574 |    0.0000087    0.0004602
     6752   270.080 |    0.0000322    0.0005568 |    0.0000007    0.0000185 |    0.0080780    0.0683261 |    0.0000086    0.0004577
     6784   271.360 |    0.0000325    0.0005626 |    0.0000007    0.0000190 |    0.0079886    0.0687683 |    0.0000086    0.0004542
     6816   272.640 |    0.0000328    0.0005691 |    0.0000007    0.0000195 |    0.0078965    0.0691527 |    0.0000086    0.0004515
     6848   273.920 |    0.0000331    0.0005790 |    0.0000007    0.0000201 |    0.0078011    0.0695222 |    0.0000085    0.0004477
     6880   275.200 |    0.0000334    0.0005915 |    0.0000007    0.0000206 |    0.0077020    0.0698645 |    0.0000084    0.0004452
     6912   276.480 |    0.0000337    0.0005958 |    0.0000008    0.0000210 |    0.0076023    0.0700833 |    0.0000084    0.0004428
     6944   277.760 |    0.0000339    0.0005985 |    0.0000008    0.0000213 |    0.0075036    0.0700755 |    0.0000083    0.0004394
     6976   279.040 |    0.0000342    0.0005999 |    0.0000008    0.0000216 |    0.0074066    0.0701231 |    0.0000082    0.0004408
     7008   280.320 |    0.0000344    0.0006026 |    0.0000008    0.0000219 |    0.0073117    0.0702554 |    0.0000082    0.0004429
-----------------------------------------------------------------------------------------------------------------------------------
Iteration      Time |            HYDROBASE::rho |          HYDROBASE::press |            HYDROBASE::eps |      ML_ADMCONSTRAINTS::H
                    |        norm2      maximum |        norm2      maximum |        norm2      maximum |        norm2      maximum
-----------------------------------------------------------------------------------------------------------------------------------
     7040   281.600 |    0.0000347    0.0006033 |    0.0000008    0.0000222 |    0.0072187    0.0701927 |    0.0000081    0.0004446
     7072   282.880 |    0.0000348    0.0006045 |    0.0000008    0.0000225 |    0.0071277    0.0701051 |    0.0000080    0.0004446
     7104   284.160 |    0.0000350    0.0006055 |    0.0000008    0.0000228 |    0.0070387    0.0702394 |    0.0000079    0.0004467
     7136   285.440 |    0.0000352    0.0006064 |    0.0000008    0.0000233 |    0.0069518    0.0703961 |    0.0000078    0.0004490
     7168   286.720 |    0.0000353    0.0006080 |    0.0000008    0.0000237 |    0.0068669    0.0704549 |    0.0000077    0.0004490
     7200   288.000 |    0.0000354    0.0006093 |    0.0000008    0.0000240 |    0.0067848    0.0703250 |    0.0000076    0.0004498
     7232   289.280 |    0.0000354    0.0006100 |    0.0000009    0.0000242 |    0.0067070    0.0701017 |    0.0000075    0.0004507
     7264   290.560 |    0.0000355    0.0006100 |    0.0000009    0.0000242 |    0.0066356    0.0697366 |    0.0000074    0.0004501
     7296   291.840 |    0.0000354    0.0006100 |    0.0000009    0.0000242 |    0.0065725    0.0693934 |    0.0000073    0.0004489
     7328   293.120 |    0.0000354    0.0006103 |    0.0000009    0.0000241 |    0.0065194    0.0690318 |    0.0000072    0.0004487
     7360   294.400 |    0.0000353    0.0006103 |    0.0000009    0.0000240 |    0.0064782    0.0686207 |    0.0000071    0.0004476
     7392   295.680 |    0.0000352    0.0006104 |    0.0000009    0.0000239 |    0.0064485    0.0682904 |    0.0000071    0.0004469
     7424   296.960 |    0.0000351    0.0006106 |    0.0000008    0.0000238 |    0.0064290    0.0679986 |    0.0000070    0.0004458
     7456   298.240 |    0.0000350    0.0006106 |    0.0000008    0.0000237 |    0.0064184    0.0677319 |    0.0000069    0.0004445
     7488   299.520 |    0.0000348    0.0006104 |    0.0000008    0.0000236 |    0.0064168    0.0674299 |    0.0000068    0.0004433
     7520   300.800 |    0.0000346    0.0006102 |    0.0000008    0.0000234 |    0.0064249    0.0670380 |    0.0000068    0.0004429
     7552   302.080 |    0.0000344    0.0006097 |    0.0000008    0.0000231 |    0.0064419    0.0665671 |    0.0000067    0.0004410
     7584   303.360 |    0.0000341    0.0006090 |    0.0000008    0.0000226 |    0.0064646    0.0660777 |    0.0000067    0.0004393
     7616   304.640 |    0.0000339    0.0006080 |    0.0000008    0.0000221 |    0.0064909    0.0655189 |    0.0000066    0.0004374
     7648   305.920 |    0.0000336    0.0006070 |    0.0000008    0.0000216 |    0.0065197    0.0649056 |    0.0000066    0.0004351
-----------------------------------------------------------------------------------------------------------------------------------
Iteration      Time |            HYDROBASE::rho |          HYDROBASE::press |            HYDROBASE::eps |      ML_ADMCONSTRAINTS::H
                    |        norm2      maximum |        norm2      maximum |        norm2      maximum |        norm2      maximum
-----------------------------------------------------------------------------------------------------------------------------------
     7680   307.200 |    0.0000333    0.0006058 |    0.0000007    0.0000211 |    0.0065508    0.0642803 |    0.0000066    0.0004327
     7712   308.480 |    0.0000330    0.0006044 |    0.0000007    0.0000206 |    0.0065839    0.0636506 |    0.0000066    0.0004311
     7744   309.760 |    0.0000327    0.0006029 |    0.0000007    0.0000200 |    0.0066187    0.0629185 |    0.0000066    0.0004287
     7776   311.040 |    0.0000324    0.0006015 |    0.0000007    0.0000194 |    0.0066552    0.0620810 |    0.0000066    0.0004265
     7808   312.320 |    0.0000321    0.0005993 |    0.0000007    0.0000189 |    0.0066931    0.0614399 |    0.0000066    0.0004237
     7840   313.600 |    0.0000318    0.0005965 |    0.0000006    0.0000184 |    0.0067321    0.0608920 |    0.0000067    0.0004210
     7872   314.880 |    0.0000315    0.0005914 |    0.0000006    0.0000179 |    0.0067720    0.0602374 |    0.0000067    0.0004188
     7904   316.160 |    0.0000312    0.0005698 |    0.0000006    0.0000171 |    0.0068125    0.0591954 |    0.0000067    0.0004155
     7936   317.440 |    0.0000308    0.0005595 |    0.0000006    0.0000162 |    0.0068536    0.0579523 |    0.0000068    0.0004125
     7968   318.720 |    0.0000305    0.0005524 |    0.0000006    0.0000151 |    0.0068955    0.0562580 |    0.0000069    0.0004094
     8000   320.000 |    0.0000302    0.0005445 |    0.0000005    0.0000144 |    0.0069381    0.0554572 |    0.0000069    0.0004065
     8032   321.280 |    0.0000299    0.0005351 |    0.0000005    0.0000139 |    0.0069814    0.0547952 |    0.0000070    0.0004034
     8064   322.560 |    0.0000296    0.0005274 |    0.0000005    0.0000132 |    0.0070254    0.0537965 |    0.0000070    0.0004002
     8096   323.840 |    0.0000293    0.0005202 |    0.0000005    0.0000127 |    0.0070709    0.0529731 |    0.0000071    0.0003972
     8128   325.120 |    0.0000291    0.0005136 |    0.0000005    0.0000122 |    0.0071170    0.0521166 |    0.0000072    0.0003967
     8160   326.400 |    0.0000288    0.0005073 |    0.0000005    0.0000117 |    0.0071632    0.0513638 |    0.0000072    0.0003966
     8192   327.680 |    0.0000286    0.0005019 |    0.0000004    0.0000114 |    0.0072098    0.0508285 |    0.0000073    0.0003973
     8224   328.960 |    0.0000283    0.0004963 |    0.0000004    0.0000111 |    0.0072577    0.0504093 |    0.0000073    0.0003967
     8256   330.240 |    0.0000281    0.0004902 |    0.0000004    0.0000108 |    0.0073065    0.0499257 |    0.0000073    0.0003962
     8288   331.520 |    0.0000279    0.0004850 |    0.0000004    0.0000105 |    0.0073558    0.0494155 |    0.0000074    0.0003966
-----------------------------------------------------------------------------------------------------------------------------------
Iteration      Time |            HYDROBASE::rho |          HYDROBASE::press |            HYDROBASE::eps |      ML_ADMCONSTRAINTS::H
                    |        norm2      maximum |        norm2      maximum |        norm2      maximum |        norm2      maximum
-----------------------------------------------------------------------------------------------------------------------------------
     8320   332.800 |    0.0000277    0.0004792 |    0.0000004    0.0000102 |    0.0074050    0.0488782 |    0.0000074    0.0003959
     8352   334.080 |    0.0000275    0.0004736 |    0.0000004    0.0000099 |    0.0074535    0.0483719 |    0.0000074    0.0003957
     8384   335.360 |    0.0000273    0.0004689 |    0.0000004    0.0000097 |    0.0075011    0.0479212 |    0.0000074    0.0003952
     8416   336.640 |    0.0000271    0.0004648 |    0.0000004    0.0000094 |    0.0075476    0.0475631 |    0.0000074    0.0003947
     8448   337.920 |    0.0000270    0.0004611 |    0.0000004    0.0000093 |    0.0075932    0.0472734 |    0.0000074    0.0003941
     8480   339.200 |    0.0000268    0.0004580 |    0.0000004    0.0000092 |    0.0076377    0.0470424 |    0.0000074    0.0003934
     8512   340.480 |    0.0000267    0.0004556 |    0.0000004    0.0000091 |    0.0076814    0.0468109 |    0.0000074    0.0003926
     8544   341.760 |    0.0000266    0.0004531 |    0.0000004    0.0000089 |    0.0077246    0.0465565 |    0.0000073    0.0003919
     8576   343.040 |    0.0000264    0.0004507 |    0.0000003    0.0000088 |    0.0077673    0.0462947 |    0.0000073    0.0003903
     8608   344.320 |    0.0000263    0.0004485 |    0.0000003    0.0000087 |    0.0078089    0.0460388 |    0.0000072    0.0003901
     8640   345.600 |    0.0000263    0.0004467 |    0.0000003    0.0000087 |    0.0078497    0.0457983 |    0.0000072    0.0003888
     8672   346.880 |    0.0000262    0.0004453 |    0.0000003    0.0000087 |    0.0078896    0.0455737 |    0.0000071    0.0003876
     8704   348.160 |    0.0000261    0.0004442 |    0.0000003    0.0000087 |    0.0079283    0.0453536 |    0.0000070    0.0003866
     8736   349.440 |    0.0000261    0.0004432 |    0.0000003    0.0000086 |    0.0079665    0.0451126 |    0.0000069    0.0003854
     8768   350.720 |    0.0000260    0.0004421 |    0.0000003    0.0000086 |    0.0080041    0.0448536 |    0.0000069    0.0003842
     8800   352.000 |    0.0000260    0.0004409 |    0.0000003    0.0000086 |    0.0080409    0.0447119 |    0.0000068    0.0003829
     8832   353.280 |    0.0000260    0.0004398 |    0.0000003    0.0000086 |    0.0080776    0.0446405 |    0.0000067    0.0003816
     8864   354.560 |    0.0000260    0.0004390 |    0.0000003    0.0000086 |    0.0081143    0.0445659 |    0.0000066    0.0003803
     8896   355.840 |    0.0000260    0.0004392 |    0.0000003    0.0000086 |    0.0081497    0.0444967 |    0.0000065    0.0003791
     8928   357.120 |    0.0000260    0.0004392 |    0.0000003    0.0000087 |    0.0081843    0.0443888 |    0.0000064    0.0003779
-----------------------------------------------------------------------------------------------------------------------------------
Iteration      Time |            HYDROBASE::rho |          HYDROBASE::press |            HYDROBASE::eps |      ML_ADMCONSTRAINTS::H
                    |        norm2      maximum |        norm2      maximum |        norm2      maximum |        norm2      maximum
-----------------------------------------------------------------------------------------------------------------------------------
     8960   358.400 |    0.0000260    0.0004394 |    0.0000003    0.0000087 |    0.0082183    0.0442412 |    0.0000063    0.0003764
     8992   359.680 |    0.0000261    0.0004396 |    0.0000003    0.0000087 |    0.0082518    0.0440725 |    0.0000062    0.0003749
     9024   360.960 |    0.0000261    0.0004400 |    0.0000003    0.0000088 |    0.0082846    0.0438931 |    0.0000062    0.0003738
     9056   362.240 |    0.0000262    0.0004406 |    0.0000003    0.0000089 |    0.0083168    0.0437775 |    0.0000061    0.0003725
     9088   363.520 |    0.0000262    0.0004416 |    0.0000003    0.0000089 |    0.0083484    0.0437958 |    0.0000060    0.0003712
     9120   364.800 |    0.0000263    0.0004427 |    0.0000003    0.0000090 |    0.0083794    0.0438433 |    0.0000060    0.0003697
     9152   366.080 |    0.0000264    0.0004439 |    0.0000004    0.0000091 |    0.0084096    0.0438873 |    0.0000059    0.0003684
     9184   367.360 |    0.0000265    0.0004461 |    0.0000004    0.0000092 |    0.0084392    0.0438153 |    0.0000059    0.0003670
     9216   368.640 |    0.0000266    0.0004486 |    0.0000004    0.0000094 |    0.0084681    0.0437160 |    0.0000059    0.0003658
     9248   369.920 |    0.0000267    0.0004513 |    0.0000004    0.0000095 |    0.0084964    0.0436984 |    0.0000058    0.0003644
     9280   371.200 |    0.0000269    0.0004542 |    0.0000004    0.0000097 |    0.0085239    0.0437381 |    0.0000058    0.0003626
     9312   372.480 |    0.0000270    0.0004575 |    0.0000004    0.0000098 |    0.0085509    0.0437746 |    0.0000058    0.0003614
     9344   373.760 |    0.0000272    0.0004610 |    0.0000004    0.0000101 |    0.0085772    0.0437722 |    0.0000058    0.0003599
     9376   375.040 |    0.0000273    0.0004654 |    0.0000004    0.0000103 |    0.0086029    0.0437706 |    0.0000058    0.0003594
     9408   376.320 |    0.0000275    0.0004708 |    0.0000004    0.0000106 |    0.0086280    0.0437551 |    0.0000059    0.0003572
     9440   377.600 |    0.0000277    0.0004766 |    0.0000004    0.0000109 |    0.0086524    0.0437608 |    0.0000059    0.0003557
     9472   378.880 |    0.0000279    0.0004828 |    0.0000004    0.0000112 |    0.0086763    0.0438626 |    0.0000059    0.0003545
     9504   380.160 |    0.0000281    0.0004891 |    0.0000004    0.0000116 |    0.0086997    0.0441633 |    0.0000059    0.0003527
     9536   381.440 |    0.0000283    0.0004956 |    0.0000004    0.0000120 |    0.0087224    0.0444328 |    0.0000060    0.0003515
     9568   382.720 |    0.0000285    0.0005018 |    0.0000004    0.0000124 |    0.0087446    0.0446723 |    0.0000060    0.0003504
-----------------------------------------------------------------------------------------------------------------------------------
Iteration      Time |            HYDROBASE::rho |          HYDROBASE::press |            HYDROBASE::eps |      ML_ADMCONSTRAINTS::H
                    |        norm2      maximum |        norm2      maximum |        norm2      maximum |        norm2      maximum
-----------------------------------------------------------------------------------------------------------------------------------
     9600   384.000 |    0.0000287    0.0005077 |    0.0000005    0.0000128 |    0.0087663    0.0448544 |    0.0000060    0.0003488
     9632   385.280 |    0.0000290    0.0005131 |    0.0000005    0.0000132 |    0.0087872    0.0449449 |    0.0000061    0.0003470
     9664   386.560 |    0.0000292    0.0005185 |    0.0000005    0.0000135 |    0.0088066    0.0449827 |    0.0000061    0.0003462
     9696   387.840 |    0.0000294    0.0005236 |    0.0000005    0.0000139 |    0.0088233    0.0449977 |    0.0000061    0.0003441
     9728   389.120 |    0.0000297    0.0005283 |    0.0000005    0.0000142 |    0.0088353    0.0448898 |    0.0000062    0.0003421
     9760   390.400 |    0.0000299    0.0005332 |    0.0000005    0.0000146 |    0.0088423    0.0448711 |    0.0000062    0.0003409
     9792   391.680 |    0.0000302    0.0005380 |    0.0000005    0.0000149 |    0.0088451    0.0448339 |    0.0000062    0.0003390
     9824   392.960 |    0.0000304    0.0005426 |    0.0000006    0.0000153 |    0.0088444    0.0447394 |    0.0000062    0.0003366
     9856   394.240 |    0.0000307    0.0005471 |    0.0000006    0.0000157 |    0.0088405    0.0446434 |    0.0000063    0.0003361
     9888   395.520 |    0.0000310    0.0005514 |    0.0000006    0.0000161 |    0.0088341    0.0445334 |    0.0000063    0.0003355
     9920   396.800 |    0.0000312    0.0005558 |    0.0000006    0.0000165 |    0.0088256    0.0447248 |    0.0000063    0.0003360
     9952   398.080 |    0.0000315    0.0005603 |    0.0000006    0.0000169 |    0.0088150    0.0448785 |    0.0000063    0.0003364
     9984   399.360 |    0.0000317    0.0005645 |    0.0000006    0.0000173 |    0.0088025    0.0450235 |    0.0000063    0.0003371
    10016   400.640 |    0.0000320    0.0005693 |    0.0000006    0.0000176 |    0.0087881    0.0450907 |    0.0000063    0.0003377
    10048   401.920 |    0.0000322    0.0005764 |    0.0000007    0.0000180 |    0.0087720    0.0451060 |    0.0000063    0.0003385
    10080   403.200 |    0.0000325    0.0005856 |    0.0000007    0.0000183 |    0.0087543    0.0450509 |    0.0000063    0.0003392
    10112   404.480 |    0.0000327    0.0005910 |    0.0000007    0.0000187 |    0.0087350    0.0449770 |    0.0000063    0.0003393
    10144   405.760 |    0.0000330    0.0005944 |    0.0000007    0.0000190 |    0.0087142    0.0448361 |    0.0000062    0.0003396
    10176   407.040 |    0.0000332    0.0005989 |    0.0000007    0.0000197 |    0.0086918    0.0447409 |    0.0000062    0.0003400
    10208   408.320 |    0.0000334    0.0006015 |    0.0000007    0.0000202 |    0.0086676    0.0445968 |    0.0000062    0.0003407
-----------------------------------------------------------------------------------------------------------------------------------
Iteration      Time |            HYDROBASE::rho |          HYDROBASE::press |            HYDROBASE::eps |      ML_ADMCONSTRAINTS::H
                    |        norm2      maximum |        norm2      maximum |        norm2      maximum |        norm2      maximum
-----------------------------------------------------------------------------------------------------------------------------------
    10240   409.600 |    0.0000336    0.0006026 |    0.0000007    0.0000205 |    0.0086416    0.0445516 |    0.0000061    0.0003408
    10272   410.880 |    0.0000337    0.0006033 |    0.0000007    0.0000207 |    0.0086140    0.0443725 |    0.0000061    0.0003412
    10304   412.160 |    0.0000339    0.0006046 |    0.0000008    0.0000210 |    0.0085848    0.0443605 |    0.0000060    0.0003412
    10336   413.440 |    0.0000341    0.0006053 |    0.0000008    0.0000212 |    0.0085542    0.0443801 |    0.0000060    0.0003418
    10368   414.720 |    0.0000342    0.0006060 |    0.0000008    0.0000214 |    0.0085223    0.0444610 |    0.0000059    0.0003417
    10400   416.000 |    0.0000343    0.0006068 |    0.0000008    0.0000217 |    0.0084894    0.0445122 |    0.0000059    0.0003413
    10432   417.280 |    0.0000344    0.0006075 |    0.0000008    0.0000219 |    0.0084557    0.0445209 |    0.0000058    0.0003414
    10464   418.560 |    0.0000344    0.0006080 |    0.0000008    0.0000220 |    0.0084217    0.0443568 |    0.0000058    0.0003416
    10496   419.840 |    0.0000345    0.0006083 |    0.0000008    0.0000220 |    0.0083877    0.0440778 |    0.0000057    0.0003413
    10528   421.120 |    0.0000345    0.0006083 |    0.0000008    0.0000220 |    0.0083543    0.0438936 |    0.0000056    0.0003406
    10560   422.400 |    0.0000345    0.0006084 |    0.0000008    0.0000220 |    0.0083220    0.0438428 |    0.0000056    0.0003404
    10592   423.680 |    0.0000344    0.0006084 |    0.0000008    0.0000220 |    0.0082910    0.0437479 |    0.0000055    0.0003407
    10624   424.960 |    0.0000344    0.0006083 |    0.0000008    0.0000220 |    0.0082614    0.0435794 |    0.0000055    0.0003400
    10656   426.240 |    0.0000343    0.0006081 |    0.0000008    0.0000219 |    0.0082331    0.0433939 |    0.0000054    0.0003395
    10688   427.520 |    0.0000342    0.0006076 |    0.0000008    0.0000218 |    0.0082059    0.0431346 |    0.0000054    0.0003392
    10720   428.800 |    0.0000341    0.0006070 |    0.0000008    0.0000216 |    0.0081798    0.0428114 |    0.0000053    0.0003387
    10752   430.080 |    0.0000339    0.0006064 |    0.0000008    0.0000214 |    0.0081546    0.0424760 |    0.0000053    0.0003378
    10784   431.360 |    0.0000338    0.0006057 |    0.0000008    0.0000212 |    0.0081305    0.0420614 |    0.0000052    0.0003371
    10816   432.640 |    0.0000336    0.0006049 |    0.0000007    0.0000210 |    0.0081074    0.0416291 |    0.0000052    0.0003363
    10848   433.920 |    0.0000334    0.0006038 |    0.0000007    0.0000207 |    0.0080855    0.0411533 |    0.0000052    0.0003351
-----------------------------------------------------------------------------------------------------------------------------------
Iteration      Time |            HYDROBASE::rho |          HYDROBASE::press |            HYDROBASE::eps |      ML_ADMCONSTRAINTS::H
                    |        norm2      maximum |        norm2      maximum |        norm2      maximum |        norm2      maximum
-----------------------------------------------------------------------------------------------------------------------------------
    10880   435.200 |    0.0000332    0.0006025 |    0.0000007    0.0000204 |    0.0080648    0.0407871 |    0.0000051    0.0003348
    10912   436.480 |    0.0000330    0.0006009 |    0.0000007    0.0000200 |    0.0080454    0.0403578 |    0.0000051    0.0003336
    10944   437.760 |    0.0000327    0.0005989 |    0.0000007    0.0000196 |    0.0080276    0.0400455 |    0.0000051    0.0003325
    10976   439.040 |    0.0000325    0.0005967 |    0.0000007    0.0000192 |    0.0080112    0.0397616 |    0.0000051    0.0003315
    11008   440.320 |    0.0000322    0.0005933 |    0.0000007    0.0000189 |    0.0079965    0.0395033 |    0.0000051    0.0003302
    11040   441.600 |    0.0000320    0.0005875 |    0.0000006    0.0000184 |    0.0079832    0.0391580 |    0.0000051    0.0003293
    11072   442.880 |    0.0000317    0.0005818 |    0.0000006    0.0000181 |    0.0079713    0.0387884 |    0.0000051    0.0003276
    11104   444.160 |    0.0000315    0.0005559 |    0.0000006    0.0000165 |    0.0079608    0.0382695 |    0.0000052    0.0003262
    11136   445.440 |    0.0000312    0.0005477 |    0.0000006    0.0000157 |    0.0079519    0.0377033 |    0.0000052    0.0003248
    11168   446.720 |    0.0000309    0.0005526 |    0.0000006    0.0000162 |    0.0079445    0.0371627 |    0.0000052    0.0003232
    11200   448.000 |    0.0000307    0.0005478 |    0.0000006    0.0000158 |    0.0079385    0.0367494 |    0.0000053    0.0003214
    11232   449.280 |    0.0000304    0.0005435 |    0.0000005    0.0000154 |    0.0079337    0.0363562 |    0.0000053    0.0003196
    11264   450.560 |    0.0000302    0.0005368 |    0.0000005    0.0000148 |    0.0079300    0.0361402 |    0.0000054    0.0003181
    11296   451.840 |    0.0000299    0.0005290 |    0.0000005    0.0000142 |    0.0079273    0.0357696 |    0.0000054    0.0003158
    11328   453.120 |    0.0000297    0.0005201 |    0.0000005    0.0000136 |    0.0079254    0.0354259 |    0.0000055    0.0003137
    11360   454.400 |    0.0000294    0.0005103 |    0.0000005    0.0000130 |    0.0079244    0.0350621 |    0.0000055    0.0003119
    11392   455.680 |    0.0000292    0.0005014 |    0.0000005    0.0000124 |    0.0079242    0.0346994 |    0.0000056    0.0003098
    11424   456.960 |    0.0000290    0.0004959 |    0.0000005    0.0000121 |    0.0079247    0.0343478 |    0.0000056    0.0003093
    11456   458.240 |    0.0000288    0.0004922 |    0.0000005    0.0000118 |    0.0079259    0.0340106 |    0.0000056    0.0003096
    11488   459.520 |    0.0000286    0.0004880 |    0.0000004    0.0000116 |    0.0079277    0.0337090 |    0.0000057    0.0003098
-----------------------------------------------------------------------------------------------------------------------------------
Iteration      Time |            HYDROBASE::rho |          HYDROBASE::press |            HYDROBASE::eps |      ML_ADMCONSTRAINTS::H
                    |        norm2      maximum |        norm2      maximum |        norm2      maximum |        norm2      maximum
-----------------------------------------------------------------------------------------------------------------------------------
    11520   460.800 |    0.0000284    0.0004829 |    0.0000004    0.0000113 |    0.0079315    0.0334442 |    0.0000057    0.0003098
    11552   462.080 |    0.0000282    0.0004780 |    0.0000004    0.0000110 |    0.0079388    0.0332163 |    0.0000057    0.0003098
    11584   463.360 |    0.0000280    0.0004727 |    0.0000004    0.0000107 |    0.0079471    0.0330042 |    0.0000058    0.0003095
    11616   464.640 |    0.0000278    0.0004676 |    0.0000004    0.0000104 |    0.0079537    0.0327983 |    0.0000058    0.0003095
    11648   465.920 |    0.0000277    0.0004634 |    0.0000004    0.0000102 |    0.0079597    0.0325976 |    0.0000058    0.0003092
    11680   467.200 |    0.0000275    0.0004596 |    0.0000004    0.0000100 |    0.0079658    0.0324130 |    0.0000058    0.0003084
    11712   468.480 |    0.0000274    0.0004568 |    0.0000004    0.0000098 |    0.0079720    0.0322535 |    0.0000058    0.0003083
    11744   469.760 |    0.0000273    0.0004538 |    0.0000004    0.0000097 |    0.0079781    0.0321142 |    0.0000058    0.0003076
    11776   471.040 |    0.0000272    0.0004510 |    0.0000004    0.0000095 |    0.0079846    0.0319868 |    0.0000058    0.0003072
    11808   472.320 |    0.0000271    0.0004490 |    0.0000004    0.0000094 |    0.0079912    0.0318734 |    0.0000058    0.0003063
    11840   473.600 |    0.0000270    0.0004474 |    0.0000004    0.0000093 |    0.0079980    0.0317742 |    0.0000057    0.0003056
    11872   474.880 |    0.0000269    0.0004454 |    0.0000004    0.0000092 |    0.0080050    0.0316766 |    0.0000057    0.0003049
    11904   476.160 |    0.0000268    0.0004434 |    0.0000004    0.0000091 |    0.0080122    0.0316018 |    0.0000057    0.0003043
    11936   477.440 |    0.0000267    0.0004416 |    0.0000004    0.0000090 |    0.0080196    0.0315446 |    0.0000056    0.0003033
    11968   478.720 |    0.0000267    0.0004402 |    0.0000004    0.0000090 |    0.0080271    0.0314972 |    0.0000056    0.0003025
    12000   480.000 |    0.0000267    0.0004395 |    0.0000004    0.0000089 |    0.0080345    0.0314573 |    0.0000055    0.0003016
    12032   481.280 |    0.0000266    0.0004394 |    0.0000004    0.0000089 |    0.0080418    0.0314291 |    0.0000054    0.0003006
    12064   482.560 |    0.0000266    0.0004391 |    0.0000004    0.0000089 |    0.0080490    0.0314177 |    0.0000054    0.0002997
    12096   483.840 |    0.0000266    0.0004389 |    0.0000004    0.0000089 |    0.0080560    0.0314243 |    0.0000053    0.0002987
    12128   485.120 |    0.0000266    0.0004390 |    0.0000004    0.0000089 |    0.0080630    0.0314470 |    0.0000053    0.0002978
-----------------------------------------------------------------------------------------------------------------------------------
Iteration      Time |            HYDROBASE::rho |          HYDROBASE::press |            HYDROBASE::eps |      ML_ADMCONSTRAINTS::H
                    |        norm2      maximum |        norm2      maximum |        norm2      maximum |        norm2      maximum
-----------------------------------------------------------------------------------------------------------------------------------
    12160   486.400 |    0.0000266    0.0004395 |    0.0000004    0.0000090 |    0.0080698    0.0314814 |    0.0000052    0.0002967
    12192   487.680 |    0.0000266    0.0004406 |    0.0000004    0.0000090 |    0.0080766    0.0315261 |    0.0000051    0.0002958
    12224   488.960 |    0.0000267    0.0004419 |    0.0000004    0.0000091 |    0.0080833    0.0315866 |    0.0000051    0.0002948
    12256   490.240 |    0.0000267    0.0004433 |    0.0000004    0.0000091 |    0.0080898    0.0316655 |    0.0000050    0.0002939
    12288   491.520 |    0.0000268    0.0004451 |    0.0000004    0.0000092 |    0.0080962    0.0317625 |    0.0000049    0.0002928
    12320   492.800 |    0.0000268    0.0004471 |    0.0000004    0.0000093 |    0.0081025    0.0318761 |    0.0000049    0.0002918
    12352   494.080 |    0.0000269    0.0004493 |    0.0000004    0.0000095 |    0.0081085    0.0320146 |    0.0000048    0.0002908
    12384   495.360 |    0.0000270    0.0004520 |    0.0000004    0.0000096 |    0.0081140    0.0321631 |    0.0000048    0.0002898
    12416   496.640 |    0.0000271    0.0004550 |    0.0000004    0.0000098 |    0.0081194    0.0323308 |    0.0000048    0.0002889
    12448   497.920 |    0.0000272    0.0004581 |    0.0000004    0.0000099 |    0.0081247    0.0325105 |    0.0000047    0.0002879
    12480   499.200 |    0.0000273    0.0004615 |    0.0000004    0.0000101 |    0.0081298    0.0327028 |    0.0000047    0.0002869
    12512   500.480 |    0.0000274    0.0004651 |    0.0000004    0.0000103 |    0.0081348    0.0329054 |    0.0000047    0.0002860
    12544   501.760 |    0.0000276    0.0004690 |    0.0000004    0.0000105 |    0.0081397    0.0331151 |    0.0000047    0.0002851
    12576   503.040 |    0.0000277    0.0004731 |    0.0000004    0.0000108 |    0.0081443    0.0333343 |    0.0000047    0.0002842
    12608   504.320 |    0.0000278    0.0004771 |    0.0000004    0.0000110 |    0.0081487    0.0335584 |    0.0000047    0.0002832
    12640   505.600 |    0.0000280    0.0004811 |    0.0000004    0.0000112 |    0.0081529    0.0337954 |    0.0000047    0.0002822
    12672   506.880 |    0.0000281    0.0004851 |    0.0000004    0.0000115 |    0.0081568    0.0340363 |    0.0000047    0.0002813
    12704   508.160 |    0.0000283    0.0004892 |    0.0000004    0.0000118 |    0.0081604    0.0342732 |    0.0000047    0.0002804
    12736   509.440 |    0.0000285    0.0004933 |    0.0000005    0.0000120 |    0.0081637    0.0345170 |    0.0000047    0.0002797
    12768   510.720 |    0.0000287    0.0004973 |    0.0000005    0.0000123 |    0.0081667    0.0347628 |    0.0000047    0.0002787
Memory statistics from CarpetLib:
   Current number of objects: 768
   Current allocated memory:  257 MB
   Maximum number of objects: 772
   Maximum allocated memory:  258 MB
   Current administrative memory: 1.1 MB
   Total allocated used system memory: 55.4 MB
   Total allocated free system memory: 29.2 MB
   gh::allmemory:    123132
   dh::allmemory:    721984
   th::allmemory:    13888
   ggf::allmemory:   189992
   gdata::allmemory: 55208
-----------------------------------------------------------------------------------------------------------------------------------
Iteration      Time |            HYDROBASE::rho |          HYDROBASE::press |            HYDROBASE::eps |      ML_ADMCONSTRAINTS::H
                    |        norm2      maximum |        norm2      maximum |        norm2      maximum |        norm2      maximum
-----------------------------------------------------------------------------------------------------------------------------------
    12800   512.000 |    0.0000289    0.0005015 |    0.0000005    0.0000126 |    0.0081694    0.0350006 |    0.0000047    0.0002777
    12832   513.280 |    0.0000291    0.0005060 |    0.0000005    0.0000129 |    0.0081718    0.0352496 |    0.0000048    0.0002769
    12864   514.560 |    0.0000293    0.0005103 |    0.0000005    0.0000132 |    0.0081740    0.0354900 |    0.0000048    0.0002760
    12896   515.840 |    0.0000295    0.0005148 |    0.0000005    0.0000135 |    0.0081758    0.0357296 |    0.0000048    0.0002750
    12928   517.120 |    0.0000297    0.0005193 |    0.0000005    0.0000138 |    0.0081774    0.0359701 |    0.0000048    0.0002741
    12960   518.400 |    0.0000299    0.0005239 |    0.0000005    0.0000141 |    0.0081787    0.0362025 |    0.0000048    0.0002730
    12992   519.680 |    0.0000301    0.0005282 |    0.0000005    0.0000144 |    0.0081798    0.0364411 |    0.0000049    0.0002722
    13024   520.960 |    0.0000303    0.0005322 |    0.0000005    0.0000147 |    0.0081806    0.0366868 |    0.0000049    0.0002713
    13056   522.240 |    0.0000305    0.0005360 |    0.0000006    0.0000150 |    0.0081811    0.0369339 |    0.0000049    0.0002704
    13088   523.520 |    0.0000307    0.0005398 |    0.0000006    0.0000153 |    0.0081814    0.0371914 |    0.0000049    0.0002694
    13120   524.800 |    0.0000309    0.0005439 |    0.0000006    0.0000157 |    0.0081813    0.0374517 |    0.0000049    0.0002684
    13152   526.080 |    0.0000312    0.0005476 |    0.0000006    0.0000160 |    0.0081810    0.0377128 |    0.0000049    0.0002674
    13184   527.360 |    0.0000314    0.0005511 |    0.0000006    0.0000163 |    0.0081804    0.0379596 |    0.0000049    0.0002665
INFO (CarpetIOHDF5): ---------------------------------------------------------
INFO (CarpetIOHDF5): Dumping periodic checkpoint at iteration 13199, simulation time 527.96
INFO (CarpetIOHDF5): ---------------------------------------------------------
    13216   528.640 |    0.0000316    0.0005544 |    0.0000006    0.0000167 |    0.0081795    0.0381861 |    0.0000049    0.0002655
    13248   529.920 |    0.0000318    0.0005577 |    0.0000006    0.0000170 |    0.0081783    0.0383855 |    0.0000049    0.0002645
    13280   531.200 |    0.0000320    0.0005610 |    0.0000006    0.0000172 |    0.0081766    0.0385692 |    0.0000048    0.0002636
    13312   532.480 |    0.0000322    0.0005642 |    0.0000006    0.0000175 |    0.0081746    0.0387364 |    0.0000048    0.0002628
    13344   533.760 |    0.0000324    0.0005678 |    0.0000007    0.0000178 |    0.0081718    0.0388982 |    0.0000048    0.0002624
    13376   535.040 |    0.0000326    0.0005720 |    0.0000007    0.0000180 |    0.0081681    0.0390535 |    0.0000048    0.0002625
    13408   536.320 |    0.0000327    0.0005769 |    0.0000007    0.0000183 |    0.0081635    0.0391985 |    0.0000048    0.0002629
-----------------------------------------------------------------------------------------------------------------------------------
Iteration      Time |            HYDROBASE::rho |          HYDROBASE::press |            HYDROBASE::eps |      ML_ADMCONSTRAINTS::H
                    |        norm2      maximum |        norm2      maximum |        norm2      maximum |        norm2      maximum
-----------------------------------------------------------------------------------------------------------------------------------
    13440   537.600 |    0.0000329    0.0005826 |    0.0000007    0.0000185 |    0.0081580    0.0393474 |    0.0000047    0.0002631
    13472   538.880 |    0.0000331    0.0005875 |    0.0000007    0.0000188 |    0.0081514    0.0394840 |    0.0000047    0.0002634
    13504   540.160 |    0.0000332    0.0005907 |    0.0000007    0.0000190 |    0.0081440    0.0396192 |    0.0000047    0.0002635
    13536   541.440 |    0.0000333    0.0005932 |    0.0000007    0.0000193 |    0.0081356    0.0397674 |    0.0000046    0.0002635
    13568   542.720 |    0.0000334    0.0005952 |    0.0000007    0.0000195 |    0.0081266    0.0400484 |    0.0000046    0.0002636
    13600   544.000 |    0.0000335    0.0005966 |    0.0000007    0.0000197 |    0.0081170    0.0403768 |    0.0000046    0.0002639
    13632   545.280 |    0.0000336    0.0005978 |    0.0000007    0.0000199 |    0.0081072    0.0406154 |    0.0000045    0.0002638
    13664   546.560 |    0.0000337    0.0005986 |    0.0000007    0.0000201 |    0.0080976    0.0407891 |    0.0000045    0.0002636
    13696   547.840 |    0.0000337    0.0005993 |    0.0000007    0.0000202 |    0.0080887    0.0409227 |    0.0000045    0.0002635
    13728   549.120 |    0.0000338    0.0005997 |    0.0000007    0.0000203 |    0.0080811    0.0410126 |    0.0000044    0.0002632
    13760   550.400 |    0.0000338    0.0006001 |    0.0000007    0.0000204 |    0.0080754    0.0410704 |    0.0000044    0.0002626
    13792   551.680 |    0.0000338    0.0006003 |    0.0000007    0.0000204 |    0.0080722    0.0411061 |    0.0000044    0.0002624
    13824   552.960 |    0.0000338    0.0006004 |    0.0000007    0.0000204 |    0.0080717    0.0411146 |    0.0000043    0.0002621
    13856   554.240 |    0.0000337    0.0006004 |    0.0000007    0.0000204 |    0.0080737    0.0410995 |    0.0000043    0.0002618
    13888   555.520 |    0.0000337    0.0006001 |    0.0000007    0.0000204 |    0.0080778    0.0410678 |    0.0000043    0.0002613
    13920   556.800 |    0.0000336    0.0005998 |    0.0000007    0.0000203 |    0.0080832    0.0410133 |    0.0000043    0.0002610
    13952   558.080 |    0.0000335    0.0005993 |    0.0000007    0.0000202 |    0.0080895    0.0409379 |    0.0000043    0.0002602
    13984   559.360 |    0.0000334    0.0005987 |    0.0000007    0.0000201 |    0.0080964    0.0408335 |    0.0000042    0.0002598
    14016   560.640 |    0.0000332    0.0005979 |    0.0000007    0.0000200 |    0.0081036    0.0407065 |    0.0000042    0.0002591
    14048   561.920 |    0.0000331    0.0005967 |    0.0000007    0.0000198 |    0.0081108    0.0405358 |    0.0000042    0.0002584
-----------------------------------------------------------------------------------------------------------------------------------
Iteration      Time |            HYDROBASE::rho |          HYDROBASE::press |            HYDROBASE::eps |      ML_ADMCONSTRAINTS::H
                    |        norm2      maximum |        norm2      maximum |        norm2      maximum |        norm2      maximum
-----------------------------------------------------------------------------------------------------------------------------------
    14080   563.200 |    0.0000330    0.0005956 |    0.0000007    0.0000197 |    0.0081181    0.0403206 |    0.0000042    0.0002577
    14112   564.480 |    0.0000328    0.0005934 |    0.0000007    0.0000194 |    0.0081256    0.0400824 |    0.0000042    0.0002567
    14144   565.760 |    0.0000326    0.0005911 |    0.0000007    0.0000192 |    0.0081333    0.0397695 |    0.0000042    0.0002559
    14176   567.040 |    0.0000324    0.0005868 |    0.0000007    0.0000190 |    0.0081415    0.0394887 |    0.0000043    0.0002549
    14208   568.320 |    0.0000322    0.0005780 |    0.0000007    0.0000184 |    0.0081502    0.0389759 |    0.0000043    0.0002538
    14240   569.600 |    0.0000320    0.0005591 |    0.0000006    0.0000173 |    0.0081596    0.0386876 |    0.0000043    0.0002526
    14272   570.880 |    0.0000318    0.0005559 |    0.0000006    0.0000168 |    0.0081695    0.0383856 |    0.0000043    0.0002518
    14304   572.160 |    0.0000316    0.0005515 |    0.0000006    0.0000167 |    0.0081797    0.0380365 |    0.0000044    0.0002507
    14336   573.440 |    0.0000314    0.0005497 |    0.0000006    0.0000165 |    0.0081899    0.0413778 |    0.0000044    0.0002494
    14368   574.720 |    0.0000312    0.0005473 |    0.0000006    0.0000163 |    0.0082001    0.0378452 |    0.0000044    0.0002483
    14400   576.000 |    0.0000310    0.0005437 |    0.0000006    0.0000160 |    0.0082102    0.0376070 |    0.0000045    0.0002475
    14432   577.280 |    0.0000307    0.0005394 |    0.0000006    0.0000156 |    0.0082202    0.0373292 |    0.0000045    0.0002477
    14464   578.560 |    0.0000305    0.0005342 |    0.0000006    0.0000152 |    0.0082301    0.0370089 |    0.0000046    0.0002475
    14496   579.840 |    0.0000303    0.0005285 |    0.0000005    0.0000147 |    0.0082399    0.0366718 |    0.0000046    0.0002476
    14528   581.120 |    0.0000301    0.0005224 |    0.0000005    0.0000143 |    0.0082495    0.0382229 |    0.0000047    0.0002475
    14560   582.400 |    0.0000299    0.0005158 |    0.0000005    0.0000138 |    0.0082589    0.0400466 |    0.0000047    0.0002475
    14592   583.680 |    0.0000297    0.0005098 |    0.0000005    0.0000134 |    0.0082680    0.0357193 |    0.0000047    0.0002474
    14624   584.960 |    0.0000295    0.0005038 |    0.0000005    0.0000131 |    0.0082768    0.0354334 |    0.0000048    0.0002474
    14656   586.240 |    0.0000293    0.0004990 |    0.0000005    0.0000127 |    0.0082852    0.0351529 |    0.0000048    0.0002472
    14688   587.520 |    0.0000291    0.0004939 |    0.0000005    0.0000124 |    0.0082936    0.0348845 |    0.0000049    0.0002472
-----------------------------------------------------------------------------------------------------------------------------------
Iteration      Time |            HYDROBASE::rho |          HYDROBASE::press |            HYDROBASE::eps |      ML_ADMCONSTRAINTS::H
                    |        norm2      maximum |        norm2      maximum |        norm2      maximum |        norm2      maximum
-----------------------------------------------------------------------------------------------------------------------------------
    14720   588.800 |    0.0000289    0.0004893 |    0.0000005    0.0000121 |    0.0083030    0.0346227 |    0.0000049    0.0002469
    14752   590.080 |    0.0000287    0.0004843 |    0.0000005    0.0000118 |    0.0083130    0.0343619 |    0.0000049    0.0002468
    14784   591.360 |    0.0000286    0.0004796 |    0.0000004    0.0000115 |    0.0083220    0.0341093 |    0.0000049    0.0002465
    14816   592.640 |    0.0000284    0.0004747 |    0.0000004    0.0000112 |    0.0083298    0.0338484 |    0.0000049    0.0002461
    14848   593.920 |    0.0000283    0.0004697 |    0.0000004    0.0000110 |    0.0083371    0.0336048 |    0.0000050    0.0002457
    14880   595.200 |    0.0000281    0.0004652 |    0.0000004    0.0000107 |    0.0083441    0.0333621 |    0.0000050    0.0002454
    14912   596.480 |    0.0000280    0.0004606 |    0.0000004    0.0000105 |    0.0083509    0.0331376 |    0.0000049    0.0002450
    14944   597.760 |    0.0000278    0.0004566 |    0.0000004    0.0000102 |    0.0083578    0.0329338 |    0.0000049    0.0002445
    14976   599.040 |    0.0000277    0.0004529 |    0.0000004    0.0000100 |    0.0083647    0.0327567 |    0.0000049    0.0002440
    15008   600.320 |    0.0000276    0.0004498 |    0.0000004    0.0000099 |    0.0083716    0.0326104 |    0.0000049    0.0002436
    15040   601.600 |    0.0000275    0.0004475 |    0.0000004    0.0000098 |    0.0083783    0.0324858 |    0.0000049    0.0002430
    15072   602.880 |    0.0000274    0.0004452 |    0.0000004    0.0000097 |    0.0083846    0.0323798 |    0.0000048    0.0002425
    15104   604.160 |    0.0000274    0.0004433 |    0.0000004    0.0000096 |    0.0083904    0.0322862 |    0.0000048    0.0002419
    15136   605.440 |    0.0000273    0.0004417 |    0.0000004    0.0000095 |    0.0083957    0.0322072 |    0.0000048    0.0002413
    15168   606.720 |    0.0000272    0.0004404 |    0.0000004    0.0000094 |    0.0084004    0.0321466 |    0.0000047    0.0002407
    15200   608.000 |    0.0000272    0.0004393 |    0.0000004    0.0000094 |    0.0084047    0.0321011 |    0.0000047    0.0002401
    15232   609.280 |    0.0000272    0.0004387 |    0.0000004    0.0000093 |    0.0084086    0.0320695 |    0.0000046    0.0002395
    15264   610.560 |    0.0000271    0.0004383 |    0.0000004    0.0000093 |    0.0084121    0.0320495 |    0.0000046    0.0002388
    15296   611.840 |    0.0000271    0.0004381 |    0.0000004    0.0000093 |    0.0084153    0.0320456 |    0.0000045    0.0002382
    15328   613.120 |    0.0000271    0.0004382 |    0.0000004    0.0000093 |    0.0084181    0.0320572 |    0.0000045    0.0002375
-----------------------------------------------------------------------------------------------------------------------------------
Iteration      Time |            HYDROBASE::rho |          HYDROBASE::press |            HYDROBASE::eps |      ML_ADMCONSTRAINTS::H
                    |        norm2      maximum |        norm2      maximum |        norm2      maximum |        norm2      maximum
-----------------------------------------------------------------------------------------------------------------------------------
    15360   614.400 |    0.0000271    0.0004388 |    0.0000004    0.0000094 |    0.0084207    0.0320869 |    0.0000044    0.0002369
    15392   615.680 |    0.0000271    0.0004396 |    0.0000004    0.0000094 |    0.0084230    0.0321352 |    0.0000043    0.0002362
    15424   616.960 |    0.0000271    0.0004408 |    0.0000004    0.0000095 |    0.0084250    0.0322008 |    0.0000043    0.0002355
    15456   618.240 |    0.0000272    0.0004425 |    0.0000004    0.0000096 |    0.0084270    0.0322826 |    0.0000042    0.0002349
    15488   619.520 |    0.0000272    0.0004445 |    0.0000004    0.0000097 |    0.0084287    0.0323810 |    0.0000042    0.0002342
    15520   620.800 |    0.0000273    0.0004468 |    0.0000004    0.0000098 |    0.0084305    0.0324910 |    0.0000041    0.0002335
    15552   622.080 |    0.0000273    0.0004493 |    0.0000004    0.0000099 |    0.0084320    0.0326165 |    0.0000041    0.0002329
    15584   623.360 |    0.0000274    0.0004520 |    0.0000004    0.0000101 |    0.0084335    0.0327502 |    0.0000041    0.0002322
    15616   624.640 |    0.0000275    0.0004548 |    0.0000004    0.0000102 |    0.0084347    0.0328922 |    0.0000040    0.0002316
    15648   625.920 |    0.0000275    0.0004576 |    0.0000004    0.0000104 |    0.0084357    0.0330412 |    0.0000040    0.0002309
    15680   627.200 |    0.0000276    0.0004606 |    0.0000004    0.0000105 |    0.0084366    0.0331962 |    0.0000040    0.0002303
    15712   628.480 |    0.0000277    0.0004637 |    0.0000004    0.0000107 |    0.0084372    0.0333522 |    0.0000039    0.0002297
    15744   629.760 |    0.0000278    0.0004668 |    0.0000004    0.0000109 |    0.0084376    0.0335139 |    0.0000039    0.0002291
    15776   631.040 |    0.0000280    0.0004699 |    0.0000004    0.0000110 |    0.0084378    0.0336776 |    0.0000039    0.0002285
    15808   632.320 |    0.0000281    0.0004731 |    0.0000004    0.0000112 |    0.0084378    0.0338447 |    0.0000039    0.0002278
    15840   633.600 |    0.0000282    0.0004764 |    0.0000004    0.0000114 |    0.0084375    0.0340192 |    0.0000039    0.0002273
    15872   634.880 |    0.0000283    0.0004798 |    0.0000004    0.0000116 |    0.0084370    0.0341986 |    0.0000039    0.0002267
    15904   636.160 |    0.0000285    0.0004832 |    0.0000005    0.0000118 |    0.0084362    0.0343783 |    0.0000039    0.0002261
    15936   637.440 |    0.0000286    0.0004866 |    0.0000005    0.0000121 |    0.0084352    0.0345641 |    0.0000039    0.0002255
    15968   638.720 |    0.0000288    0.0004902 |    0.0000005    0.0000123 |    0.0084340    0.0347506 |    0.0000040    0.0002251
-----------------------------------------------------------------------------------------------------------------------------------
Iteration      Time |            HYDROBASE::rho |          HYDROBASE::press |            HYDROBASE::eps |      ML_ADMCONSTRAINTS::H
                    |        norm2      maximum |        norm2      maximum |        norm2      maximum |        norm2      maximum
-----------------------------------------------------------------------------------------------------------------------------------
    16000   640.000 |    0.0000290    0.0004938 |    0.0000005    0.0000125 |    0.0084325    0.0349361 |    0.0000040    0.0002244
    16032   641.280 |    0.0000291    0.0004972 |    0.0000005    0.0000127 |    0.0084309    0.0351263 |    0.0000040    0.0002239
    16064   642.560 |    0.0000293    0.0005008 |    0.0000005    0.0000130 |    0.0084291    0.0353155 |    0.0000040    0.0002235
    16096   643.840 |    0.0000295    0.0005044 |    0.0000005    0.0000132 |    0.0084272    0.0355012 |    0.0000040    0.0002229
    16128   645.120 |    0.0000296    0.0005080 |    0.0000005    0.0000135 |    0.0084251    0.0356885 |    0.0000041    0.0002224
    16160   646.400 |    0.0000298    0.0005116 |    0.0000005    0.0000137 |    0.0084228    0.0358767 |    0.0000041    0.0002218
    16192   647.680 |    0.0000300    0.0005153 |    0.0000005    0.0000139 |    0.0084203    0.0360718 |    0.0000041    0.0002212
    16224   648.960 |    0.0000302    0.0005193 |    0.0000005    0.0000142 |    0.0084177    0.0362854 |    0.0000041    0.0002207
    16256   650.240 |    0.0000304    0.0005235 |    0.0000005    0.0000145 |    0.0084149    0.0365150 |    0.0000041    0.0002203
    16288   651.520 |    0.0000306    0.0005277 |    0.0000006    0.0000148 |    0.0084119    0.0367500 |    0.0000041    0.0002197
    16320   652.800 |    0.0000307    0.0005317 |    0.0000006    0.0000151 |    0.0084086    0.0369732 |    0.0000041    0.0002192
    16352   654.080 |    0.0000309    0.0005354 |    0.0000006    0.0000154 |    0.0084051    0.0371853 |    0.0000041    0.0002188
    16384   655.360 |    0.0000311    0.0005389 |    0.0000006    0.0000157 |    0.0084013    0.0373867 |    0.0000041    0.0002182
    16416   656.640 |    0.0000313    0.0005421 |    0.0000006    0.0000160 |    0.0083972    0.0375728 |    0.0000041    0.0002176
    16448   657.920 |    0.0000315    0.0005452 |    0.0000006    0.0000163 |    0.0083928    0.0377471 |    0.0000041    0.0002171
    16480   659.200 |    0.0000317    0.0005481 |    0.0000006    0.0000165 |    0.0083882    0.0379167 |    0.0000041    0.0002166
    16512   660.480 |    0.0000318    0.0005510 |    0.0000006    0.0000168 |    0.0083833    0.0380703 |    0.0000041    0.0002161
    16544   661.760 |    0.0000320    0.0005538 |    0.0000006    0.0000171 |    0.0083781    0.0382167 |    0.0000041    0.0002157
    16576   663.040 |    0.0000322    0.0005566 |    0.0000006    0.0000173 |    0.0083726    0.0383577 |    0.0000041    0.0002152
    16608   664.320 |    0.0000323    0.0005594 |    0.0000007    0.0000176 |    0.0083668    0.0385026 |    0.0000040    0.0002147
-----------------------------------------------------------------------------------------------------------------------------------
Iteration      Time |            HYDROBASE::rho |          HYDROBASE::press |            HYDROBASE::eps |      ML_ADMCONSTRAINTS::H
                    |        norm2      maximum |        norm2      maximum |        norm2      maximum |        norm2      maximum
-----------------------------------------------------------------------------------------------------------------------------------
    16640   665.600 |    0.0000325    0.0005621 |    0.0000007    0.0000178 |    0.0083606    0.0386465 |    0.0000040    0.0002142
    16672   666.880 |    0.0000326    0.0005649 |    0.0000007    0.0000180 |    0.0083540    0.0387977 |    0.0000040    0.0002138
    16704   668.160 |    0.0000327    0.0005678 |    0.0000007    0.0000182 |    0.0083466    0.0389452 |    0.0000040    0.0002133
    16736   669.440 |    0.0000329    0.0005707 |    0.0000007    0.0000184 |    0.0083384    0.0390861 |    0.0000039    0.0002129
    16768   670.720 |    0.0000330    0.0005738 |    0.0000007    0.0000186 |    0.0083291    0.0392436 |    0.0000039    0.0002123
    16800   672.000 |    0.0000330    0.0005774 |    0.0000007    0.0000187 |    0.0083190    0.0394206 |    0.0000039    0.0002120
    16832   673.280 |    0.0000331    0.0005812 |    0.0000007    0.0000189 |    0.0083081    0.0396176 |    0.0000038    0.0002116
    16864   674.560 |    0.0000332    0.0005845 |    0.0000007    0.0000190 |    0.0082967    0.0398194 |    0.0000038    0.0002112
    16896   675.840 |    0.0000332    0.0005870 |    0.0000007    0.0000192 |    0.0082851    0.0400032 |    0.0000038    0.0002108
    16928   677.120 |    0.0000333    0.0005887 |    0.0000007    0.0000193 |    0.0082736    0.0401220 |    0.0000038    0.0002105
    16960   678.400 |    0.0000333    0.0005902 |    0.0000007    0.0000194 |    0.0082629    0.0401782 |    0.0000037    0.0002101
    16992   679.680 |    0.0000333    0.0005910 |    0.0000007    0.0000195 |    0.0082536    0.0402210 |    0.0000037    0.0002098
    17024   680.960 |    0.0000333    0.0005914 |    0.0000007    0.0000195 |    0.0082463    0.0402487 |    0.0000037    0.0002096
    17056   682.240 |    0.0000333    0.0005916 |    0.0000007    0.0000195 |    0.0082415    0.0402475 |    0.0000037    0.0002092
    17088   683.520 |    0.0000332    0.0005913 |    0.0000007    0.0000195 |    0.0082393    0.0402295 |    0.0000036    0.0002090
    17120   684.800 |    0.0000332    0.0005907 |    0.0000007    0.0000195 |    0.0082395    0.0401887 |    0.0000036    0.0002087
    17152   686.080 |    0.0000331    0.0005896 |    0.0000007    0.0000194 |    0.0082415    0.0401137 |    0.0000036    0.0002085
    17184   687.360 |    0.0000330    0.0005882 |    0.0000007    0.0000193 |    0.0082449    0.0400229 |    0.0000036    0.0002084
    17216   688.640 |    0.0000330    0.0005865 |    0.0000007    0.0000192 |    0.0082493    0.0399353 |    0.0000036    0.0002082
    17248   689.920 |    0.0000328    0.0005826 |    0.0000007    0.0000190 |    0.0082544    0.0397133 |    0.0000036    0.0002082
-----------------------------------------------------------------------------------------------------------------------------------
Iteration      Time |            HYDROBASE::rho |          HYDROBASE::press |            HYDROBASE::eps |      ML_ADMCONSTRAINTS::H
                    |        norm2      maximum |        norm2      maximum |        norm2      maximum |        norm2      maximum
-----------------------------------------------------------------------------------------------------------------------------------
    17280   691.200 |    0.0000327    0.0005765 |    0.0000007    0.0000187 |    0.0082601    0.0393660 |    0.0000036    0.0002080
    17312   692.480 |    0.0000326    0.0005651 |    0.0000007    0.0000180 |    0.0082662    0.0387531 |    0.0000036    0.0002077
    17344   693.760 |    0.0000325    0.0005612 |    0.0000007    0.0000178 |    0.0082728    0.0385552 |    0.0000036    0.0002076
    17376   695.040 |    0.0000323    0.0005607 |    0.0000007    0.0000177 |    0.0082799    0.0384516 |    0.0000036    0.0002076
    17408   696.320 |    0.0000322    0.0005584 |    0.0000007    0.0000175 |    0.0082872    0.0383140 |    0.0000037    0.0002075
    17440   697.600 |    0.0000320    0.0005563 |    0.0000006    0.0000173 |    0.0082946    0.0381895 |    0.0000037    0.0002074
    17472   698.880 |    0.0000318    0.0005537 |    0.0000006    0.0000171 |    0.0083020    0.0380397 |    0.0000037    0.0002074
    17504   700.160 |    0.0000316    0.0005510 |    0.0000006    0.0000168 |    0.0083094    0.0414845 |    0.0000037    0.0002073
    17536   701.440 |    0.0000315    0.0005483 |    0.0000006    0.0000166 |    0.0083168    0.0429863 |    0.0000038    0.0002072
    17568   702.720 |    0.0000313    0.0005449 |    0.0000006    0.0000163 |    0.0083241    0.0396660 |    0.0000038    0.0002072
    17600   704.000 |    0.0000311    0.0005417 |    0.0000006    0.0000160 |    0.0083312    0.0373563 |    0.0000039    0.0002071
    17632   705.280 |    0.0000309    0.0005381 |    0.0000006    0.0000157 |    0.0083381    0.0371567 |    0.0000039    0.0002070
    17664   706.560 |    0.0000307    0.0005336 |    0.0000006    0.0000153 |    0.0083447    0.0369109 |    0.0000039    0.0002069
    17696   707.840 |    0.0000305    0.0005292 |    0.0000006    0.0000150 |    0.0083511    0.0366693 |    0.0000040    0.0002067
    17728   709.120 |    0.0000303    0.0005244 |    0.0000005    0.0000146 |    0.0083574    0.0364129 |    0.0000040    0.0002066
    17760   710.400 |    0.0000302    0.0005183 |    0.0000005    0.0000142 |    0.0083637    0.0360829 |    0.0000041    0.0002065
    17792   711.680 |    0.0000300    0.0005129 |    0.0000005    0.0000139 |    0.0083699    0.0357930 |    0.0000041    0.0002064
    17824   712.960 |    0.0000298    0.0005071 |    0.0000005    0.0000135 |    0.0083761    0.0354856 |    0.0000042    0.0002060
    17856   714.240 |    0.0000296    0.0005022 |    0.0000005    0.0000131 |    0.0083822    0.0352450 |    0.0000042    0.0002060
    17888   715.520 |    0.0000295    0.0004993 |    0.0000005    0.0000129 |    0.0083883    0.0350743 |    0.0000042    0.0002057
-----------------------------------------------------------------------------------------------------------------------------------
Iteration      Time |            HYDROBASE::rho |          HYDROBASE::press |            HYDROBASE::eps |      ML_ADMCONSTRAINTS::H
                    |        norm2      maximum |        norm2      maximum |        norm2      maximum |        norm2      maximum
-----------------------------------------------------------------------------------------------------------------------------------
    17920   716.800 |    0.0000293    0.0004952 |    0.0000005    0.0000127 |    0.0083942    0.0348586 |    0.0000043    0.0002054
    17952   718.080 |    0.0000291    0.0004924 |    0.0000005    0.0000125 |    0.0084000    0.0347117 |    0.0000043    0.0002051
    17984   719.360 |    0.0000290    0.0004888 |    0.0000005    0.0000123 |    0.0084061    0.0345268 |    0.0000043    0.0002049
    18016   720.640 |    0.0000288    0.0004847 |    0.0000005    0.0000120 |    0.0084126    0.0343120 |    0.0000043    0.0002045
    18048   721.920 |    0.0000287    0.0004811 |    0.0000005    0.0000118 |    0.0084190    0.0341294 |    0.0000043    0.0002042
    18080   723.200 |    0.0000285    0.0004770 |    0.0000004    0.0000115 |    0.0084252    0.0339165 |    0.0000043    0.0002038
    18112   724.480 |    0.0000284    0.0004725 |    0.0000004    0.0000113 |    0.0084309    0.0336905 |    0.0000043    0.0002034
    18144   725.760 |    0.0000283    0.0004690 |    0.0000004    0.0000111 |    0.0084362    0.0335078 |    0.0000043    0.0002029
    18176   727.040 |    0.0000282    0.0004656 |    0.0000004    0.0000109 |    0.0084411    0.0333359 |    0.0000043    0.0002026
    18208   728.320 |    0.0000281    0.0004618 |    0.0000004    0.0000106 |    0.0084453    0.0331560 |    0.0000043    0.0002021
    18240   729.600 |    0.0000280    0.0004591 |    0.0000004    0.0000105 |    0.0084489    0.0330068 |    0.0000043    0.0002016
    18272   730.880 |    0.0000279    0.0004565 |    0.0000004    0.0000104 |    0.0084521    0.0328752 |    0.0000043    0.0002012
    18304   732.160 |    0.0000278    0.0004538 |    0.0000004    0.0000102 |    0.0084550    0.0327576 |    0.0000042    0.0002007
    18336   733.440 |    0.0000278    0.0004521 |    0.0000004    0.0000101 |    0.0084575    0.0326583 |    0.0000042    0.0002001
    18368   734.720 |    0.0000277    0.0004504 |    0.0000004    0.0000100 |    0.0084597    0.0325775 |    0.0000041    0.0001996
    18400   736.000 |    0.0000276    0.0004489 |    0.0000004    0.0000100 |    0.0084615    0.0325069 |    0.0000041    0.0001991
    18432   737.280 |    0.0000276    0.0004478 |    0.0000004    0.0000099 |    0.0084630    0.0324523 |    0.0000041    0.0001985
    18464   738.560 |    0.0000276    0.0004470 |    0.0000004    0.0000099 |    0.0084643    0.0324142 |    0.0000040    0.0001980
    18496   739.840 |    0.0000275    0.0004465 |    0.0000004    0.0000098 |    0.0084653    0.0323926 |    0.0000040    0.0001974
    18528   741.120 |    0.0000275    0.0004464 |    0.0000004    0.0000098 |    0.0084660    0.0323865 |    0.0000039    0.0001969
-----------------------------------------------------------------------------------------------------------------------------------
Iteration      Time |            HYDROBASE::rho |          HYDROBASE::press |            HYDROBASE::eps |      ML_ADMCONSTRAINTS::H
                    |        norm2      maximum |        norm2      maximum |        norm2      maximum |        norm2      maximum
-----------------------------------------------------------------------------------------------------------------------------------
    18560   742.400 |    0.0000275    0.0004466 |    0.0000004    0.0000098 |    0.0084665    0.0323939 |    0.0000039    0.0001963
    18592   743.680 |    0.0000275    0.0004469 |    0.0000004    0.0000098 |    0.0084668    0.0324143 |    0.0000038    0.0001958
    18624   744.960 |    0.0000275    0.0004476 |    0.0000004    0.0000099 |    0.0084670    0.0324491 |    0.0000037    0.0001952
    18656   746.240 |    0.0000275    0.0004486 |    0.0000004    0.0000099 |    0.0084670    0.0325004 |    0.0000037    0.0001947
    18688   747.520 |    0.0000276    0.0004500 |    0.0000004    0.0000100 |    0.0084669    0.0325656 |    0.0000036    0.0001941
    18720   748.800 |    0.0000276    0.0004515 |    0.0000004    0.0000101 |    0.0084666    0.0326466 |    0.0000036    0.0001936
    18752   750.080 |    0.0000277    0.0004534 |    0.0000004    0.0000102 |    0.0084661    0.0327407 |    0.0000036    0.0001931
    18784   751.360 |    0.0000277    0.0004555 |    0.0000004    0.0000103 |    0.0084653    0.0328460 |    0.0000035    0.0001925
    18816   752.640 |    0.0000278    0.0004578 |    0.0000004    0.0000104 |    0.0084644    0.0329617 |    0.0000035    0.0001920
    18848   753.920 |    0.0000278    0.0004603 |    0.0000004    0.0000106 |    0.0084631    0.0330881 |    0.0000035    0.0001915
    18880   755.200 |    0.0000279    0.0004630 |    0.0000004    0.0000107 |    0.0084615    0.0332241 |    0.0000034    0.0001910
    18912   756.480 |    0.0000280    0.0004658 |    0.0000004    0.0000109 |    0.0084597    0.0333687 |    0.0000034    0.0001904
    18944   757.760 |    0.0000281    0.0004687 |    0.0000004    0.0000110 |    0.0084575    0.0335161 |    0.0000034    0.0001900
    18976   759.040 |    0.0000282    0.0004716 |    0.0000004    0.0000112 |    0.0084551    0.0336666 |    0.0000034    0.0001895
    19008   760.320 |    0.0000283    0.0004745 |    0.0000004    0.0000114 |    0.0084523    0.0338214 |    0.0000034    0.0001890
    19040   761.600 |    0.0000284    0.0004776 |    0.0000004    0.0000115 |    0.0084494    0.0339788 |    0.0000034    0.0001885
    19072   762.880 |    0.0000285    0.0004807 |    0.0000004    0.0000117 |    0.0084462    0.0341375 |    0.0000034    0.0001881
    19104   764.160 |    0.0000286    0.0004837 |    0.0000005    0.0000119 |    0.0084429    0.0342984 |    0.0000034    0.0001877
    19136   765.440 |    0.0000288    0.0004868 |    0.0000005    0.0000121 |    0.0084394    0.0344627 |    0.0000034    0.0001873
    19168   766.720 |    0.0000289    0.0004899 |    0.0000005    0.0000123 |    0.0084357    0.0346268 |    0.0000034    0.0001868
Memory statistics from CarpetLib:
   Current number of objects: 768
   Current allocated memory:  257 MB
   Maximum number of objects: 772
   Maximum allocated memory:  258 MB
   Current administrative memory: 1.1 MB
   Total allocated used system memory: 55.4 MB
   Total allocated free system memory: 31.4 MB
   gh::allmemory:    123132
   dh::allmemory:    721984
   th::allmemory:    13888
   ggf::allmemory:   189992
   gdata::allmemory: 55208
-----------------------------------------------------------------------------------------------------------------------------------
Iteration      Time |            HYDROBASE::rho |          HYDROBASE::press |            HYDROBASE::eps |      ML_ADMCONSTRAINTS::H
                    |        norm2      maximum |        norm2      maximum |        norm2      maximum |        norm2      maximum
-----------------------------------------------------------------------------------------------------------------------------------
    19200   768.000 |    0.0000290    0.0004930 |    0.0000005    0.0000125 |    0.0084318    0.0347904 |    0.0000034    0.0001865
    19232   769.280 |    0.0000292    0.0004962 |    0.0000005    0.0000127 |    0.0084278    0.0349582 |    0.0000034    0.0001860
    19264   770.560 |    0.0000293    0.0004994 |    0.0000005    0.0000129 |    0.0084236    0.0351345 |    0.0000034    0.0001856
    19296   771.840 |    0.0000295    0.0005028 |    0.0000005    0.0000132 |    0.0084192    0.0353146 |    0.0000034    0.0001852
    19328   773.120 |    0.0000296    0.0005064 |    0.0000005    0.0000134 |    0.0084146    0.0354995 |    0.0000035    0.0001848
    19360   774.400 |    0.0000298    0.0005101 |    0.0000005    0.0000136 |    0.0084098    0.0356906 |    0.0000035    0.0001845
    19392   775.680 |    0.0000300    0.0005138 |    0.0000005    0.0000139 |    0.0084048    0.0358831 |    0.0000035    0.0001841
    19424   776.960 |    0.0000301    0.0005174 |    0.0000005    0.0000141 |    0.0083995    0.0360740 |    0.0000035    0.0001837
    19456   778.240 |    0.0000303    0.0005211 |    0.0000005    0.0000144 |    0.0083940    0.0362677 |    0.0000035    0.0001834
    19488   779.520 |    0.0000305    0.0005247 |    0.0000006    0.0000146 |    0.0083883    0.0364678 |    0.0000035    0.0001830
    19520   780.800 |    0.0000306    0.0005283 |    0.0000006    0.0000149 |    0.0083824    0.0366627 |    0.0000035    0.0001827
    19552   782.080 |    0.0000308    0.0005318 |    0.0000006    0.0000151 |    0.0083762    0.0368582 |    0.0000035    0.0001823
    19584   783.360 |    0.0000310    0.0005351 |    0.0000006    0.0000154 |    0.0083699    0.0370523 |    0.0000036    0.0001820
    19616   784.640 |    0.0000311    0.0005383 |    0.0000006    0.0000157 |    0.0083633    0.0372386 |    0.0000036    0.0001816
    19648   785.920 |    0.0000313    0.0005413 |    0.0000006    0.0000159 |    0.0083565    0.0374140 |    0.0000035    0.0001813
INFO (CarpetIOHDF5): ---------------------------------------------------------
INFO (CarpetIOHDF5): Dumping periodic checkpoint at iteration 19667, simulation time 786.68
INFO (CarpetIOHDF5): ---------------------------------------------------------
    19680   787.200 |    0.0000314    0.0005441 |    0.0000006    0.0000162 |    0.0083496    0.0375821 |    0.0000035    0.0001810
    19712   788.480 |    0.0000316    0.0005467 |    0.0000006    0.0000164 |    0.0083424    0.0377404 |    0.0000035    0.0001807
    19744   789.760 |    0.0000317    0.0005491 |    0.0000006    0.0000166 |    0.0083351    0.0378933 |    0.0000035    0.0001804
    19776   791.040 |    0.0000319    0.0005515 |    0.0000006    0.0000168 |    0.0083276    0.0380419 |    0.0000035    0.0001801
    19808   792.320 |    0.0000320    0.0005538 |    0.0000006    0.0000171 |    0.0083199    0.0381810 |    0.0000035    0.0001798
-----------------------------------------------------------------------------------------------------------------------------------
Iteration      Time |            HYDROBASE::rho |          HYDROBASE::press |            HYDROBASE::eps |      ML_ADMCONSTRAINTS::H
                    |        norm2      maximum |        norm2      maximum |        norm2      maximum |        norm2      maximum
-----------------------------------------------------------------------------------------------------------------------------------
    19840   793.600 |    0.0000321    0.0005560 |    0.0000006    0.0000173 |    0.0083121    0.0383073 |    0.0000035    0.0001794
    19872   794.880 |    0.0000323    0.0005582 |    0.0000007    0.0000175 |    0.0083039    0.0384248 |    0.0000035    0.0001791
    19904   796.160 |    0.0000324    0.0005603 |    0.0000007    0.0000176 |    0.0082955    0.0385322 |    0.0000034    0.0001788
    19936   797.440 |    0.0000325    0.0005624 |    0.0000007    0.0000178 |    0.0082867    0.0386337 |    0.0000034    0.0001785
    19968   798.720 |    0.0000326    0.0005643 |    0.0000007    0.0000180 |    0.0082776    0.0387266 |    0.0000034    0.0001783
    20000   800.000 |    0.0000327    0.0005663 |    0.0000007    0.0000181 |    0.0082679    0.0388122 |    0.0000034    0.0001780
    20032   801.280 |    0.0000328    0.0005680 |    0.0000007    0.0000182 |    0.0082577    0.0388898 |    0.0000033    0.0001778
    20064   802.560 |    0.0000328    0.0005698 |    0.0000007    0.0000183 |    0.0082470    0.0389594 |    0.0000033    0.0001775
    20096   803.840 |    0.0000329    0.0005714 |    0.0000007    0.0000184 |    0.0082360    0.0390230 |    0.0000033    0.0001772
    20128   805.120 |    0.0000329    0.0005728 |    0.0000007    0.0000185 |    0.0082248    0.0390791 |    0.0000033    0.0001770
    20160   806.400 |    0.0000329    0.0005743 |    0.0000007    0.0000186 |    0.0082136    0.0391288 |    0.0000032    0.0001768
    20192   807.680 |    0.0000329    0.0005752 |    0.0000007    0.0000186 |    0.0082027    0.0391755 |    0.0000032    0.0001766
    20224   808.960 |    0.0000330    0.0005758 |    0.0000007    0.0000186 |    0.0081926    0.0392082 |    0.0000032    0.0001764
    20256   810.240 |    0.0000329    0.0005761 |    0.0000007    0.0000186 |    0.0081835    0.0392252 |    0.0000032    0.0001762
    20288   811.520 |    0.0000329    0.0005758 |    0.0000007    0.0000186 |    0.0081758    0.0392121 |    0.0000031    0.0001761
    20320   812.800 |    0.0000329    0.0005750 |    0.0000007    0.0000186 |    0.0081699    0.0391694 |    0.0000031    0.0001759
    20352   814.080 |    0.0000328    0.0005737 |    0.0000007    0.0000185 |    0.0081661    0.0391168 |    0.0000031    0.0001757
    20384   815.360 |    0.0000328    0.0005718 |    0.0000007    0.0000184 |    0.0081642    0.0390582 |    0.0000031    0.0001756
    20416   816.640 |    0.0000327    0.0005699 |    0.0000007    0.0000183 |    0.0081643    0.0389873 |    0.0000031    0.0001755
    20448   817.920 |    0.0000326    0.0005676 |    0.0000007    0.0000182 |    0.0081661    0.0389081 |    0.0000031    0.0001753
-----------------------------------------------------------------------------------------------------------------------------------
Iteration      Time |            HYDROBASE::rho |          HYDROBASE::press |            HYDROBASE::eps |      ML_ADMCONSTRAINTS::H
                    |        norm2      maximum |        norm2      maximum |        norm2      maximum |        norm2      maximum
-----------------------------------------------------------------------------------------------------------------------------------
    20480   819.200 |    0.0000325    0.0005656 |    0.0000007    0.0000181 |    0.0081693    0.0388207 |    0.0000031    0.0001753
    20512   820.480 |    0.0000324    0.0005632 |    0.0000007    0.0000179 |    0.0081735    0.0387271 |    0.0000031    0.0001751
    20544   821.760 |    0.0000323    0.0005614 |    0.0000007    0.0000177 |    0.0081784    0.0386295 |    0.0000031    0.0001749
    20576   823.040 |    0.0000322    0.0005589 |    0.0000007    0.0000175 |    0.0081834    0.0385249 |    0.0000031    0.0001748
    20608   824.320 |    0.0000321    0.0005570 |    0.0000006    0.0000174 |    0.0081887    0.0384145 |    0.0000032    0.0001748
    20640   825.600 |    0.0000319    0.0005547 |    0.0000006    0.0000171 |    0.0081941    0.0382959 |    0.0000032    0.0001746
    20672   826.880 |    0.0000318    0.0005523 |    0.0000006    0.0000169 |    0.0081998    0.0381670 |    0.0000032    0.0001745
    20704   828.160 |    0.0000316    0.0005500 |    0.0000006    0.0000167 |    0.0082057    0.0380292 |    0.0000032    0.0001744
    20736   829.440 |    0.0000315    0.0005474 |    0.0000006    0.0000165 |    0.0082119    0.0378824 |    0.0000033    0.0001744
    20768   830.720 |    0.0000313    0.0005448 |    0.0000006    0.0000162 |    0.0082183    0.0377220 |    0.0000033    0.0001742
    20800   832.000 |    0.0000312    0.0005420 |    0.0000006    0.0000160 |    0.0082251    0.0375505 |    0.0000033    0.0001742
    20832   833.280 |    0.0000310    0.0005389 |    0.0000006    0.0000157 |    0.0082320    0.0373662 |    0.0000034    0.0001741
    20864   834.560 |    0.0000308    0.0005354 |    0.0000006    0.0000154 |    0.0082391    0.0371685 |    0.0000034    0.0001740
    20896   835.840 |    0.0000307    0.0005317 |    0.0000006    0.0000151 |    0.0082463    0.0369501 |    0.0000035    0.0001739
    20928   837.120 |    0.0000305    0.0005277 |    0.0000006    0.0000149 |    0.0082535    0.0367204 |    0.0000035    0.0001738
    20960   838.400 |    0.0000303    0.0005230 |    0.0000005    0.0000145 |    0.0082606    0.0364840 |    0.0000035    0.0001737
    20992   839.680 |    0.0000302    0.0005182 |    0.0000005    0.0000142 |    0.0082676    0.0362405 |    0.0000036    0.0001735
    21024   840.960 |    0.0000300    0.0005138 |    0.0000005    0.0000139 |    0.0082743    0.0360037 |    0.0000036    0.0001734
    21056   842.240 |    0.0000299    0.0005089 |    0.0000005    0.0000136 |    0.0082810    0.0357863 |    0.0000036    0.0001733
    21088   843.520 |    0.0000297    0.0005051 |    0.0000005    0.0000133 |    0.0082874    0.0355749 |    0.0000037    0.0001731
-----------------------------------------------------------------------------------------------------------------------------------
Iteration      Time |            HYDROBASE::rho |          HYDROBASE::press |            HYDROBASE::eps |      ML_ADMCONSTRAINTS::H
                    |        norm2      maximum |        norm2      maximum |        norm2      maximum |        norm2      maximum
-----------------------------------------------------------------------------------------------------------------------------------
    21120   844.800 |    0.0000296    0.0005019 |    0.0000005    0.0000131 |    0.0082936    0.0353844 |    0.0000037    0.0001730
    21152   846.080 |    0.0000294    0.0004980 |    0.0000005    0.0000129 |    0.0082996    0.0352080 |    0.0000037    0.0001727
    21184   847.360 |    0.0000293    0.0004948 |    0.0000005    0.0000126 |    0.0083064    0.0350248 |    0.0000037    0.0001726
    21216   848.640 |    0.0000291    0.0004915 |    0.0000005    0.0000124 |    0.0083144    0.0348500 |    0.0000038    0.0001723
    21248   849.920 |    0.0000290    0.0004878 |    0.0000005    0.0000122 |    0.0083218    0.0346765 |    0.0000038    0.0001722
    21280   851.200 |    0.0000289    0.0004845 |    0.0000005    0.0000120 |    0.0083282    0.0344989 |    0.0000038    0.0001719
    21312   852.480 |    0.0000288    0.0004813 |    0.0000005    0.0000118 |    0.0083333    0.0343242 |    0.0000038    0.0001716
    21344   853.760 |    0.0000286    0.0004780 |    0.0000005    0.0000116 |    0.0083376    0.0341605 |    0.0000038    0.0001713
    21376   855.040 |    0.0000285    0.0004747 |    0.0000004    0.0000114 |    0.0083415    0.0340035 |    0.0000038    0.0001709
    21408   856.320 |    0.0000284    0.0004719 |    0.0000004    0.0000112 |    0.0083451    0.0338508 |    0.0000038    0.0001707
    21440   857.600 |    0.0000283    0.0004693 |    0.0000004    0.0000111 |    0.0083486    0.0337142 |    0.0000038    0.0001703
    21472   858.880 |    0.0000283    0.0004666 |    0.0000004    0.0000109 |    0.0083518    0.0335913 |    0.0000037    0.0001699
    21504   860.160 |    0.0000282    0.0004643 |    0.0000004    0.0000108 |    0.0083550    0.0334780 |    0.0000037    0.0001696
    21536   861.440 |    0.0000281    0.0004624 |    0.0000004    0.0000107 |    0.0083581    0.0333743 |    0.0000037    0.0001693
    21568   862.720 |    0.0000281    0.0004606 |    0.0000004    0.0000106 |    0.0083611    0.0332858 |    0.0000037    0.0001689
    21600   864.000 |    0.0000280    0.0004591 |    0.0000004    0.0000105 |    0.0083640    0.0332097 |    0.0000036    0.0001685
    21632   865.280 |    0.0000280    0.0004577 |    0.0000004    0.0000104 |    0.0083668    0.0331455 |    0.0000036    0.0001682
    21664   866.560 |    0.0000279    0.0004566 |    0.0000004    0.0000104 |    0.0083694    0.0330930 |    0.0000035    0.0001678
    21696   867.840 |    0.0000279    0.0004558 |    0.0000004    0.0000103 |    0.0083717    0.0330547 |    0.0000035    0.0001674
    21728   869.120 |    0.0000279    0.0004553 |    0.0000004    0.0000103 |    0.0083739    0.0330307 |    0.0000035    0.0001670
-----------------------------------------------------------------------------------------------------------------------------------
Iteration      Time |            HYDROBASE::rho |          HYDROBASE::press |            HYDROBASE::eps |      ML_ADMCONSTRAINTS::H
                    |        norm2      maximum |        norm2      maximum |        norm2      maximum |        norm2      maximum
-----------------------------------------------------------------------------------------------------------------------------------
    21760   870.400 |    0.0000278    0.0004550 |    0.0000004    0.0000103 |    0.0083758    0.0330187 |    0.0000034    0.0001666
    21792   871.680 |    0.0000278    0.0004550 |    0.0000004    0.0000103 |    0.0083775    0.0330197 |    0.0000034    0.0001662
    21824   872.960 |    0.0000278    0.0004553 |    0.0000004    0.0000103 |    0.0083789    0.0330339 |    0.0000033    0.0001658
    21856   874.240 |    0.0000279    0.0004558 |    0.0000004    0.0000103 |    0.0083800    0.0330617 |    0.0000033    0.0001654
    21888   875.520 |    0.0000279    0.0004565 |    0.0000004    0.0000104 |    0.0083807    0.0331029 |    0.0000032    0.0001650
    21920   876.800 |    0.0000279    0.0004576 |    0.0000004    0.0000104 |    0.0083811    0.0331575 |    0.0000032    0.0001646
    21952   878.080 |    0.0000279    0.0004590 |    0.0000004    0.0000105 |    0.0083811    0.0332253 |    0.0000031    0.0001642
    21984   879.360 |    0.0000280    0.0004605 |    0.0000004    0.0000106 |    0.0083808    0.0333069 |    0.0000031    0.0001638
    22016   880.640 |    0.0000280    0.0004624 |    0.0000004    0.0000107 |    0.0083802    0.0334015 |    0.0000031    0.0001634
    22048   881.920 |    0.0000281    0.0004645 |    0.0000004    0.0000108 |    0.0083791    0.0335082 |    0.0000030    0.0001631
    22080   883.200 |    0.0000281    0.0004667 |    0.0000004    0.0000109 |    0.0083778    0.0336237 |    0.0000030    0.0001627
    22112   884.480 |    0.0000282    0.0004691 |    0.0000004    0.0000111 |    0.0083761    0.0337465 |    0.0000030    0.0001624
    22144   885.760 |    0.0000283    0.0004717 |    0.0000004    0.0000112 |    0.0083741    0.0338772 |    0.0000030    0.0001620
    22176   887.040 |    0.0000284    0.0004743 |    0.0000004    0.0000114 |    0.0083718    0.0340141 |    0.0000030    0.0001617
    22208   888.320 |    0.0000285    0.0004770 |    0.0000004    0.0000115 |    0.0083692    0.0341565 |    0.0000029    0.0001613
    22240   889.600 |    0.0000286    0.0004798 |    0.0000005    0.0000117 |    0.0083664    0.0343009 |    0.0000029    0.0001610
    22272   890.880 |    0.0000287    0.0004826 |    0.0000005    0.0000119 |    0.0083632    0.0344458 |    0.0000029    0.0001607
    22304   892.160 |    0.0000288    0.0004853 |    0.0000005    0.0000120 |    0.0083599    0.0345941 |    0.0000029    0.0001604
    22336   893.440 |    0.0000289    0.0004881 |    0.0000005    0.0000122 |    0.0083562    0.0347443 |    0.0000029    0.0001601
    22368   894.720 |    0.0000290    0.0004909 |    0.0000005    0.0000124 |    0.0083524    0.0348940 |    0.0000029    0.0001598
-----------------------------------------------------------------------------------------------------------------------------------
Iteration      Time |            HYDROBASE::rho |          HYDROBASE::press |            HYDROBASE::eps |      ML_ADMCONSTRAINTS::H
                    |        norm2      maximum |        norm2      maximum |        norm2      maximum |        norm2      maximum
-----------------------------------------------------------------------------------------------------------------------------------
    22400   896.000 |    0.0000291    0.0004938 |    0.0000005    0.0000126 |    0.0083482    0.0350439 |    0.0000030    0.0001596
    22432   897.280 |    0.0000293    0.0004966 |    0.0000005    0.0000128 |    0.0083438    0.0351970 |    0.0000030    0.0001593
    22464   898.560 |    0.0000294    0.0004995 |    0.0000005    0.0000130 |    0.0083392    0.0353540 |    0.0000030    0.0001590
    22496   899.840 |    0.0000295    0.0005025 |    0.0000005    0.0000132 |    0.0083343    0.0355115 |    0.0000030    0.0001588
    22528   901.120 |    0.0000297    0.0005056 |    0.0000005    0.0000134 |    0.0083292    0.0356709 |    0.0000030    0.0001585
    22560   902.400 |    0.0000298    0.0005087 |    0.0000005    0.0000136 |    0.0083238    0.0358358 |    0.0000030    0.0001583
    22592   903.680 |    0.0000299    0.0005119 |    0.0000005    0.0000138 |    0.0083183    0.0360051 |    0.0000030    0.0001581
    22624   904.960 |    0.0000301    0.0005152 |    0.0000005    0.0000140 |    0.0083125    0.0361761 |    0.0000031    0.0001578
    22656   906.240 |    0.0000302    0.0005186 |    0.0000005    0.0000142 |    0.0083065    0.0363501 |    0.0000031    0.0001576
    22688   907.520 |    0.0000304    0.0005220 |    0.0000005    0.0000145 |    0.0083004    0.0365282 |    0.0000031    0.0001574
    22720   908.800 |    0.0000305    0.0005252 |    0.0000006    0.0000147 |    0.0082940    0.0367105 |    0.0000031    0.0001572
    22752   910.080 |    0.0000307    0.0005285 |    0.0000006    0.0000149 |    0.0082875    0.0368877 |    0.0000031    0.0001570
    22784   911.360 |    0.0000308    0.0005315 |    0.0000006    0.0000151 |    0.0082809    0.0370595 |    0.0000031    0.0001568
    22816   912.640 |    0.0000310    0.0005343 |    0.0000006    0.0000154 |    0.0082740    0.0372258 |    0.0000031    0.0001566
    22848   913.920 |    0.0000311    0.0005369 |    0.0000006    0.0000156 |    0.0082670    0.0373837 |    0.0000031    0.0001564
    22880   915.200 |    0.0000312    0.0005394 |    0.0000006    0.0000158 |    0.0082598    0.0375286 |    0.0000031    0.0001562
    22912   916.480 |    0.0000314    0.0005417 |    0.0000006    0.0000160 |    0.0082525    0.0376681 |    0.0000031    0.0001560
    22944   917.760 |    0.0000315    0.0005439 |    0.0000006    0.0000162 |    0.0082450    0.0378021 |    0.0000031    0.0001559
    22976   919.040 |    0.0000316    0.0005460 |    0.0000006    0.0000164 |    0.0082374    0.0379313 |    0.0000031    0.0001557
    23008   920.320 |    0.0000318    0.0005481 |    0.0000006    0.0000166 |    0.0082296    0.0380539 |    0.0000031    0.0001555
-----------------------------------------------------------------------------------------------------------------------------------
Iteration      Time |            HYDROBASE::rho |          HYDROBASE::press |            HYDROBASE::eps |      ML_ADMCONSTRAINTS::H
                    |        norm2      maximum |        norm2      maximum |        norm2      maximum |        norm2      maximum
-----------------------------------------------------------------------------------------------------------------------------------
    23040   921.600 |    0.0000319    0.0005501 |    0.0000006    0.0000167 |    0.0082216    0.0381694 |    0.0000031    0.0001553
    23072   922.880 |    0.0000320    0.0005520 |    0.0000006    0.0000169 |    0.0082135    0.0382763 |    0.0000030    0.0001551
    23104   924.160 |    0.0000321    0.0005538 |    0.0000006    0.0000171 |    0.0082053    0.0383748 |    0.0000030    0.0001550
    23136   925.440 |    0.0000322    0.0005554 |    0.0000006    0.0000172 |    0.0081969    0.0384659 |    0.0000030    0.0001548
    23168   926.720 |    0.0000323    0.0005570 |    0.0000006    0.0000174 |    0.0081884    0.0385507 |    0.0000030    0.0001547
    23200   928.000 |    0.0000324    0.0005584 |    0.0000007    0.0000175 |    0.0081797    0.0386262 |    0.0000030    0.0001545
    23232   929.280 |    0.0000324    0.0005597 |    0.0000007    0.0000176 |    0.0081708    0.0386979 |    0.0000029    0.0001544
    23264   930.560 |    0.0000325    0.0005610 |    0.0000007    0.0000177 |    0.0081618    0.0387619 |    0.0000029    0.0001543
    23296   931.840 |    0.0000326    0.0005621 |    0.0000007    0.0000178 |    0.0081527    0.0388215 |    0.0000029    0.0001541
    23328   933.120 |    0.0000326    0.0005632 |    0.0000007    0.0000179 |    0.0081432    0.0388727 |    0.0000029    0.0001539
    23360   934.400 |    0.0000326    0.0005641 |    0.0000007    0.0000180 |    0.0081330    0.0389207 |    0.0000028    0.0001538
    23392   935.680 |    0.0000327    0.0005649 |    0.0000007    0.0000180 |    0.0081224    0.0389579 |    0.0000028    0.0001537
    23424   936.960 |    0.0000327    0.0005655 |    0.0000007    0.0000181 |    0.0081115    0.0389856 |    0.0000028    0.0001536
    23456   938.240 |    0.0000327    0.0005658 |    0.0000007    0.0000181 |    0.0081006    0.0390022 |    0.0000028    0.0001535
    23488   939.520 |    0.0000326    0.0005659 |    0.0000007    0.0000181 |    0.0080900    0.0390060 |    0.0000028    0.0001534
    23520   940.800 |    0.0000326    0.0005657 |    0.0000007    0.0000181 |    0.0080802    0.0389977 |    0.0000028    0.0001533
    23552   942.080 |    0.0000326    0.0005651 |    0.0000007    0.0000181 |    0.0080716    0.0389776 |    0.0000027    0.0001533
    23584   943.360 |    0.0000325    0.0005644 |    0.0000007    0.0000180 |    0.0080645    0.0389451 |    0.0000027    0.0001532
    23616   944.640 |    0.0000325    0.0005634 |    0.0000007    0.0000179 |    0.0080591    0.0389036 |    0.0000027    0.0001531
    23648   945.920 |    0.0000324    0.0005624 |    0.0000007    0.0000179 |    0.0080557    0.0388488 |    0.0000027    0.0001530
-----------------------------------------------------------------------------------------------------------------------------------
Iteration      Time |            HYDROBASE::rho |          HYDROBASE::press |            HYDROBASE::eps |      ML_ADMCONSTRAINTS::H
                    |        norm2      maximum |        norm2      maximum |        norm2      maximum |        norm2      maximum
-----------------------------------------------------------------------------------------------------------------------------------
    23680   947.200 |    0.0000324    0.0005610 |    0.0000007    0.0000177 |    0.0080543    0.0387880 |    0.0000027    0.0001530
    23712   948.480 |    0.0000323    0.0005595 |    0.0000007    0.0000176 |    0.0080545    0.0387171 |    0.0000027    0.0001529
    23744   949.760 |    0.0000322    0.0005581 |    0.0000006    0.0000175 |    0.0080563    0.0386367 |    0.0000027    0.0001529
    23776   951.040 |    0.0000321    0.0005563 |    0.0000006    0.0000173 |    0.0080590    0.0385486 |    0.0000028    0.0001528
    23808   952.320 |    0.0000320    0.0005546 |    0.0000006    0.0000172 |    0.0080623    0.0384532 |    0.0000028    0.0001527
    23840   953.600 |    0.0000319    0.0005525 |    0.0000006    0.0000170 |    0.0080661    0.0383492 |    0.0000028    0.0001527
    23872   954.880 |    0.0000317    0.0005505 |    0.0000006    0.0000168 |    0.0080701    0.0382364 |    0.0000028    0.0001527
    23904   956.160 |    0.0000316    0.0005483 |    0.0000006    0.0000166 |    0.0080745    0.0381163 |    0.0000028    0.0001526
    23936   957.440 |    0.0000315    0.0005460 |    0.0000006    0.0000164 |    0.0080792    0.0379858 |    0.0000029    0.0001525
    23968   958.720 |    0.0000313    0.0005436 |    0.0000006    0.0000162 |    0.0080844    0.0378383 |    0.0000029    0.0001524
    24000   960.000 |    0.0000312    0.0005411 |    0.0000006    0.0000159 |    0.0080899    0.0376839 |    0.0000029    0.0001524
    24032   961.280 |    0.0000311    0.0005379 |    0.0000006    0.0000157 |    0.0080959    0.0375147 |    0.0000030    0.0001523
    24064   962.560 |    0.0000309    0.0005350 |    0.0000006    0.0000154 |    0.0081021    0.0373312 |    0.0000030    0.0001522
    24096   963.840 |    0.0000308    0.0005315 |    0.0000006    0.0000152 |    0.0081087    0.0371328 |    0.0000030    0.0001522
    24128   965.120 |    0.0000306    0.0005279 |    0.0000006    0.0000149 |    0.0081155    0.0369277 |    0.0000031    0.0001520
    24160   966.400 |    0.0000305    0.0005238 |    0.0000006    0.0000146 |    0.0081225    0.0367202 |    0.0000031    0.0001520
    24192   967.680 |    0.0000303    0.0005198 |    0.0000005    0.0000143 |    0.0081296    0.0365069 |    0.0000031    0.0001519
    24224   968.960 |    0.0000302    0.0005159 |    0.0000005    0.0000141 |    0.0081367    0.0362999 |    0.0000032    0.0001518
    24256   970.240 |    0.0000301    0.0005119 |    0.0000005    0.0000138 |    0.0081437    0.0361132 |    0.0000032    0.0001517
    24288   971.520 |    0.0000299    0.0005083 |    0.0000005    0.0000136 |    0.0081505    0.0359315 |    0.0000032    0.0001516
-----------------------------------------------------------------------------------------------------------------------------------
Iteration      Time |            HYDROBASE::rho |          HYDROBASE::press |            HYDROBASE::eps |      ML_ADMCONSTRAINTS::H
                    |        norm2      maximum |        norm2      maximum |        norm2      maximum |        norm2      maximum
-----------------------------------------------------------------------------------------------------------------------------------
    24320   972.800 |    0.0000298    0.0005054 |    0.0000005    0.0000134 |    0.0081570    0.0357545 |    0.0000033    0.0001514
    24352   974.080 |    0.0000296    0.0005023 |    0.0000005    0.0000132 |    0.0081638    0.0355980 |    0.0000033    0.0001513
    24384   975.360 |    0.0000295    0.0004990 |    0.0000005    0.0000130 |    0.0081709    0.0354445 |    0.0000033    0.0001511
    24416   976.640 |    0.0000294    0.0004962 |    0.0000005    0.0000128 |    0.0081776    0.0352839 |    0.0000033    0.0001509
    24448   977.920 |    0.0000293    0.0004933 |    0.0000005    0.0000126 |    0.0081839    0.0351298 |    0.0000033    0.0001507
    24480   979.200 |    0.0000292    0.0004903 |    0.0000005    0.0000124 |    0.0081901    0.0349818 |    0.0000033    0.0001505
    24512   980.480 |    0.0000290    0.0004873 |    0.0000005    0.0000122 |    0.0081964    0.0348350 |    0.0000034    0.0001503
    24544   981.760 |    0.0000289    0.0004847 |    0.0000005    0.0000120 |    0.0082024    0.0346865 |    0.0000034    0.0001501
    24576   983.040 |    0.0000288    0.0004821 |    0.0000005    0.0000119 |    0.0082084    0.0345488 |    0.0000034    0.0001499
    24608   984.320 |    0.0000287    0.0004795 |    0.0000005    0.0000117 |    0.0082143    0.0344220 |    0.0000034    0.0001496
    24640   985.600 |    0.0000287    0.0004770 |    0.0000005    0.0000116 |    0.0082201    0.0343022 |    0.0000033    0.0001493
    24672   986.880 |    0.0000286    0.0004749 |    0.0000004    0.0000114 |    0.0082257    0.0341888 |    0.0000033    0.0001490
    24704   988.160 |    0.0000285    0.0004729 |    0.0000004    0.0000113 |    0.0082312    0.0340867 |    0.0000033    0.0001488
    24736   989.440 |    0.0000284    0.0004711 |    0.0000004    0.0000112 |    0.0082364    0.0339963 |    0.0000033    0.0001485
    24768   990.720 |    0.0000284    0.0004695 |    0.0000004    0.0000111 |    0.0082414    0.0339136 |    0.0000033    0.0001482
    24800   992.000 |    0.0000283    0.0004679 |    0.0000004    0.0000110 |    0.0082459    0.0338378 |    0.0000032    0.0001478
    24832   993.280 |    0.0000283    0.0004666 |    0.0000004    0.0000110 |    0.0082500    0.0337683 |    0.0000032    0.0001475
    24864   994.560 |    0.0000282    0.0004653 |    0.0000004    0.0000109 |    0.0082536    0.0337084 |    0.0000032    0.0001472
    24896   995.840 |    0.0000282    0.0004642 |    0.0000004    0.0000108 |    0.0082568    0.0336543 |    0.0000031    0.0001469
    24928   997.120 |    0.0000282    0.0004633 |    0.0000004    0.0000108 |    0.0082595    0.0336118 |    0.0000031    0.0001466
-----------------------------------------------------------------------------------------------------------------------------------
Iteration      Time |            HYDROBASE::rho |          HYDROBASE::press |            HYDROBASE::eps |      ML_ADMCONSTRAINTS::H
                    |        norm2      maximum |        norm2      maximum |        norm2      maximum |        norm2      maximum
-----------------------------------------------------------------------------------------------------------------------------------
    24960   998.400 |    0.0000281    0.0004626 |    0.0000004    0.0000107 |    0.0082618    0.0335801 |    0.0000031    0.0001462
    24992   999.680 |    0.0000281    0.0004622 |    0.0000004    0.0000107 |    0.0082637    0.0335612 |    0.0000030    0.0001459
INFO (Carpet): Terminating due to cctk_final_time at t = 1000.000000
INFO (CarpetIOHDF5): ---------------------------------------------------------
INFO (CarpetIOHDF5): Dumping termination checkpoint at iteration 25000, simulation time 1000
INFO (CarpetIOHDF5): ---------------------------------------------------------
--------------------------------------------------------------------------------
Done.
Stopping:
2025年 11月 21日 星期五 07:15:09 CST
Done.
Simfactory Done at date: 2025年11月21日 星期五 07时15分09秒
