Running simulation SFHo+CCSpoint4
Preparing:
Checking:
/home/rva-msi-ubuntu/simulations/SFHo+CCSpoint4/output-0000-active
rva-msi-ubuntu
2025年 11月 12日 星期三 18:47:47 CST
Environment:
Starting:
INFO (Cactus): Increased logging level from 0 to 3
--------------------------------------------------------------------------------

       10                                  
  1   0101       ************************  
  01  1010 10      The Cactus Code V4.17.0    
 1010 1101 011      www.cactuscode.org     
  1001 100101    ************************  
    00010101                               
     100011     (c) Copyright The Authors  
      0100      GNU Licensed. No Warranty  
      0101                                 
--------------------------------------------------------------------------------

Cactus version:    4.17.0
Compile date:      Sep 21 2025 (23:06:30)
Run date:          Nov 12 2025 (18:47:47+0800)
Run host:          rva-msi-ubuntu (pid=178996)
Working directory: /home/rva-msi-ubuntu/simulations/SFHo+CCSpoint4/output-0000
Executable:        /home/rva-msi-ubuntu/simulations/SFHo+CCSpoint4/SIMFACTORY/exe/cactus_sim
Parameter file:    /home/rva-msi-ubuntu/simulations/SFHo+CCSpoint4/output-0000/SFHo+CCS.par
--------------------------------------------------------------------------------

Activating thorn Cactus...Success -> active implementation Cactus
Activation requested for 
--->AEILocalInterp Constants Fortran GSL Formaline TerminationTrigger Carpet CarpetLib CarpetInterp LocalInterp2 CarpetReduce LoopControl Slab Boundary CartGrid3D CoordBase SymBase ReflectionSymmetry CarpetRegrid2 MoL Time PizzaTOV PizzaBase PizzaIDBase PizzaNumUtils HydroBase THC_Core HRSCCore EOS_Thermal EOS_Thermal_Hybrid ADMBase ADMCoupling ADMMacros CoordGauge SpaceMask StaticConformal TmunuBase InitBase GenericFD NewRad ML_CCZ4 ML_CCZ4_Helper ML_ADMConstraints Dissipation WatchDog NaNChecker Multipole WeylScal4 SphericalSurface IOUtil HDF5 CarpetIOASCII CarpetIOScalar CarpetIOHDF5 CarpetIOBasic<---
Thorn Carpet requests automatic activation of MPI
Thorn Carpet requests automatic activation of Timers
Thorn CarpetLib requests automatic activation of Vectors
Thorn CarpetLib requests automatic activation of Boost
Thorn CarpetLib requests automatic activation of CycleClock
Thorn EOS_Thermal_Hybrid requests automatic activation of EOS_Barotropic
Thorn Formaline requests automatic activation of pthreads
Thorn HDF5 requests automatic activation of zlib
Thorn HRSCCore requests automatic activation of CPPUtils
Thorn HRSCCore requests automatic activation of FDCore
Thorn LoopControl requests automatic activation of hwloc
Thorn CPPUtils requests automatic activation of BLAS
Activating thorn ADMBase...Success -> active implementation ADMBase
Activating thorn ADMCoupling...Success -> active implementation ADMCoupling
Activating thorn ADMMacros...Success -> active implementation ADMMacros
Activating thorn AEILocalInterp...Success -> active implementation AEILocalInterp
Activating thorn BLAS...Success -> active implementation BLAS
Activating thorn Boost...Success -> active implementation Boost
Activating thorn Boundary...Success -> active implementation boundary
Activating thorn Carpet...Success -> active implementation Driver
Activating thorn CarpetInterp...Success -> active implementation interp
Activating thorn CarpetIOASCII...Success -> active implementation IOASCII
Activating thorn CarpetIOBasic...Success -> active implementation IOBasic
Activating thorn CarpetIOHDF5...Success -> active implementation IOHDF5
Activating thorn CarpetIOScalar...Success -> active implementation IOScalar
Activating thorn CarpetLib...Success -> active implementation CarpetLib
Activating thorn CarpetReduce...Success -> active implementation reduce
Activating thorn CarpetRegrid2...Success -> active implementation CarpetRegrid2
Activating thorn CartGrid3D...Success -> active implementation grid
Activating thorn Constants...Success -> active implementation Constants
Activating thorn CoordBase...Success -> active implementation CoordBase
Activating thorn CoordGauge...Success -> active implementation CoordGauge
Activating thorn CPPUtils...Success -> active implementation CPPUtils
Activating thorn CycleClock...Success -> active implementation CycleClock
Activating thorn Dissipation...Success -> active implementation Dissipation
Activating thorn EOS_Barotropic...Success -> active implementation EOS_Barotropic
Activating thorn EOS_Thermal...Success -> active implementation EOS_Thermal
Activating thorn EOS_Thermal_Hybrid...Success -> active implementation EOS_Thermal_Hybrid
Activating thorn FDCore...Success -> active implementation FDCore
Activating thorn Formaline...Success -> active implementation Formaline
Activating thorn Fortran...Success -> active implementation Fortran
Activating thorn GenericFD...Success -> active implementation GenericFD
Activating thorn GSL...Success -> active implementation GSL
Activating thorn HDF5...Success -> active implementation HDF5
Activating thorn HRSCCore...Success -> active implementation HRSCCore
Activating thorn hwloc...Success -> active implementation hwloc
Activating thorn HydroBase...Success -> active implementation HydroBase
Activating thorn InitBase...Success -> active implementation InitBase
Activating thorn IOUtil...Success -> active implementation IO
Activating thorn LocalInterp2...Success -> active implementation LocalInterp
Activating thorn LoopControl...Success -> active implementation LoopControl
Activating thorn ML_ADMConstraints...Success -> active implementation ML_ADMConstraints
Activating thorn ML_CCZ4...Success -> active implementation ML_CCZ4
Activating thorn ML_CCZ4_Helper...Success -> active implementation ML_CCZ4_Helper
Activating thorn MoL...Success -> active implementation MethodOfLines
Activating thorn MPI...Success -> active implementation MPI
Activating thorn Multipole...Success -> active implementation multipole
Activating thorn NaNChecker...Success -> active implementation NaNChecker
Activating thorn NewRad...Success -> active implementation NewRad
Activating thorn PizzaBase...Success -> active implementation PizzaBase
Activating thorn PizzaIDBase...Success -> active implementation PizzaIDBase
Activating thorn PizzaNumUtils...Success -> active implementation PizzaNumUtils
Activating thorn PizzaTOV...Success -> active implementation PizzaTOV
Activating thorn pthreads...Success -> active implementation PTHREADS
Activating thorn ReflectionSymmetry...Success -> active implementation ReflectionSymmetry
Activating thorn Slab...Success -> active implementation Slab
Activating thorn SpaceMask...Success -> active implementation SpaceMask
Activating thorn SphericalSurface...Success -> active implementation SphericalSurface
Activating thorn StaticConformal...Success -> active implementation StaticConformal
Activating thorn SymBase...Success -> active implementation SymBase
Activating thorn TerminationTrigger...Success -> active implementation TerminationTrigger
Activating thorn THC_Core...Success -> active implementation THC_Core
Activating thorn Time...Success -> active implementation time
Activating thorn Timers...Success -> active implementation Timers
Activating thorn TmunuBase...Success -> active implementation TmunuBase
Activating thorn Vectors...Success -> active implementation Vectors
Activating thorn WatchDog...Success -> active implementation WatchDog
Activating thorn WeylScal4...Success -> active implementation WeylScal4
Activating thorn zlib...Success -> active implementation zlib
INFO (IOUtil): Recovery directory '../checkpoint' doesn't exist
--------------------------------------------------------------------------------
  if (recover initial data)
    Recover parameters
  endif

  Startup routines
    [CCTK_STARTUP]
      Carpet::MultiModel_Startup: Multi-model Startup routine
      CycleClock::CycleClock_Setup: Set up CycleClock
      LoopControl::LC_setup: Set up LoopControl
      ML_CCZ4_Helper::ML_CCZ4_SetGroupTags: [meta] Set checkpointing and prolongation group tags
      Timers::Timer_Startup: Prepare hierarchical timers
      CarpetIOHDF5::CarpetIOHDF5_SetNumRefinementLevels: [meta] Overwrite 'CarpetRegrid::refinement_levels' with the number of levels found in the checkpoint file
      Carpet::Driver_Startup: Startup routine
      IOUtil::IOUtil_Startup: Startup routine
      CarpetInterp::CarpetInterpStartup: Startup routine
      CarpetReduce::CarpetReduceStartup: Startup routine
      CartGrid3D::SymmetryStartup: Register GH Extension for GridSymmetry
      CoordBase::CoordBase_Startup: Register a GH extension to store the coordinate system handles
      AEILocalInterp::AEILocalInterp_U_Startup: register CCTK_InterpLocalUniform() interpolation operators
      EOS_Thermal_Hybrid::EOS_Hybrid_Register: Register Hybrid EOS as global evolution EOS
      Formaline::Formaline_PrintIDs: [meta] Print the build and simulation ids
      HRSCCore::HRSCC_Startup: [global] Register banner
      HydroBase::HydroBase_StartUp: Startup banner
      CarpetIOASCII::CarpetIOASCIIStartup: [global] Startup routine
      LocalInterp2::LocalInterp2_Startup: register LocalInterp2's interpolation operators
      CarpetIOBasic::CarpetIOBasicStartup: [global] Startup routine
      ML_ADMConstraints::ML_ADMConstraints_Startup: [meta] create banner
      ML_CCZ4::ML_CCZ4_Startup: [meta] create banner
      ML_CCZ4_Helper::ML_CCZ4_RegisterSlicing: [meta] Register slicing
      CarpetIOHDF5::CarpetIOHDF5_Startup: Startup routine
      MoL::MoL_Startup: Startup banner
      PizzaBase::PizzaBase_Startup: Parameter Conversions
      PizzaIDBase::PizzaIDBase_Startup: Parameter Conversions
      PizzaTOV::PizzaTOV_Startup: Parameter Conversions
      Slab::Slab_InitMPIDatatypes: Create MPI datatypes for complex variables in C
      SymBase::SymBase_Startup: Register GH Extension for SymBase
      THC_Core::THC_Init: [global] Register banner
      TerminationTrigger::TerminationTrigger_StartSignalHandler: Start signal handler
      CarpetIOScalar::CarpetIOScalarStartup: [global] Startup routine
      Vectors::Vectors_Startup: Print startup message
      WeylScal4::WeylScal4_Startup: [meta] create banner
      GROUP hwloc_startup: hwloc startup group
        hwloc::hwloc_version: Output hwloc version

  Startup routines which need an existing grid hierarchy
    [CCTK_WRAGH]
      ADMBase::Einstein_InitSymBound: [global] Set up GF symmetries
      Boundary::Boundary_RegisterBCs: [global] Register boundary conditions that this thorn provides
      CarpetRegrid2::CarpetRegrid2_Initialise: [global] Initialise locations of refined regions
      CartGrid3D::RegisterCartGrid3DCoords: [meta] Register coordinates for the Cartesian grid
      CoordGauge::Einstein_ActivateSlicing: Initialize slicing, setup priorities for mixed slicings
      CoordGauge::Einstein_SetNextSlicing: Identify the slicing for the next iteration
      Formaline::Formaline_OutputSource: [meta] Output Cactus source tree
      Formaline::Formaline_RegisterWarnings: [meta] Register to receive warnings and info messages from the flesh
      Formaline::Formaline_AnnounceInitial: [global] Put some meta information about the current run into permanent storage
      HRSCCore::HRSCC_GetGridCoordinates: [global] Store the Cactus indices of the grid coordinates and weights
      HRSCCore::HRSCC_GetMetric: [global] Store the Cactus indices of the diagonal components of the metric and the lapse
      ML_CCZ4_Helper::ML_CCZ4_ParamCompat: [meta] Handle parameter backward compatibility
      MoL::MoL_SetupIndexArrays: Set up the MoL bookkeeping index arrays
      MoL::MoL_SetScheduleStatus: [global] Set the flag so it is ok to register with MoL
      TmunuBase::TmunuBase_SetStressEnergyState: [global] Set the stress_energy_state variable
      GROUP MoL_Register: The group where physics thorns register variables with MoL
        ML_ADMConstraints::ML_ADMConstraints_RegisterVars: [meta] Register Variables for MoL
        ML_CCZ4::ML_CCZ4_RegisterVars: [meta] Register Variables for MoL
        ML_CCZ4_Helper::ML_CCZ4_RegisterConstrained: [meta] Register ADMBase variables as constrained
        THC_Core::THC_MoLRegister: [global] Register variables with MoL
        WeylScal4::WeylScal4_RegisterVars: [meta] Register Variables for MoL
      Slab::Slab_InitTimers: Initialise timers
      SpaceMask::MaskSym: [global] Set grid symmetries for mask
      SpaceMask::MaskSym_emask: [global] Set grid symmetries for emask (compatibility mode)
      GROUP SymBase_Wrapper: Wrapper group for SymBase
        GROUP SymmetryRegister: Register your symmetries here
          CartGrid3D::CartGrid3D_RegisterSymmetryBoundaries: [meta] Register symmetry boundaries
          ML_ADMConstraints::ML_ADMConstraints_RegisterSymmetries: [meta] register symmetries
          ML_CCZ4::ML_CCZ4_RegisterSymmetries: [meta] register symmetries
          ReflectionSymmetry::ReflectionSymmetry_Register: Register reflection symmetry boundaries
          WeylScal4::WeylScal4_RegisterSymmetries: [meta] register symmetries
        SymBase::SymBase_Statistics: Print symmetry boundary face descriptions
      THC_Core::THC_SetupAtmosphere: [global] Setup atmosphere parameters
      THC_Core::THC_HRSCCRegister: [global] Register variable indices with HRSCCore
      MoL::MoL_ReportNumberVariables: [meta] Report how many of each type of variable there are
  Parameter checking routines
    [CCTK_PARAMCHECK]
      ADMBase::ADMBase_ParamCheck: [global] Check consistency of parameters
      Boundary::Boundary_Check: Check dimension of grid variables
      Carpet::CarpetParamCheck: Parameter checking routine
      CarpetLib::CarpetLib_test_prolongate_3d_rf2: [global] Test prolongation operators
      CarpetRegrid2::CarpetRegrid2_ParamCheck: Check parameters
      CartGrid3D::ParamCheck_CartGrid3D: Check coordinates for CartGrid3D
      Dissipation::dissipation_paramcheck: Check dissipation parameters for consistency
      Fortran::CheckFortranParameters: Test whether Fortran parameters work correctly
      HRSCCore::HRSCC_ParamCheck: [global] Check consistency of the parameters
      ML_CCZ4_Helper::ML_CCZ4_ParamCheck: [meta] Check parameters
      MoL::MoL_ParamCheck: Basic parameter checking
      Multipole::Multipole_ParamCheck: [global] Check Multipole parameters
      SphericalSurface::SphericalSurface_ParamCheck: [global] Check that all surface names are unique
      THC_Core::THC_ParamCheck: [global] Check parameters
      TerminationTrigger::TerminationTrigger_ParamCheck: Check consitency of parameters
      TmunuBase::TmunuBase_ParamCheck: [global] Check that no deprecated parameters are used.
      Vectors::Vectors_Test: Run correctness tests.

  Initialisation
    if (NOT (recover initial data AND recovery_mode is 'strict'))
      [CCTK_PREREGRIDINITIAL]
      Set up grid hierarchy
      [CCTK_POSTREGRIDINITIAL]
        CartGrid3D::SpatialCoordinates: Set Coordinates after regridding
        GROUP MaskBase_SetupMask: Set up the weight function
          GROUP MaskBase_SetupMaskAll: Set up the weight function
            CarpetReduce::MaskBase_AllocateMask: [global] Allocate the weight function
            CarpetReduce::MaskBase_InitMask: [global] [loop-local] Initialise the weight function
            GROUP SetupIMaskInternal: Set up the integer weight function (schedule other routines in here)
              CarpetReduce::CoordBase_SetupMask: [global] [loop-local] Set up the outer boundaries of the weight function
              CarpetReduce::CarpetMaskSetup: [global] [loop-singlemap] Set up the weight function for the restriction regions
            GROUP SetupIMask: Set up the integer weight function (schedule other routines in here)
            CarpetReduce::MaskBase_SetMask: [global] [loop-local] Set the weight function
            GROUP SetupMask: Set up the real weight function (schedule other routines in here)
            CarpetReduce::MaskBase_TestMask: [global] Test the weight function
        Dissipation::setup_epsdis: Setup spatially varying dissipation
        GROUP MoL_PseudoEvolutionBoundaries: Apply boundary conditions to pseudo-evolved quantities
          GROUP ML_ADMConstraints_evaluate_bc_group: ML_ADMConstraints_evaluate
            ML_ADMConstraints::ML_ADMConstraints_evaluate_SelectBCs: [level] ML_ADMConstraints_evaluate_SelectBCs
            GROUP ML_ADMConstraints_evaluate_ApplyBCs: Apply BCs for groups set in ML_ADMConstraints_evaluate
              GROUP BoundaryConditions: Execute all boundary conditions
                Boundary::Boundary_ApplyPhysicalBCs: Apply all requested local physical boundary conditions
                CartGrid3D::CartGrid3D_ApplyBC: Apply symmetry boundary conditions
                ReflectionSymmetry::ReflectionSymmetry_Apply: Apply reflection symmetries
              Boundary::Boundary_ClearSelection: [level] Unselect all grid variables for boundary conditions
          GROUP ML_CCZ4_ConstraintsEverywhere_bc_group: ML_CCZ4_ConstraintsEverywhere
            ML_CCZ4::ML_CCZ4_ConstraintsEverywhere_SelectBCs: [level] ML_CCZ4_ConstraintsEverywhere_SelectBCs
            GROUP ML_CCZ4_ConstraintsEverywhere_ApplyBCs: Apply BCs for groups set in ML_CCZ4_ConstraintsEverywhere
              GROUP BoundaryConditions: Execute all boundary conditions
                Boundary::Boundary_ApplyPhysicalBCs: Apply all requested local physical boundary conditions
                CartGrid3D::CartGrid3D_ApplyBC: Apply symmetry boundary conditions
                ReflectionSymmetry::ReflectionSymmetry_Apply: Apply reflection symmetries
              Boundary::Boundary_ClearSelection: [level] Unselect all grid variables for boundary conditions
          GROUP ML_CCZ4_ConstraintsInterior_bc_group: ML_CCZ4_ConstraintsInterior
            ML_CCZ4::ML_CCZ4_ConstraintsInterior_SelectBCs: [level] ML_CCZ4_ConstraintsInterior_SelectBCs
            GROUP ML_CCZ4_ConstraintsInterior_ApplyBCs: Apply BCs for groups set in ML_CCZ4_ConstraintsInterior
              GROUP BoundaryConditions: Execute all boundary conditions
                Boundary::Boundary_ApplyPhysicalBCs: Apply all requested local physical boundary conditions
                CartGrid3D::CartGrid3D_ApplyBC: Apply symmetry boundary conditions
                ReflectionSymmetry::ReflectionSymmetry_Apply: Apply reflection symmetries
              Boundary::Boundary_ClearSelection: [level] Unselect all grid variables for boundary conditions
          GROUP WeylScal4_psi4_calc_Nth_bc_group: WeylScal4_psi4_calc_Nth
            WeylScal4::WeylScal4_psi4_calc_Nth_SelectBCs: [level] WeylScal4_psi4_calc_Nth_SelectBCs
            GROUP WeylScal4_psi4_calc_Nth_ApplyBCs: Apply BCs for groups set in WeylScal4_psi4_calc_Nth
              GROUP BoundaryConditions: Execute all boundary conditions
                Boundary::Boundary_ApplyPhysicalBCs: Apply all requested local physical boundary conditions
                CartGrid3D::CartGrid3D_ApplyBC: Apply symmetry boundary conditions
                ReflectionSymmetry::ReflectionSymmetry_Apply: Apply reflection symmetries
              Boundary::Boundary_ClearSelection: [level] Unselect all grid variables for boundary conditions
        SpaceMask::MaskZero: Initialise mask to zero
        SpaceMask::MaskOne: Set mask to one
      [CCTK_BASEGRID]
        ADMBase::ADMBase_SetShiftStateOn: Set the shift_state variable to 1
        ADMBase::ADMBase_SetDtLapseStateOn: Set the dtlapse_state variable to 1
        ADMBase::ADMBase_SetDtShiftStateOn: Set the dtshift_state variable to 1
        ADMMacros::ADMMacros_SetLocalSpatialOrder: Initialize the local_spatial_order
        CartGrid3D::SpatialSpacings: Set up ranges for spatial 3D Cartesian coordinates (on all grids)
        CartGrid3D::SpatialCoordinates: Set up spatial 3D Cartesian coordinates on the GH
        SphericalSurface::SphericalSurface_SetupRes: [global] [loop-local] Set surface resolution automatically
        Dissipation::dissipation_basegrid: Ensure that there are enough ghost zones
        HRSCCore::HRSCC_ParamStore: [global] Store parameters in private namespace
        ML_ADMConstraints::ML_ADMConstraints_CheckBoundaries: [meta] check boundaries treatment
        ML_CCZ4::ML_CCZ4_CheckBoundaries: [meta] check boundaries treatment
        NaNChecker::NaNChecker_ResetCounter: [global] Reset the NaNChecker::NaNsFound counter
        SpaceMask::MaskZero: Initialise mask to zero
        SpaceMask::MaskOne: Set old style mask to one
        SphericalSurface::SphericalSurface_Setup: [global] Calculate surface coordinate descriptors
        GROUP MaskBase_SetupMask: Set up the weight function
          GROUP MaskBase_SetupMaskAll: Set up the weight function
            CarpetReduce::MaskBase_AllocateMask: [global] Allocate the weight function
            CarpetReduce::MaskBase_InitMask: [global] [loop-local] Initialise the weight function
            GROUP SetupIMaskInternal: Set up the integer weight function (schedule other routines in here)
              CarpetReduce::CoordBase_SetupMask: [global] [loop-local] Set up the outer boundaries of the weight function
              CarpetReduce::CarpetMaskSetup: [global] [loop-singlemap] Set up the weight function for the restriction regions
            GROUP SetupIMask: Set up the integer weight function (schedule other routines in here)
            CarpetReduce::MaskBase_SetMask: [global] [loop-local] Set the weight function
            GROUP SetupMask: Set up the real weight function (schedule other routines in here)
            CarpetReduce::MaskBase_TestMask: [global] Test the weight function
        SphericalSurface::SphericalSurface_Set: [global] Set surface radii to be used for initial setup in other thorns
        GROUP SphericalSurface_HasBeenSet: Set the spherical surfaces before this group, and use it afterwards
          SphericalSurface::SphericalSurface_CheckState: [global] Test the state of the spherical surfaces
        SymBase::SymBase_Check: Check whether the driver set up the grid consistently
        THC_Core::THC_SetSym: [global] Setup symmetries
        TerminationTrigger::TerminationTrigger_ResetTrigger: Clear trigger state
        TerminationTrigger::TerminationTrigger_StartTimer: Start timer
        TerminationTrigger::TerminationTrigger_CreateFile: Create termination file
        Time::Time_Initialise: [global] Initialise Time variables
        Time::TemporalSpacings: [singlemap] Set timestep based on Courant condition (courant_static)
        WeylScal4::WeylScal4_CheckBoundaries: [meta] check boundaries treatment
      [CCTK_INITIAL]
        StaticConformal::StaticConformal_InitialiseState: Set the conformal_state variable to 0
        GROUP ADMBase_InitialData: Schedule group for calculating ADM initial data
        GROUP ADMBase_InitialGauge: Schedule group for the ADM initial gauge condition
          ADMBase::ADMBase_DtLapseZero: Set the dtlapse to 0 at all points
          ADMBase::ADMBase_DtShiftZero: Set the dtshift to 0 at all points
        CarpetIOASCII::CarpetIOASCIIInit: [global] Initialisation routine
        CarpetIOBasic::CarpetIOBasicInit: [global] Initialisation routine
        CarpetIOHDF5::CarpetIOHDF5_Init: [global] Initialisation routine
        CarpetIOScalar::CarpetIOScalarInit: [global] Initialisation routine
        GROUP HydroBase_Initial: HydroBase initial data group
          GROUP PizzaIDBase_InitialData: Construct initial data
            PizzaTOV::PizzaTOV_Initial_Data: TOV-Star initial data
            PizzaTOV::TOVSol_Startup: [global] Print param_test for debug
          GROUP PizzaIDBase_Analysis_Unpert: Analysis of unperturbed data
          GROUP PizzaIDBase_Perturb: Add Perturbation to initial data
            PizzaTOV::PizzaTOV_Perturb_Data: Add Density Perturbation to initial data
          PizzaIDBase::PizzaIDBase_Timelevels: Copy ID to previous timelevels
        GROUP HydroBase_Prim2ConInitial: Recover the conservative variables from the primitive variables
          THC_Core::THC_PrimToAllInitial: Initialize all the other variables
        GROUP ADMBase_PostInitial: Schedule group for modifying the ADM initial data, such as e.g. adding noise
        ML_CCZ4::ML_CCZ4_InitialADMBase1Everywhere: ML_CCZ4_InitialADMBase1Everywhere
        ML_CCZ4::ML_CCZ4_InitialADMBase2Interior: ML_CCZ4_InitialADMBase2Interior
        MoL::MoL_StartLoop: [level] Initialise the step size control
        ML_CCZ4_Helper::ML_CCZ4_ExtrapolateGammas: Extrapolate Gammas and time derivatives of lapse and shift
      [CCTK_POSTINITIAL]
        CarpetIOHDF5::CarpetIOHDF5_CloseFiles: [global] Close all filereader input files
        MoL::MoL_FillAllLevels: A bad routine. Fills all previous timelevels with data copied from the current.
        GROUP MoL_PostStepModify: The group for physics thorns to schedule enforcing constraints
          ML_CCZ4::ML_CCZ4_EnforceEverywhere: ML_CCZ4_EnforceEverywhere
        GROUP MoL_PostStep: Ensure that everything is correct after the initial data have been set up
          ML_CCZ4::ML_CCZ4_SelectBoundConds: [level] select boundary conditions
          GROUP ML_CCZ4_ApplyBCs: Apply boundary conditions controlled by thorn Boundary
            GROUP BoundaryConditions: Execute all boundary conditions
              Boundary::Boundary_ApplyPhysicalBCs: Apply all requested local physical boundary conditions
              CartGrid3D::CartGrid3D_ApplyBC: Apply symmetry boundary conditions
              ReflectionSymmetry::ReflectionSymmetry_Apply: Apply reflection symmetries
            Boundary::Boundary_ClearSelection: [level] Unselect all grid variables for boundary conditions
          ML_ADMConstraints::ML_ADMConstraints_SelectBoundConds: [level] select boundary conditions
          GROUP ML_ADMConstraints_ApplyBCs: Apply boundary conditions controlled by thorn Boundary
            GROUP BoundaryConditions: Execute all boundary conditions
              Boundary::Boundary_ApplyPhysicalBCs: Apply all requested local physical boundary conditions
              CartGrid3D::CartGrid3D_ApplyBC: Apply symmetry boundary conditions
              ReflectionSymmetry::ReflectionSymmetry_Apply: Apply reflection symmetries
            Boundary::Boundary_ClearSelection: [level] Unselect all grid variables for boundary conditions
          ML_CCZ4::ML_CCZ4_ADMBaseInterior: ML_CCZ4_ADMBaseInterior
          ML_CCZ4::ML_CCZ4_ADMBaseBoundaryScalar: ML_CCZ4_ADMBaseBoundaryScalar
          ML_CCZ4::ML_CCZ4_ADMBaseEverywhere: ML_CCZ4_ADMBaseEverywhere
          ML_CCZ4_Helper::ML_CCZ4_ADMBase_SelectBCs: [level] Select boundary conditions for ADMBase variables
          GROUP ML_CCZ4_ADMBase_ApplyBCs: Apply boundary conditions to ADMBase variables
            GROUP BoundaryConditions: Execute all boundary conditions
              Boundary::Boundary_ApplyPhysicalBCs: Apply all requested local physical boundary conditions
              CartGrid3D::CartGrid3D_ApplyBC: Apply symmetry boundary conditions
              ReflectionSymmetry::ReflectionSymmetry_Apply: Apply reflection symmetries
            Boundary::Boundary_ClearSelection: [level] Unselect all grid variables for boundary conditions
          GROUP ADMBase_SetADMVars: Set the ADM variables before this group, and use them afterwards
          GROUP HydroBase_PostStep: Post step tasks for hydro thorns
            GROUP HydroBase_Boundaries: HydroBase-internal Boundary conditions group
              GROUP HydroBase_Select_Boundaries: Group to schedule the boundary condition functions
                THC_Core::THC_SelectBC: [singlemap] Select boundary conditions
              GROUP HydroBase_ApplyBCs: Apply the boundary conditions of HydroBase
                GROUP BoundaryConditions: Execute all boundary conditions
                  Boundary::Boundary_ApplyPhysicalBCs: Apply all requested local physical boundary conditions
                  CartGrid3D::CartGrid3D_ApplyBC: Apply symmetry boundary conditions
                  ReflectionSymmetry::ReflectionSymmetry_Apply: Apply reflection symmetries
                Boundary::Boundary_ClearSelection: [level] Unselect all grid variables for boundary conditions
            GROUP HydroBase_Con2Prim: Convert from conservative to primitive variables
              GROUP THC_SetExcisionMask: Thorns providing excision should set the bitmask
              THC_Core::THC_ConsToAll: Computes the primitives from the conservatives
          GROUP SetTmunu: Group for calculating the stress-energy tensor
            TmunuBase::TmunuBase_ZeroTmunu: Initialise the stress-energy tensor to zero
            GROUP AddToTmunu: Add to the stress-energy tensor here
              THC_Core::THC_AddToTmunu: Adds the contribution of the fluid to the global stress-energy tensor
          WeylScal4::WeylScal4_SelectBoundConds: [level] select boundary conditions
          GROUP WeylScal4_ApplyBCs: Apply boundary conditions controlled by thorn Boundary
            GROUP BoundaryConditions: Execute all boundary conditions
              Boundary::Boundary_ApplyPhysicalBCs: Apply all requested local physical boundary conditions
              CartGrid3D::CartGrid3D_ApplyBC: Apply symmetry boundary conditions
              ReflectionSymmetry::ReflectionSymmetry_Apply: Apply reflection symmetries
            Boundary::Boundary_ClearSelection: [level] Unselect all grid variables for boundary conditions
        GROUP MoL_PseudoEvolution: Calculate pseudo-evolved quantities
          GROUP ADMBase_SetADMVars: Set the ADM variables before this group, and use them afterwards
          GROUP ML_ADMConstraints_evaluate_group: ML_ADMConstraints_evaluate
            ML_ADMConstraints::ML_ADMConstraints_evaluate: ML_ADMConstraints_evaluate
            GROUP ML_ADMConstraints_evaluate_bc_group: ML_ADMConstraints_evaluate
              ML_ADMConstraints::ML_ADMConstraints_evaluate_SelectBCs: [level] ML_ADMConstraints_evaluate_SelectBCs
              GROUP ML_ADMConstraints_evaluate_ApplyBCs: Apply BCs for groups set in ML_ADMConstraints_evaluate
                GROUP BoundaryConditions: Execute all boundary conditions
                  Boundary::Boundary_ApplyPhysicalBCs: Apply all requested local physical boundary conditions
                  CartGrid3D::CartGrid3D_ApplyBC: Apply symmetry boundary conditions
                  ReflectionSymmetry::ReflectionSymmetry_Apply: Apply reflection symmetries
                Boundary::Boundary_ClearSelection: [level] Unselect all grid variables for boundary conditions
          GROUP ML_CCZ4_ConstraintsEverywhere_group: ML_CCZ4_ConstraintsEverywhere
            ML_CCZ4::ML_CCZ4_ConstraintsEverywhere: ML_CCZ4_ConstraintsEverywhere
            GROUP ML_CCZ4_ConstraintsEverywhere_bc_group: ML_CCZ4_ConstraintsEverywhere
              ML_CCZ4::ML_CCZ4_ConstraintsEverywhere_SelectBCs: [level] ML_CCZ4_ConstraintsEverywhere_SelectBCs
              GROUP ML_CCZ4_ConstraintsEverywhere_ApplyBCs: Apply BCs for groups set in ML_CCZ4_ConstraintsEverywhere
                GROUP BoundaryConditions: Execute all boundary conditions
                  Boundary::Boundary_ApplyPhysicalBCs: Apply all requested local physical boundary conditions
                  CartGrid3D::CartGrid3D_ApplyBC: Apply symmetry boundary conditions
                  ReflectionSymmetry::ReflectionSymmetry_Apply: Apply reflection symmetries
                Boundary::Boundary_ClearSelection: [level] Unselect all grid variables for boundary conditions
          GROUP ML_CCZ4_ConstraintsInterior_group: ML_CCZ4_ConstraintsInterior
            ML_CCZ4::ML_CCZ4_ConstraintsInterior: ML_CCZ4_ConstraintsInterior
            GROUP ML_CCZ4_ConstraintsInterior_bc_group: ML_CCZ4_ConstraintsInterior
              ML_CCZ4::ML_CCZ4_ConstraintsInterior_SelectBCs: [level] ML_CCZ4_ConstraintsInterior_SelectBCs
              GROUP ML_CCZ4_ConstraintsInterior_ApplyBCs: Apply BCs for groups set in ML_CCZ4_ConstraintsInterior
                GROUP BoundaryConditions: Execute all boundary conditions
                  Boundary::Boundary_ApplyPhysicalBCs: Apply all requested local physical boundary conditions
                  CartGrid3D::CartGrid3D_ApplyBC: Apply symmetry boundary conditions
                  ReflectionSymmetry::ReflectionSymmetry_Apply: Apply reflection symmetries
                Boundary::Boundary_ClearSelection: [level] Unselect all grid variables for boundary conditions
          GROUP WeylScal4_psi4_calc_Nth_group: WeylScal4_psi4_calc_Nth
            WeylScal4::WeylScal4_psi4_calc_Nth: WeylScal4_psi4_calc_Nth
            GROUP WeylScal4_psi4_calc_Nth_bc_group: WeylScal4_psi4_calc_Nth
              WeylScal4::WeylScal4_psi4_calc_Nth_SelectBCs: [level] WeylScal4_psi4_calc_Nth_SelectBCs
              GROUP WeylScal4_psi4_calc_Nth_ApplyBCs: Apply BCs for groups set in WeylScal4_psi4_calc_Nth
                GROUP BoundaryConditions: Execute all boundary conditions
                  Boundary::Boundary_ApplyPhysicalBCs: Apply all requested local physical boundary conditions
                  CartGrid3D::CartGrid3D_ApplyBC: Apply symmetry boundary conditions
                  ReflectionSymmetry::ReflectionSymmetry_Apply: Apply reflection symmetries
                Boundary::Boundary_ClearSelection: [level] Unselect all grid variables for boundary conditions
      Initialise finer grids recursively
      Restrict from finer grids
      [CCTK_POSTRESTRICTINITIAL]
        GROUP MoL_PostStep: Ensure that everything is correct after restriction
          ML_CCZ4::ML_CCZ4_SelectBoundConds: [level] select boundary conditions
          GROUP ML_CCZ4_ApplyBCs: Apply boundary conditions controlled by thorn Boundary
            GROUP BoundaryConditions: Execute all boundary conditions
              Boundary::Boundary_ApplyPhysicalBCs: Apply all requested local physical boundary conditions
              CartGrid3D::CartGrid3D_ApplyBC: Apply symmetry boundary conditions
              ReflectionSymmetry::ReflectionSymmetry_Apply: Apply reflection symmetries
            Boundary::Boundary_ClearSelection: [level] Unselect all grid variables for boundary conditions
          ML_ADMConstraints::ML_ADMConstraints_SelectBoundConds: [level] select boundary conditions
          GROUP ML_ADMConstraints_ApplyBCs: Apply boundary conditions controlled by thorn Boundary
            GROUP BoundaryConditions: Execute all boundary conditions
              Boundary::Boundary_ApplyPhysicalBCs: Apply all requested local physical boundary conditions
              CartGrid3D::CartGrid3D_ApplyBC: Apply symmetry boundary conditions
              ReflectionSymmetry::ReflectionSymmetry_Apply: Apply reflection symmetries
            Boundary::Boundary_ClearSelection: [level] Unselect all grid variables for boundary conditions
          ML_CCZ4::ML_CCZ4_ADMBaseInterior: ML_CCZ4_ADMBaseInterior
          ML_CCZ4::ML_CCZ4_ADMBaseBoundaryScalar: ML_CCZ4_ADMBaseBoundaryScalar
          ML_CCZ4::ML_CCZ4_ADMBaseEverywhere: ML_CCZ4_ADMBaseEverywhere
          ML_CCZ4_Helper::ML_CCZ4_ADMBase_SelectBCs: [level] Select boundary conditions for ADMBase variables
          GROUP ML_CCZ4_ADMBase_ApplyBCs: Apply boundary conditions to ADMBase variables
            GROUP BoundaryConditions: Execute all boundary conditions
              Boundary::Boundary_ApplyPhysicalBCs: Apply all requested local physical boundary conditions
              CartGrid3D::CartGrid3D_ApplyBC: Apply symmetry boundary conditions
              ReflectionSymmetry::ReflectionSymmetry_Apply: Apply reflection symmetries
            Boundary::Boundary_ClearSelection: [level] Unselect all grid variables for boundary conditions
          GROUP ADMBase_SetADMVars: Set the ADM variables before this group, and use them afterwards
          GROUP HydroBase_PostStep: Post step tasks for hydro thorns
            GROUP HydroBase_Boundaries: HydroBase-internal Boundary conditions group
              GROUP HydroBase_Select_Boundaries: Group to schedule the boundary condition functions
                THC_Core::THC_SelectBC: [singlemap] Select boundary conditions
              GROUP HydroBase_ApplyBCs: Apply the boundary conditions of HydroBase
                GROUP BoundaryConditions: Execute all boundary conditions
                  Boundary::Boundary_ApplyPhysicalBCs: Apply all requested local physical boundary conditions
                  CartGrid3D::CartGrid3D_ApplyBC: Apply symmetry boundary conditions
                  ReflectionSymmetry::ReflectionSymmetry_Apply: Apply reflection symmetries
                Boundary::Boundary_ClearSelection: [level] Unselect all grid variables for boundary conditions
            GROUP HydroBase_Con2Prim: Convert from conservative to primitive variables
              GROUP THC_SetExcisionMask: Thorns providing excision should set the bitmask
              THC_Core::THC_ConsToAll: Computes the primitives from the conservatives
          GROUP SetTmunu: Group for calculating the stress-energy tensor
            TmunuBase::TmunuBase_ZeroTmunu: Initialise the stress-energy tensor to zero
            GROUP AddToTmunu: Add to the stress-energy tensor here
              THC_Core::THC_AddToTmunu: Adds the contribution of the fluid to the global stress-energy tensor
          WeylScal4::WeylScal4_SelectBoundConds: [level] select boundary conditions
          GROUP WeylScal4_ApplyBCs: Apply boundary conditions controlled by thorn Boundary
            GROUP BoundaryConditions: Execute all boundary conditions
              Boundary::Boundary_ApplyPhysicalBCs: Apply all requested local physical boundary conditions
              CartGrid3D::CartGrid3D_ApplyBC: Apply symmetry boundary conditions
              ReflectionSymmetry::ReflectionSymmetry_Apply: Apply reflection symmetries
            Boundary::Boundary_ClearSelection: [level] Unselect all grid variables for boundary conditions
        GROUP MoL_PseudoEvolutionBoundaries: Apply boundary conditions to pseudo-evolved quantities
          GROUP ML_ADMConstraints_evaluate_bc_group: ML_ADMConstraints_evaluate
            ML_ADMConstraints::ML_ADMConstraints_evaluate_SelectBCs: [level] ML_ADMConstraints_evaluate_SelectBCs
            GROUP ML_ADMConstraints_evaluate_ApplyBCs: Apply BCs for groups set in ML_ADMConstraints_evaluate
              GROUP BoundaryConditions: Execute all boundary conditions
                Boundary::Boundary_ApplyPhysicalBCs: Apply all requested local physical boundary conditions
                CartGrid3D::CartGrid3D_ApplyBC: Apply symmetry boundary conditions
                ReflectionSymmetry::ReflectionSymmetry_Apply: Apply reflection symmetries
              Boundary::Boundary_ClearSelection: [level] Unselect all grid variables for boundary conditions
          GROUP ML_CCZ4_ConstraintsEverywhere_bc_group: ML_CCZ4_ConstraintsEverywhere
            ML_CCZ4::ML_CCZ4_ConstraintsEverywhere_SelectBCs: [level] ML_CCZ4_ConstraintsEverywhere_SelectBCs
            GROUP ML_CCZ4_ConstraintsEverywhere_ApplyBCs: Apply BCs for groups set in ML_CCZ4_ConstraintsEverywhere
              GROUP BoundaryConditions: Execute all boundary conditions
                Boundary::Boundary_ApplyPhysicalBCs: Apply all requested local physical boundary conditions
                CartGrid3D::CartGrid3D_ApplyBC: Apply symmetry boundary conditions
                ReflectionSymmetry::ReflectionSymmetry_Apply: Apply reflection symmetries
              Boundary::Boundary_ClearSelection: [level] Unselect all grid variables for boundary conditions
          GROUP ML_CCZ4_ConstraintsInterior_bc_group: ML_CCZ4_ConstraintsInterior
            ML_CCZ4::ML_CCZ4_ConstraintsInterior_SelectBCs: [level] ML_CCZ4_ConstraintsInterior_SelectBCs
            GROUP ML_CCZ4_ConstraintsInterior_ApplyBCs: Apply BCs for groups set in ML_CCZ4_ConstraintsInterior
              GROUP BoundaryConditions: Execute all boundary conditions
                Boundary::Boundary_ApplyPhysicalBCs: Apply all requested local physical boundary conditions
                CartGrid3D::CartGrid3D_ApplyBC: Apply symmetry boundary conditions
                ReflectionSymmetry::ReflectionSymmetry_Apply: Apply reflection symmetries
              Boundary::Boundary_ClearSelection: [level] Unselect all grid variables for boundary conditions
          GROUP WeylScal4_psi4_calc_Nth_bc_group: WeylScal4_psi4_calc_Nth
            WeylScal4::WeylScal4_psi4_calc_Nth_SelectBCs: [level] WeylScal4_psi4_calc_Nth_SelectBCs
            GROUP WeylScal4_psi4_calc_Nth_ApplyBCs: Apply BCs for groups set in WeylScal4_psi4_calc_Nth
              GROUP BoundaryConditions: Execute all boundary conditions
                Boundary::Boundary_ApplyPhysicalBCs: Apply all requested local physical boundary conditions
                CartGrid3D::CartGrid3D_ApplyBC: Apply symmetry boundary conditions
                ReflectionSymmetry::ReflectionSymmetry_Apply: Apply reflection symmetries
              Boundary::Boundary_ClearSelection: [level] Unselect all grid variables for boundary conditions
      [CCTK_POSTPOSTINITIAL]
        GROUP Con2Prim: Convert from conservative to primitive variables (might be redundant)
          GROUP THC_SetExcisionMask: Thorns providing excision should set the bitmask
          THC_Core::THC_ConsToAll: Computes the primitives from the conservatives
      [CCTK_POSTSTEP]
        SphericalSurface::SphericalSurface_Set: [global] Set surface radii
        GROUP zzz_NaNChecker_NaNCheck: Check for NaNs and count them in NaNChecker::NaNsFound
          NaNChecker::NaNChecker_NaNCheck_Prepare: [level] Prepare data structures to check for NaNs
          NaNChecker::NaNChecker_NaNCheck_Check: [local] Check for NaNs
          NaNChecker::NaNChecker_NaNCheck_Finish: [level] Count NaNs in NaNChecker::NaNsFound
        NaNChecker::NaNChecker_TakeAction: [global] [loop-level] Output NaNChecker::NaNmask and take action according to NaNChecker::action_if_found
        SpaceMask::CheckMask: Ensure that all mask values are legal
        GROUP SphericalSurface_HasBeenSet: Set the spherical surfaces before this group, and use it afterwards
          SphericalSurface::SphericalSurface_CheckState: [global] Test the state of the spherical surfaces
        Dissipation::setup_epsdis: Setup spatially varying dissipation
    endif
    if (recover initial data)
      [CCTK_BASEGRID]
        ADMBase::ADMBase_SetShiftStateOn: Set the shift_state variable to 1
        ADMBase::ADMBase_SetDtLapseStateOn: Set the dtlapse_state variable to 1
        ADMBase::ADMBase_SetDtShiftStateOn: Set the dtshift_state variable to 1
        ADMMacros::ADMMacros_SetLocalSpatialOrder: Initialize the local_spatial_order
        CartGrid3D::SpatialSpacings: Set up ranges for spatial 3D Cartesian coordinates (on all grids)
        CartGrid3D::SpatialCoordinates: Set up spatial 3D Cartesian coordinates on the GH
        SphericalSurface::SphericalSurface_SetupRes: [global] [loop-local] Set surface resolution automatically
        Dissipation::dissipation_basegrid: Ensure that there are enough ghost zones
        HRSCCore::HRSCC_ParamStore: [global] Store parameters in private namespace
        ML_ADMConstraints::ML_ADMConstraints_CheckBoundaries: [meta] check boundaries treatment
        ML_CCZ4::ML_CCZ4_CheckBoundaries: [meta] check boundaries treatment
        NaNChecker::NaNChecker_ResetCounter: [global] Reset the NaNChecker::NaNsFound counter
        SpaceMask::MaskZero: Initialise mask to zero
        SpaceMask::MaskOne: Set old style mask to one
        SphericalSurface::SphericalSurface_Setup: [global] Calculate surface coordinate descriptors
        GROUP MaskBase_SetupMask: Set up the weight function
          GROUP MaskBase_SetupMaskAll: Set up the weight function
            CarpetReduce::MaskBase_AllocateMask: [global] Allocate the weight function
            CarpetReduce::MaskBase_InitMask: [global] [loop-local] Initialise the weight function
            GROUP SetupIMaskInternal: Set up the integer weight function (schedule other routines in here)
              CarpetReduce::CoordBase_SetupMask: [global] [loop-local] Set up the outer boundaries of the weight function
              CarpetReduce::CarpetMaskSetup: [global] [loop-singlemap] Set up the weight function for the restriction regions
            GROUP SetupIMask: Set up the integer weight function (schedule other routines in here)
            CarpetReduce::MaskBase_SetMask: [global] [loop-local] Set the weight function
            GROUP SetupMask: Set up the real weight function (schedule other routines in here)
            CarpetReduce::MaskBase_TestMask: [global] Test the weight function
        SphericalSurface::SphericalSurface_Set: [global] Set surface radii to be used for initial setup in other thorns
        GROUP SphericalSurface_HasBeenSet: Set the spherical surfaces before this group, and use it afterwards
          SphericalSurface::SphericalSurface_CheckState: [global] Test the state of the spherical surfaces
        SymBase::SymBase_Check: Check whether the driver set up the grid consistently
        THC_Core::THC_SetSym: [global] Setup symmetries
        TerminationTrigger::TerminationTrigger_ResetTrigger: Clear trigger state
        TerminationTrigger::TerminationTrigger_StartTimer: Start timer
        TerminationTrigger::TerminationTrigger_CreateFile: Create termination file
        Time::Time_Initialise: [global] Initialise Time variables
        Time::TemporalSpacings: [singlemap] Set timestep based on Courant condition (courant_static)
        WeylScal4::WeylScal4_CheckBoundaries: [meta] check boundaries treatment
      [CCTK_RECOVER_VARIABLES]
        IOUtil::IOUtil_RecoverGH: [level] Checkpoint recovery routine
      [CCTK_POST_RECOVER_VARIABLES]
        CarpetIOHDF5::CarpetIOHDF5_InitCheckpointingIntervals: [global] Initialisation of checkpointing intervals after recovery
        CarpetIOHDF5::CarpetIOHDF5_CloseFiles: [meta] Close all initial data checkpoint files after recovery
        GROUP MaskBase_SetupMask: Set up the weight function
          GROUP MaskBase_SetupMaskAll: Set up the weight function
            CarpetReduce::MaskBase_AllocateMask: [global] Allocate the weight function
            CarpetReduce::MaskBase_InitMask: [global] [loop-local] Initialise the weight function
            GROUP SetupIMaskInternal: Set up the integer weight function (schedule other routines in here)
              CarpetReduce::CoordBase_SetupMask: [global] [loop-local] Set up the outer boundaries of the weight function
              CarpetReduce::CarpetMaskSetup: [global] [loop-singlemap] Set up the weight function for the restriction regions
            GROUP SetupIMask: Set up the integer weight function (schedule other routines in here)
            CarpetReduce::MaskBase_SetMask: [global] [loop-local] Set the weight function
            GROUP SetupMask: Set up the real weight function (schedule other routines in here)
            CarpetReduce::MaskBase_TestMask: [global] Test the weight function
        GROUP MoL_PostStep: Ensure that everything is correct after recovery
          ML_CCZ4::ML_CCZ4_SelectBoundConds: [level] select boundary conditions
          GROUP ML_CCZ4_ApplyBCs: Apply boundary conditions controlled by thorn Boundary
            GROUP BoundaryConditions: Execute all boundary conditions
              Boundary::Boundary_ApplyPhysicalBCs: Apply all requested local physical boundary conditions
              CartGrid3D::CartGrid3D_ApplyBC: Apply symmetry boundary conditions
              ReflectionSymmetry::ReflectionSymmetry_Apply: Apply reflection symmetries
            Boundary::Boundary_ClearSelection: [level] Unselect all grid variables for boundary conditions
          ML_ADMConstraints::ML_ADMConstraints_SelectBoundConds: [level] select boundary conditions
          GROUP ML_ADMConstraints_ApplyBCs: Apply boundary conditions controlled by thorn Boundary
            GROUP BoundaryConditions: Execute all boundary conditions
              Boundary::Boundary_ApplyPhysicalBCs: Apply all requested local physical boundary conditions
              CartGrid3D::CartGrid3D_ApplyBC: Apply symmetry boundary conditions
              ReflectionSymmetry::ReflectionSymmetry_Apply: Apply reflection symmetries
            Boundary::Boundary_ClearSelection: [level] Unselect all grid variables for boundary conditions
          ML_CCZ4::ML_CCZ4_ADMBaseInterior: ML_CCZ4_ADMBaseInterior
          ML_CCZ4::ML_CCZ4_ADMBaseBoundaryScalar: ML_CCZ4_ADMBaseBoundaryScalar
          ML_CCZ4::ML_CCZ4_ADMBaseEverywhere: ML_CCZ4_ADMBaseEverywhere
          ML_CCZ4_Helper::ML_CCZ4_ADMBase_SelectBCs: [level] Select boundary conditions for ADMBase variables
          GROUP ML_CCZ4_ADMBase_ApplyBCs: Apply boundary conditions to ADMBase variables
            GROUP BoundaryConditions: Execute all boundary conditions
              Boundary::Boundary_ApplyPhysicalBCs: Apply all requested local physical boundary conditions
              CartGrid3D::CartGrid3D_ApplyBC: Apply symmetry boundary conditions
              ReflectionSymmetry::ReflectionSymmetry_Apply: Apply reflection symmetries
            Boundary::Boundary_ClearSelection: [level] Unselect all grid variables for boundary conditions
          GROUP ADMBase_SetADMVars: Set the ADM variables before this group, and use them afterwards
          GROUP HydroBase_PostStep: Post step tasks for hydro thorns
            GROUP HydroBase_Boundaries: HydroBase-internal Boundary conditions group
              GROUP HydroBase_Select_Boundaries: Group to schedule the boundary condition functions
                THC_Core::THC_SelectBC: [singlemap] Select boundary conditions
              GROUP HydroBase_ApplyBCs: Apply the boundary conditions of HydroBase
                GROUP BoundaryConditions: Execute all boundary conditions
                  Boundary::Boundary_ApplyPhysicalBCs: Apply all requested local physical boundary conditions
                  CartGrid3D::CartGrid3D_ApplyBC: Apply symmetry boundary conditions
                  ReflectionSymmetry::ReflectionSymmetry_Apply: Apply reflection symmetries
                Boundary::Boundary_ClearSelection: [level] Unselect all grid variables for boundary conditions
            GROUP HydroBase_Con2Prim: Convert from conservative to primitive variables
              GROUP THC_SetExcisionMask: Thorns providing excision should set the bitmask
              THC_Core::THC_ConsToAll: Computes the primitives from the conservatives
          GROUP SetTmunu: Group for calculating the stress-energy tensor
            TmunuBase::TmunuBase_ZeroTmunu: Initialise the stress-energy tensor to zero
            GROUP AddToTmunu: Add to the stress-energy tensor here
              THC_Core::THC_AddToTmunu: Adds the contribution of the fluid to the global stress-energy tensor
          WeylScal4::WeylScal4_SelectBoundConds: [level] select boundary conditions
          GROUP WeylScal4_ApplyBCs: Apply boundary conditions controlled by thorn Boundary
            GROUP BoundaryConditions: Execute all boundary conditions
              Boundary::Boundary_ApplyPhysicalBCs: Apply all requested local physical boundary conditions
              CartGrid3D::CartGrid3D_ApplyBC: Apply symmetry boundary conditions
              ReflectionSymmetry::ReflectionSymmetry_Apply: Apply reflection symmetries
            Boundary::Boundary_ClearSelection: [level] Unselect all grid variables for boundary conditions
        GROUP zzz_NaNChecker_NaNCheck: Check for NaNs and count them in NaNChecker::NaNsFound
          NaNChecker::NaNChecker_NaNCheck_Prepare: [level] Prepare data structures to check for NaNs
          NaNChecker::NaNChecker_NaNCheck_Check: [local] Check for NaNs
          NaNChecker::NaNChecker_NaNCheck_Finish: [level] Count NaNs in NaNChecker::NaNsFound
        NaNChecker::NaNChecker_TakeAction: [global] [loop-level] Output NaNChecker::NaNmask and take action according to NaNChecker::action_if_found
        TerminationTrigger::TerminationTrigger_ResetMinutes: [global] Reset Watchtime
    endif
    if (checkpoint initial data)
      [CCTK_CPINITIAL]
        CarpetIOHDF5::CarpetIOHDF5_InitialDataCheckpoint: [meta] Initial data checkpoint routine
    endif
    if (analysis)
      [CCTK_ANALYSIS]
        CarpetLib::CarpetLib_printtimestats: [global] Print timing statistics if desired
        CarpetLib::CarpetLib_printmemstats: [global] Print memory statistics if desired
        Formaline::Formaline_AnnounceUpdate: [global] Put some meta information about the current run into permanent storage
        LoopControl::LC_statistics_analysis: [meta] Output LoopControl statistics
        GROUP ML_CCZ4_EvolutionAnalysis: Calculate RHS at analysis
          ML_CCZ4::ML_CCZ4_EvolutionAnalysisInit: ML_CCZ4_EvolutionAnalysisInit
          ML_CCZ4::ML_CCZ4_EvolutionAnalysisInterior: ML_CCZ4_EvolutionAnalysisInterior
          ML_CCZ4_Helper::ML_CCZ4_NewRad: Apply NewRad boundary conditions to RHS
        Multipole::Multipole_Calc: [global] Calculate Multipoles
        TerminationTrigger::TerminationTrigger_CheckWalltime: Check elapsed job walltime
        TerminationTrigger::TerminationTrigger_CheckSignal: Check if we received a termination signal
        TerminationTrigger::TerminationTrigger_CheckFile: Check termination file
        WatchDog::WatchDog: Make sure that the run is progressing
  endif
  Output grid variables

  do loop over timesteps
    [CCTK_PREREGRID]
    Change grid hierarchy
    [CCTK_POSTREGRID]
      CartGrid3D::SpatialCoordinates: Set Coordinates after regridding
      GROUP MaskBase_SetupMask: Set up the weight function
        GROUP MaskBase_SetupMaskAll: Set up the weight function
          CarpetReduce::MaskBase_AllocateMask: [global] Allocate the weight function
          CarpetReduce::MaskBase_InitMask: [global] [loop-local] Initialise the weight function
          GROUP SetupIMaskInternal: Set up the integer weight function (schedule other routines in here)
            CarpetReduce::CoordBase_SetupMask: [global] [loop-local] Set up the outer boundaries of the weight function
            CarpetReduce::CarpetMaskSetup: [global] [loop-singlemap] Set up the weight function for the restriction regions
          GROUP SetupIMask: Set up the integer weight function (schedule other routines in here)
          CarpetReduce::MaskBase_SetMask: [global] [loop-local] Set the weight function
          GROUP SetupMask: Set up the real weight function (schedule other routines in here)
          CarpetReduce::MaskBase_TestMask: [global] Test the weight function
      Dissipation::setup_epsdis: Setup spatially varying dissipation
      GROUP MoL_PostStep: Ensure that everything is correct after regridding
        ML_CCZ4::ML_CCZ4_SelectBoundConds: [level] select boundary conditions
        GROUP ML_CCZ4_ApplyBCs: Apply boundary conditions controlled by thorn Boundary
          GROUP BoundaryConditions: Execute all boundary conditions
            Boundary::Boundary_ApplyPhysicalBCs: Apply all requested local physical boundary conditions
            CartGrid3D::CartGrid3D_ApplyBC: Apply symmetry boundary conditions
            ReflectionSymmetry::ReflectionSymmetry_Apply: Apply reflection symmetries
          Boundary::Boundary_ClearSelection: [level] Unselect all grid variables for boundary conditions
        ML_ADMConstraints::ML_ADMConstraints_SelectBoundConds: [level] select boundary conditions
        GROUP ML_ADMConstraints_ApplyBCs: Apply boundary conditions controlled by thorn Boundary
          GROUP BoundaryConditions: Execute all boundary conditions
            Boundary::Boundary_ApplyPhysicalBCs: Apply all requested local physical boundary conditions
            CartGrid3D::CartGrid3D_ApplyBC: Apply symmetry boundary conditions
            ReflectionSymmetry::ReflectionSymmetry_Apply: Apply reflection symmetries
          Boundary::Boundary_ClearSelection: [level] Unselect all grid variables for boundary conditions
        ML_CCZ4::ML_CCZ4_ADMBaseInterior: ML_CCZ4_ADMBaseInterior
        ML_CCZ4::ML_CCZ4_ADMBaseBoundaryScalar: ML_CCZ4_ADMBaseBoundaryScalar
        ML_CCZ4::ML_CCZ4_ADMBaseEverywhere: ML_CCZ4_ADMBaseEverywhere
        ML_CCZ4_Helper::ML_CCZ4_ADMBase_SelectBCs: [level] Select boundary conditions for ADMBase variables
        GROUP ML_CCZ4_ADMBase_ApplyBCs: Apply boundary conditions to ADMBase variables
          GROUP BoundaryConditions: Execute all boundary conditions
            Boundary::Boundary_ApplyPhysicalBCs: Apply all requested local physical boundary conditions
            CartGrid3D::CartGrid3D_ApplyBC: Apply symmetry boundary conditions
            ReflectionSymmetry::ReflectionSymmetry_Apply: Apply reflection symmetries
          Boundary::Boundary_ClearSelection: [level] Unselect all grid variables for boundary conditions
        GROUP ADMBase_SetADMVars: Set the ADM variables before this group, and use them afterwards
        GROUP HydroBase_PostStep: Post step tasks for hydro thorns
          GROUP HydroBase_Boundaries: HydroBase-internal Boundary conditions group
            GROUP HydroBase_Select_Boundaries: Group to schedule the boundary condition functions
              THC_Core::THC_SelectBC: [singlemap] Select boundary conditions
            GROUP HydroBase_ApplyBCs: Apply the boundary conditions of HydroBase
              GROUP BoundaryConditions: Execute all boundary conditions
                Boundary::Boundary_ApplyPhysicalBCs: Apply all requested local physical boundary conditions
                CartGrid3D::CartGrid3D_ApplyBC: Apply symmetry boundary conditions
                ReflectionSymmetry::ReflectionSymmetry_Apply: Apply reflection symmetries
              Boundary::Boundary_ClearSelection: [level] Unselect all grid variables for boundary conditions
          GROUP HydroBase_Con2Prim: Convert from conservative to primitive variables
            GROUP THC_SetExcisionMask: Thorns providing excision should set the bitmask
            THC_Core::THC_ConsToAll: Computes the primitives from the conservatives
        GROUP SetTmunu: Group for calculating the stress-energy tensor
          TmunuBase::TmunuBase_ZeroTmunu: Initialise the stress-energy tensor to zero
          GROUP AddToTmunu: Add to the stress-energy tensor here
            THC_Core::THC_AddToTmunu: Adds the contribution of the fluid to the global stress-energy tensor
        WeylScal4::WeylScal4_SelectBoundConds: [level] select boundary conditions
        GROUP WeylScal4_ApplyBCs: Apply boundary conditions controlled by thorn Boundary
          GROUP BoundaryConditions: Execute all boundary conditions
            Boundary::Boundary_ApplyPhysicalBCs: Apply all requested local physical boundary conditions
            CartGrid3D::CartGrid3D_ApplyBC: Apply symmetry boundary conditions
            ReflectionSymmetry::ReflectionSymmetry_Apply: Apply reflection symmetries
          Boundary::Boundary_ClearSelection: [level] Unselect all grid variables for boundary conditions
      GROUP MoL_PseudoEvolutionBoundaries: Apply boundary conditions to pseudo-evolved quantities
        GROUP ML_ADMConstraints_evaluate_bc_group: ML_ADMConstraints_evaluate
          ML_ADMConstraints::ML_ADMConstraints_evaluate_SelectBCs: [level] ML_ADMConstraints_evaluate_SelectBCs
          GROUP ML_ADMConstraints_evaluate_ApplyBCs: Apply BCs for groups set in ML_ADMConstraints_evaluate
            GROUP BoundaryConditions: Execute all boundary conditions
              Boundary::Boundary_ApplyPhysicalBCs: Apply all requested local physical boundary conditions
              CartGrid3D::CartGrid3D_ApplyBC: Apply symmetry boundary conditions
              ReflectionSymmetry::ReflectionSymmetry_Apply: Apply reflection symmetries
            Boundary::Boundary_ClearSelection: [level] Unselect all grid variables for boundary conditions
        GROUP ML_CCZ4_ConstraintsEverywhere_bc_group: ML_CCZ4_ConstraintsEverywhere
          ML_CCZ4::ML_CCZ4_ConstraintsEverywhere_SelectBCs: [level] ML_CCZ4_ConstraintsEverywhere_SelectBCs
          GROUP ML_CCZ4_ConstraintsEverywhere_ApplyBCs: Apply BCs for groups set in ML_CCZ4_ConstraintsEverywhere
            GROUP BoundaryConditions: Execute all boundary conditions
              Boundary::Boundary_ApplyPhysicalBCs: Apply all requested local physical boundary conditions
              CartGrid3D::CartGrid3D_ApplyBC: Apply symmetry boundary conditions
              ReflectionSymmetry::ReflectionSymmetry_Apply: Apply reflection symmetries
            Boundary::Boundary_ClearSelection: [level] Unselect all grid variables for boundary conditions
        GROUP ML_CCZ4_ConstraintsInterior_bc_group: ML_CCZ4_ConstraintsInterior
          ML_CCZ4::ML_CCZ4_ConstraintsInterior_SelectBCs: [level] ML_CCZ4_ConstraintsInterior_SelectBCs
          GROUP ML_CCZ4_ConstraintsInterior_ApplyBCs: Apply BCs for groups set in ML_CCZ4_ConstraintsInterior
            GROUP BoundaryConditions: Execute all boundary conditions
              Boundary::Boundary_ApplyPhysicalBCs: Apply all requested local physical boundary conditions
              CartGrid3D::CartGrid3D_ApplyBC: Apply symmetry boundary conditions
              ReflectionSymmetry::ReflectionSymmetry_Apply: Apply reflection symmetries
            Boundary::Boundary_ClearSelection: [level] Unselect all grid variables for boundary conditions
        GROUP WeylScal4_psi4_calc_Nth_bc_group: WeylScal4_psi4_calc_Nth
          WeylScal4::WeylScal4_psi4_calc_Nth_SelectBCs: [level] WeylScal4_psi4_calc_Nth_SelectBCs
          GROUP WeylScal4_psi4_calc_Nth_ApplyBCs: Apply BCs for groups set in WeylScal4_psi4_calc_Nth
            GROUP BoundaryConditions: Execute all boundary conditions
              Boundary::Boundary_ApplyPhysicalBCs: Apply all requested local physical boundary conditions
              CartGrid3D::CartGrid3D_ApplyBC: Apply symmetry boundary conditions
              ReflectionSymmetry::ReflectionSymmetry_Apply: Apply reflection symmetries
            Boundary::Boundary_ClearSelection: [level] Unselect all grid variables for boundary conditions
      SpaceMask::MaskZero: Initialise mask to zero
      SpaceMask::MaskOne: Set mask to one
    Rotate timelevels
    iteration = iteration+1
    t = t+dt
    [CCTK_PRESTEP]
      CoordGauge::Einstein_SetNextSlicing: Identify the slicing for the next iteration
      LoopControl::LC_steer: [meta] Update LoopControl algorithm preferences
      NaNChecker::NaNChecker_ResetCounter: [global] Reset the NaNChecker::NaNsFound counter
    [CCTK_EVOL]
      MoL::MoL_StartLoop: [level] Initialise the step size control
      while (MoL::MoL_Stepsize_Bad)
        GROUP MoL_Evolution: A single Cactus evolution step using MoL
          GROUP MoL_StartStep: MoL internal setup for the evolution step
            MoL::MoL_SetCounter: [level] Set the counter for the ODE method to loop over
            MoL::MoL_SetTime: [level] Ensure the correct time and timestep are used
            MoL::MoL_AllocateScratchSpace: [level] Allocate storage for scratch levels
          GROUP MoL_PreStep: Physics thorns can schedule preloop setup routines in here
          MoL::MoL_AllocateScratch: Allocate sufficient space for array scratch variables
          MoL::MoL_InitialCopy: Ensure the data is in the correct timelevel
          while (MoL::MoL_Intermediate_Step)
            GROUP MoL_Step: The loop over the intermediate steps for the ODE integrator
              MoL::MoL_InitRHS: Initialise the RHS functions
              GROUP MoL_CalcRHS: Physics thorns schedule the calculation of the discrete spatial operator in here
                GROUP HydroBase_RHS: Groups for scheduling tasks for calculating RHS of hydro variables
                  THC_Core::THC_InitSource: Initializes the source term
                  THC_Core::THC_GRSource: Computes the geometric source terms
                  THC_Core::THC_RHS: Compute the RHS for MoL
                GROUP ML_CCZ4_EvolutionInteriorSplitBy: 
                  ML_CCZ4::ML_CCZ4_EvolutionInteriorSplitBy1: ML_CCZ4_EvolutionInteriorSplitBy1
                  ML_CCZ4::ML_CCZ4_EvolutionInteriorSplitBy2: ML_CCZ4_EvolutionInteriorSplitBy2
                  ML_CCZ4::ML_CCZ4_EvolutionInteriorSplitBy3: ML_CCZ4_EvolutionInteriorSplitBy3
                ML_CCZ4_Helper::ML_CCZ4_NewRad: Apply NewRad boundary conditions to RHS
              GROUP MoL_PostRHS: Modify RHS functions
                Dissipation::dissipation_add: Add Kreiss-Oliger dissipation to the right hand sides
              GROUP MoL_RHSBoundaries: Any 'final' modifications to the RHS functions (boundaries etc.)
              MoL::MoL_Add: Updates calculated with the efficient Runge-Kutta 3 method
              MoL::MoL_DecrementCounter: [level] Alter the counter number
              MoL::MoL_ResetTime: [level] If necessary, change the time
              GROUP MoL_PostStepModify: The group for physics thorns to schedule enforcing constraints
                ML_CCZ4::ML_CCZ4_EnforceEverywhere: ML_CCZ4_EnforceEverywhere
              GROUP MoL_PostStep: The group for physics thorns to schedule boundary calls etc.
                ML_CCZ4::ML_CCZ4_SelectBoundConds: [level] select boundary conditions
                GROUP ML_CCZ4_ApplyBCs: Apply boundary conditions controlled by thorn Boundary
                  GROUP BoundaryConditions: Execute all boundary conditions
                    Boundary::Boundary_ApplyPhysicalBCs: Apply all requested local physical boundary conditions
                    CartGrid3D::CartGrid3D_ApplyBC: Apply symmetry boundary conditions
                    ReflectionSymmetry::ReflectionSymmetry_Apply: Apply reflection symmetries
                  Boundary::Boundary_ClearSelection: [level] Unselect all grid variables for boundary conditions
                ML_ADMConstraints::ML_ADMConstraints_SelectBoundConds: [level] select boundary conditions
                GROUP ML_ADMConstraints_ApplyBCs: Apply boundary conditions controlled by thorn Boundary
                  GROUP BoundaryConditions: Execute all boundary conditions
                    Boundary::Boundary_ApplyPhysicalBCs: Apply all requested local physical boundary conditions
                    CartGrid3D::CartGrid3D_ApplyBC: Apply symmetry boundary conditions
                    ReflectionSymmetry::ReflectionSymmetry_Apply: Apply reflection symmetries
                  Boundary::Boundary_ClearSelection: [level] Unselect all grid variables for boundary conditions
                ML_CCZ4::ML_CCZ4_ADMBaseInterior: ML_CCZ4_ADMBaseInterior
                ML_CCZ4::ML_CCZ4_ADMBaseBoundaryScalar: ML_CCZ4_ADMBaseBoundaryScalar
                ML_CCZ4::ML_CCZ4_ADMBaseEverywhere: ML_CCZ4_ADMBaseEverywhere
                ML_CCZ4_Helper::ML_CCZ4_ADMBase_SelectBCs: [level] Select boundary conditions for ADMBase variables
                GROUP ML_CCZ4_ADMBase_ApplyBCs: Apply boundary conditions to ADMBase variables
                  GROUP BoundaryConditions: Execute all boundary conditions
                    Boundary::Boundary_ApplyPhysicalBCs: Apply all requested local physical boundary conditions
                    CartGrid3D::CartGrid3D_ApplyBC: Apply symmetry boundary conditions
                    ReflectionSymmetry::ReflectionSymmetry_Apply: Apply reflection symmetries
                  Boundary::Boundary_ClearSelection: [level] Unselect all grid variables for boundary conditions
                GROUP ADMBase_SetADMVars: Set the ADM variables before this group, and use them afterwards
                GROUP HydroBase_PostStep: Post step tasks for hydro thorns
                  GROUP HydroBase_Boundaries: HydroBase-internal Boundary conditions group
                    GROUP HydroBase_Select_Boundaries: Group to schedule the boundary condition functions
                      THC_Core::THC_SelectBC: [singlemap] Select boundary conditions
                    GROUP HydroBase_ApplyBCs: Apply the boundary conditions of HydroBase
                      GROUP BoundaryConditions: Execute all boundary conditions
                        Boundary::Boundary_ApplyPhysicalBCs: Apply all requested local physical boundary conditions
                        CartGrid3D::CartGrid3D_ApplyBC: Apply symmetry boundary conditions
                        ReflectionSymmetry::ReflectionSymmetry_Apply: Apply reflection symmetries
                      Boundary::Boundary_ClearSelection: [level] Unselect all grid variables for boundary conditions
                  GROUP HydroBase_Con2Prim: Convert from conservative to primitive variables
                    GROUP THC_SetExcisionMask: Thorns providing excision should set the bitmask
                    THC_Core::THC_ConsToAll: Computes the primitives from the conservatives
                GROUP SetTmunu: Group for calculating the stress-energy tensor
                  TmunuBase::TmunuBase_ZeroTmunu: Initialise the stress-energy tensor to zero
                  GROUP AddToTmunu: Add to the stress-energy tensor here
                    THC_Core::THC_AddToTmunu: Adds the contribution of the fluid to the global stress-energy tensor
                WeylScal4::WeylScal4_SelectBoundConds: [level] select boundary conditions
                GROUP WeylScal4_ApplyBCs: Apply boundary conditions controlled by thorn Boundary
                  GROUP BoundaryConditions: Execute all boundary conditions
                    Boundary::Boundary_ApplyPhysicalBCs: Apply all requested local physical boundary conditions
                    CartGrid3D::CartGrid3D_ApplyBC: Apply symmetry boundary conditions
                    ReflectionSymmetry::ReflectionSymmetry_Apply: Apply reflection symmetries
                  Boundary::Boundary_ClearSelection: [level] Unselect all grid variables for boundary conditions
              MoL::MoL_ResetDeltaTime: [level] If necessary, change the timestep
          end while
          MoL::MoL_FinishLoop: [level] Control the step size
          MoL::MoL_RestoreSandR: Restoring the Save and Restore variables to the original state
          MoL::MoL_FreeScratchSpace: [level] Free storage for scratch levels
      end while
      GROUP MoL_PseudoEvolution: Calculate pseudo-evolved quantities
        GROUP ADMBase_SetADMVars: Set the ADM variables before this group, and use them afterwards
        GROUP ML_ADMConstraints_evaluate_group: ML_ADMConstraints_evaluate
          ML_ADMConstraints::ML_ADMConstraints_evaluate: ML_ADMConstraints_evaluate
          GROUP ML_ADMConstraints_evaluate_bc_group: ML_ADMConstraints_evaluate
            ML_ADMConstraints::ML_ADMConstraints_evaluate_SelectBCs: [level] ML_ADMConstraints_evaluate_SelectBCs
            GROUP ML_ADMConstraints_evaluate_ApplyBCs: Apply BCs for groups set in ML_ADMConstraints_evaluate
              GROUP BoundaryConditions: Execute all boundary conditions
                Boundary::Boundary_ApplyPhysicalBCs: Apply all requested local physical boundary conditions
                CartGrid3D::CartGrid3D_ApplyBC: Apply symmetry boundary conditions
                ReflectionSymmetry::ReflectionSymmetry_Apply: Apply reflection symmetries
              Boundary::Boundary_ClearSelection: [level] Unselect all grid variables for boundary conditions
        GROUP ML_CCZ4_ConstraintsEverywhere_group: ML_CCZ4_ConstraintsEverywhere
          ML_CCZ4::ML_CCZ4_ConstraintsEverywhere: ML_CCZ4_ConstraintsEverywhere
          GROUP ML_CCZ4_ConstraintsEverywhere_bc_group: ML_CCZ4_ConstraintsEverywhere
            ML_CCZ4::ML_CCZ4_ConstraintsEverywhere_SelectBCs: [level] ML_CCZ4_ConstraintsEverywhere_SelectBCs
            GROUP ML_CCZ4_ConstraintsEverywhere_ApplyBCs: Apply BCs for groups set in ML_CCZ4_ConstraintsEverywhere
              GROUP BoundaryConditions: Execute all boundary conditions
                Boundary::Boundary_ApplyPhysicalBCs: Apply all requested local physical boundary conditions
                CartGrid3D::CartGrid3D_ApplyBC: Apply symmetry boundary conditions
                ReflectionSymmetry::ReflectionSymmetry_Apply: Apply reflection symmetries
              Boundary::Boundary_ClearSelection: [level] Unselect all grid variables for boundary conditions
        GROUP ML_CCZ4_ConstraintsInterior_group: ML_CCZ4_ConstraintsInterior
          ML_CCZ4::ML_CCZ4_ConstraintsInterior: ML_CCZ4_ConstraintsInterior
          GROUP ML_CCZ4_ConstraintsInterior_bc_group: ML_CCZ4_ConstraintsInterior
            ML_CCZ4::ML_CCZ4_ConstraintsInterior_SelectBCs: [level] ML_CCZ4_ConstraintsInterior_SelectBCs
            GROUP ML_CCZ4_ConstraintsInterior_ApplyBCs: Apply BCs for groups set in ML_CCZ4_ConstraintsInterior
              GROUP BoundaryConditions: Execute all boundary conditions
                Boundary::Boundary_ApplyPhysicalBCs: Apply all requested local physical boundary conditions
                CartGrid3D::CartGrid3D_ApplyBC: Apply symmetry boundary conditions
                ReflectionSymmetry::ReflectionSymmetry_Apply: Apply reflection symmetries
              Boundary::Boundary_ClearSelection: [level] Unselect all grid variables for boundary conditions
        GROUP WeylScal4_psi4_calc_Nth_group: WeylScal4_psi4_calc_Nth
          WeylScal4::WeylScal4_psi4_calc_Nth: WeylScal4_psi4_calc_Nth
          GROUP WeylScal4_psi4_calc_Nth_bc_group: WeylScal4_psi4_calc_Nth
            WeylScal4::WeylScal4_psi4_calc_Nth_SelectBCs: [level] WeylScal4_psi4_calc_Nth_SelectBCs
            GROUP WeylScal4_psi4_calc_Nth_ApplyBCs: Apply BCs for groups set in WeylScal4_psi4_calc_Nth
              GROUP BoundaryConditions: Execute all boundary conditions
                Boundary::Boundary_ApplyPhysicalBCs: Apply all requested local physical boundary conditions
                CartGrid3D::CartGrid3D_ApplyBC: Apply symmetry boundary conditions
                ReflectionSymmetry::ReflectionSymmetry_Apply: Apply reflection symmetries
              Boundary::Boundary_ClearSelection: [level] Unselect all grid variables for boundary conditions
    Evolve finer grids recursively
    Restrict from finer grids
    [CCTK_POSTRESTRICT]
      GROUP MoL_PostStep: Ensure that everything is correct after restriction
        ML_CCZ4::ML_CCZ4_SelectBoundConds: [level] select boundary conditions
        GROUP ML_CCZ4_ApplyBCs: Apply boundary conditions controlled by thorn Boundary
          GROUP BoundaryConditions: Execute all boundary conditions
            Boundary::Boundary_ApplyPhysicalBCs: Apply all requested local physical boundary conditions
            CartGrid3D::CartGrid3D_ApplyBC: Apply symmetry boundary conditions
            ReflectionSymmetry::ReflectionSymmetry_Apply: Apply reflection symmetries
          Boundary::Boundary_ClearSelection: [level] Unselect all grid variables for boundary conditions
        ML_ADMConstraints::ML_ADMConstraints_SelectBoundConds: [level] select boundary conditions
        GROUP ML_ADMConstraints_ApplyBCs: Apply boundary conditions controlled by thorn Boundary
          GROUP BoundaryConditions: Execute all boundary conditions
            Boundary::Boundary_ApplyPhysicalBCs: Apply all requested local physical boundary conditions
            CartGrid3D::CartGrid3D_ApplyBC: Apply symmetry boundary conditions
            ReflectionSymmetry::ReflectionSymmetry_Apply: Apply reflection symmetries
          Boundary::Boundary_ClearSelection: [level] Unselect all grid variables for boundary conditions
        ML_CCZ4::ML_CCZ4_ADMBaseInterior: ML_CCZ4_ADMBaseInterior
        ML_CCZ4::ML_CCZ4_ADMBaseBoundaryScalar: ML_CCZ4_ADMBaseBoundaryScalar
        ML_CCZ4::ML_CCZ4_ADMBaseEverywhere: ML_CCZ4_ADMBaseEverywhere
        ML_CCZ4_Helper::ML_CCZ4_ADMBase_SelectBCs: [level] Select boundary conditions for ADMBase variables
        GROUP ML_CCZ4_ADMBase_ApplyBCs: Apply boundary conditions to ADMBase variables
          GROUP BoundaryConditions: Execute all boundary conditions
            Boundary::Boundary_ApplyPhysicalBCs: Apply all requested local physical boundary conditions
            CartGrid3D::CartGrid3D_ApplyBC: Apply symmetry boundary conditions
            ReflectionSymmetry::ReflectionSymmetry_Apply: Apply reflection symmetries
          Boundary::Boundary_ClearSelection: [level] Unselect all grid variables for boundary conditions
        GROUP ADMBase_SetADMVars: Set the ADM variables before this group, and use them afterwards
        GROUP HydroBase_PostStep: Post step tasks for hydro thorns
          GROUP HydroBase_Boundaries: HydroBase-internal Boundary conditions group
            GROUP HydroBase_Select_Boundaries: Group to schedule the boundary condition functions
              THC_Core::THC_SelectBC: [singlemap] Select boundary conditions
            GROUP HydroBase_ApplyBCs: Apply the boundary conditions of HydroBase
              GROUP BoundaryConditions: Execute all boundary conditions
                Boundary::Boundary_ApplyPhysicalBCs: Apply all requested local physical boundary conditions
                CartGrid3D::CartGrid3D_ApplyBC: Apply symmetry boundary conditions
                ReflectionSymmetry::ReflectionSymmetry_Apply: Apply reflection symmetries
              Boundary::Boundary_ClearSelection: [level] Unselect all grid variables for boundary conditions
          GROUP HydroBase_Con2Prim: Convert from conservative to primitive variables
            GROUP THC_SetExcisionMask: Thorns providing excision should set the bitmask
            THC_Core::THC_ConsToAll: Computes the primitives from the conservatives
        GROUP SetTmunu: Group for calculating the stress-energy tensor
          TmunuBase::TmunuBase_ZeroTmunu: Initialise the stress-energy tensor to zero
          GROUP AddToTmunu: Add to the stress-energy tensor here
            THC_Core::THC_AddToTmunu: Adds the contribution of the fluid to the global stress-energy tensor
        WeylScal4::WeylScal4_SelectBoundConds: [level] select boundary conditions
        GROUP WeylScal4_ApplyBCs: Apply boundary conditions controlled by thorn Boundary
          GROUP BoundaryConditions: Execute all boundary conditions
            Boundary::Boundary_ApplyPhysicalBCs: Apply all requested local physical boundary conditions
            CartGrid3D::CartGrid3D_ApplyBC: Apply symmetry boundary conditions
            ReflectionSymmetry::ReflectionSymmetry_Apply: Apply reflection symmetries
          Boundary::Boundary_ClearSelection: [level] Unselect all grid variables for boundary conditions
      GROUP MoL_PseudoEvolutionBoundaries: Apply boundary conditions to pseudo-evolved quantities
        GROUP ML_ADMConstraints_evaluate_bc_group: ML_ADMConstraints_evaluate
          ML_ADMConstraints::ML_ADMConstraints_evaluate_SelectBCs: [level] ML_ADMConstraints_evaluate_SelectBCs
          GROUP ML_ADMConstraints_evaluate_ApplyBCs: Apply BCs for groups set in ML_ADMConstraints_evaluate
            GROUP BoundaryConditions: Execute all boundary conditions
              Boundary::Boundary_ApplyPhysicalBCs: Apply all requested local physical boundary conditions
              CartGrid3D::CartGrid3D_ApplyBC: Apply symmetry boundary conditions
              ReflectionSymmetry::ReflectionSymmetry_Apply: Apply reflection symmetries
            Boundary::Boundary_ClearSelection: [level] Unselect all grid variables for boundary conditions
        GROUP ML_CCZ4_ConstraintsEverywhere_bc_group: ML_CCZ4_ConstraintsEverywhere
          ML_CCZ4::ML_CCZ4_ConstraintsEverywhere_SelectBCs: [level] ML_CCZ4_ConstraintsEverywhere_SelectBCs
          GROUP ML_CCZ4_ConstraintsEverywhere_ApplyBCs: Apply BCs for groups set in ML_CCZ4_ConstraintsEverywhere
            GROUP BoundaryConditions: Execute all boundary conditions
              Boundary::Boundary_ApplyPhysicalBCs: Apply all requested local physical boundary conditions
              CartGrid3D::CartGrid3D_ApplyBC: Apply symmetry boundary conditions
              ReflectionSymmetry::ReflectionSymmetry_Apply: Apply reflection symmetries
            Boundary::Boundary_ClearSelection: [level] Unselect all grid variables for boundary conditions
        GROUP ML_CCZ4_ConstraintsInterior_bc_group: ML_CCZ4_ConstraintsInterior
          ML_CCZ4::ML_CCZ4_ConstraintsInterior_SelectBCs: [level] ML_CCZ4_ConstraintsInterior_SelectBCs
          GROUP ML_CCZ4_ConstraintsInterior_ApplyBCs: Apply BCs for groups set in ML_CCZ4_ConstraintsInterior
            GROUP BoundaryConditions: Execute all boundary conditions
              Boundary::Boundary_ApplyPhysicalBCs: Apply all requested local physical boundary conditions
              CartGrid3D::CartGrid3D_ApplyBC: Apply symmetry boundary conditions
              ReflectionSymmetry::ReflectionSymmetry_Apply: Apply reflection symmetries
            Boundary::Boundary_ClearSelection: [level] Unselect all grid variables for boundary conditions
        GROUP WeylScal4_psi4_calc_Nth_bc_group: WeylScal4_psi4_calc_Nth
          WeylScal4::WeylScal4_psi4_calc_Nth_SelectBCs: [level] WeylScal4_psi4_calc_Nth_SelectBCs
          GROUP WeylScal4_psi4_calc_Nth_ApplyBCs: Apply BCs for groups set in WeylScal4_psi4_calc_Nth
            GROUP BoundaryConditions: Execute all boundary conditions
              Boundary::Boundary_ApplyPhysicalBCs: Apply all requested local physical boundary conditions
              CartGrid3D::CartGrid3D_ApplyBC: Apply symmetry boundary conditions
              ReflectionSymmetry::ReflectionSymmetry_Apply: Apply reflection symmetries
            Boundary::Boundary_ClearSelection: [level] Unselect all grid variables for boundary conditions
    [CCTK_POSTSTEP]
      SphericalSurface::SphericalSurface_Set: [global] Set surface radii
      GROUP zzz_NaNChecker_NaNCheck: Check for NaNs and count them in NaNChecker::NaNsFound
        NaNChecker::NaNChecker_NaNCheck_Prepare: [level] Prepare data structures to check for NaNs
        NaNChecker::NaNChecker_NaNCheck_Check: [local] Check for NaNs
        NaNChecker::NaNChecker_NaNCheck_Finish: [level] Count NaNs in NaNChecker::NaNsFound
      NaNChecker::NaNChecker_TakeAction: [global] [loop-level] Output NaNChecker::NaNmask and take action according to NaNChecker::action_if_found
      SpaceMask::CheckMask: Ensure that all mask values are legal
      GROUP SphericalSurface_HasBeenSet: Set the spherical surfaces before this group, and use it afterwards
        SphericalSurface::SphericalSurface_CheckState: [global] Test the state of the spherical surfaces
      Dissipation::setup_epsdis: Setup spatially varying dissipation
    if (checkpoint)
      [CCTK_CHECKPOINT]
      CarpetIOHDF5::CarpetIOHDF5_EvolutionCheckpoint: [meta] Evolution checkpoint routine
    endif
    if (analysis)
      [CCTK_ANALYSIS]
      CarpetLib::CarpetLib_printtimestats: [global] Print timing statistics if desired
      CarpetLib::CarpetLib_printmemstats: [global] Print memory statistics if desired
      Formaline::Formaline_AnnounceUpdate: [global] Put some meta information about the current run into permanent storage
      LoopControl::LC_statistics_analysis: [meta] Output LoopControl statistics
      GROUP ML_CCZ4_EvolutionAnalysis: Calculate RHS at analysis
        ML_CCZ4::ML_CCZ4_EvolutionAnalysisInit: ML_CCZ4_EvolutionAnalysisInit
        ML_CCZ4::ML_CCZ4_EvolutionAnalysisInterior: ML_CCZ4_EvolutionAnalysisInterior
        ML_CCZ4_Helper::ML_CCZ4_NewRad: Apply NewRad boundary conditions to RHS
      Multipole::Multipole_Calc: [global] Calculate Multipoles
      TerminationTrigger::TerminationTrigger_CheckWalltime: Check elapsed job walltime
      TerminationTrigger::TerminationTrigger_CheckSignal: Check if we received a termination signal
      TerminationTrigger::TerminationTrigger_CheckFile: Check termination file
      WatchDog::WatchDog: Make sure that the run is progressing
    endif
    Output grid variables
    enddo

  Termination routines
    [CCTK_TERMINATE]
      CarpetIOHDF5::CarpetIOHDF5_TerminationCheckpoint: [meta] Termination checkpoint routine
      Formaline::Formaline_AnnounceFinal: [global] Put some meta information about the current run into permanent storage
      LoopControl::LC_statistics_terminate: [meta] Output LoopControl statistics
      MoL::MoL_FreeIndexArrays: Free the MoL bookkeeping index arrays

  Shutdown routines
    [CCTK_SHUTDOWN]
      Timers::Timer_Shutdown: Prepare hierarchical timers

  Routines run after changing the grid hierarchy:
    [CCTK_POSTREGRID]
      CartGrid3D::SpatialCoordinates: Set Coordinates after regridding
      GROUP MaskBase_SetupMask: Set up the weight function
        GROUP MaskBase_SetupMaskAll: Set up the weight function
          CarpetReduce::MaskBase_AllocateMask: [global] Allocate the weight function
          CarpetReduce::MaskBase_InitMask: [global] [loop-local] Initialise the weight function
          GROUP SetupIMaskInternal: Set up the integer weight function (schedule other routines in here)
            CarpetReduce::CoordBase_SetupMask: [global] [loop-local] Set up the outer boundaries of the weight function
            CarpetReduce::CarpetMaskSetup: [global] [loop-singlemap] Set up the weight function for the restriction regions
          GROUP SetupIMask: Set up the integer weight function (schedule other routines in here)
          CarpetReduce::MaskBase_SetMask: [global] [loop-local] Set the weight function
          GROUP SetupMask: Set up the real weight function (schedule other routines in here)
          CarpetReduce::MaskBase_TestMask: [global] Test the weight function
      Dissipation::setup_epsdis: Setup spatially varying dissipation
      GROUP MoL_PostStep: Ensure that everything is correct after regridding
        ML_CCZ4::ML_CCZ4_SelectBoundConds: [level] select boundary conditions
        GROUP ML_CCZ4_ApplyBCs: Apply boundary conditions controlled by thorn Boundary
          GROUP BoundaryConditions: Execute all boundary conditions
            Boundary::Boundary_ApplyPhysicalBCs: Apply all requested local physical boundary conditions
            CartGrid3D::CartGrid3D_ApplyBC: Apply symmetry boundary conditions
            ReflectionSymmetry::ReflectionSymmetry_Apply: Apply reflection symmetries
          Boundary::Boundary_ClearSelection: [level] Unselect all grid variables for boundary conditions
        ML_ADMConstraints::ML_ADMConstraints_SelectBoundConds: [level] select boundary conditions
        GROUP ML_ADMConstraints_ApplyBCs: Apply boundary conditions controlled by thorn Boundary
          GROUP BoundaryConditions: Execute all boundary conditions
            Boundary::Boundary_ApplyPhysicalBCs: Apply all requested local physical boundary conditions
            CartGrid3D::CartGrid3D_ApplyBC: Apply symmetry boundary conditions
            ReflectionSymmetry::ReflectionSymmetry_Apply: Apply reflection symmetries
          Boundary::Boundary_ClearSelection: [level] Unselect all grid variables for boundary conditions
        ML_CCZ4::ML_CCZ4_ADMBaseInterior: ML_CCZ4_ADMBaseInterior
        ML_CCZ4::ML_CCZ4_ADMBaseBoundaryScalar: ML_CCZ4_ADMBaseBoundaryScalar
        ML_CCZ4::ML_CCZ4_ADMBaseEverywhere: ML_CCZ4_ADMBaseEverywhere
        ML_CCZ4_Helper::ML_CCZ4_ADMBase_SelectBCs: [level] Select boundary conditions for ADMBase variables
        GROUP ML_CCZ4_ADMBase_ApplyBCs: Apply boundary conditions to ADMBase variables
          GROUP BoundaryConditions: Execute all boundary conditions
            Boundary::Boundary_ApplyPhysicalBCs: Apply all requested local physical boundary conditions
            CartGrid3D::CartGrid3D_ApplyBC: Apply symmetry boundary conditions
            ReflectionSymmetry::ReflectionSymmetry_Apply: Apply reflection symmetries
          Boundary::Boundary_ClearSelection: [level] Unselect all grid variables for boundary conditions
        GROUP ADMBase_SetADMVars: Set the ADM variables before this group, and use them afterwards
        GROUP HydroBase_PostStep: Post step tasks for hydro thorns
          GROUP HydroBase_Boundaries: HydroBase-internal Boundary conditions group
            GROUP HydroBase_Select_Boundaries: Group to schedule the boundary condition functions
              THC_Core::THC_SelectBC: [singlemap] Select boundary conditions
            GROUP HydroBase_ApplyBCs: Apply the boundary conditions of HydroBase
              GROUP BoundaryConditions: Execute all boundary conditions
                Boundary::Boundary_ApplyPhysicalBCs: Apply all requested local physical boundary conditions
                CartGrid3D::CartGrid3D_ApplyBC: Apply symmetry boundary conditions
                ReflectionSymmetry::ReflectionSymmetry_Apply: Apply reflection symmetries
              Boundary::Boundary_ClearSelection: [level] Unselect all grid variables for boundary conditions
          GROUP HydroBase_Con2Prim: Convert from conservative to primitive variables
            GROUP THC_SetExcisionMask: Thorns providing excision should set the bitmask
            THC_Core::THC_ConsToAll: Computes the primitives from the conservatives
        GROUP SetTmunu: Group for calculating the stress-energy tensor
          TmunuBase::TmunuBase_ZeroTmunu: Initialise the stress-energy tensor to zero
          GROUP AddToTmunu: Add to the stress-energy tensor here
            THC_Core::THC_AddToTmunu: Adds the contribution of the fluid to the global stress-energy tensor
        WeylScal4::WeylScal4_SelectBoundConds: [level] select boundary conditions
        GROUP WeylScal4_ApplyBCs: Apply boundary conditions controlled by thorn Boundary
          GROUP BoundaryConditions: Execute all boundary conditions
            Boundary::Boundary_ApplyPhysicalBCs: Apply all requested local physical boundary conditions
            CartGrid3D::CartGrid3D_ApplyBC: Apply symmetry boundary conditions
            ReflectionSymmetry::ReflectionSymmetry_Apply: Apply reflection symmetries
          Boundary::Boundary_ClearSelection: [level] Unselect all grid variables for boundary conditions
      GROUP MoL_PseudoEvolutionBoundaries: Apply boundary conditions to pseudo-evolved quantities
        GROUP ML_ADMConstraints_evaluate_bc_group: ML_ADMConstraints_evaluate
          ML_ADMConstraints::ML_ADMConstraints_evaluate_SelectBCs: [level] ML_ADMConstraints_evaluate_SelectBCs
          GROUP ML_ADMConstraints_evaluate_ApplyBCs: Apply BCs for groups set in ML_ADMConstraints_evaluate
            GROUP BoundaryConditions: Execute all boundary conditions
              Boundary::Boundary_ApplyPhysicalBCs: Apply all requested local physical boundary conditions
              CartGrid3D::CartGrid3D_ApplyBC: Apply symmetry boundary conditions
              ReflectionSymmetry::ReflectionSymmetry_Apply: Apply reflection symmetries
            Boundary::Boundary_ClearSelection: [level] Unselect all grid variables for boundary conditions
        GROUP ML_CCZ4_ConstraintsEverywhere_bc_group: ML_CCZ4_ConstraintsEverywhere
          ML_CCZ4::ML_CCZ4_ConstraintsEverywhere_SelectBCs: [level] ML_CCZ4_ConstraintsEverywhere_SelectBCs
          GROUP ML_CCZ4_ConstraintsEverywhere_ApplyBCs: Apply BCs for groups set in ML_CCZ4_ConstraintsEverywhere
            GROUP BoundaryConditions: Execute all boundary conditions
              Boundary::Boundary_ApplyPhysicalBCs: Apply all requested local physical boundary conditions
              CartGrid3D::CartGrid3D_ApplyBC: Apply symmetry boundary conditions
              ReflectionSymmetry::ReflectionSymmetry_Apply: Apply reflection symmetries
            Boundary::Boundary_ClearSelection: [level] Unselect all grid variables for boundary conditions
        GROUP ML_CCZ4_ConstraintsInterior_bc_group: ML_CCZ4_ConstraintsInterior
          ML_CCZ4::ML_CCZ4_ConstraintsInterior_SelectBCs: [level] ML_CCZ4_ConstraintsInterior_SelectBCs
          GROUP ML_CCZ4_ConstraintsInterior_ApplyBCs: Apply BCs for groups set in ML_CCZ4_ConstraintsInterior
            GROUP BoundaryConditions: Execute all boundary conditions
              Boundary::Boundary_ApplyPhysicalBCs: Apply all requested local physical boundary conditions
              CartGrid3D::CartGrid3D_ApplyBC: Apply symmetry boundary conditions
              ReflectionSymmetry::ReflectionSymmetry_Apply: Apply reflection symmetries
            Boundary::Boundary_ClearSelection: [level] Unselect all grid variables for boundary conditions
        GROUP WeylScal4_psi4_calc_Nth_bc_group: WeylScal4_psi4_calc_Nth
          WeylScal4::WeylScal4_psi4_calc_Nth_SelectBCs: [level] WeylScal4_psi4_calc_Nth_SelectBCs
          GROUP WeylScal4_psi4_calc_Nth_ApplyBCs: Apply BCs for groups set in WeylScal4_psi4_calc_Nth
            GROUP BoundaryConditions: Execute all boundary conditions
              Boundary::Boundary_ApplyPhysicalBCs: Apply all requested local physical boundary conditions
              CartGrid3D::CartGrid3D_ApplyBC: Apply symmetry boundary conditions
              ReflectionSymmetry::ReflectionSymmetry_Apply: Apply reflection symmetries
            Boundary::Boundary_ClearSelection: [level] Unselect all grid variables for boundary conditions
      SpaceMask::MaskZero: Initialise mask to zero
      SpaceMask::MaskOne: Set mask to one
--------------------------------------------------------------------------------
INFO (Carpet): Multi-Model listing:
   model 0: "world"
INFO (Carpet): Multi-Model process distribution:
   processes 0-15: model 0 "world"
INFO (Carpet): Multi-Model: This is process 0, model 0 "world"
INFO (CarpetLib): Process startup time was 0.609 seconds
Current core file size limit: hard=[unlimited], soft=0 MB
Current addres space size limit: hard=[unlimited], soft=[unlimited]
Current data segment size limit: hard=[unlimited], soft=[unlimited]
Current resident set size limit: hard=[unlimited], soft=[unlimited]
INFO (CycleClock): Measuring CycleClock tick via OpenMP...
INFO (CycleClock): Calibrated CycleClock: 0.313782 ns per clock tick (3.18693 GHz)
INFO (Formaline): Configuration id: config-sim-rva-msi-ubuntu-home-rva-msi-ubuntu-Cactus
INFO (Formaline): Build id: build-sim-rva-msi-ubuntu-rva-msi-ubuntu-2025.09.21-15.06.29-552338
INFO (Formaline): Simulation id: run-SFHo+CCS-rva-msi-ubuntu-rva-msi-ubuntu-2025.11.12-10.47.47-178996
INFO (Formaline): Run id: run-SFHo+CCS-rva-msi-ubuntu-rva-msi-ubuntu-2025.11.12-10.47.47-178996
INFO (Vectors): Using vector size 2 for architecture SSE2 (64-bit precision)
INFO (hwloc): library version 2.7.0, API version 0x20500
--------------------------------------------------------------------------------
AMR driver provided by Carpet
--------------------------------------------------------------------------------
HRSCCore: HRSC for Cactus
--------------------------------------------------------------------------------
HydroBase: Let it flow.
--------------------------------------------------------------------------------
AMR 0D ASCII I/O provided by CarpetIOASCII
--------------------------------------------------------------------------------
AMR 1D ASCII I/O provided by CarpetIOASCII
--------------------------------------------------------------------------------
AMR 2D ASCII I/O provided by CarpetIOASCII
--------------------------------------------------------------------------------
AMR 3D ASCII I/O provided by CarpetIOASCII
--------------------------------------------------------------------------------
AMR info I/O provided by CarpetIOBasic
--------------------------------------------------------------------------------
ML_ADMConstraints
--------------------------------------------------------------------------------
ML_CCZ4
--------------------------------------------------------------------------------
AMR HDF5 I/O provided by CarpetIOHDF5
--------------------------------------------------------------------------------
AMR 0D HDF5 I/O provided by CarpetIOHDF5
--------------------------------------------------------------------------------
AMR 1D HDF5 I/O provided by CarpetIOHDF5
--------------------------------------------------------------------------------
AMR 2D HDF5 I/O provided by CarpetIOHDF5
--------------------------------------------------------------------------------
AMR 3D HDF5 I/O provided by CarpetIOHDF5
--------------------------------------------------------------------------------
MoL: Generalized time integration.
--------------------------------------------------------------------------------
PizzaBase: pizza infrastructure
--------------------------------------------------------------------------------
PizzaIDBase: pizza initial data infrastructure
--------------------------------------------------------------------------------
PizzaTOV: TOV star initial data
--------------------------------------------------------------------------------
Templated Hydrodynamics Code: a modular (relativistic) CFD code for Cactus.
--------------------------------------------------------------------------------
AMR scalar I/O provided by CarpetIOScalar
--------------------------------------------------------------------------------
WeylScal4
--------------------------------------------------------------------------------

INFO (Carpet): MPI is enabled
INFO (Carpet): Carpet is running on 16 processes
INFO (Carpet): This is process 0
INFO (Carpet): OpenMP is enabled
INFO (Carpet): This process contains 1 threads, this is thread 0
INFO (Carpet): There are 16 threads in total
INFO (Carpet): There are 1 threads per process
INFO (Carpet): This process runs on host rva-msi-ubuntu, pid=178996
INFO (Carpet): This process runs on 24 cores: 0-23
INFO (Carpet): Thread 0 runs on 24 cores: 0-23
INFO (Carpet): This simulation is running in 3 dimensions
INFO (Carpet): Boundary specification for map 0:
   nboundaryzones: [[3,3,3],[3,3,3]]
   is_internal   : [[0,0,0],[0,0,0]]
   is_staggered  : [[0,0,0],[0,0,0]]
   shiftout      : [[1,1,1],[0,0,0]]
INFO (Carpet): CoordBase domain specification for map 0:
   physical extent: [0,0,0] : [24,24,24]   ([24,24,24])
   interior extent: [0,0,0] : [23.68,23.68,23.68]   ([23.68,23.68,23.68])
   exterior extent: [-0.96,-0.96,-0.96] : [24.64,24.64,24.64]   ([25.6,25.6,25.6])
   base_spacing   : [0.32,0.32,0.32]
INFO (Carpet): Adapted domain specification for map 0:
   convergence factor: 2
   convergence level : 0
   physical extent   : [0,0,0] : [24,24,24]   ([24,24,24])
   interior extent   : [0,0,0] : [23.68,23.68,23.68]   ([23.68,23.68,23.68])
   exterior extent   : [-0.96,-0.96,-0.96] : [24.64,24.64,24.64]   ([25.6,25.6,25.6])
   spacing           : [0.32,0.32,0.32]
INFO (Carpet): Base grid specification for map 0:
   number of grid points             : [81,81,81]
   number of coarse grid ghost points: [[3,3,3],[3,3,3]]
INFO (Carpet): Buffer zone counts (excluding ghosts):
   [0]: [[0,0,0],[0,0,0]]
   [1]: [[6,6,6],[6,6,6]]
INFO (Carpet): Overlap zone counts:
   [0]: [[0,0,0],[0,0,0]]
   [1]: [[0,0,0],[0,0,0]]
INFO (Carpet): Group and variable statistics:
INFO (Carpet):    There are 757 grid functions in 108 groups
INFO (Carpet):    There are 242 grid scalars in 54 groups
INFO (Carpet):    There are 81 1-dimensional grid arrays in 7 groups
INFO (Carpet):    There are 3 2-dimensional grid arrays in 3 groups
INFO (Carpet):    There are 0 3-dimensional grid arrays in 0 groups
INFO (Carpet):    (The number of variables counts all time levels)
INFO (CarpetIOASCII): I/O Method 'IOASCII_0D' registered: 0D AMR output of grid variables to ASCII files
INFO (CarpetIOASCII): Periodic 0D AMR output requested for:
   CARPET::physical_time_per_hour
INFO (CarpetIOASCII): I/O Method 'IOASCII_1D' registered: 1D AMR output of grid variables to ASCII files
INFO (CarpetIOASCII): I/O Method 'IOASCII_2D' registered: 2D AMR output of grid variables to ASCII files
INFO (CarpetIOASCII): I/O Method 'IOASCII_3D' registered: 3D AMR output of grid variables to ASCII files
INFO (CarpetIOHDF5): I/O Method 'IOHDF5' registered: AMR output of grid variables to HDF5 files
INFO (CarpetIOHDF5): I/O Method 'IOHDF5_0D' registered: 0D AMR output of grid variables to HDF5 files
INFO (CarpetIOHDF5): I/O Method 'IOHDF5_1D' registered: 1D AMR output of grid variables to HDF5 files
INFO (CarpetIOHDF5): Periodic 1D AMR output requested for:
   ADMBASE::alp
   ADMBASE::betax
   ADMBASE::betay
   ADMBASE::betaz
   HYDROBASE::rho
   HYDROBASE::press
   HYDROBASE::eps
   HYDROBASE::vel[0]
   HYDROBASE::vel[1]
   HYDROBASE::vel[2]
   HYDROBASE::w_lorentz
   HYDROBASE::entropy
   ML_ADMCONSTRAINTS::H
   THC_CORE::dens
   THC_CORE::scon[0]
   THC_CORE::scon[1]
   THC_CORE::scon[2]
   THC_CORE::tau
   THC_CORE::volform
   WEYLSCAL4::Psi4r
   WEYLSCAL4::Psi4i
INFO (CarpetIOHDF5): I/O Method 'IOHDF5_2D' registered: 2D AMR output of grid variables to HDF5 files
INFO (CarpetIOHDF5): Periodic 2D AMR output requested for:
   ADMBASE::gxx
   ADMBASE::gxy
   ADMBASE::gxz
   ADMBASE::gyy
   ADMBASE::gyz
   ADMBASE::gzz
   ADMBASE::alp
   ADMBASE::betax
   ADMBASE::betay
   ADMBASE::betaz
   HYDROBASE::rho
   HYDROBASE::press
   HYDROBASE::eps
   HYDROBASE::vel[0]
   HYDROBASE::vel[1]
   HYDROBASE::vel[2]
   HYDROBASE::w_lorentz
   HYDROBASE::entropy
   ML_ADMCONSTRAINTS::H
   THC_CORE::dens
   THC_CORE::scon[0]
   THC_CORE::scon[1]
   THC_CORE::scon[2]
   THC_CORE::tau
   THC_CORE::csound
   THC_CORE::volform
   THC_CORE::bitmask
   WEYLSCAL4::Psi4r
   WEYLSCAL4::Psi4i
INFO (CarpetIOHDF5): I/O Method 'IOHDF5_3D' registered: 3D AMR output of grid variables to HDF5 files
INFO (CarpetIOScalar): Periodic scalar output requested for:
   ADMBASE::alp
   HYDROBASE::rho
   HYDROBASE::press
   HYDROBASE::w_lorentz
   ML_ADMCONSTRAINTS::H
   THC_CORE::dens
--------------------------------------------------------------------------------
INFO (Formaline): Writing tarballs with the Cactus sources into the directory "./data/../../cactus-source"
INFO (MoL): Using Runge-Kutta 3 as the time integrator.
INFO (SymBase): Symmetry on lower x-face: reflection_symmetry
INFO (SymBase): Symmetry on lower y-face: reflection_symmetry
INFO (SymBase): Symmetry on lower z-face: reflection_symmetry
INFO (MoL): The maximum number of evolved variables is 542. 32 are registered.
INFO (MoL): The maximum number of slow evolved variables is 542. 0 are registered.
INFO (MoL): The maximum number of constrained variables is 542. 30 are registered.
INFO (MoL): The maximum number of SandR variables is 542. 0 are registered.
INFO (MoL): The maximum number of evolved array variables is 542. 0 are registered.
INFO (MoL): The maximum number of constrained array variables is 542. 0 are registered.
INFO (MoL): The maximum number of SandR array variables is 542. 0 are registered.
INFO (MoL): The maximum size of any array variables is 0.
INFO (Vectors): Testing vectorisation... [errors may result in segfaults]
INFO (Vectors): 375/375 tests passed 
INFO (CarpetRegrid2): Enforcing grid structure properties, iteration 0
INFO (CarpetRegrid2): Enforcing grid structure properties, iteration 1
INFO (Carpet): Grid structure (superregions, grid points):
   [0][0][0]   exterior: [0,0,0] : [80,80,80]   ([81,81,81] + PADDING) 531441
   [1][0][0]   exterior: [3,3,3] : [88,88,88]   ([86,86,86] + PADDING) 636056
INFO (Carpet): Grid structure (superregions, coordinates):
   [0][0][0]   exterior: [-0.96,-0.96,-0.96] : [24.64,24.64,24.64] : [0.32,0.32,0.32]
   [1][0][0]   exterior: [-0.48,-0.48,-0.48] : [13.12,13.12,13.12] : [0.16,0.16,0.16]
INFO (Carpet): Global grid structure statistics:
INFO (Carpet): GF: rhs: 445k active, 522k owned (+17%), 889k total (+70%), 3 steps/time
INFO (Carpet): GF: vars: 339, pts: 298M active, 337M owned (+13%), 578M total (+72%), 1.0 comp/proc
INFO (Carpet): GA: vars: 307, pts: 1M active, 1M total (+0%)
INFO (Carpet): Total required memory: 4.610 GByte (for GAs and currently active GFs)
INFO (Carpet): Load balance:  min     avg     max     sdv     max/avg-1
INFO (Carpet): Level  0:       7M      9M     11M      1M owned     24%
INFO (Carpet): Level  1:      10M     12M     14M      1M owned     14%
INFO (CartGrid3D): Grid Spacings:
INFO (CartGrid3D): dx=>3.2000000e-01  dy=>3.2000000e-01  dz=>3.2000000e-01
INFO (CartGrid3D): Computational Coordinates:
INFO (CartGrid3D): x=>[-0.960,24.640]  y=>[-0.960,24.640]  z=>[-0.960,24.640]
INFO (CartGrid3D): Indices of Physical Coordinates:
INFO (CartGrid3D): x=>[0,80]  y=>[0,80]  z=>[0,80]
INFO (HRSCCore): Using FD. Method ID = 58.
INFO (TerminationTrigger): Reminding you every 60 minutes about remaining walltime
INFO (Time): Timestep set to 0.08 (courant_static)
INFO (PizzaTOV): PizzaTOV: param_test = 121
5.88451268825847   profile saved to profile.dat
INFO (TerminationTrigger): Reminding you every 60 minutes about remaining walltime
INFO (Time): Timestep set to 0.04 (courant_static)
5.88451268825847   profile saved to profile.dat
Memory statistics from CarpetLib:
   Current number of objects: 768
   Current allocated memory:  257 MB
   Maximum number of objects: 772
   Maximum allocated memory:  258 MB
   Current administrative memory: 1.1 MB
   Total allocated used system memory: 14.8 MB
   Total allocated free system memory: 21.8 MB
   gh::allmemory:    123132
   dh::allmemory:    721984
   th::allmemory:    13888
   ggf::allmemory:   189992
   gdata::allmemory: 55208
-----------------------------------------------------------------------------------------------------------------------------------
Iteration      Time |            HYDROBASE::rho |          HYDROBASE::press |            HYDROBASE::eps |      ML_ADMCONSTRAINTS::H
                    |        norm2      maximum |        norm2      maximum |        norm2      maximum |        norm2      maximum
-----------------------------------------------------------------------------------------------------------------------------------
        0     0.000 |    0.0001370    0.0023882 |    0.0000170    0.0005577 |    0.0044871    0.0873035 |    0.0081784    0.6692137
       32     1.280 |    0.0001359    0.0024029 |    0.0000174    0.0005756 |    0.0046010    0.0887553 |    0.0018051    0.0988536
       64     2.560 |    0.0001362    0.0024156 |    0.0000177    0.0005906 |    0.0046602    0.0900350 |    0.0011496    0.1733255
       96     3.840 |    0.0001365    0.0024299 |    0.0000179    0.0006077 |    0.0047189    0.0914960 |    0.0009089    0.0541141
      128     5.120 |    0.0001368    0.0024421 |    0.0000180    0.0006225 |    0.0047920    0.0927610 |    0.0007708    0.0675774
      160     6.400 |    0.0001370    0.0024519 |    0.0000179    0.0006345 |    0.0048612    0.0937660 |    0.0006789    0.0926296
      192     7.680 |    0.0001370    0.0025059 |    0.0000177    0.0007007 |    0.0049351    0.1585708 |    0.0006271    0.3405836
      224     8.960 |    0.0001368    0.0024274 |    0.0000173    0.0006050 |    0.0050272    0.1011625 |    0.0005725    0.1416088
      256    10.240 |    0.0001364    0.0023833 |    0.0000167    0.0005526 |    0.0051229    0.0872477 |    0.0005027    0.0307441
      288    11.520 |    0.0001359    0.0023317 |    0.0000159    0.0004924 |    0.0052461    0.0826219 |    0.0004600    0.0166827
      320    12.800 |    0.0001353    0.0023433 |    0.0000150    0.0005063 |    0.0054571    0.1578417 |    0.0004254    0.0143985
      352    14.080 |    0.0001346    0.0022970 |    0.0000141    0.0004522 |    0.0058947    0.1961246 |    0.0003951    0.0135953
      384    15.360 |    0.0001339    0.0022758 |    0.0000133    0.0004275 |    0.0065281    0.2151303 |    0.0003508    0.0143997
      416    16.640 |    0.0001332    0.0022713 |    0.0000127    0.0004230 |    0.0072008    0.2033259 |    0.0002695    0.0056096
      448    17.920 |    0.0001328    0.0022546 |    0.0000127    0.0004041 |    0.0078210    0.1831365 |    0.0003075    0.0113462
      480    19.200 |    0.0001327    0.0022509 |    0.0000129    0.0003999 |    0.0083381    0.1679425 |    0.0002868    0.0099777
      512    20.480 |    0.0001327    0.0022536 |    0.0000133    0.0004025 |    0.0087644    0.1601921 |    0.0002649    0.0093201
      544    21.760 |    0.0001328    0.0022625 |    0.0000139    0.0004122 |    0.0091496    0.1520708 |    0.0002487    0.0089292
      576    23.040 |    0.0001331    0.0023253 |    0.0000146    0.0004838 |    0.0093925    0.1884179 |    0.0002339    0.0085287
      608    24.320 |    0.0001334    0.0024943 |    0.0000152    0.0006875 |    0.0095899    0.1577671 |    0.0002208    0.0081616
-----------------------------------------------------------------------------------------------------------------------------------
Iteration      Time |            HYDROBASE::rho |          HYDROBASE::press |            HYDROBASE::eps |      ML_ADMCONSTRAINTS::H
                    |        norm2      maximum |        norm2      maximum |        norm2      maximum |        norm2      maximum
-----------------------------------------------------------------------------------------------------------------------------------
      640    25.600 |    0.0001337    0.0024140 |    0.0000157    0.0005889 |    0.0097795    0.2268326 |    0.0002083    0.0079869
      672    26.880 |    0.0001340    0.0023461 |    0.0000160    0.0005085 |    0.0099520    0.2197583 |    0.0001966    0.0077230
      704    28.160 |    0.0001343    0.0023572 |    0.0000160    0.0005223 |    0.0101277    0.1997620 |    0.0001858    0.0074912
      736    29.440 |    0.0001345    0.0023657 |    0.0000159    0.0005322 |    0.0102908    0.2198470 |    0.0001767    0.0071205
      768    30.720 |    0.0001348    0.0023430 |    0.0000156    0.0005058 |    0.0104169    0.2184173 |    0.0001670    0.0069576
      800    32.000 |    0.0001350    0.0023391 |    0.0000152    0.0005011 |    0.0105464    0.1645971 |    0.0001585    0.0066315
      832    33.280 |    0.0001351    0.0023325 |    0.0000149    0.0004933 |    0.0106898    0.1217626 |    0.0001529    0.0066424
      864    34.560 |    0.0001354    0.0023184 |    0.0000148    0.0004763 |    0.0108303    0.1105873 |    0.0001458    0.0063477
      896    35.840 |    0.0001357    0.0023153 |    0.0000149    0.0004733 |    0.0109549    0.1208112 |    0.0001396    0.0061635
      928    37.120 |    0.0001360    0.0022983 |    0.0000150    0.0004539 |    0.0110749    0.1100712 |    0.0001348    0.0060140
      960    38.400 |    0.0001363    0.0022976 |    0.0000154    0.0004530 |    0.0111967    0.1125799 |    0.0001296    0.0058005
      992    39.680 |    0.0001366    0.0023224 |    0.0000159    0.0004805 |    0.0113188    0.1962579 |    0.0001253    0.0055010
     1024    40.960 |    0.0001368    0.0024511 |    0.0000164    0.0006347 |    0.0116108    0.1679519 |    0.0001215    0.0054228
     1056    42.240 |    0.0001369    0.0024107 |    0.0000170    0.0005854 |    0.0121826    0.1670730 |    0.0001175    0.0055212
     1088    43.520 |    0.0001369    0.0023758 |    0.0000174    0.0005441 |    0.0126241    0.1461161 |    0.0001131    0.0051531
     1120    44.800 |    0.0001367    0.0024109 |    0.0000177    0.0005861 |    0.0135286    0.2344683 |    0.0001092    0.0049629
     1152    46.080 |    0.0001364    0.0024317 |    0.0000178    0.0006110 |    0.0152505    0.3192209 |    0.0001061    0.0048233
     1184    47.360 |    0.0001360    0.0024216 |    0.0000175    0.0005988 |    0.0179395    0.3783045 |    0.0001029    0.0048035
     1216    48.640 |    0.0001354    0.0024141 |    0.0000170    0.0005899 |    0.0218468    0.7732051 |    0.0001002    0.0047520
     1248    49.920 |    0.0001347    0.0023862 |    0.0000163    0.0005564 |    0.0269935    1.2096764 |    0.0000988    0.0046084
-----------------------------------------------------------------------------------------------------------------------------------
Iteration      Time |            HYDROBASE::rho |          HYDROBASE::press |            HYDROBASE::eps |      ML_ADMCONSTRAINTS::H
                    |        norm2      maximum |        norm2      maximum |        norm2      maximum |        norm2      maximum
-----------------------------------------------------------------------------------------------------------------------------------
     1280    51.200 |    0.0001341    0.0023532 |    0.0000155    0.0005177 |    0.0339619    1.1651204 |    0.0000970    0.0045465
     1312    52.480 |    0.0001335    0.0023257 |    0.0000146    0.0004852 |    0.0434057    1.3705363 |    0.0000951    0.0044241
     1344    53.760 |    0.0001329    0.0022931 |    0.0000138    0.0004481 |    0.0623746    1.6088800 |    0.0000937    0.0043805
     1376    55.040 |    0.0001324    0.0022418 |    0.0000132    0.0003897 |    0.0886638    2.4996544 |    0.0000926    0.0044039
     1408    56.320 |    0.0001321    0.0022268 |    0.0000128    0.0003718 |    0.1230765    4.1422664 |    0.0000915    0.0042764
     1440    57.600 |    0.0001319    0.0022904 |    0.0000127    0.0004449 |    0.1643394    6.5059256 |    0.0000902    0.0041782
     1472    58.880 |    0.0001319    0.0022872 |    0.0000129    0.0004411 |    0.2118085    5.2612685 |    0.0000889    0.0041009
     1504    60.160 |    0.0001320    0.0022599 |    0.0000134    0.0004093 |    0.2539124    7.7300601 |    0.0000874    0.0039984
     1536    61.440 |    0.0001323    0.0022942 |    0.0000140    0.0004492 |    0.2850042    8.2708940 |    0.0000858    0.0040198
     1568    62.720 |    0.0001327    0.0023313 |    0.0000146    0.0004918 |    0.3252111    7.6933272 |    0.0000840    0.0039160
     1600    64.000 |    0.0001331    0.0023450 |    0.0000152    0.0005081 |    0.3486040    6.9320138 |    0.0000821    0.0038269
     1632    65.280 |    0.0001335    0.0023638 |    0.0000157    0.0005299 |    0.3415982    6.0898044 |    0.0000805    0.0037532
     1664    66.560 |    0.0001339    0.0023799 |    0.0000160    0.0005489 |    0.3548032    5.4178908 |    0.0000795    0.0037690
     1696    67.840 |    0.0001341    0.0023721 |    0.0000161    0.0005394 |    0.2756805    5.4772187 |    0.0000777    0.0036355
     1728    69.120 |    0.0001344    0.0023863 |    0.0000161    0.0005564 |    0.2197400    3.9818141 |    0.0000762    0.0036445
     1760    70.400 |    0.0001345    0.0023602 |    0.0000159    0.0005257 |    0.1985515    3.8102401 |    0.0000749    0.0034820
     1792    71.680 |    0.0001346    0.0023245 |    0.0000156    0.0004837 |    0.1942950    3.6171014 |    0.0000737    0.0034846
     1824    72.960 |    0.0001347    0.0023187 |    0.0000154    0.0004768 |    0.1956626    3.3602343 |    0.0000728    0.0033618
     1856    74.240 |    0.0001348    0.0023486 |    0.0000152    0.0005123 |    0.1917285    3.0498538 |    0.0000718    0.0033189
     1888    75.520 |    0.0001349    0.0023253 |    0.0000151    0.0004847 |    0.1788560    3.0852657 |    0.0000709    0.0033914
-----------------------------------------------------------------------------------------------------------------------------------
Iteration      Time |            HYDROBASE::rho |          HYDROBASE::press |            HYDROBASE::eps |      ML_ADMCONSTRAINTS::H
                    |        norm2      maximum |        norm2      maximum |        norm2      maximum |        norm2      maximum
-----------------------------------------------------------------------------------------------------------------------------------
     1920    76.800 |    0.0001350    0.0023116 |    0.0000151    0.0004689 |    0.1544219    2.8384875 |    0.0000702    0.0033127
     1952    78.080 |    0.0001351    0.0023260 |    0.0000153    0.0004855 |    0.1227381    2.3693120 |    0.0000694    0.0032942
     1984    79.360 |    0.0001351    0.0023390 |    0.0000156    0.0005009 |    0.0970024    2.2070427 |    0.0000684    0.0031791
     2016    80.640 |    0.0001352    0.0023504 |    0.0000159    0.0005143 |    0.0751336    1.9184644 |    0.0000674    0.0031399
     2048    81.920 |    0.0001352    0.0023680 |    0.0000162    0.0005347 |    0.0534699    1.7257513 |    0.0000664    0.0030926
     2080    83.200 |    0.0001352    0.0023793 |    0.0000165    0.0005481 |    0.0346562    1.6019090 |    0.0000656    0.0030257
     2112    84.480 |    0.0001350    0.0023864 |    0.0000167    0.0005566 |    0.0192298    1.5242490 |    0.0000644    0.0030287
     2144    85.760 |    0.0001348    0.0024024 |    0.0000168    0.0005760 |    0.0081553    1.2678446 |    0.0000634    0.0029492
     2176    87.040 |    0.0001345    0.0023937 |    0.0000166    0.0005653 |    0.0082835    0.1793150 |    0.0000626    0.0028847
     2208    88.320 |    0.0001341    0.0023701 |    0.0000163    0.0005372 |    0.0089942    0.1981216 |    0.0000619    0.0028315
     2240    89.600 |    0.0001336    0.0023560 |    0.0000159    0.0005208 |    0.0098783    0.2043397 |    0.0000615    0.0028333
     2272    90.880 |    0.0001332    0.0023621 |    0.0000153    0.0005278 |    0.0109326    0.2237419 |    0.0000610    0.0027841
     2304    92.160 |    0.0001327    0.0023261 |    0.0000147    0.0004856 |    0.0120228    0.2558075 |    0.0000605    0.0027700
     2336    93.440 |    0.0001323    0.0022977 |    0.0000141    0.0004531 |    0.0130798    0.2407291 |    0.0000600    0.0028175
     2368    94.720 |    0.0001319    0.0022802 |    0.0000137    0.0004328 |    0.0140666    0.2169455 |    0.0000599    0.0027411
     2400    96.000 |    0.0001317    0.0022751 |    0.0000134    0.0004269 |    0.0149515    0.1904318 |    0.0000595    0.0027732
     2432    97.280 |    0.0001315    0.0022667 |    0.0000133    0.0004173 |    0.0157097    0.1685138 |    0.0000590    0.0026635
     2464    98.560 |    0.0001315    0.0022791 |    0.0000133    0.0004315 |    0.0163663    0.1497086 |    0.0000585    0.0026677
     2496    99.840 |    0.0001317    0.0022798 |    0.0000136    0.0004323 |    0.0171931    0.1406806 |    0.0000579    0.0026620
     2528   101.120 |    0.0001319    0.0023059 |    0.0000140    0.0004623 |    0.0177503    0.1348464 |    0.0000573    0.0026203
-----------------------------------------------------------------------------------------------------------------------------------
Iteration      Time |            HYDROBASE::rho |          HYDROBASE::press |            HYDROBASE::eps |      ML_ADMCONSTRAINTS::H
                    |        norm2      maximum |        norm2      maximum |        norm2      maximum |        norm2      maximum
-----------------------------------------------------------------------------------------------------------------------------------
     2560   102.400 |    0.0001322    0.0023216 |    0.0000144    0.0004804 |    0.0181630    0.1286226 |    0.0000566    0.0025909
     2592   103.680 |    0.0001325    0.0023348 |    0.0000149    0.0004958 |    0.0185164    0.1342893 |    0.0000559    0.0025695
     2624   104.960 |    0.0001328    0.0023384 |    0.0000153    0.0005001 |    0.0188351    0.1280061 |    0.0000552    0.0025122
     2656   106.240 |    0.0001331    0.0023569 |    0.0000156    0.0005218 |    0.0191393    0.1157016 |    0.0000545    0.0025219
     2688   107.520 |    0.0001334    0.0023750 |    0.0000158    0.0005428 |    0.0194200    0.1071481 |    0.0000537    0.0024756
     2720   108.800 |    0.0001336    0.0023635 |    0.0000158    0.0005294 |    0.0196744    0.0998999 |    0.0000529    0.0024281
     2752   110.080 |    0.0001337    0.0023530 |    0.0000157    0.0005173 |    0.0199070    0.0967031 |    0.0000523    0.0023915
     2784   111.360 |    0.0001338    0.0023464 |    0.0000156    0.0005096 |    0.0200992    0.0906222 |    0.0000519    0.0023779
     2816   112.640 |    0.0001339    0.0023397 |    0.0000154    0.0005016 |    0.0202529    0.0850322 |    0.0000513    0.0023536
     2848   113.920 |    0.0001339    0.0023296 |    0.0000153    0.0004896 |    0.0203855    0.0980615 |    0.0000509    0.0023293
     2880   115.200 |    0.0001339    0.0023294 |    0.0000152    0.0004895 |    0.0205000    0.0989868 |    0.0000506    0.0023484
     2912   116.480 |    0.0001340    0.0023242 |    0.0000152    0.0004833 |    0.0205989    0.0911535 |    0.0000503    0.0022476
     2944   117.760 |    0.0001340    0.0023312 |    0.0000152    0.0004916 |    0.0206844    0.0839041 |    0.0000499    0.0022889
     2976   119.040 |    0.0001340    0.0023406 |    0.0000154    0.0005027 |    0.0207585    0.0847991 |    0.0000494    0.0022269
     3008   120.320 |    0.0001340    0.0023393 |    0.0000155    0.0005011 |    0.0208223    0.0831515 |    0.0000489    0.0022159
     3040   121.600 |    0.0001340    0.0023475 |    0.0000157    0.0005109 |    0.0208881    0.0839038 |    0.0000484    0.0021886
     3072   122.880 |    0.0001339    0.0023617 |    0.0000159    0.0005273 |    0.0209661    0.0852393 |    0.0000479    0.0021590
     3104   124.160 |    0.0001339    0.0023715 |    0.0000160    0.0005387 |    0.0209606    0.1067127 |    0.0000475    0.0021415
     3136   125.440 |    0.0001337    0.0023686 |    0.0000161    0.0005353 |    0.0207159    0.1730932 |    0.0000471    0.0021312
     3168   126.720 |    0.0001335    0.0023669 |    0.0000160    0.0005333 |    0.0204729    0.1960743 |    0.0000468    0.0020904
-----------------------------------------------------------------------------------------------------------------------------------
Iteration      Time |            HYDROBASE::rho |          HYDROBASE::press |            HYDROBASE::eps |      ML_ADMCONSTRAINTS::H
                    |        norm2      maximum |        norm2      maximum |        norm2      maximum |        norm2      maximum
-----------------------------------------------------------------------------------------------------------------------------------
     3200   128.000 |    0.0001332    0.0023636 |    0.0000159    0.0005295 |    0.0202683    0.1942969 |    0.0000462    0.0021312
     3232   129.280 |    0.0001329    0.0023579 |    0.0000156    0.0005228 |    0.0200789    0.2258733 |    0.0000461    0.0020676
     3264   130.560 |    0.0001326    0.0023405 |    0.0000153    0.0005025 |    0.0198943    0.1720313 |    0.0000456    0.0020666
     3296   131.840 |    0.0001322    0.0023307 |    0.0000149    0.0004909 |    0.0197170    0.1450156 |    0.0000456    0.0020559
     3328   133.120 |    0.0001319    0.0023181 |    0.0000145    0.0004762 |    0.0195472    0.1854644 |    0.0000455    0.0020374
     3360   134.400 |    0.0001316    0.0023057 |    0.0000142    0.0004621 |    0.0193634    0.2589548 |    0.0000453    0.0020176
     3392   135.680 |    0.0001314    0.0023019 |    0.0000139    0.0004577 |    0.0192070    0.2974138 |    0.0000450    0.0020109
     3424   136.960 |    0.0001313    0.0022853 |    0.0000138    0.0004387 |    0.0191432    0.2450595 |    0.0000449    0.0019892
     3456   138.240 |    0.0001312    0.0022864 |    0.0000137    0.0004399 |    0.0191535    0.2400378 |    0.0000445    0.0019722
     3488   139.520 |    0.0001312    0.0022933 |    0.0000138    0.0004481 |    0.0191663    0.1877681 |    0.0000443    0.0019611
     3520   140.800 |    0.0001313    0.0023037 |    0.0000140    0.0004598 |    0.0191497    0.1427383 |    0.0000438    0.0019574
     3552   142.080 |    0.0001315    0.0023086 |    0.0000143    0.0004653 |    0.0191009    0.1253342 |    0.0000434    0.0019274
     3584   143.360 |    0.0001317    0.0023253 |    0.0000146    0.0004846 |    0.0190229    0.1175153 |    0.0000431    0.0019235
     3616   144.640 |    0.0001319    0.0023328 |    0.0000148    0.0004933 |    0.0189496    0.1092102 |    0.0000426    0.0018872
     3648   145.920 |    0.0001322    0.0023392 |    0.0000151    0.0005010 |    0.0188635    0.1118210 |    0.0000423    0.0018871
     3680   147.200 |    0.0001324    0.0023407 |    0.0000153    0.0005027 |    0.0187545    0.1046466 |    0.0000419    0.0018653
     3712   148.480 |    0.0001326    0.0023450 |    0.0000154    0.0005079 |    0.0186293    0.0960897 |    0.0000414    0.0018505
     3744   149.760 |    0.0001327    0.0023472 |    0.0000154    0.0005105 |    0.0184985    0.0955863 |    0.0000411    0.0018361
     3776   151.040 |    0.0001328    0.0023462 |    0.0000154    0.0005093 |    0.0183690    0.0957175 |    0.0000407    0.0018360
     3808   152.320 |    0.0001329    0.0023379 |    0.0000153    0.0004993 |    0.0182443    0.0957057 |    0.0000405    0.0018302
-----------------------------------------------------------------------------------------------------------------------------------
Iteration      Time |            HYDROBASE::rho |          HYDROBASE::press |            HYDROBASE::eps |      ML_ADMCONSTRAINTS::H
                    |        norm2      maximum |        norm2      maximum |        norm2      maximum |        norm2      maximum
-----------------------------------------------------------------------------------------------------------------------------------
     3840   153.600 |    0.0001330    0.0023362 |    0.0000153    0.0004974 |    0.0181263    0.0956303 |    0.0000402    0.0017829
     3872   154.880 |    0.0001330    0.0023315 |    0.0000152    0.0004918 |    0.0180177    0.0954664 |    0.0000399    0.0017783
     3904   156.160 |    0.0001330    0.0023311 |    0.0000152    0.0004913 |    0.0179196    0.0952158 |    0.0000398    0.0017603
     3936   157.440 |    0.0001331    0.0023294 |    0.0000152    0.0004893 |    0.0178341    0.0950826 |    0.0000395    0.0017356
     3968   158.720 |    0.0001331    0.0023339 |    0.0000152    0.0004947 |    0.0177624    0.0949429 |    0.0000392    0.0017174
     4000   160.000 |    0.0001331    0.0023415 |    0.0000153    0.0005037 |    0.0177054    0.0946441 |    0.0000390    0.0017056
     4032   161.280 |    0.0001331    0.0023422 |    0.0000154    0.0005045 |    0.0176633    0.0943128 |    0.0000387    0.0016884
     4064   162.560 |    0.0001331    0.0023451 |    0.0000155    0.0005081 |    0.0176449    0.0940806 |    0.0000384    0.0016653
     4096   163.840 |    0.0001330    0.0023466 |    0.0000156    0.0005098 |    0.0176482    0.0938249 |    0.0000382    0.0016595
     4128   165.120 |    0.0001329    0.0023516 |    0.0000156    0.0005155 |    0.0176662    0.0936006 |    0.0000380    0.0016250
     4160   166.400 |    0.0001328    0.0023542 |    0.0000156    0.0005186 |    0.0176961    0.0934053 |    0.0000377    0.0016163
     4192   167.680 |    0.0001326    0.0023534 |    0.0000156    0.0005176 |    0.0177349    0.0930917 |    0.0000375    0.0016308
     4224   168.960 |    0.0001324    0.0023483 |    0.0000155    0.0005118 |    0.0177850    0.0929871 |    0.0000374    0.0016016
     4256   170.240 |    0.0001322    0.0023439 |    0.0000153    0.0005066 |    0.0178427    0.0930740 |    0.0000372    0.0015809
     4288   171.520 |    0.0001320    0.0023376 |    0.0000151    0.0004991 |    0.0179002    0.0932123 |    0.0000371    0.0015991
     4320   172.800 |    0.0001317    0.0023301 |    0.0000149    0.0004901 |    0.0179527    0.0933015 |    0.0000368    0.0016293
     4352   174.080 |    0.0001315    0.0023205 |    0.0000146    0.0004789 |    0.0179996    0.0933651 |    0.0000366    0.0015813
     4384   175.360 |    0.0001313    0.0023160 |    0.0000144    0.0004738 |    0.0180406    0.0935863 |    0.0000366    0.0015819
     4416   176.640 |    0.0001311    0.0023085 |    0.0000143    0.0004651 |    0.0180745    0.0936958 |    0.0000365    0.0015560
     4448   177.920 |    0.0001309    0.0023078 |    0.0000141    0.0004643 |    0.0181007    0.0921263 |    0.0000364    0.0015811
-----------------------------------------------------------------------------------------------------------------------------------
Iteration      Time |            HYDROBASE::rho |          HYDROBASE::press |            HYDROBASE::eps |      ML_ADMCONSTRAINTS::H
                    |        norm2      maximum |        norm2      maximum |        norm2      maximum |        norm2      maximum
-----------------------------------------------------------------------------------------------------------------------------------
     4480   179.200 |    0.0001309    0.0023006 |    0.0000141    0.0004562 |    0.0181099    0.0923162 |    0.0000362    0.0015858
     4512   180.480 |    0.0001309    0.0023014 |    0.0000141    0.0004571 |    0.0180845    0.0927397 |    0.0000359    0.0015060
     4544   181.760 |    0.0001309    0.0023112 |    0.0000141    0.0004682 |    0.0180197    0.0928806 |    0.0000357    0.0015289
     4576   183.040 |    0.0001310    0.0023039 |    0.0000142    0.0004599 |    0.0179256    0.0929919 |    0.0000355    0.0015290
     4608   184.320 |    0.0001311    0.0023164 |    0.0000144    0.0004742 |    0.0178162    0.0929820 |    0.0000353    0.0015037
     4640   185.600 |    0.0001312    0.0023223 |    0.0000146    0.0004809 |    0.0177229    0.0928251 |    0.0000351    0.0015046
     4672   186.880 |    0.0001314    0.0023265 |    0.0000147    0.0004859 |    0.0176667    0.0926994 |    0.0000348    0.0014800
     4704   188.160 |    0.0001315    0.0023293 |    0.0000148    0.0004892 |    0.0176410    0.0924982 |    0.0000345    0.0014733
     4736   189.440 |    0.0001316    0.0023323 |    0.0000150    0.0004927 |    0.0176228    0.0923040 |    0.0000343    0.0014606
     4768   190.720 |    0.0001318    0.0023354 |    0.0000150    0.0004963 |    0.0175896    0.0920320 |    0.0000340    0.0014559
     4800   192.000 |    0.0001319    0.0023349 |    0.0000151    0.0004958 |    0.0175409    0.0919375 |    0.0000338    0.0014429
     4832   193.280 |    0.0001320    0.0023359 |    0.0000151    0.0004970 |    0.0174817    0.0917887 |    0.0000336    0.0014327
     4864   194.560 |    0.0001321    0.0023332 |    0.0000151    0.0004937 |    0.0174129    0.0917361 |    0.0000335    0.0014119
     4896   195.840 |    0.0001321    0.0023329 |    0.0000151    0.0004934 |    0.0173336    0.0917141 |    0.0000332    0.0014005
     4928   197.120 |    0.0001322    0.0023347 |    0.0000151    0.0004955 |    0.0172464    0.0917267 |    0.0000330    0.0013875
     4960   198.400 |    0.0001322    0.0023316 |    0.0000151    0.0004918 |    0.0171521    0.0917117 |    0.0000329    0.0013791
     4992   199.680 |    0.0001323    0.0023314 |    0.0000151    0.0004916 |    0.0170508    0.0917488 |    0.0000327    0.0013638
     5024   200.960 |    0.0001323    0.0023364 |    0.0000152    0.0004975 |    0.0169448    0.0917118 |    0.0000325    0.0013442
     5056   202.240 |    0.0001323    0.0023367 |    0.0000152    0.0004979 |    0.0168340    0.0917008 |    0.0000323    0.0013448
     5088   203.520 |    0.0001323    0.0023375 |    0.0000153    0.0004988 |    0.0167221    0.0917771 |    0.0000321    0.0013383
-----------------------------------------------------------------------------------------------------------------------------------
Iteration      Time |            HYDROBASE::rho |          HYDROBASE::press |            HYDROBASE::eps |      ML_ADMCONSTRAINTS::H
                    |        norm2      maximum |        norm2      maximum |        norm2      maximum |        norm2      maximum
-----------------------------------------------------------------------------------------------------------------------------------
     5120   204.800 |    0.0001323    0.0023385 |    0.0000153    0.0005001 |    0.0166095    0.0920283 |    0.0000319    0.0013276
     5152   206.080 |    0.0001322    0.0023401 |    0.0000153    0.0005020 |    0.0165011    0.0922291 |    0.0000318    0.0013087
     5184   207.360 |    0.0001322    0.0023426 |    0.0000154    0.0005049 |    0.0163925    0.0923469 |    0.0000317    0.0013016
     5216   208.640 |    0.0001321    0.0023431 |    0.0000154    0.0005056 |    0.0162876    0.0923615 |    0.0000315    0.0012937
     5248   209.920 |    0.0001320    0.0023434 |    0.0000153    0.0005059 |    0.0161932    0.0923251 |    0.0000314    0.0012949
     5280   211.200 |    0.0001318    0.0023416 |    0.0000153    0.0005037 |    0.0161170    0.0923621 |    0.0000313    0.0012809
     5312   212.480 |    0.0001316    0.0023400 |    0.0000152    0.0005019 |    0.0160538    0.0923473 |    0.0000312    0.0012850
     5344   213.760 |    0.0001315    0.0023373 |    0.0000151    0.0004987 |    0.0159976    0.0924562 |    0.0000311    0.0012584
     5376   215.040 |    0.0001313    0.0023297 |    0.0000149    0.0004897 |    0.0159469    0.0925456 |    0.0000309    0.0012792
     5408   216.320 |    0.0001311    0.0023266 |    0.0000148    0.0004860 |    0.0158997    0.0924975 |    0.0000309    0.0012948
     5440   217.600 |    0.0001309    0.0023228 |    0.0000146    0.0004816 |    0.0158529    0.0923457 |    0.0000307    0.0012253
     5472   218.880 |    0.0001307    0.0023163 |    0.0000145    0.0004741 |    0.0158060    0.0925654 |    0.0000306    0.0012343
     5504   220.160 |    0.0001306    0.0023112 |    0.0000143    0.0004682 |    0.0157595    0.0927677 |    0.0000306    0.0012151
     5536   221.440 |    0.0001305    0.0023135 |    0.0000142    0.0004708 |    0.0157136    0.0929054 |    0.0000303    0.0012229
     5568   222.720 |    0.0001304    0.0023054 |    0.0000142    0.0004616 |    0.0156691    0.0929588 |    0.0000303    0.0011961
     5600   224.000 |    0.0001304    0.0023058 |    0.0000142    0.0004621 |    0.0156272    0.0929702 |    0.0000301    0.0012002
     5632   225.280 |    0.0001304    0.0023113 |    0.0000142    0.0004683 |    0.0155883    0.0929637 |    0.0000299    0.0012060
     5664   226.560 |    0.0001304    0.0023077 |    0.0000143    0.0004642 |    0.0155554    0.0930350 |    0.0000297    0.0012151
     5696   227.840 |    0.0001305    0.0023149 |    0.0000144    0.0004724 |    0.0155296    0.0931547 |    0.0000297    0.0011723
     5728   229.120 |    0.0001306    0.0023190 |    0.0000145    0.0004771 |    0.0155121    0.0933105 |    0.0000294    0.0011644
-----------------------------------------------------------------------------------------------------------------------------------
Iteration      Time |            HYDROBASE::rho |          HYDROBASE::press |            HYDROBASE::eps |      ML_ADMCONSTRAINTS::H
                    |        norm2      maximum |        norm2      maximum |        norm2      maximum |        norm2      maximum
-----------------------------------------------------------------------------------------------------------------------------------
     5760   230.400 |    0.0001307    0.0023202 |    0.0000146    0.0004785 |    0.0155066    0.0935090 |    0.0000294    0.0011585
     5792   231.680 |    0.0001308    0.0023246 |    0.0000147    0.0004837 |    0.0155141    0.0938047 |    0.0000291    0.0011419
     5824   232.960 |    0.0001309    0.0023278 |    0.0000148    0.0004874 |    0.0155401    0.0939084 |    0.0000289    0.0011442
     5856   234.240 |    0.0001310    0.0023282 |    0.0000148    0.0004879 |    0.0155815    0.0938155 |    0.0000289    0.0011434
     5888   235.520 |    0.0001311    0.0023290 |    0.0000149    0.0004888 |    0.0156294    0.0937147 |    0.0000286    0.0011213
     5920   236.800 |    0.0001312    0.0023293 |    0.0000149    0.0004892 |    0.0156783    0.0938019 |    0.0000286    0.0011172
     5952   238.080 |    0.0001313    0.0023313 |    0.0000149    0.0004915 |    0.0157254    0.0938365 |    0.0000284    0.0011118
     5984   239.360 |    0.0001313    0.0023275 |    0.0000149    0.0004870 |    0.0157695    0.0939079 |    0.0000283    0.0011035
     6016   240.640 |    0.0001314    0.0023305 |    0.0000150    0.0004905 |    0.0158096    0.0939915 |    0.0000281    0.0010964
     6048   241.920 |    0.0001315    0.0023283 |    0.0000150    0.0004880 |    0.0158410    0.0940801 |    0.0000280    0.0010808
     6080   243.200 |    0.0001315    0.0023291 |    0.0000150    0.0004889 |    0.0158610    0.0942766 |    0.0000279    0.0010771
     6112   244.480 |    0.0001315    0.0023317 |    0.0000150    0.0004920 |    0.0158716    0.0946030 |    0.0000277    0.0010743
     6144   245.760 |    0.0001316    0.0023303 |    0.0000151    0.0004903 |    0.0158740    0.0947863 |    0.0000276    0.0010623
     6176   247.040 |    0.0001316    0.0023331 |    0.0000151    0.0004937 |    0.0158684    0.0949346 |    0.0000275    0.0010532
     6208   248.320 |    0.0001316    0.0023357 |    0.0000152    0.0004967 |    0.0158609    0.0950725 |    0.0000274    0.0010479
     6240   249.600 |    0.0001315    0.0023376 |    0.0000152    0.0004989 |    0.0158495    0.0951022 |    0.0000274    0.0010441
     6272   250.880 |    0.0001315    0.0023388 |    0.0000152    0.0005004 |    0.0158325    0.0950827 |    0.0000272    0.0010386
     6304   252.160 |    0.0001314    0.0023385 |    0.0000152    0.0005000 |    0.0158115    0.0950944 |    0.0000271    0.0010330
     6336   253.440 |    0.0001314    0.0023400 |    0.0000152    0.0005018 |    0.0157938    0.0951898 |    0.0000271    0.0010614
     6368   254.720 |    0.0001313    0.0023378 |    0.0000152    0.0004991 |    0.0157848    0.0953114 |    0.0000270    0.0010175
Memory statistics from CarpetLib:
   Current number of objects: 768
   Current allocated memory:  257 MB
   Maximum number of objects: 772
   Maximum allocated memory:  258 MB
   Current administrative memory: 1.1 MB
   Total allocated used system memory: 55.4 MB
   Total allocated free system memory: 14.2 MB
   gh::allmemory:    123132
   dh::allmemory:    721984
   th::allmemory:    13888
   ggf::allmemory:   189992
   gdata::allmemory: 55208
-----------------------------------------------------------------------------------------------------------------------------------
Iteration      Time |            HYDROBASE::rho |          HYDROBASE::press |            HYDROBASE::eps |      ML_ADMCONSTRAINTS::H
                    |        norm2      maximum |        norm2      maximum |        norm2      maximum |        norm2      maximum
-----------------------------------------------------------------------------------------------------------------------------------
     6400   256.000 |    0.0001311    0.0023365 |    0.0000151    0.0004976 |    0.0157870    0.0954386 |    0.0000269    0.0010399
     6432   257.280 |    0.0001310    0.0023345 |    0.0000150    0.0004952 |    0.0157957    0.0955382 |    0.0000269    0.0010599
     6464   258.560 |    0.0001308    0.0023301 |    0.0000149    0.0004901 |    0.0158050    0.1203493 |    0.0000268    0.0010427
INFO (CarpetIOHDF5): ---------------------------------------------------------
INFO (CarpetIOHDF5): Dumping periodic checkpoint at iteration 6492, simulation time 259.68
INFO (CarpetIOHDF5): ---------------------------------------------------------
     6496   259.840 |    0.0001306    0.0023299 |    0.0000148    0.0004898 |    0.0158142    0.1172543 |    0.0000267    0.0010530
     6528   261.120 |    0.0001305    0.0023223 |    0.0000147    0.0004810 |    0.0158217    0.0959452 |    0.0000267    0.0010461
     6560   262.400 |    0.0001303    0.0023185 |    0.0000145    0.0004765 |    0.0158275    0.0959785 |    0.0000268    0.0010230
     6592   263.680 |    0.0001302    0.0023168 |    0.0000144    0.0004745 |    0.0158313    0.0960948 |    0.0000266    0.0010038
     6624   264.960 |    0.0001301    0.0023113 |    0.0000143    0.0004683 |    0.0158329    0.0984548 |    0.0000266    0.0010093
     6656   266.240 |    0.0001300    0.0023104 |    0.0000143    0.0004672 |    0.0158332    0.0970900 |    0.0000264    0.0009986
     6688   267.520 |    0.0001299    0.0023063 |    0.0000142    0.0004625 |    0.0158326    0.0968891 |    0.0000263    0.0010001
     6720   268.800 |    0.0001299    0.0023115 |    0.0000142    0.0004685 |    0.0158303    0.0969333 |    0.0000262    0.0010142
     6752   270.080 |    0.0001299    0.0023116 |    0.0000143    0.0004686 |    0.0158268    0.0968597 |    0.0000261    0.0010155
     6784   271.360 |    0.0001299    0.0023162 |    0.0000143    0.0004739 |    0.0158222    0.0970065 |    0.0000260    0.0009759
     6816   272.640 |    0.0001299    0.0023123 |    0.0000144    0.0004694 |    0.0158161    0.0972401 |    0.0000258    0.0009912
     6848   273.920 |    0.0001300    0.0023169 |    0.0000144    0.0004747 |    0.0158089    0.0973758 |    0.0000258    0.0009860
     6880   275.200 |    0.0001301    0.0023213 |    0.0000145    0.0004798 |    0.0158014    0.0975745 |    0.0000256    0.0009716
     6912   276.480 |    0.0001301    0.0023197 |    0.0000146    0.0004779 |    0.0157938    0.0976469 |    0.0000255    0.0009659
     6944   277.760 |    0.0001302    0.0023211 |    0.0000146    0.0004795 |    0.0157861    0.0977389 |    0.0000254    0.0009645
     6976   279.040 |    0.0001303    0.0023226 |    0.0000146    0.0004812 |    0.0157791    0.0978759 |    0.0000253    0.0009615
     7008   280.320 |    0.0001303    0.0023231 |    0.0000147    0.0004819 |    0.0157729    0.0979088 |    0.0000252    0.0009559
-----------------------------------------------------------------------------------------------------------------------------------
Iteration      Time |            HYDROBASE::rho |          HYDROBASE::press |            HYDROBASE::eps |      ML_ADMCONSTRAINTS::H
                    |        norm2      maximum |        norm2      maximum |        norm2      maximum |        norm2      maximum
-----------------------------------------------------------------------------------------------------------------------------------
     7040   281.600 |    0.0001304    0.0023232 |    0.0000147    0.0004820 |    0.0157671    0.0975696 |    0.0000252    0.0009513
     7072   282.880 |    0.0001305    0.0023230 |    0.0000147    0.0004817 |    0.0157644    0.0974837 |    0.0000251    0.0009518
     7104   284.160 |    0.0001305    0.0023236 |    0.0000147    0.0004825 |    0.0157668    0.0972173 |    0.0000250    0.0009365
     7136   285.440 |    0.0001306    0.0023235 |    0.0000148    0.0004823 |    0.0157731    0.0968930 |    0.0000249    0.0009438
     7168   286.720 |    0.0001306    0.0023264 |    0.0000148    0.0004857 |    0.0157813    0.0965696 |    0.0000248    0.0009338
     7200   288.000 |    0.0001307    0.0023241 |    0.0000148    0.0004830 |    0.0157959    0.0966120 |    0.0000247    0.0009331
     7232   289.280 |    0.0001307    0.0023266 |    0.0000149    0.0004860 |    0.0158105    0.0967879 |    0.0000247    0.0009233
     7264   290.560 |    0.0001307    0.0023281 |    0.0000149    0.0004877 |    0.0158198    0.0973091 |    0.0000246    0.0009179
     7296   291.840 |    0.0001308    0.0023302 |    0.0000150    0.0004902 |    0.0158274    0.0975219 |    0.0000245    0.0009169
     7328   293.120 |    0.0001308    0.0023307 |    0.0000150    0.0004907 |    0.0158334    0.0974640 |    0.0000244    0.0009175
     7360   294.400 |    0.0001308    0.0023323 |    0.0000150    0.0004927 |    0.0158384    0.0980583 |    0.0000244    0.0009122
     7392   295.680 |    0.0001308    0.0023335 |    0.0000151    0.0004941 |    0.0158426    0.0980813 |    0.0000243    0.0009106
     7424   296.960 |    0.0001307    0.0023323 |    0.0000151    0.0004926 |    0.0158446    0.0976654 |    0.0000243    0.0009113
     7456   298.240 |    0.0001307    0.0023343 |    0.0000150    0.0004949 |    0.0158443    0.0974636 |    0.0000242    0.0009067
     7488   299.520 |    0.0001306    0.0023327 |    0.0000150    0.0004931 |    0.0158478    0.0972952 |    0.0000242    0.0009030
     7520   300.800 |    0.0001305    0.0023324 |    0.0000150    0.0004927 |    0.0158605    0.0969086 |    0.0000241    0.0009040
     7552   302.080 |    0.0001304    0.0023310 |    0.0000149    0.0004911 |    0.0158814    0.0965740 |    0.0000240    0.0008998
     7584   303.360 |    0.0001303    0.0023276 |    0.0000148    0.0004871 |    0.0159076    0.0961925 |    0.0000241    0.0008939
     7616   304.640 |    0.0001301    0.0023250 |    0.0000147    0.0004841 |    0.0159371    0.0955139 |    0.0000240    0.0009052
     7648   305.920 |    0.0001300    0.0023228 |    0.0000147    0.0004815 |    0.0159682    0.0949396 |    0.0000240    0.0008914
-----------------------------------------------------------------------------------------------------------------------------------
Iteration      Time |            HYDROBASE::rho |          HYDROBASE::press |            HYDROBASE::eps |      ML_ADMCONSTRAINTS::H
                    |        norm2      maximum |        norm2      maximum |        norm2      maximum |        norm2      maximum
-----------------------------------------------------------------------------------------------------------------------------------
     7680   307.200 |    0.0001299    0.0023217 |    0.0000146    0.0004802 |    0.0159973    0.0943827 |    0.0000240    0.0009366
     7712   308.480 |    0.0001297    0.0023153 |    0.0000145    0.0004728 |    0.0160208    0.0936468 |    0.0000238    0.0008814
     7744   309.760 |    0.0001296    0.0023151 |    0.0000144    0.0004725 |    0.0160378    0.0928535 |    0.0000237    0.0008939
     7776   311.040 |    0.0001295    0.0023119 |    0.0000143    0.0004689 |    0.0160490    0.0924447 |    0.0000238    0.0008995
     7808   312.320 |    0.0001294    0.0023122 |    0.0000143    0.0004693 |    0.0160551    0.0919769 |    0.0000237    0.0008829
     7840   313.600 |    0.0001294    0.0023115 |    0.0000143    0.0004685 |    0.0160570    0.0912387 |    0.0000236    0.0008840
     7872   314.880 |    0.0001293    0.0023126 |    0.0000143    0.0004697 |    0.0160555    0.0903909 |    0.0000236    0.0008923
     7904   316.160 |    0.0001293    0.0023107 |    0.0000143    0.0004675 |    0.0160506    0.0898059 |    0.0000235    0.0008908
     7936   317.440 |    0.0001293    0.0023118 |    0.0000143    0.0004688 |    0.0160429    0.0891247 |    0.0000234    0.0008623
     7968   318.720 |    0.0001293    0.0023103 |    0.0000143    0.0004670 |    0.0160334    0.0893041 |    0.0000233    0.0008813
     8000   320.000 |    0.0001294    0.0023182 |    0.0000143    0.0004762 |    0.0160231    0.0895377 |    0.0000232    0.0008673
     8032   321.280 |    0.0001294    0.0023135 |    0.0000144    0.0004707 |    0.0160125    0.0897946 |    0.0000232    0.0008649
     8064   322.560 |    0.0001295    0.0023144 |    0.0000144    0.0004717 |    0.0160023    0.0900413 |    0.0000230    0.0008624
     8096   323.840 |    0.0001295    0.0023174 |    0.0000144    0.0004752 |    0.0159929    0.0903380 |    0.0000230    0.0008540
     8128   325.120 |    0.0001296    0.0023156 |    0.0000145    0.0004732 |    0.0159844    0.0905778 |    0.0000229    0.0010601
     8160   326.400 |    0.0001296    0.0023172 |    0.0000145    0.0004750 |    0.0159766    0.0908458 |    0.0000229    0.0008554
     8192   327.680 |    0.0001297    0.0023195 |    0.0000145    0.0004776 |    0.0159687    0.0910750 |    0.0000227    0.0008469
     8224   328.960 |    0.0001297    0.0023190 |    0.0000145    0.0004771 |    0.0159595    0.0913164 |    0.0000227    0.0008491
     8256   330.240 |    0.0001298    0.0023198 |    0.0000146    0.0004779 |    0.0159488    0.0915460 |    0.0000226    0.0008394
     8288   331.520 |    0.0001298    0.0023210 |    0.0000146    0.0004794 |    0.0159404    0.0917574 |    0.0000226    0.0008398
-----------------------------------------------------------------------------------------------------------------------------------
Iteration      Time |            HYDROBASE::rho |          HYDROBASE::press |            HYDROBASE::eps |      ML_ADMCONSTRAINTS::H
                    |        norm2      maximum |        norm2      maximum |        norm2      maximum |        norm2      maximum
-----------------------------------------------------------------------------------------------------------------------------------
     8320   332.800 |    0.0001299    0.0023209 |    0.0000146    0.0004793 |    0.0159356    0.0919602 |    0.0000225    0.0008321
     8352   334.080 |    0.0001299    0.0023199 |    0.0000147    0.0004781 |    0.0159265    0.0921353 |    0.0000224    0.0008234
     8384   335.360 |    0.0001300    0.0023246 |    0.0000147    0.0004836 |    0.0159117    0.0923154 |    0.0000224    0.0008223
     8416   336.640 |    0.0001300    0.0023236 |    0.0000147    0.0004824 |    0.0158949    0.0924856 |    0.0000223    0.0008116
     8448   337.920 |    0.0001300    0.0023244 |    0.0000148    0.0004833 |    0.0158770    0.0926071 |    0.0000222    0.0008083
     8480   339.200 |    0.0001300    0.0023263 |    0.0000148    0.0004855 |    0.0158590    0.0927017 |    0.0000222    0.0008107
     8512   340.480 |    0.0001301    0.0023262 |    0.0000148    0.0004854 |    0.0158435    0.0927848 |    0.0000221    0.0008044
     8544   341.760 |    0.0001301    0.0023269 |    0.0000149    0.0004863 |    0.0158333    0.0928379 |    0.0000221    0.0008004
     8576   343.040 |    0.0001300    0.0023287 |    0.0000149    0.0004883 |    0.0158287    0.0928560 |    0.0000220    0.0007927
     8608   344.320 |    0.0001300    0.0023285 |    0.0000149    0.0004881 |    0.0158294    0.0928414 |    0.0000220    0.0007919
     8640   345.600 |    0.0001300    0.0023287 |    0.0000149    0.0004883 |    0.0158361    0.0928010 |    0.0000220    0.0007887
     8672   346.880 |    0.0001299    0.0023287 |    0.0000149    0.0004883 |    0.0158490    0.0927777 |    0.0000219    0.0007860
     8704   348.160 |    0.0001298    0.0023277 |    0.0000148    0.0004871 |    0.0158684    0.0925768 |    0.0000219    0.0007894
     8736   349.440 |    0.0001297    0.0023255 |    0.0000148    0.0004846 |    0.0158952    0.0923725 |    0.0000219    0.0007934
     8768   350.720 |    0.0001296    0.0023248 |    0.0000147    0.0004838 |    0.0159276    0.0927789 |    0.0000218    0.0007909
     8800   352.000 |    0.0001295    0.0023231 |    0.0000147    0.0004817 |    0.0159630    0.0992399 |    0.0000218    0.0007792
     8832   353.280 |    0.0001294    0.0023206 |    0.0000146    0.0004788 |    0.0159974    0.0943420 |    0.0000217    0.0007787
     8864   354.560 |    0.0001293    0.0023192 |    0.0000145    0.0004773 |    0.0160288    0.0922196 |    0.0000217    0.0007834
     8896   355.840 |    0.0001292    0.0023158 |    0.0000144    0.0004733 |    0.0160545    0.0907785 |    0.0000216    0.0007829
     8928   357.120 |    0.0001291    0.0023124 |    0.0000144    0.0004694 |    0.0160756    0.0912911 |    0.0000215    0.0007889
-----------------------------------------------------------------------------------------------------------------------------------
Iteration      Time |            HYDROBASE::rho |          HYDROBASE::press |            HYDROBASE::eps |      ML_ADMCONSTRAINTS::H
                    |        norm2      maximum |        norm2      maximum |        norm2      maximum |        norm2      maximum
-----------------------------------------------------------------------------------------------------------------------------------
     8960   358.400 |    0.0001290    0.0023138 |    0.0000143    0.0004710 |    0.0160930    0.0909389 |    0.0000216    0.0007852
     8992   359.680 |    0.0001289    0.0023107 |    0.0000143    0.0004675 |    0.0161080    0.0907447 |    0.0000215    0.0007765
     9024   360.960 |    0.0001289    0.0023106 |    0.0000142    0.0004673 |    0.0161208    0.0905432 |    0.0000214    0.0007785
     9056   362.240 |    0.0001288    0.0023101 |    0.0000142    0.0004668 |    0.0161317    0.0907778 |    0.0000214    0.0007836
     9088   363.520 |    0.0001288    0.0023134 |    0.0000142    0.0004706 |    0.0161411    0.0911407 |    0.0000213    0.0007988
     9120   364.800 |    0.0001288    0.0023073 |    0.0000142    0.0004636 |    0.0161491    0.0911740 |    0.0000213    0.0007734
     9152   366.080 |    0.0001288    0.0023112 |    0.0000142    0.0004681 |    0.0161562    0.0913524 |    0.0000212    0.0007648
     9184   367.360 |    0.0001288    0.0023122 |    0.0000143    0.0004692 |    0.0161631    0.0916208 |    0.0000211    0.0007663
     9216   368.640 |    0.0001288    0.0023152 |    0.0000143    0.0004726 |    0.0161700    0.0918956 |    0.0000210    0.0007680
     9248   369.920 |    0.0001288    0.0023118 |    0.0000143    0.0004687 |    0.0161766    0.0921185 |    0.0000209    0.0007563
     9280   371.200 |    0.0001289    0.0023123 |    0.0000143    0.0004693 |    0.0161827    0.0923090 |    0.0000209    0.0007551
     9312   372.480 |    0.0001289    0.0023127 |    0.0000143    0.0004697 |    0.0161879    0.0925269 |    0.0000208    0.0007529
     9344   373.760 |    0.0001289    0.0023142 |    0.0000143    0.0004715 |    0.0161916    0.0927471 |    0.0000207    0.0007514
     9376   375.040 |    0.0001290    0.0023140 |    0.0000144    0.0004712 |    0.0161936    0.0929626 |    0.0000207    0.0007391
     9408   376.320 |    0.0001290    0.0023153 |    0.0000144    0.0004727 |    0.0161937    0.0932071 |    0.0000207    0.0007404
     9440   377.600 |    0.0001291    0.0023142 |    0.0000144    0.0004714 |    0.0161932    0.0934546 |    0.0000206    0.0007615
     9472   378.880 |    0.0001291    0.0023177 |    0.0000144    0.0004755 |    0.0161953    0.0937589 |    0.0000206    0.0007462
     9504   380.160 |    0.0001292    0.0023164 |    0.0000145    0.0004740 |    0.0161975    0.0940771 |    0.0000205    0.0007322
     9536   381.440 |    0.0001292    0.0023167 |    0.0000145    0.0004743 |    0.0161961    0.0943892 |    0.0000204    0.0007296
     9568   382.720 |    0.0001293    0.0023176 |    0.0000145    0.0004754 |    0.0161917    0.0947573 |    0.0000204    0.0007217
-----------------------------------------------------------------------------------------------------------------------------------
Iteration      Time |            HYDROBASE::rho |          HYDROBASE::press |            HYDROBASE::eps |      ML_ADMCONSTRAINTS::H
                    |        norm2      maximum |        norm2      maximum |        norm2      maximum |        norm2      maximum
-----------------------------------------------------------------------------------------------------------------------------------
     9600   384.000 |    0.0001293    0.0023220 |    0.0000146    0.0004805 |    0.0161849    0.0952592 |    0.0000203    0.0007392
     9632   385.280 |    0.0001293    0.0023207 |    0.0000146    0.0004790 |    0.0161768    0.0956479 |    0.0000203    0.0007270
     9664   386.560 |    0.0001294    0.0023213 |    0.0000147    0.0004796 |    0.0161681    0.0960362 |    0.0000203    0.0007233
     9696   387.840 |    0.0001294    0.0023223 |    0.0000147    0.0004808 |    0.0161593    0.0964360 |    0.0000202    0.0007371
     9728   389.120 |    0.0001294    0.0023232 |    0.0000147    0.0004819 |    0.0161522    0.0968194 |    0.0000202    0.0007303
     9760   390.400 |    0.0001294    0.0023242 |    0.0000147    0.0004831 |    0.0161468    0.0971085 |    0.0000201    0.0007275
     9792   391.680 |    0.0001294    0.0023241 |    0.0000147    0.0004828 |    0.0161452    0.0970976 |    0.0000201    0.0007293
     9824   392.960 |    0.0001294    0.0023241 |    0.0000147    0.0004829 |    0.0161452    0.0970222 |    0.0000200    0.0007215
     9856   394.240 |    0.0001293    0.0023250 |    0.0000147    0.0004840 |    0.0161454    0.0959202 |    0.0000200    0.0007137
     9888   395.520 |    0.0001293    0.0023248 |    0.0000147    0.0004837 |    0.0161472    0.0959443 |    0.0000200    0.0007176
     9920   396.800 |    0.0001292    0.0023234 |    0.0000147    0.0004821 |    0.0161499    0.0961548 |    0.0000200    0.0007108
     9952   398.080 |    0.0001291    0.0023216 |    0.0000147    0.0004799 |    0.0161528    0.0961880 |    0.0000199    0.0007059
     9984   399.360 |    0.0001291    0.0023218 |    0.0000146    0.0004802 |    0.0161558    0.0962233 |    0.0000200    0.0007149
    10016   400.640 |    0.0001290    0.0023201 |    0.0000146    0.0004782 |    0.0161595    0.0962312 |    0.0000199    0.0007103
    10048   401.920 |    0.0001289    0.0023176 |    0.0000145    0.0004753 |    0.0161636    0.0962110 |    0.0000199    0.0007086
    10080   403.200 |    0.0001288    0.0023159 |    0.0000144    0.0004734 |    0.0161677    0.0961366 |    0.0000199    0.0007296
    10112   404.480 |    0.0001287    0.0023165 |    0.0000144    0.0004741 |    0.0161706    0.0960249 |    0.0000198    0.0007162
    10144   405.760 |    0.0001286    0.0023113 |    0.0000143    0.0004681 |    0.0161719    0.0958257 |    0.0000198    0.0007175
    10176   407.040 |    0.0001285    0.0023116 |    0.0000143    0.0004685 |    0.0161721    0.0957336 |    0.0000198    0.0007144
    10208   408.320 |    0.0001285    0.0023132 |    0.0000143    0.0004703 |    0.0161722    0.0956652 |    0.0000197    0.0007207
-----------------------------------------------------------------------------------------------------------------------------------
Iteration      Time |            HYDROBASE::rho |          HYDROBASE::press |            HYDROBASE::eps |      ML_ADMCONSTRAINTS::H
                    |        norm2      maximum |        norm2      maximum |        norm2      maximum |        norm2      maximum
-----------------------------------------------------------------------------------------------------------------------------------
    10240   409.600 |    0.0001284    0.0023088 |    0.0000142    0.0004653 |    0.0161729    0.0955842 |    0.0000197    0.0007158
    10272   410.880 |    0.0001284    0.0023095 |    0.0000142    0.0004661 |    0.0161747    0.0956149 |    0.0000196    0.0006999
    10304   412.160 |    0.0001283    0.0023099 |    0.0000142    0.0004665 |    0.0161782    0.0957011 |    0.0000195    0.0007072
    10336   413.440 |    0.0001283    0.0023089 |    0.0000142    0.0004654 |    0.0161832    0.0956737 |    0.0000195    0.0007106
    10368   414.720 |    0.0001283    0.0023101 |    0.0000142    0.0004667 |    0.0161893    0.0957646 |    0.0000195    0.0007057
    10400   416.000 |    0.0001283    0.0023082 |    0.0000142    0.0004645 |    0.0161963    0.0959030 |    0.0000194    0.0006951
    10432   417.280 |    0.0001283    0.0023099 |    0.0000142    0.0004665 |    0.0162038    0.0960608 |    0.0000194    0.0006959
    10464   418.560 |    0.0001283    0.0023098 |    0.0000142    0.0004664 |    0.0162118    0.0961621 |    0.0000193    0.0006904
    10496   419.840 |    0.0001283    0.0023100 |    0.0000142    0.0004666 |    0.0162201    0.0963083 |    0.0000192    0.0006894
    10528   421.120 |    0.0001283    0.0023094 |    0.0000142    0.0004660 |    0.0162292    0.0965072 |    0.0000192    0.0006810
    10560   422.400 |    0.0001283    0.0023102 |    0.0000142    0.0004669 |    0.0162392    0.0966801 |    0.0000192    0.0006854
    10592   423.680 |    0.0001284    0.0023112 |    0.0000142    0.0004680 |    0.0162476    0.0968815 |    0.0000191    0.0006796
    10624   424.960 |    0.0001284    0.0023111 |    0.0000143    0.0004679 |    0.0162530    0.0970862 |    0.0000191    0.0006977
    10656   426.240 |    0.0001284    0.0023120 |    0.0000143    0.0004689 |    0.0162566    0.0973463 |    0.0000190    0.0006984
    10688   427.520 |    0.0001285    0.0023125 |    0.0000143    0.0004695 |    0.0162584    0.0976069 |    0.0000190    0.0006672
    10720   428.800 |    0.0001285    0.0023126 |    0.0000143    0.0004697 |    0.0162582    0.0978159 |    0.0000190    0.0006712
    10752   430.080 |    0.0001285    0.0023133 |    0.0000144    0.0004705 |    0.0162559    0.0980378 |    0.0000189    0.0006663
    10784   431.360 |    0.0001286    0.0023142 |    0.0000144    0.0004714 |    0.0162520    0.0982700 |    0.0000189    0.0006601
    10816   432.640 |    0.0001286    0.0023153 |    0.0000144    0.0004727 |    0.0162465    0.0985166 |    0.0000188    0.0006671
    10848   433.920 |    0.0001287    0.0023168 |    0.0000145    0.0004744 |    0.0162401    0.0987670 |    0.0000188    0.0006614
-----------------------------------------------------------------------------------------------------------------------------------
Iteration      Time |            HYDROBASE::rho |          HYDROBASE::press |            HYDROBASE::eps |      ML_ADMCONSTRAINTS::H
                    |        norm2      maximum |        norm2      maximum |        norm2      maximum |        norm2      maximum
-----------------------------------------------------------------------------------------------------------------------------------
    10880   435.200 |    0.0001287    0.0023176 |    0.0000145    0.0004753 |    0.0162334    0.0990332 |    0.0000188    0.0006590
    10912   436.480 |    0.0001287    0.0023176 |    0.0000145    0.0004753 |    0.0162268    0.0992758 |    0.0000187    0.0006589
    10944   437.760 |    0.0001288    0.0023190 |    0.0000146    0.0004770 |    0.0162201    0.0994527 |    0.0000187    0.0006570
    10976   439.040 |    0.0001288    0.0023197 |    0.0000146    0.0004777 |    0.0162141    0.0996195 |    0.0000186    0.0006546
    11008   440.320 |    0.0001288    0.0023203 |    0.0000146    0.0004785 |    0.0162092    0.0998117 |    0.0000186    0.0006540
    11040   441.600 |    0.0001288    0.0023208 |    0.0000146    0.0004791 |    0.0162060    0.1000092 |    0.0000186    0.0006523
    11072   442.880 |    0.0001287    0.0023210 |    0.0000146    0.0004793 |    0.0162043    0.1001500 |    0.0000186    0.0006489
    11104   444.160 |    0.0001287    0.0023208 |    0.0000146    0.0004791 |    0.0162042    0.1002609 |    0.0000185    0.0006475
    11136   445.440 |    0.0001287    0.0023203 |    0.0000146    0.0004785 |    0.0162055    0.1003018 |    0.0000185    0.0006953
    11168   446.720 |    0.0001286    0.0023198 |    0.0000146    0.0004779 |    0.0162078    0.1003416 |    0.0000185    0.0006497
    11200   448.000 |    0.0001286    0.0023190 |    0.0000145    0.0004770 |    0.0162106    0.1003987 |    0.0000185    0.0006443
    11232   449.280 |    0.0001285    0.0023185 |    0.0000145    0.0004765 |    0.0162135    0.1004396 |    0.0000184    0.0006397
    11264   450.560 |    0.0001284    0.0023174 |    0.0000145    0.0004752 |    0.0162154    0.1004131 |    0.0000184    0.0006384
    11296   451.840 |    0.0001284    0.0023166 |    0.0000144    0.0004742 |    0.0162164    0.1003955 |    0.0000184    0.0006406
    11328   453.120 |    0.0001283    0.0023132 |    0.0000144    0.0004703 |    0.0162168    0.1003627 |    0.0000184    0.0006390
    11360   454.400 |    0.0001282    0.0023132 |    0.0000143    0.0004703 |    0.0162163    0.1004409 |    0.0000184    0.0006431
    11392   455.680 |    0.0001281    0.0023124 |    0.0000143    0.0004693 |    0.0162144    0.1004961 |    0.0000184    0.0006595
    11424   456.960 |    0.0001281    0.0023110 |    0.0000142    0.0004678 |    0.0162119    0.1004592 |    0.0000183    0.0006389
    11456   458.240 |    0.0001280    0.0023102 |    0.0000142    0.0004669 |    0.0162095    0.1003468 |    0.0000182    0.0006469
    11488   459.520 |    0.0001279    0.0023091 |    0.0000142    0.0004656 |    0.0162074    0.1002289 |    0.0000183    0.0006595
-----------------------------------------------------------------------------------------------------------------------------------
Iteration      Time |            HYDROBASE::rho |          HYDROBASE::press |            HYDROBASE::eps |      ML_ADMCONSTRAINTS::H
                    |        norm2      maximum |        norm2      maximum |        norm2      maximum |        norm2      maximum
-----------------------------------------------------------------------------------------------------------------------------------
    11520   460.800 |    0.0001279    0.0023094 |    0.0000142    0.0004660 |    0.0162063    0.1000562 |    0.0000182    0.0006529
    11552   462.080 |    0.0001278    0.0023066 |    0.0000142    0.0004628 |    0.0162062    0.0999285 |    0.0000182    0.0006462
    11584   463.360 |    0.0001278    0.0023082 |    0.0000141    0.0004646 |    0.0162073    0.0998826 |    0.0000181    0.0006440
    11616   464.640 |    0.0001278    0.0023107 |    0.0000141    0.0004675 |    0.0162095    0.0997924 |    0.0000181    0.0006284
    11648   465.920 |    0.0001278    0.0023063 |    0.0000141    0.0004624 |    0.0162128    0.0997366 |    0.0000181    0.0006311
    11680   467.200 |    0.0001278    0.0023081 |    0.0000141    0.0004645 |    0.0162171    0.0997563 |    0.0000180    0.0006287
    11712   468.480 |    0.0001278    0.0023052 |    0.0000141    0.0004612 |    0.0162223    0.0997355 |    0.0000180    0.0006243
    11744   469.760 |    0.0001278    0.0023064 |    0.0000141    0.0004626 |    0.0162291    0.0997239 |    0.0000180    0.0006203
    11776   471.040 |    0.0001278    0.0023078 |    0.0000141    0.0004642 |    0.0162363    0.0997615 |    0.0000179    0.0006181
    11808   472.320 |    0.0001278    0.0023078 |    0.0000141    0.0004641 |    0.0162428    0.0997783 |    0.0000179    0.0006176
    11840   473.600 |    0.0001278    0.0023083 |    0.0000141    0.0004647 |    0.0162483    0.0997929 |    0.0000179    0.0006141
    11872   474.880 |    0.0001278    0.0023080 |    0.0000142    0.0004644 |    0.0162527    0.0998560 |    0.0000178    0.0006139
    11904   476.160 |    0.0001279    0.0023089 |    0.0000142    0.0004654 |    0.0162560    0.0999299 |    0.0000178    0.0006158
    11936   477.440 |    0.0001279    0.0023084 |    0.0000142    0.0004648 |    0.0162584    0.0999989 |    0.0000178    0.0006143
    11968   478.720 |    0.0001279    0.0023098 |    0.0000142    0.0004664 |    0.0162596    0.1000701 |    0.0000177    0.0006103
    12000   480.000 |    0.0001280    0.0023119 |    0.0000142    0.0004688 |    0.0162595    0.1001589 |    0.0000177    0.0006099
    12032   481.280 |    0.0001280    0.0023113 |    0.0000143    0.0004682 |    0.0162581    0.1002535 |    0.0000177    0.0006082
    12064   482.560 |    0.0001280    0.0023118 |    0.0000143    0.0004687 |    0.0162555    0.1004226 |    0.0000176    0.0006087
    12096   483.840 |    0.0001281    0.0023122 |    0.0000143    0.0004691 |    0.0162518    0.1005637 |    0.0000176    0.0006087
    12128   485.120 |    0.0001281    0.0023133 |    0.0000144    0.0004704 |    0.0162471    0.1007357 |    0.0000175    0.0006093
-----------------------------------------------------------------------------------------------------------------------------------
Iteration      Time |            HYDROBASE::rho |          HYDROBASE::press |            HYDROBASE::eps |      ML_ADMCONSTRAINTS::H
                    |        norm2      maximum |        norm2      maximum |        norm2      maximum |        norm2      maximum
-----------------------------------------------------------------------------------------------------------------------------------
    12160   486.400 |    0.0001281    0.0023147 |    0.0000144    0.0004721 |    0.0162419    0.1009353 |    0.0000175    0.0006093
    12192   487.680 |    0.0001282    0.0023153 |    0.0000144    0.0004728 |    0.0162365    0.1011231 |    0.0000175    0.0006062
    12224   488.960 |    0.0001282    0.0023158 |    0.0000144    0.0004733 |    0.0162314    0.1013421 |    0.0000175    0.0006046
    12256   490.240 |    0.0001282    0.0023162 |    0.0000145    0.0004738 |    0.0162267    0.1015763 |    0.0000174    0.0006049
    12288   491.520 |    0.0001282    0.0023167 |    0.0000145    0.0004744 |    0.0162223    0.1018265 |    0.0000174    0.0006036
    12320   492.800 |    0.0001282    0.0023166 |    0.0000145    0.0004742 |    0.0162180    0.1020606 |    0.0000174    0.0006030
    12352   494.080 |    0.0001282    0.0023174 |    0.0000145    0.0004751 |    0.0162148    0.1022951 |    0.0000174    0.0006021
    12384   495.360 |    0.0001282    0.0023180 |    0.0000145    0.0004759 |    0.0162141    0.1024846 |    0.0000174    0.0006093
    12416   496.640 |    0.0001281    0.0023176 |    0.0000145    0.0004754 |    0.0162155    0.1026813 |    0.0000173    0.0006075
    12448   497.920 |    0.0001281    0.0023169 |    0.0000145    0.0004746 |    0.0162177    0.1028712 |    0.0000173    0.0005991
    12480   499.200 |    0.0001280    0.0023162 |    0.0000144    0.0004738 |    0.0162204    0.1030822 |    0.0000173    0.0006022
    12512   500.480 |    0.0001280    0.0023160 |    0.0000144    0.0004736 |    0.0162233    0.1032396 |    0.0000173    0.0006061
    12544   501.760 |    0.0001279    0.0023147 |    0.0000144    0.0004720 |    0.0162253    0.1033151 |    0.0000173    0.0006033
    12576   503.040 |    0.0001279    0.0023143 |    0.0000144    0.0004716 |    0.0162260    0.1035740 |    0.0000173    0.0006097
    12608   504.320 |    0.0001278    0.0023136 |    0.0000143    0.0004708 |    0.0162256    0.1038552 |    0.0000172    0.0006112
    12640   505.600 |    0.0001277    0.0023111 |    0.0000143    0.0004679 |    0.0162249    0.1043828 |    0.0000172    0.0006006
    12672   506.880 |    0.0001277    0.0023116 |    0.0000142    0.0004685 |    0.0162243    0.1034788 |    0.0000171    0.0006159
    12704   508.160 |    0.0001276    0.0023091 |    0.0000142    0.0004657 |    0.0162243    0.1024962 |    0.0000171    0.0006167
    12736   509.440 |    0.0001275    0.0023084 |    0.0000142    0.0004648 |    0.0162252    0.1028540 |    0.0000171    0.0006023
    12768   510.720 |    0.0001275    0.0023085 |    0.0000141    0.0004650 |    0.0162271    0.1029511 |    0.0000171    0.0006013
Memory statistics from CarpetLib:
   Current number of objects: 768
   Current allocated memory:  257 MB
   Maximum number of objects: 772
   Maximum allocated memory:  258 MB
   Current administrative memory: 1.1 MB
   Total allocated used system memory: 55.4 MB
   Total allocated free system memory: 29.2 MB
   gh::allmemory:    123132
   dh::allmemory:    721984
   th::allmemory:    13888
   ggf::allmemory:   189992
   gdata::allmemory: 55208
-----------------------------------------------------------------------------------------------------------------------------------
Iteration      Time |            HYDROBASE::rho |          HYDROBASE::press |            HYDROBASE::eps |      ML_ADMCONSTRAINTS::H
                    |        norm2      maximum |        norm2      maximum |        norm2      maximum |        norm2      maximum
-----------------------------------------------------------------------------------------------------------------------------------
    12800   512.000 |    0.0001274    0.0023085 |    0.0000141    0.0004650 |    0.0162301    0.1029009 |    0.0000170    0.0006002
    12832   513.280 |    0.0001274    0.0023053 |    0.0000141    0.0004613 |    0.0162341    0.1028883 |    0.0000170    0.0005994
    12864   514.560 |    0.0001273    0.0023042 |    0.0000141    0.0004601 |    0.0162390    0.1028703 |    0.0000170    0.0006011
    12896   515.840 |    0.0001273    0.0023067 |    0.0000141    0.0004629 |    0.0162445    0.1028051 |    0.0000169    0.0005966
    12928   517.120 |    0.0001273    0.0023043 |    0.0000140    0.0004602 |    0.0162506    0.1027140 |    0.0000169    0.0005967
    12960   518.400 |    0.0001272    0.0023058 |    0.0000140    0.0004619 |    0.0162560    0.1025466 |    0.0000169    0.0005946
    12992   519.680 |    0.0001272    0.0023052 |    0.0000140    0.0004613 |    0.0162610    0.1024821 |    0.0000168    0.0005940
INFO (CarpetIOHDF5): ---------------------------------------------------------
INFO (CarpetIOHDF5): Dumping periodic checkpoint at iteration 12994, simulation time 519.76
INFO (CarpetIOHDF5): ---------------------------------------------------------
    13024   520.960 |    0.0001272    0.0023052 |    0.0000140    0.0004613 |    0.0162658    0.1024536 |    0.0000168    0.0005958
    13056   522.240 |    0.0001272    0.0023049 |    0.0000140    0.0004608 |    0.0162711    0.1024293 |    0.0000168    0.0006011
    13088   523.520 |    0.0001272    0.0023041 |    0.0000140    0.0004600 |    0.0162773    0.1023685 |    0.0000168    0.0005923
    13120   524.800 |    0.0001272    0.0023049 |    0.0000140    0.0004609 |    0.0162826    0.1022788 |    0.0000167    0.0005893
    13152   526.080 |    0.0001273    0.0023060 |    0.0000140    0.0004621 |    0.0162862    0.1021948 |    0.0000167    0.0005880
    13184   527.360 |    0.0001273    0.0023059 |    0.0000141    0.0004620 |    0.0162887    0.1020622 |    0.0000167    0.0005865
    13216   528.640 |    0.0001273    0.0023053 |    0.0000141    0.0004614 |    0.0162900    0.1018735 |    0.0000166    0.0005880
    13248   529.920 |    0.0001273    0.0023059 |    0.0000141    0.0004620 |    0.0162903    0.1015405 |    0.0000166    0.0005862
    13280   531.200 |    0.0001274    0.0023067 |    0.0000141    0.0004629 |    0.0162895    0.1012428 |    0.0000166    0.0005837
    13312   532.480 |    0.0001274    0.0023072 |    0.0000141    0.0004635 |    0.0162876    0.1008636 |    0.0000166    0.0005811
    13344   533.760 |    0.0001274    0.0023085 |    0.0000142    0.0004650 |    0.0162848    0.1006173 |    0.0000165    0.0005781
    13376   535.040 |    0.0001275    0.0023092 |    0.0000142    0.0004657 |    0.0162814    0.1007479 |    0.0000165    0.0005781
    13408   536.320 |    0.0001275    0.0023100 |    0.0000142    0.0004667 |    0.0162772    0.1008561 |    0.0000165    0.0005757
-----------------------------------------------------------------------------------------------------------------------------------
Iteration      Time |            HYDROBASE::rho |          HYDROBASE::press |            HYDROBASE::eps |      ML_ADMCONSTRAINTS::H
                    |        norm2      maximum |        norm2      maximum |        norm2      maximum |        norm2      maximum
-----------------------------------------------------------------------------------------------------------------------------------
    13440   537.600 |    0.0001275    0.0023102 |    0.0000143    0.0004669 |    0.0162723    0.1010110 |    0.0000164    0.0005727
    13472   538.880 |    0.0001276    0.0023108 |    0.0000143    0.0004676 |    0.0162668    0.1010281 |    0.0000164    0.0005733
    13504   540.160 |    0.0001276    0.0023120 |    0.0000143    0.0004689 |    0.0162607    0.1010557 |    0.0000164    0.0005701
    13536   541.440 |    0.0001276    0.0023131 |    0.0000143    0.0004702 |    0.0162543    0.1011284 |    0.0000164    0.0005672
    13568   542.720 |    0.0001276    0.0023134 |    0.0000143    0.0004706 |    0.0162480    0.1012141 |    0.0000163    0.0005672
    13600   544.000 |    0.0001276    0.0023133 |    0.0000144    0.0004704 |    0.0162430    0.1014956 |    0.0000163    0.0005651
    13632   545.280 |    0.0001276    0.0023137 |    0.0000144    0.0004709 |    0.0162393    0.1017011 |    0.0000163    0.0005622
    13664   546.560 |    0.0001276    0.0023139 |    0.0000144    0.0004712 |    0.0162366    0.1015809 |    0.0000163    0.0005606
    13696   547.840 |    0.0001276    0.0023141 |    0.0000144    0.0004714 |    0.0162348    0.1015175 |    0.0000163    0.0005612
    13728   549.120 |    0.0001276    0.0023142 |    0.0000144    0.0004715 |    0.0162336    0.1014186 |    0.0000162    0.0005611
    13760   550.400 |    0.0001276    0.0023140 |    0.0000144    0.0004713 |    0.0162328    0.1013769 |    0.0000162    0.0005618
    13792   551.680 |    0.0001275    0.0023140 |    0.0000143    0.0004712 |    0.0162325    0.1012980 |    0.0000162    0.0005615
    13824   552.960 |    0.0001275    0.0023129 |    0.0000143    0.0004700 |    0.0162324    0.1012334 |    0.0000162    0.0005634
    13856   554.240 |    0.0001274    0.0023120 |    0.0000143    0.0004690 |    0.0162327    0.1011631 |    0.0000162    0.0005619
    13888   555.520 |    0.0001274    0.0023119 |    0.0000143    0.0004689 |    0.0162334    0.1010732 |    0.0000162    0.0005653
    13920   556.800 |    0.0001273    0.0023109 |    0.0000143    0.0004677 |    0.0162343    0.1009408 |    0.0000162    0.0005635
    13952   558.080 |    0.0001273    0.0023104 |    0.0000142    0.0004671 |    0.0162353    0.1007735 |    0.0000162    0.0005626
    13984   559.360 |    0.0001272    0.0023091 |    0.0000142    0.0004656 |    0.0162364    0.1006697 |    0.0000162    0.0005646
    14016   560.640 |    0.0001271    0.0023083 |    0.0000142    0.0004647 |    0.0162378    0.1005577 |    0.0000161    0.0005639
    14048   561.920 |    0.0001271    0.0023070 |    0.0000141    0.0004633 |    0.0162390    0.1004769 |    0.0000161    0.0005669
-----------------------------------------------------------------------------------------------------------------------------------
Iteration      Time |            HYDROBASE::rho |          HYDROBASE::press |            HYDROBASE::eps |      ML_ADMCONSTRAINTS::H
                    |        norm2      maximum |        norm2      maximum |        norm2      maximum |        norm2      maximum
-----------------------------------------------------------------------------------------------------------------------------------
    14080   563.200 |    0.0001270    0.0023065 |    0.0000141    0.0004627 |    0.0162401    0.1003978 |    0.0000161    0.0005626
    14112   564.480 |    0.0001270    0.0023065 |    0.0000141    0.0004627 |    0.0162412    0.1002893 |    0.0000161    0.0005705
    14144   565.760 |    0.0001269    0.0023057 |    0.0000140    0.0004618 |    0.0162421    0.1001448 |    0.0000161    0.0005686
    14176   567.040 |    0.0001269    0.0023040 |    0.0000140    0.0004599 |    0.0162431    0.1000121 |    0.0000161    0.0005679
    14208   568.320 |    0.0001268    0.0023048 |    0.0000140    0.0004607 |    0.0162439    0.0998988 |    0.0000161    0.0005616
    14240   569.600 |    0.0001268    0.0023032 |    0.0000140    0.0004590 |    0.0162446    0.0997818 |    0.0000160    0.0005666
    14272   570.880 |    0.0001268    0.0023018 |    0.0000140    0.0004574 |    0.0162449    0.0996827 |    0.0000160    0.0005690
    14304   572.160 |    0.0001268    0.0023032 |    0.0000140    0.0004590 |    0.0162445    0.0995888 |    0.0000160    0.0005650
    14336   573.440 |    0.0001267    0.0023027 |    0.0000140    0.0004584 |    0.0162434    0.0994887 |    0.0000160    0.0005629
    14368   574.720 |    0.0001267    0.0023031 |    0.0000140    0.0004588 |    0.0162415    0.0993874 |    0.0000160    0.0005636
    14400   576.000 |    0.0001267    0.0023019 |    0.0000140    0.0004575 |    0.0162386    0.0993272 |    0.0000159    0.0005658
    14432   577.280 |    0.0001267    0.0023036 |    0.0000140    0.0004594 |    0.0162346    0.0992705 |    0.0000159    0.0005635
    14464   578.560 |    0.0001267    0.0023026 |    0.0000140    0.0004582 |    0.0162300    0.0992100 |    0.0000158    0.0005684
    14496   579.840 |    0.0001268    0.0023041 |    0.0000140    0.0004600 |    0.0162244    0.0991219 |    0.0000158    0.0005660
    14528   581.120 |    0.0001268    0.0023029 |    0.0000140    0.0004587 |    0.0162182    0.0990149 |    0.0000158    0.0005612
    14560   582.400 |    0.0001268    0.0023027 |    0.0000140    0.0004584 |    0.0162116    0.0989220 |    0.0000158    0.0005602
    14592   583.680 |    0.0001268    0.0023045 |    0.0000140    0.0004604 |    0.0162046    0.0988145 |    0.0000157    0.0005592
    14624   584.960 |    0.0001269    0.0023043 |    0.0000140    0.0004601 |    0.0161970    0.0988479 |    0.0000157    0.0005579
    14656   586.240 |    0.0001269    0.0023050 |    0.0000141    0.0004610 |    0.0161889    0.0997219 |    0.0000157    0.0005538
    14688   587.520 |    0.0001269    0.0023054 |    0.0000141    0.0004614 |    0.0161804    0.0994399 |    0.0000157    0.0005539
-----------------------------------------------------------------------------------------------------------------------------------
Iteration      Time |            HYDROBASE::rho |          HYDROBASE::press |            HYDROBASE::eps |      ML_ADMCONSTRAINTS::H
                    |        norm2      maximum |        norm2      maximum |        norm2      maximum |        norm2      maximum
-----------------------------------------------------------------------------------------------------------------------------------
    14720   588.800 |    0.0001270    0.0023067 |    0.0000141    0.0004629 |    0.0161717    0.0997508 |    0.0000157    0.0005571
    14752   590.080 |    0.0001270    0.0023073 |    0.0000141    0.0004636 |    0.0161630    0.0993803 |    0.0000156    0.0005565
    14784   591.360 |    0.0001270    0.0023073 |    0.0000142    0.0004635 |    0.0161546    0.0995018 |    0.0000156    0.0005441
    14816   592.640 |    0.0001270    0.0023083 |    0.0000142    0.0004647 |    0.0161464    0.0996356 |    0.0000156    0.0005502
    14848   593.920 |    0.0001271    0.0023082 |    0.0000142    0.0004646 |    0.0161383    0.0997657 |    0.0000156    0.0005505
    14880   595.200 |    0.0001271    0.0023093 |    0.0000142    0.0004658 |    0.0161304    0.0999273 |    0.0000156    0.0005494
    14912   596.480 |    0.0001271    0.0023099 |    0.0000142    0.0004665 |    0.0161229    0.1000117 |    0.0000156    0.0005439
    14944   597.760 |    0.0001271    0.0023105 |    0.0000143    0.0004672 |    0.0161162    0.1001144 |    0.0000156    0.0005436
    14976   599.040 |    0.0001271    0.0023121 |    0.0000143    0.0004691 |    0.0161106    0.1002215 |    0.0000155    0.0005420
    15008   600.320 |    0.0001271    0.0023117 |    0.0000143    0.0004686 |    0.0161060    0.1003177 |    0.0000155    0.0005410
    15040   601.600 |    0.0001271    0.0023113 |    0.0000143    0.0004681 |    0.0161019    0.1004029 |    0.0000155    0.0005395
    15072   602.880 |    0.0001271    0.0023109 |    0.0000143    0.0004676 |    0.0160985    0.1004882 |    0.0000155    0.0005376
    15104   604.160 |    0.0001271    0.0023112 |    0.0000143    0.0004680 |    0.0160957    0.1005607 |    0.0000155    0.0005393
    15136   605.440 |    0.0001270    0.0023109 |    0.0000143    0.0004676 |    0.0160932    0.1006430 |    0.0000155    0.0005350
    15168   606.720 |    0.0001270    0.0023105 |    0.0000142    0.0004672 |    0.0160909    0.1007368 |    0.0000155    0.0005357
    15200   608.000 |    0.0001269    0.0023096 |    0.0000142    0.0004662 |    0.0160889    0.1008946 |    0.0000155    0.0005374
    15232   609.280 |    0.0001269    0.0023099 |    0.0000142    0.0004665 |    0.0160872    0.1010756 |    0.0000155    0.0005377
    15264   610.560 |    0.0001268    0.0023092 |    0.0000142    0.0004657 |    0.0160857    0.1012639 |    0.0000155    0.0005407
    15296   611.840 |    0.0001268    0.0023077 |    0.0000142    0.0004640 |    0.0160845    0.1013705 |    0.0000155    0.0005355
    15328   613.120 |    0.0001267    0.0023078 |    0.0000141    0.0004641 |    0.0160835    0.1015845 |    0.0000154    0.0005412
-----------------------------------------------------------------------------------------------------------------------------------
Iteration      Time |            HYDROBASE::rho |          HYDROBASE::press |            HYDROBASE::eps |      ML_ADMCONSTRAINTS::H
                    |        norm2      maximum |        norm2      maximum |        norm2      maximum |        norm2      maximum
-----------------------------------------------------------------------------------------------------------------------------------
    15360   614.400 |    0.0001267    0.0023069 |    0.0000141    0.0004631 |    0.0160832    0.1018867 |    0.0000155    0.0005443
    15392   615.680 |    0.0001266    0.0023064 |    0.0000141    0.0004625 |    0.0160837    0.1021277 |    0.0000154    0.0005400
    15424   616.960 |    0.0001266    0.0023055 |    0.0000140    0.0004615 |    0.0160842    0.1026583 |    0.0000154    0.0005406
    15456   618.240 |    0.0001265    0.0023041 |    0.0000140    0.0004599 |    0.0160844    0.1030227 |    0.0000154    0.0006602
    15488   619.520 |    0.0001265    0.0023031 |    0.0000140    0.0004588 |    0.0160840    0.1032772 |    0.0000154    0.0005447
    15520   620.800 |    0.0001264    0.0023026 |    0.0000140    0.0004582 |    0.0160832    0.1035930 |    0.0000154    0.0005525
    15552   622.080 |    0.0001264    0.0023017 |    0.0000139    0.0004572 |    0.0160821    0.1039415 |    0.0000153    0.0005460
    15584   623.360 |    0.0001263    0.0023022 |    0.0000139    0.0004577 |    0.0160809    0.1038884 |    0.0000153    0.0007765
    15616   624.640 |    0.0001263    0.0023016 |    0.0000139    0.0004570 |    0.0160797    0.1015329 |    0.0000153    0.0007273
    15648   625.920 |    0.0001263    0.0023027 |    0.0000139    0.0004583 |    0.0160781    0.1018039 |    0.0000152    0.0005433
    15680   627.200 |    0.0001263    0.0022997 |    0.0000139    0.0004549 |    0.0160762    0.1021260 |    0.0000152    0.0005369
    15712   628.480 |    0.0001263    0.0023010 |    0.0000139    0.0004564 |    0.0160741    0.1023143 |    0.0000152    0.0005389
    15744   629.760 |    0.0001262    0.0023013 |    0.0000139    0.0004567 |    0.0160717    0.1020932 |    0.0000152    0.0005414
    15776   631.040 |    0.0001262    0.0023006 |    0.0000139    0.0004560 |    0.0160688    0.1021727 |    0.0000152    0.0005389
    15808   632.320 |    0.0001262    0.0023019 |    0.0000139    0.0004574 |    0.0160654    0.1022207 |    0.0000151    0.0005330
    15840   633.600 |    0.0001262    0.0023002 |    0.0000139    0.0004555 |    0.0160614    0.1022515 |    0.0000151    0.0006916
    15872   634.880 |    0.0001263    0.0023002 |    0.0000139    0.0004555 |    0.0160569    0.1023271 |    0.0000151    0.0005328
    15904   636.160 |    0.0001263    0.0023001 |    0.0000139    0.0004554 |    0.0160519    0.1023301 |    0.0000151    0.0005320
    15936   637.440 |    0.0001263    0.0023012 |    0.0000139    0.0004566 |    0.0160463    0.1022142 |    0.0000150    0.0005325
    15968   638.720 |    0.0001263    0.0023021 |    0.0000139    0.0004576 |    0.0160401    0.1020303 |    0.0000150    0.0005306
-----------------------------------------------------------------------------------------------------------------------------------
Iteration      Time |            HYDROBASE::rho |          HYDROBASE::press |            HYDROBASE::eps |      ML_ADMCONSTRAINTS::H
                    |        norm2      maximum |        norm2      maximum |        norm2      maximum |        norm2      maximum
-----------------------------------------------------------------------------------------------------------------------------------
    16000   640.000 |    0.0001263    0.0023022 |    0.0000139    0.0004578 |    0.0160335    0.1018689 |    0.0000150    0.0005292
    16032   641.280 |    0.0001264    0.0023024 |    0.0000140    0.0004580 |    0.0160264    0.1019455 |    0.0000150    0.0005269
    16064   642.560 |    0.0001264    0.0023030 |    0.0000140    0.0004587 |    0.0160189    0.1019947 |    0.0000150    0.0005239
    16096   643.840 |    0.0001264    0.0023039 |    0.0000140    0.0004597 |    0.0160109    0.1019036 |    0.0000149    0.0005214
    16128   645.120 |    0.0001265    0.0023045 |    0.0000140    0.0004603 |    0.0160026    0.1018283 |    0.0000149    0.0005231
    16160   646.400 |    0.0001265    0.0023050 |    0.0000141    0.0004609 |    0.0159943    0.1018032 |    0.0000149    0.0005220
    16192   647.680 |    0.0001265    0.0023060 |    0.0000141    0.0004620 |    0.0159863    0.1017891 |    0.0000149    0.0005197
    16224   648.960 |    0.0001265    0.0023062 |    0.0000141    0.0004622 |    0.0159788    0.1017976 |    0.0000149    0.0005190
    16256   650.240 |    0.0001266    0.0023066 |    0.0000141    0.0004627 |    0.0159720    0.1017722 |    0.0000148    0.0005194
    16288   651.520 |    0.0001266    0.0023067 |    0.0000141    0.0004628 |    0.0159659    0.1018333 |    0.0000148    0.0005183
    16320   652.800 |    0.0001266    0.0023078 |    0.0000141    0.0004641 |    0.0159603    0.1019402 |    0.0000148    0.0005169
    16352   654.080 |    0.0001266    0.0023083 |    0.0000142    0.0004646 |    0.0159552    0.1020281 |    0.0000148    0.0005161
    16384   655.360 |    0.0001266    0.0023082 |    0.0000142    0.0004646 |    0.0159506    0.1021191 |    0.0000148    0.0005156
    16416   656.640 |    0.0001266    0.0023080 |    0.0000142    0.0004643 |    0.0159468    0.1021960 |    0.0000148    0.0005129
    16448   657.920 |    0.0001266    0.0023084 |    0.0000142    0.0004647 |    0.0159439    0.1022715 |    0.0000148    0.0005113
    16480   659.200 |    0.0001265    0.0023079 |    0.0000142    0.0004642 |    0.0159420    0.1023433 |    0.0000148    0.0005130
    16512   660.480 |    0.0001265    0.0023081 |    0.0000142    0.0004644 |    0.0159409    0.1024015 |    0.0000148    0.0005105
    16544   661.760 |    0.0001265    0.0023080 |    0.0000141    0.0004643 |    0.0159409    0.1024560 |    0.0000148    0.0005079
    16576   663.040 |    0.0001264    0.0023079 |    0.0000141    0.0004642 |    0.0159416    0.1024973 |    0.0000148    0.0005061
    16608   664.320 |    0.0001264    0.0023063 |    0.0000141    0.0004624 |    0.0159427    0.1025306 |    0.0000147    0.0005051
-----------------------------------------------------------------------------------------------------------------------------------
Iteration      Time |            HYDROBASE::rho |          HYDROBASE::press |            HYDROBASE::eps |      ML_ADMCONSTRAINTS::H
                    |        norm2      maximum |        norm2      maximum |        norm2      maximum |        norm2      maximum
-----------------------------------------------------------------------------------------------------------------------------------
    16640   665.600 |    0.0001264    0.0023063 |    0.0000141    0.0004624 |    0.0159438    0.1025742 |    0.0000147    0.0005058
    16672   666.880 |    0.0001263    0.0023056 |    0.0000141    0.0004616 |    0.0159448    0.1019930 |    0.0000147    0.0005074
    16704   668.160 |    0.0001263    0.0023051 |    0.0000140    0.0004610 |    0.0159455    0.1020336 |    0.0000147    0.0005087
    16736   669.440 |    0.0001262    0.0023045 |    0.0000140    0.0004604 |    0.0159460    0.1020774 |    0.0000147    0.0005100
    16768   670.720 |    0.0001262    0.0023038 |    0.0000140    0.0004596 |    0.0159460    0.1021129 |    0.0000147    0.0005072
    16800   672.000 |    0.0001261    0.0023034 |    0.0000140    0.0004592 |    0.0159456    0.1021450 |    0.0000146    0.0005133
    16832   673.280 |    0.0001261    0.0023025 |    0.0000140    0.0004581 |    0.0159448    0.1021832 |    0.0000147    0.0005540
    16864   674.560 |    0.0001260    0.0023014 |    0.0000139    0.0004569 |    0.0159438    0.1022715 |    0.0000146    0.0005299
    16896   675.840 |    0.0001260    0.0023025 |    0.0000139    0.0004582 |    0.0159426    0.1022233 |    0.0000146    0.0005192
    16928   677.120 |    0.0001259    0.0023001 |    0.0000139    0.0004554 |    0.0159412    0.1022441 |    0.0000146    0.0005089
    16960   678.400 |    0.0001259    0.0023006 |    0.0000139    0.0004560 |    0.0159397    0.1022743 |    0.0000146    0.0005031
    16992   679.680 |    0.0001259    0.0022990 |    0.0000138    0.0004542 |    0.0159380    0.1022492 |    0.0000145    0.0005066
    17024   680.960 |    0.0001258    0.0022994 |    0.0000138    0.0004547 |    0.0159362    0.1019282 |    0.0000145    0.0005059
    17056   682.240 |    0.0001258    0.0022978 |    0.0000138    0.0004529 |    0.0159345    0.1018669 |    0.0000145    0.0005013
    17088   683.520 |    0.0001258    0.0022990 |    0.0000138    0.0004542 |    0.0159329    0.1015986 |    0.0000145    0.0005042
    17120   684.800 |    0.0001258    0.0022982 |    0.0000138    0.0004534 |    0.0159311    0.1017153 |    0.0000145    0.0005050
    17152   686.080 |    0.0001258    0.0022980 |    0.0000138    0.0004531 |    0.0159288    0.1017661 |    0.0000144    0.0005012
    17184   687.360 |    0.0001257    0.0022986 |    0.0000138    0.0004538 |    0.0159258    0.1017824 |    0.0000144    0.0005057
    17216   688.640 |    0.0001257    0.0022975 |    0.0000138    0.0004525 |    0.0159224    0.1018558 |    0.0000144    0.0005027
    17248   689.920 |    0.0001258    0.0022981 |    0.0000138    0.0004532 |    0.0159185    0.1019324 |    0.0000144    0.0005020
-----------------------------------------------------------------------------------------------------------------------------------
Iteration      Time |            HYDROBASE::rho |          HYDROBASE::press |            HYDROBASE::eps |      ML_ADMCONSTRAINTS::H
                    |        norm2      maximum |        norm2      maximum |        norm2      maximum |        norm2      maximum
-----------------------------------------------------------------------------------------------------------------------------------
    17280   691.200 |    0.0001258    0.0022988 |    0.0000138    0.0004540 |    0.0159143    0.1020420 |    0.0000144    0.0004989
    17312   692.480 |    0.0001258    0.0022986 |    0.0000138    0.0004538 |    0.0159098    0.1021157 |    0.0000143    0.0005052
    17344   693.760 |    0.0001258    0.0022990 |    0.0000138    0.0004542 |    0.0159052    0.1021577 |    0.0000143    0.0004959
    17376   695.040 |    0.0001258    0.0022986 |    0.0000138    0.0004538 |    0.0159002    0.1022102 |    0.0000143    0.0004963
    17408   696.320 |    0.0001258    0.0022993 |    0.0000139    0.0004546 |    0.0158948    0.1023282 |    0.0000143    0.0004973
    17440   697.600 |    0.0001259    0.0023000 |    0.0000139    0.0004553 |    0.0158888    0.1024448 |    0.0000142    0.0004951
    17472   698.880 |    0.0001259    0.0023003 |    0.0000139    0.0004557 |    0.0158824    0.1025887 |    0.0000142    0.0004980
    17504   700.160 |    0.0001259    0.0023010 |    0.0000139    0.0004565 |    0.0158757    0.1027090 |    0.0000142    0.0004939
    17536   701.440 |    0.0001259    0.0023016 |    0.0000139    0.0004571 |    0.0158690    0.1028388 |    0.0000142    0.0004956
    17568   702.720 |    0.0001260    0.0023018 |    0.0000140    0.0004574 |    0.0158622    0.1029562 |    0.0000142    0.0004950
    17600   704.000 |    0.0001260    0.0023019 |    0.0000140    0.0004575 |    0.0158556    0.1030859 |    0.0000142    0.0004946
    17632   705.280 |    0.0001260    0.0023033 |    0.0000140    0.0004591 |    0.0158494    0.1032080 |    0.0000141    0.0004915
    17664   706.560 |    0.0001260    0.0023040 |    0.0000140    0.0004599 |    0.0158435    0.1033286 |    0.0000141    0.0004915
    17696   707.840 |    0.0001260    0.0023040 |    0.0000140    0.0004599 |    0.0158377    0.1034414 |    0.0000141    0.0004913
    17728   709.120 |    0.0001261    0.0023044 |    0.0000140    0.0004603 |    0.0158317    0.1035530 |    0.0000141    0.0004914
    17760   710.400 |    0.0001261    0.0023047 |    0.0000141    0.0004607 |    0.0158257    0.1036498 |    0.0000141    0.0004908
    17792   711.680 |    0.0001261    0.0023048 |    0.0000141    0.0004608 |    0.0158194    0.1037429 |    0.0000141    0.0004897
    17824   712.960 |    0.0001261    0.0023051 |    0.0000141    0.0004612 |    0.0158120    0.1038166 |    0.0000141    0.0004886
    17856   714.240 |    0.0001260    0.0023051 |    0.0000141    0.0004612 |    0.0158031    0.1038770 |    0.0000141    0.0004875
    17888   715.520 |    0.0001260    0.0023051 |    0.0000141    0.0004612 |    0.0157957    0.1039235 |    0.0000140    0.0004866
-----------------------------------------------------------------------------------------------------------------------------------
Iteration      Time |            HYDROBASE::rho |          HYDROBASE::press |            HYDROBASE::eps |      ML_ADMCONSTRAINTS::H
                    |        norm2      maximum |        norm2      maximum |        norm2      maximum |        norm2      maximum
-----------------------------------------------------------------------------------------------------------------------------------
    17920   716.800 |    0.0001260    0.0023050 |    0.0000141    0.0004611 |    0.0157909    0.1038846 |    0.0000140    0.0004906
    17952   718.080 |    0.0001260    0.0023045 |    0.0000140    0.0004605 |    0.0157872    0.1035865 |    0.0000140    0.0005383
    17984   719.360 |    0.0001260    0.0023040 |    0.0000140    0.0004600 |    0.0157841    0.1036235 |    0.0000140    0.0004816
    18016   720.640 |    0.0001259    0.0023042 |    0.0000140    0.0004601 |    0.0157815    0.1036517 |    0.0000140    0.0004922
    18048   721.920 |    0.0001259    0.0023040 |    0.0000140    0.0004599 |    0.0157795    0.1036736 |    0.0000140    0.0004888
    18080   723.200 |    0.0001258    0.0023032 |    0.0000140    0.0004591 |    0.0157781    0.1036891 |    0.0000140    0.0004830
    18112   724.480 |    0.0001258    0.0023033 |    0.0000140    0.0004591 |    0.0157773    0.1037139 |    0.0000140    0.0004838
    18144   725.760 |    0.0001258    0.0023023 |    0.0000140    0.0004580 |    0.0157771    0.1037382 |    0.0000140    0.0004817
    18176   727.040 |    0.0001257    0.0023013 |    0.0000139    0.0004569 |    0.0157771    0.1037631 |    0.0000139    0.0004812
    18208   728.320 |    0.0001257    0.0023010 |    0.0000139    0.0004565 |    0.0157767    0.1038078 |    0.0000139    0.0004811
    18240   729.600 |    0.0001256    0.0023005 |    0.0000139    0.0004560 |    0.0157756    0.1038585 |    0.0000139    0.0004798
    18272   730.880 |    0.0001256    0.0022999 |    0.0000139    0.0004553 |    0.0157738    0.1038880 |    0.0000139    0.0004797
    18304   732.160 |    0.0001255    0.0022992 |    0.0000138    0.0004545 |    0.0157712    0.1038682 |    0.0000139    0.0004814
    18336   733.440 |    0.0001255    0.0022984 |    0.0000138    0.0004536 |    0.0157680    0.1038123 |    0.0000139    0.0004831
    18368   734.720 |    0.0001255    0.0022979 |    0.0000138    0.0004532 |    0.0157641    0.1037051 |    0.0000139    0.0004795
    18400   736.000 |    0.0001254    0.0022980 |    0.0000138    0.0004532 |    0.0157601    0.1037160 |    0.0000139    0.0004780
    18432   737.280 |    0.0001254    0.0022972 |    0.0000138    0.0004523 |    0.0157558    0.1037273 |    0.0000139    0.0004811
    18464   738.560 |    0.0001254    0.0022978 |    0.0000138    0.0004530 |    0.0157509    0.1035930 |    0.0000139    0.0004901
    18496   739.840 |    0.0001254    0.0022955 |    0.0000137    0.0004504 |    0.0157455    0.1036387 |    0.0000139    0.0004799
    18528   741.120 |    0.0001253    0.0022965 |    0.0000137    0.0004516 |    0.0157397    0.1036656 |    0.0000138    0.0004820
-----------------------------------------------------------------------------------------------------------------------------------
Iteration      Time |            HYDROBASE::rho |          HYDROBASE::press |            HYDROBASE::eps |      ML_ADMCONSTRAINTS::H
                    |        norm2      maximum |        norm2      maximum |        norm2      maximum |        norm2      maximum
-----------------------------------------------------------------------------------------------------------------------------------
    18560   742.400 |    0.0001253    0.0022956 |    0.0000137    0.0004505 |    0.0157335    0.1036945 |    0.0000138    0.0004861
    18592   743.680 |    0.0001253    0.0022960 |    0.0000137    0.0004510 |    0.0157270    0.1037357 |    0.0000138    0.0004769
    18624   744.960 |    0.0001253    0.0022961 |    0.0000137    0.0004511 |    0.0157202    0.1037633 |    0.0000138    0.0004788
    18656   746.240 |    0.0001253    0.0022951 |    0.0000137    0.0004500 |    0.0157132    0.1038045 |    0.0000138    0.0004798
    18688   747.520 |    0.0001253    0.0022958 |    0.0000137    0.0004507 |    0.0157057    0.1038449 |    0.0000138    0.0004834
    18720   748.800 |    0.0001253    0.0022956 |    0.0000137    0.0004505 |    0.0156979    0.1038860 |    0.0000137    0.0004790
    18752   750.080 |    0.0001253    0.0022963 |    0.0000137    0.0004514 |    0.0156897    0.1039583 |    0.0000137    0.0004827
    18784   751.360 |    0.0001254    0.0022964 |    0.0000138    0.0004515 |    0.0156813    0.1040372 |    0.0000137    0.0004800
    18816   752.640 |    0.0001254    0.0022974 |    0.0000138    0.0004525 |    0.0156727    0.1041179 |    0.0000137    0.0004787
    18848   753.920 |    0.0001254    0.0022973 |    0.0000138    0.0004524 |    0.0156640    0.1041946 |    0.0000137    0.0004764
    18880   755.200 |    0.0001254    0.0022977 |    0.0000138    0.0004529 |    0.0156552    0.1042883 |    0.0000137    0.0004846
    18912   756.480 |    0.0001254    0.0022979 |    0.0000138    0.0004531 |    0.0156463    0.1043886 |    0.0000137    0.0004846
    18944   757.760 |    0.0001255    0.0022986 |    0.0000138    0.0004539 |    0.0156377    0.1044824 |    0.0000136    0.0004771
    18976   759.040 |    0.0001255    0.0022990 |    0.0000139    0.0004544 |    0.0156293    0.1045799 |    0.0000136    0.0004737
    19008   760.320 |    0.0001255    0.0022991 |    0.0000139    0.0004545 |    0.0156212    0.1046529 |    0.0000136    0.0004740
    19040   761.600 |    0.0001255    0.0022997 |    0.0000139    0.0004551 |    0.0156136    0.1047470 |    0.0000136    0.0004734
    19072   762.880 |    0.0001255    0.0023014 |    0.0000139    0.0004570 |    0.0156063    0.1048447 |    0.0000136    0.0004714
    19104   764.160 |    0.0001256    0.0023009 |    0.0000139    0.0004565 |    0.0155995    0.1049378 |    0.0000136    0.0004710
    19136   765.440 |    0.0001256    0.0023012 |    0.0000139    0.0004569 |    0.0155931    0.1050213 |    0.0000136    0.0004718
    19168   766.720 |    0.0001256    0.0023017 |    0.0000139    0.0004574 |    0.0155870    0.1051018 |    0.0000136    0.0004723
Memory statistics from CarpetLib:
   Current number of objects: 768
   Current allocated memory:  257 MB
   Maximum number of objects: 772
   Maximum allocated memory:  258 MB
   Current administrative memory: 1.1 MB
   Total allocated used system memory: 55.4 MB
   Total allocated free system memory: 29.2 MB
   gh::allmemory:    123132
   dh::allmemory:    721984
   th::allmemory:    13888
   ggf::allmemory:   189992
   gdata::allmemory: 55208
-----------------------------------------------------------------------------------------------------------------------------------
Iteration      Time |            HYDROBASE::rho |          HYDROBASE::press |            HYDROBASE::eps |      ML_ADMCONSTRAINTS::H
                    |        norm2      maximum |        norm2      maximum |        norm2      maximum |        norm2      maximum
-----------------------------------------------------------------------------------------------------------------------------------
    19200   768.000 |    0.0001256    0.0023021 |    0.0000140    0.0004578 |    0.0155813    0.1051770 |    0.0000135    0.0004689
    19232   769.280 |    0.0001256    0.0023022 |    0.0000140    0.0004579 |    0.0155762    0.1052461 |    0.0000136    0.0004691
    19264   770.560 |    0.0001256    0.0023022 |    0.0000140    0.0004580 |    0.0155716    0.1053070 |    0.0000135    0.0004667
    19296   771.840 |    0.0001256    0.0023023 |    0.0000140    0.0004581 |    0.0155675    0.1053654 |    0.0000135    0.0004669
    19328   773.120 |    0.0001256    0.0023024 |    0.0000140    0.0004582 |    0.0155637    0.1054150 |    0.0000135    0.0004732
    19360   774.400 |    0.0001256    0.0023024 |    0.0000140    0.0004582 |    0.0155604    0.1054582 |    0.0000135    0.0004624
    19392   775.680 |    0.0001255    0.0023022 |    0.0000140    0.0004579 |    0.0155573    0.1054936 |    0.0000135    0.0004637
    19424   776.960 |    0.0001255    0.0023019 |    0.0000140    0.0004576 |    0.0155546    0.1055211 |    0.0000135    0.0004682
    19456   778.240 |    0.0001255    0.0023019 |    0.0000139    0.0004576 |    0.0155524    0.1055391 |    0.0000135    0.0004697
    19488   779.520 |    0.0001254    0.0023011 |    0.0000139    0.0004567 |    0.0155511    0.1055704 |    0.0000135    0.0004681
    19520   780.800 |    0.0001254    0.0023008 |    0.0000139    0.0004564 |    0.0155505    0.1055047 |    0.0000135    0.0004683
INFO (CarpetIOHDF5): ---------------------------------------------------------
INFO (CarpetIOHDF5): Dumping periodic checkpoint at iteration 19524, simulation time 780.96
INFO (CarpetIOHDF5): ---------------------------------------------------------
    19552   782.080 |    0.0001254    0.0023009 |    0.0000139    0.0004565 |    0.0155505    0.1053131 |    0.0000135    0.0004630
    19584   783.360 |    0.0001253    0.0022997 |    0.0000139    0.0004552 |    0.0155506    0.1051582 |    0.0000135    0.0004671
    19616   784.640 |    0.0001253    0.0022995 |    0.0000139    0.0004549 |    0.0155509    0.1049531 |    0.0000135    0.0004682
    19648   785.920 |    0.0001252    0.0022989 |    0.0000138    0.0004543 |    0.0155511    0.1049819 |    0.0000135    0.0004688
    19680   787.200 |    0.0001252    0.0022979 |    0.0000138    0.0004531 |    0.0155507    0.1050046 |    0.0000135    0.0004642
    19712   788.480 |    0.0001252    0.0022987 |    0.0000138    0.0004540 |    0.0155498    0.1050315 |    0.0000134    0.0004673
    19744   789.760 |    0.0001251    0.0022974 |    0.0000138    0.0004526 |    0.0155485    0.1050550 |    0.0000134    0.0005112
    19776   791.040 |    0.0001251    0.0022964 |    0.0000138    0.0004515 |    0.0155469    0.1050686 |    0.0000134    0.0004598
    19808   792.320 |    0.0001250    0.0022970 |    0.0000137    0.0004522 |    0.0155448    0.1050521 |    0.0000134    0.0004592
-----------------------------------------------------------------------------------------------------------------------------------
Iteration      Time |            HYDROBASE::rho |          HYDROBASE::press |            HYDROBASE::eps |      ML_ADMCONSTRAINTS::H
                    |        norm2      maximum |        norm2      maximum |        norm2      maximum |        norm2      maximum
-----------------------------------------------------------------------------------------------------------------------------------
    19840   793.600 |    0.0001250    0.0022951 |    0.0000137    0.0004500 |    0.0155420    0.1049495 |    0.0000134    0.0004601
    19872   794.880 |    0.0001250    0.0022952 |    0.0000137    0.0004501 |    0.0155384    0.1047741 |    0.0000133    0.0004609
    19904   796.160 |    0.0001249    0.0022944 |    0.0000137    0.0004493 |    0.0155342    0.1048298 |    0.0000133    0.0004626
    19936   797.440 |    0.0001249    0.0022941 |    0.0000137    0.0004489 |    0.0155294    0.1049245 |    0.0000133    0.0004592
    19968   798.720 |    0.0001249    0.0022939 |    0.0000137    0.0004487 |    0.0155240    0.1050199 |    0.0000133    0.0004569
    20000   800.000 |    0.0001249    0.0022949 |    0.0000137    0.0004498 |    0.0155182    0.1051189 |    0.0000133    0.0004632
    20032   801.280 |    0.0001249    0.0022928 |    0.0000137    0.0004475 |    0.0155118    0.1052235 |    0.0000133    0.0004814
    20064   802.560 |    0.0001249    0.0022935 |    0.0000137    0.0004483 |    0.0155053    0.1051298 |    0.0000133    0.0004586
    20096   803.840 |    0.0001249    0.0022948 |    0.0000137    0.0004497 |    0.0154985    0.1048984 |    0.0000132    0.0004637
    20128   805.120 |    0.0001249    0.0022925 |    0.0000137    0.0004471 |    0.0154917    0.1044991 |    0.0000132    0.0004649
    20160   806.400 |    0.0001249    0.0022942 |    0.0000137    0.0004490 |    0.0154845    0.1045563 |    0.0000132    0.0004564
    20192   807.680 |    0.0001249    0.0022936 |    0.0000137    0.0004484 |    0.0154770    0.1046235 |    0.0000132    0.0004545
    20224   808.960 |    0.0001249    0.0022942 |    0.0000137    0.0004490 |    0.0154692    0.1047003 |    0.0000132    0.0004502
    20256   810.240 |    0.0001249    0.0022938 |    0.0000137    0.0004486 |    0.0154611    0.1048002 |    0.0000131    0.0004512
    20288   811.520 |    0.0001249    0.0022940 |    0.0000137    0.0004488 |    0.0154528    0.1049282 |    0.0000131    0.0004493
    20320   812.800 |    0.0001249    0.0022945 |    0.0000137    0.0004493 |    0.0154443    0.1050454 |    0.0000131    0.0004482
    20352   814.080 |    0.0001250    0.0022955 |    0.0000137    0.0004504 |    0.0154359    0.1051615 |    0.0000131    0.0004488
    20384   815.360 |    0.0001250    0.0022957 |    0.0000137    0.0004507 |    0.0154275    0.1052695 |    0.0000131    0.0004544
    20416   816.640 |    0.0001250    0.0022957 |    0.0000138    0.0004506 |    0.0154192    0.1053704 |    0.0000131    0.0004486
    20448   817.920 |    0.0001250    0.0022970 |    0.0000138    0.0004522 |    0.0154112    0.1054754 |    0.0000131    0.0004466
-----------------------------------------------------------------------------------------------------------------------------------
Iteration      Time |            HYDROBASE::rho |          HYDROBASE::press |            HYDROBASE::eps |      ML_ADMCONSTRAINTS::H
                    |        norm2      maximum |        norm2      maximum |        norm2      maximum |        norm2      maximum
-----------------------------------------------------------------------------------------------------------------------------------
    20480   819.200 |    0.0001250    0.0022971 |    0.0000138    0.0004523 |    0.0154038    0.1055858 |    0.0000130    0.0004448
    20512   820.480 |    0.0001251    0.0022974 |    0.0000138    0.0004526 |    0.0153966    0.1056972 |    0.0000130    0.0004450
    20544   821.760 |    0.0001251    0.0022981 |    0.0000138    0.0004533 |    0.0153896    0.1058109 |    0.0000130    0.0004441
    20576   823.040 |    0.0001251    0.0022984 |    0.0000138    0.0004536 |    0.0153823    0.1059074 |    0.0000130    0.0004433
    20608   824.320 |    0.0001251    0.0022987 |    0.0000138    0.0004540 |    0.0153750    0.1059970 |    0.0000130    0.0004437
    20640   825.600 |    0.0001251    0.0022989 |    0.0000139    0.0004542 |    0.0153676    0.1060797 |    0.0000130    0.0004436
    20672   826.880 |    0.0001251    0.0022989 |    0.0000139    0.0004542 |    0.0153604    0.1061649 |    0.0000130    0.0004425
    20704   828.160 |    0.0001251    0.0022994 |    0.0000139    0.0004547 |    0.0153536    0.1062553 |    0.0000130    0.0004409
    20736   829.440 |    0.0001251    0.0022997 |    0.0000139    0.0004551 |    0.0153476    0.1063576 |    0.0000130    0.0004397
    20768   830.720 |    0.0001251    0.0022995 |    0.0000139    0.0004548 |    0.0153427    0.1064405 |    0.0000129    0.0004413
    20800   832.000 |    0.0001251    0.0022996 |    0.0000139    0.0004550 |    0.0153389    0.1065247 |    0.0000129    0.0004386
    20832   833.280 |    0.0001251    0.0022998 |    0.0000139    0.0004552 |    0.0153361    0.1066082 |    0.0000129    0.0004378
    20864   834.560 |    0.0001251    0.0022997 |    0.0000139    0.0004550 |    0.0153342    0.1065820 |    0.0000129    0.0004375
    20896   835.840 |    0.0001251    0.0022994 |    0.0000139    0.0004547 |    0.0153333    0.1062686 |    0.0000129    0.0004317
    20928   837.120 |    0.0001250    0.0022993 |    0.0000139    0.0004545 |    0.0153331    0.1061506 |    0.0000129    0.0004401
    20960   838.400 |    0.0001250    0.0022992 |    0.0000138    0.0004544 |    0.0153335    0.1062124 |    0.0000129    0.0004379
    20992   839.680 |    0.0001250    0.0022990 |    0.0000138    0.0004543 |    0.0153336    0.1063317 |    0.0000129    0.0004324
    21024   840.960 |    0.0001249    0.0022985 |    0.0000138    0.0004537 |    0.0153335    0.1063921 |    0.0000129    0.0004306
    21056   842.240 |    0.0001249    0.0022981 |    0.0000138    0.0004532 |    0.0153334    0.1064672 |    0.0000129    0.0004308
    21088   843.520 |    0.0001249    0.0022972 |    0.0000138    0.0004522 |    0.0153332    0.1061882 |    0.0000128    0.0004398
-----------------------------------------------------------------------------------------------------------------------------------
Iteration      Time |            HYDROBASE::rho |          HYDROBASE::press |            HYDROBASE::eps |      ML_ADMCONSTRAINTS::H
                    |        norm2      maximum |        norm2      maximum |        norm2      maximum |        norm2      maximum
-----------------------------------------------------------------------------------------------------------------------------------
    21120   844.800 |    0.0001248    0.0022967 |    0.0000138    0.0004516 |    0.0153328    0.1062445 |    0.0000128    0.0004476
    21152   846.080 |    0.0001248    0.0022968 |    0.0000138    0.0004517 |    0.0153319    0.1054636 |    0.0000128    0.0004418
    21184   847.360 |    0.0001247    0.0022961 |    0.0000137    0.0004509 |    0.0153303    0.1054533 |    0.0000128    0.0004343
    21216   848.640 |    0.0001247    0.0022960 |    0.0000137    0.0004508 |    0.0153280    0.1054507 |    0.0000128    0.0004285
    21248   849.920 |    0.0001247    0.0022951 |    0.0000137    0.0004497 |    0.0153251    0.1054761 |    0.0000128    0.0005392
    21280   851.200 |    0.0001246    0.0022935 |    0.0000137    0.0004480 |    0.0153218    0.1054884 |    0.0000128    0.0004311
    21312   852.480 |    0.0001246    0.0022938 |    0.0000137    0.0004483 |    0.0153181    0.1054847 |    0.0000127    0.0004288
    21344   853.760 |    0.0001246    0.0022932 |    0.0000136    0.0004476 |    0.0153142    0.1054738 |    0.0000128    0.0004550
    21376   855.040 |    0.0001245    0.0022929 |    0.0000136    0.0004472 |    0.0153099    0.1055270 |    0.0000127    0.0004279
    21408   856.320 |    0.0001245    0.0022932 |    0.0000136    0.0004476 |    0.0153051    0.1055946 |    0.0000127    0.0004263
    21440   857.600 |    0.0001245    0.0022922 |    0.0000136    0.0004463 |    0.0152998    0.1056547 |    0.0000127    0.0004237
    21472   858.880 |    0.0001245    0.0022922 |    0.0000136    0.0004464 |    0.0152940    0.1056802 |    0.0000127    0.0004417
    21504   860.160 |    0.0001244    0.0022923 |    0.0000136    0.0004465 |    0.0152878    0.1056970 |    0.0000127    0.0004296
    21536   861.440 |    0.0001244    0.0022918 |    0.0000136    0.0004459 |    0.0152814    0.1057183 |    0.0000127    0.0004274
    21568   862.720 |    0.0001244    0.0022916 |    0.0000136    0.0004456 |    0.0152747    0.1057597 |    0.0000126    0.0004321
    21600   864.000 |    0.0001244    0.0022925 |    0.0000136    0.0004467 |    0.0152679    0.1057722 |    0.0000126    0.0004340
    21632   865.280 |    0.0001244    0.0022910 |    0.0000136    0.0004448 |    0.0152610    0.1058306 |    0.0000126    0.0004274
    21664   866.560 |    0.0001244    0.0022921 |    0.0000136    0.0004461 |    0.0152543    0.1058989 |    0.0000126    0.0004304
    21696   867.840 |    0.0001244    0.0022923 |    0.0000136    0.0004464 |    0.0152475    0.1059676 |    0.0000126    0.0004256
    21728   869.120 |    0.0001245    0.0022918 |    0.0000136    0.0004457 |    0.0152406    0.1060447 |    0.0000126    0.0004273
-----------------------------------------------------------------------------------------------------------------------------------
Iteration      Time |            HYDROBASE::rho |          HYDROBASE::press |            HYDROBASE::eps |      ML_ADMCONSTRAINTS::H
                    |        norm2      maximum |        norm2      maximum |        norm2      maximum |        norm2      maximum
-----------------------------------------------------------------------------------------------------------------------------------
    21760   870.400 |    0.0001245    0.0022928 |    0.0000136    0.0004469 |    0.0152336    0.1061182 |    0.0000126    0.0004238
    21792   871.680 |    0.0001245    0.0022926 |    0.0000136    0.0004467 |    0.0152265    0.1061849 |    0.0000126    0.0004272
    21824   872.960 |    0.0001245    0.0022932 |    0.0000136    0.0004473 |    0.0152194    0.1062520 |    0.0000125    0.0004233
    21856   874.240 |    0.0001245    0.0022936 |    0.0000136    0.0004477 |    0.0152122    0.1063315 |    0.0000125    0.0004244
    21888   875.520 |    0.0001245    0.0022938 |    0.0000137    0.0004480 |    0.0152052    0.1064186 |    0.0000125    0.0004233
    21920   876.800 |    0.0001246    0.0022943 |    0.0000137    0.0004484 |    0.0151986    0.1065024 |    0.0000125    0.0004195
    21952   878.080 |    0.0001246    0.0022952 |    0.0000137    0.0004495 |    0.0151924    0.1065875 |    0.0000125    0.0004216
    21984   879.360 |    0.0001246    0.0022950 |    0.0000137    0.0004492 |    0.0151863    0.1066761 |    0.0000125    0.0004201
    22016   880.640 |    0.0001246    0.0022955 |    0.0000137    0.0004497 |    0.0151801    0.1067613 |    0.0000125    0.0004202
    22048   881.920 |    0.0001246    0.0022960 |    0.0000137    0.0004503 |    0.0151735    0.1068482 |    0.0000125    0.0004187
    22080   883.200 |    0.0001246    0.0022961 |    0.0000137    0.0004504 |    0.0151667    0.1069408 |    0.0000125    0.0004192
    22112   884.480 |    0.0001247    0.0022968 |    0.0000138    0.0004512 |    0.0151599    0.1070291 |    0.0000125    0.0004175
    22144   885.760 |    0.0001247    0.0022969 |    0.0000138    0.0004513 |    0.0151533    0.1071135 |    0.0000125    0.0004161
    22176   887.040 |    0.0001247    0.0022972 |    0.0000138    0.0004517 |    0.0151469    0.1071938 |    0.0000124    0.0004162
    22208   888.320 |    0.0001247    0.0022974 |    0.0000138    0.0004518 |    0.0151411    0.1072701 |    0.0000124    0.0004158
    22240   889.600 |    0.0001247    0.0022975 |    0.0000138    0.0004520 |    0.0151358    0.1073430 |    0.0000124    0.0004150
    22272   890.880 |    0.0001247    0.0022976 |    0.0000138    0.0004521 |    0.0151314    0.1074134 |    0.0000124    0.0004146
    22304   892.160 |    0.0001247    0.0022978 |    0.0000138    0.0004524 |    0.0151278    0.1074799 |    0.0000124    0.0004171
    22336   893.440 |    0.0001247    0.0022978 |    0.0000138    0.0004523 |    0.0151250    0.1075435 |    0.0000124    0.0004140
    22368   894.720 |    0.0001246    0.0022976 |    0.0000138    0.0004521 |    0.0151229    0.1076045 |    0.0000124    0.0004172
-----------------------------------------------------------------------------------------------------------------------------------
Iteration      Time |            HYDROBASE::rho |          HYDROBASE::press |            HYDROBASE::eps |      ML_ADMCONSTRAINTS::H
                    |        norm2      maximum |        norm2      maximum |        norm2      maximum |        norm2      maximum
-----------------------------------------------------------------------------------------------------------------------------------
    22400   896.000 |    0.0001246    0.0022976 |    0.0000138    0.0004520 |    0.0151213    0.1076542 |    0.0000124    0.0004162
    22432   897.280 |    0.0001246    0.0022975 |    0.0000138    0.0004520 |    0.0151201    0.1076977 |    0.0000124    0.0004177
    22464   898.560 |    0.0001246    0.0022971 |    0.0000138    0.0004516 |    0.0151194    0.1077441 |    0.0000124    0.0004119
    22496   899.840 |    0.0001245    0.0022973 |    0.0000138    0.0004517 |    0.0151190    0.1077890 |    0.0000124    0.0004137
    22528   901.120 |    0.0001245    0.0022965 |    0.0000137    0.0004508 |    0.0151190    0.1078351 |    0.0000124    0.0004145
    22560   902.400 |    0.0001245    0.0022959 |    0.0000137    0.0004503 |    0.0151190    0.1078871 |    0.0000124    0.0004153
    22592   903.680 |    0.0001244    0.0022956 |    0.0000137    0.0004499 |    0.0151188    0.1079386 |    0.0000124    0.0004140
    22624   904.960 |    0.0001244    0.0022954 |    0.0000137    0.0004496 |    0.0151180    0.1079866 |    0.0000124    0.0004130
    22656   906.240 |    0.0001244    0.0022947 |    0.0000137    0.0004488 |    0.0151166    0.1080408 |    0.0000124    0.0004214
    22688   907.520 |    0.0001243    0.0022944 |    0.0000137    0.0004485 |    0.0151146    0.1081112 |    0.0000123    0.0004162
    22720   908.800 |    0.0001243    0.0022935 |    0.0000136    0.0004476 |    0.0151121    0.1081430 |    0.0000123    0.0004179
    22752   910.080 |    0.0001243    0.0022938 |    0.0000136    0.0004478 |    0.0151092    0.1077926 |    0.0000123    0.0004298
    22784   911.360 |    0.0001242    0.0022922 |    0.0000136    0.0004461 |    0.0151061    0.1076712 |    0.0000123    0.0004252
    22816   912.640 |    0.0001242    0.0022923 |    0.0000136    0.0004462 |    0.0151029    0.1077381 |    0.0000123    0.0005049
    22848   913.920 |    0.0001242    0.0022927 |    0.0000136    0.0004466 |    0.0150996    0.1078104 |    0.0000123    0.0004214
    22880   915.200 |    0.0001241    0.0022910 |    0.0000136    0.0004446 |    0.0150962    0.1078591 |    0.0000123    0.0004188
    22912   916.480 |    0.0001241    0.0022908 |    0.0000135    0.0004444 |    0.0150926    0.1079072 |    0.0000123    0.0004135
    22944   917.760 |    0.0001241    0.0022910 |    0.0000135    0.0004446 |    0.0150890    0.1079646 |    0.0000123    0.0004134
    22976   919.040 |    0.0001241    0.0022909 |    0.0000135    0.0004445 |    0.0150851    0.1080146 |    0.0000122    0.0004199
    23008   920.320 |    0.0001240    0.0022900 |    0.0000135    0.0004434 |    0.0150812    0.1080657 |    0.0000122    0.0004147
-----------------------------------------------------------------------------------------------------------------------------------
Iteration      Time |            HYDROBASE::rho |          HYDROBASE::press |            HYDROBASE::eps |      ML_ADMCONSTRAINTS::H
                    |        norm2      maximum |        norm2      maximum |        norm2      maximum |        norm2      maximum
-----------------------------------------------------------------------------------------------------------------------------------
    23040   921.600 |    0.0001240    0.0022906 |    0.0000135    0.0004441 |    0.0150773    0.1081134 |    0.0000122    0.0004236
    23072   922.880 |    0.0001240    0.0022900 |    0.0000135    0.0004434 |    0.0150733    0.1081676 |    0.0000122    0.0004291
    23104   924.160 |    0.0001240    0.0022897 |    0.0000135    0.0004430 |    0.0150691    0.1082309 |    0.0000122    0.0004129
    23136   925.440 |    0.0001240    0.0022896 |    0.0000135    0.0004430 |    0.0150649    0.1082916 |    0.0000122    0.0004148
    23168   926.720 |    0.0001240    0.0022906 |    0.0000135    0.0004441 |    0.0150607    0.1083633 |    0.0000122    0.0004109
    23200   928.000 |    0.0001240    0.0022904 |    0.0000135    0.0004439 |    0.0150564    0.1083579 |    0.0000122    0.0004159
    23232   929.280 |    0.0001240    0.0022903 |    0.0000135    0.0004438 |    0.0150521    0.1078728 |    0.0000122    0.0004195
    23264   930.560 |    0.0001240    0.0022903 |    0.0000135    0.0004438 |    0.0150477    0.1079475 |    0.0000121    0.0004125
    23296   931.840 |    0.0001240    0.0022907 |    0.0000135    0.0004443 |    0.0150433    0.1080366 |    0.0000121    0.0004232
    23328   933.120 |    0.0001241    0.0022912 |    0.0000135    0.0004449 |    0.0150393    0.1081260 |    0.0000121    0.0004214
    23360   934.400 |    0.0001241    0.0022911 |    0.0000136    0.0004448 |    0.0150355    0.1081776 |    0.0000121    0.0004173
    23392   935.680 |    0.0001241    0.0022914 |    0.0000136    0.0004451 |    0.0150316    0.1082457 |    0.0000121    0.0004428
    23424   936.960 |    0.0001241    0.0022919 |    0.0000136    0.0004457 |    0.0150277    0.1083244 |    0.0000121    0.0004184
    23456   938.240 |    0.0001241    0.0022923 |    0.0000136    0.0004462 |    0.0150239    0.1084169 |    0.0000121    0.0004199
    23488   939.520 |    0.0001241    0.0022918 |    0.0000136    0.0004456 |    0.0150202    0.1085246 |    0.0000121    0.0004241
    23520   940.800 |    0.0001242    0.0022928 |    0.0000136    0.0004467 |    0.0150163    0.1086297 |    0.0000121    0.0004279
    23552   942.080 |    0.0001242    0.0022932 |    0.0000136    0.0004472 |    0.0150124    0.1087360 |    0.0000120    0.0004326
    23584   943.360 |    0.0001242    0.0022936 |    0.0000136    0.0004476 |    0.0150086    0.1088357 |    0.0000120    0.0004310
    23616   944.640 |    0.0001242    0.0022939 |    0.0000137    0.0004480 |    0.0150048    0.1089339 |    0.0000120    0.0004340
    23648   945.920 |    0.0001242    0.0022940 |    0.0000137    0.0004481 |    0.0150013    0.1090273 |    0.0000120    0.0004316
-----------------------------------------------------------------------------------------------------------------------------------
Iteration      Time |            HYDROBASE::rho |          HYDROBASE::press |            HYDROBASE::eps |      ML_ADMCONSTRAINTS::H
                    |        norm2      maximum |        norm2      maximum |        norm2      maximum |        norm2      maximum
-----------------------------------------------------------------------------------------------------------------------------------
    23680   947.200 |    0.0001242    0.0022947 |    0.0000137    0.0004489 |    0.0149980    0.1091265 |    0.0000120    0.0004278
    23712   948.480 |    0.0001242    0.0022946 |    0.0000137    0.0004487 |    0.0149949    0.1092516 |    0.0000120    0.0004268
    23744   949.760 |    0.0001242    0.0022952 |    0.0000137    0.0004495 |    0.0149920    0.1093236 |    0.0000120    0.0004260
    23776   951.040 |    0.0001242    0.0022949 |    0.0000137    0.0004491 |    0.0149893    0.1094102 |    0.0000120    0.0004249
    23808   952.320 |    0.0001242    0.0022951 |    0.0000137    0.0004493 |    0.0149869    0.1094848 |    0.0000120    0.0004292
    23840   953.600 |    0.0001242    0.0022952 |    0.0000137    0.0004495 |    0.0149848    0.1095522 |    0.0000120    0.0004248
    23872   954.880 |    0.0001242    0.0022947 |    0.0000137    0.0004490 |    0.0149832    0.1096148 |    0.0000120    0.0004253
    23904   956.160 |    0.0001242    0.0022952 |    0.0000137    0.0004495 |    0.0149818    0.1096792 |    0.0000120    0.0004255
    23936   957.440 |    0.0001242    0.0022950 |    0.0000137    0.0004493 |    0.0149807    0.1097358 |    0.0000119    0.0004310
    23968   958.720 |    0.0001242    0.0022944 |    0.0000137    0.0004487 |    0.0149797    0.1097012 |    0.0000119    0.0004330
    24000   960.000 |    0.0001241    0.0022944 |    0.0000137    0.0004486 |    0.0149791    0.1096192 |    0.0000119    0.0004351
    24032   961.280 |    0.0001241    0.0022943 |    0.0000137    0.0004485 |    0.0149787    0.1095924 |    0.0000119    0.0004328
    24064   962.560 |    0.0001241    0.0022941 |    0.0000137    0.0004484 |    0.0149787    0.1093673 |    0.0000119    0.0004319
    24096   963.840 |    0.0001240    0.0022936 |    0.0000136    0.0004477 |    0.0149787    0.1084242 |    0.0000119    0.0004462
    24128   965.120 |    0.0001240    0.0022934 |    0.0000136    0.0004475 |    0.0149786    0.1084190 |    0.0000119    0.0004332
    24160   966.400 |    0.0001240    0.0022931 |    0.0000136    0.0004472 |    0.0149785    0.1083054 |    0.0000118    0.0004417
    24192   967.680 |    0.0001239    0.0022923 |    0.0000136    0.0004463 |    0.0149780    0.1083066 |    0.0000119    0.0004420
    24224   968.960 |    0.0001239    0.0022914 |    0.0000136    0.0004453 |    0.0149772    0.1082949 |    0.0000118    0.0004438
    24256   970.240 |    0.0001239    0.0022911 |    0.0000136    0.0004448 |    0.0149759    0.1083091 |    0.0000118    0.0004344
    24288   971.520 |    0.0001238    0.0022916 |    0.0000135    0.0004454 |    0.0149742    0.1084186 |    0.0000118    0.0004185
-----------------------------------------------------------------------------------------------------------------------------------
Iteration      Time |            HYDROBASE::rho |          HYDROBASE::press |            HYDROBASE::eps |      ML_ADMCONSTRAINTS::H
                    |        norm2      maximum |        norm2      maximum |        norm2      maximum |        norm2      maximum
-----------------------------------------------------------------------------------------------------------------------------------
    24320   972.800 |    0.0001238    0.0022906 |    0.0000135    0.0004442 |    0.0149721    0.1085013 |    0.0000118    0.0004263
    24352   974.080 |    0.0001238    0.0022899 |    0.0000135    0.0004433 |    0.0149695    0.1084745 |    0.0000118    0.0004255
    24384   975.360 |    0.0001237    0.0022904 |    0.0000135    0.0004440 |    0.0149666    0.1084416 |    0.0000118    0.0004587
    24416   976.640 |    0.0001237    0.0022891 |    0.0000135    0.0004424 |    0.0149635    0.1084589 |    0.0000118    0.0004171
    24448   977.920 |    0.0001237    0.0022894 |    0.0000135    0.0004427 |    0.0149603    0.1084587 |    0.0000118    0.0004140
    24480   979.200 |    0.0001237    0.0022901 |    0.0000135    0.0004436 |    0.0149571    0.1085435 |    0.0000118    0.0004161
    24512   980.480 |    0.0001236    0.0022880 |    0.0000135    0.0004411 |    0.0149539    0.1085464 |    0.0000117    0.0004144
    24544   981.760 |    0.0001236    0.0022878 |    0.0000134    0.0004408 |    0.0149507    0.1084416 |    0.0000117    0.0004168
    24576   983.040 |    0.0001236    0.0022883 |    0.0000134    0.0004414 |    0.0149475    0.1083857 |    0.0000117    0.0004116
    24608   984.320 |    0.0001236    0.0022880 |    0.0000134    0.0004411 |    0.0149442    0.1083878 |    0.0000117    0.0004044
    24640   985.600 |    0.0001236    0.0022882 |    0.0000134    0.0004413 |    0.0149411    0.1084061 |    0.0000117    0.0004053
    24672   986.880 |    0.0001236    0.0022879 |    0.0000134    0.0004409 |    0.0149382    0.1084607 |    0.0000117    0.0004055
    24704   988.160 |    0.0001236    0.0022882 |    0.0000134    0.0004413 |    0.0149352    0.1084669 |    0.0000117    0.0003988
    24736   989.440 |    0.0001236    0.0022883 |    0.0000134    0.0004414 |    0.0149319    0.1085022 |    0.0000117    0.0004286
    24768   990.720 |    0.0001236    0.0022883 |    0.0000134    0.0004415 |    0.0149283    0.1085827 |    0.0000117    0.0004019
    24800   992.000 |    0.0001236    0.0022884 |    0.0000135    0.0004416 |    0.0149245    0.1086787 |    0.0000117    0.0004020
    24832   993.280 |    0.0001236    0.0022886 |    0.0000135    0.0004419 |    0.0149206    0.1087622 |    0.0000116    0.0003974
    24864   994.560 |    0.0001236    0.0022891 |    0.0000135    0.0004424 |    0.0149165    0.1088428 |    0.0000117    0.0003988
    24896   995.840 |    0.0001237    0.0022889 |    0.0000135    0.0004422 |    0.0149123    0.1089214 |    0.0000116    0.0003995
    24928   997.120 |    0.0001237    0.0022886 |    0.0000135    0.0004419 |    0.0149078    0.1090076 |    0.0000116    0.0003939
-----------------------------------------------------------------------------------------------------------------------------------
Iteration      Time |            HYDROBASE::rho |          HYDROBASE::press |            HYDROBASE::eps |      ML_ADMCONSTRAINTS::H
                    |        norm2      maximum |        norm2      maximum |        norm2      maximum |        norm2      maximum
-----------------------------------------------------------------------------------------------------------------------------------
    24960   998.400 |    0.0001237    0.0022892 |    0.0000135    0.0004426 |    0.0149030    0.1090963 |    0.0000116    0.0003985
    24992   999.680 |    0.0001237    0.0022898 |    0.0000135    0.0004433 |    0.0148980    0.1091823 |    0.0000116    0.0003972
    25024  1000.960 |    0.0001237    0.0022901 |    0.0000135    0.0004438 |    0.0148928    0.1092697 |    0.0000116    0.0003954
    25056  1002.240 |    0.0001237    0.0022902 |    0.0000135    0.0004438 |    0.0148875    0.1093633 |    0.0000116    0.0003951
    25088  1003.520 |    0.0001238    0.0022905 |    0.0000135    0.0004442 |    0.0148823    0.1094575 |    0.0000116    0.0003970
    25120  1004.800 |    0.0001238    0.0022908 |    0.0000136    0.0004446 |    0.0148772    0.1095513 |    0.0000116    0.0005754
    25152  1006.080 |    0.0001238    0.0022911 |    0.0000136    0.0004450 |    0.0148723    0.1096466 |    0.0000116    0.0003935
    25184  1007.360 |    0.0001238    0.0022914 |    0.0000136    0.0004454 |    0.0148679    0.1097368 |    0.0000115    0.0003925
    25216  1008.640 |    0.0001238    0.0022918 |    0.0000136    0.0004459 |    0.0148637    0.1098236 |    0.0000115    0.0003929
    25248  1009.920 |    0.0001238    0.0022919 |    0.0000136    0.0004460 |    0.0148596    0.1099053 |    0.0000115    0.0003908
    25280  1011.200 |    0.0001238    0.0022917 |    0.0000136    0.0004458 |    0.0148555    0.1099858 |    0.0000115    0.0003913
    25312  1012.480 |    0.0001238    0.0022921 |    0.0000136    0.0004464 |    0.0148517    0.1100644 |    0.0000115    0.0004899
    25344  1013.760 |    0.0001238    0.0022924 |    0.0000136    0.0004467 |    0.0148482    0.1101401 |    0.0000115    0.0003906
    25376  1015.040 |    0.0001238    0.0022924 |    0.0000136    0.0004467 |    0.0148453    0.1102124 |    0.0000115    0.0003900
    25408  1016.320 |    0.0001238    0.0022925 |    0.0000136    0.0004468 |    0.0148429    0.1102782 |    0.0000115    0.0003889
    25440  1017.600 |    0.0001238    0.0022924 |    0.0000136    0.0004467 |    0.0148412    0.1103381 |    0.0000115    0.0003886
    25472  1018.880 |    0.0001238    0.0022923 |    0.0000136    0.0004466 |    0.0148400    0.1103916 |    0.0000115    0.0003889
    25504  1020.160 |    0.0001238    0.0022924 |    0.0000136    0.0004466 |    0.0148391    0.1104405 |    0.0000115    0.0003913
    25536  1021.440 |    0.0001237    0.0022922 |    0.0000136    0.0004464 |    0.0148384    0.1104861 |    0.0000115    0.0003894
    25568  1022.720 |    0.0001237    0.0022921 |    0.0000136    0.0004463 |    0.0148380    0.1105289 |    0.0000115    0.0003917
Memory statistics from CarpetLib:
   Current number of objects: 768
   Current allocated memory:  257 MB
   Maximum number of objects: 772
   Maximum allocated memory:  258 MB
   Current administrative memory: 1.1 MB
   Total allocated used system memory: 55.4 MB
   Total allocated free system memory: 29.2 MB
   gh::allmemory:    123132
   dh::allmemory:    721984
   th::allmemory:    13888
   ggf::allmemory:   189992
   gdata::allmemory: 55208
-----------------------------------------------------------------------------------------------------------------------------------
Iteration      Time |            HYDROBASE::rho |          HYDROBASE::press |            HYDROBASE::eps |      ML_ADMCONSTRAINTS::H
                    |        norm2      maximum |        norm2      maximum |        norm2      maximum |        norm2      maximum
-----------------------------------------------------------------------------------------------------------------------------------
    25600  1024.000 |    0.0001237    0.0022920 |    0.0000136    0.0004461 |    0.0148379    0.1105673 |    0.0000115    0.0003989
    25632  1025.280 |    0.0001237    0.0022917 |    0.0000136    0.0004457 |    0.0148379    0.1106107 |    0.0000115    0.0003952
    25664  1026.560 |    0.0001236    0.0022909 |    0.0000136    0.0004448 |    0.0148376    0.1106463 |    0.0000114    0.0003994
    25696  1027.840 |    0.0001236    0.0022913 |    0.0000136    0.0004452 |    0.0148373    0.1106866 |    0.0000114    0.0004036
    25728  1029.120 |    0.0001236    0.0022908 |    0.0000135    0.0004446 |    0.0148368    0.1107188 |    0.0000115    0.0004055
    25760  1030.400 |    0.0001235    0.0022900 |    0.0000135    0.0004438 |    0.0148361    0.1107204 |    0.0000114    0.0005010
    25792  1031.680 |    0.0001235    0.0022894 |    0.0000135    0.0004430 |    0.0148353    0.1107394 |    0.0000114    0.0004100
    25824  1032.960 |    0.0001235    0.0022894 |    0.0000135    0.0004431 |    0.0148342    0.1107653 |    0.0000114    0.0004165
    25856  1034.240 |    0.0001234    0.0022885 |    0.0000135    0.0004419 |    0.0148329    0.1107591 |    0.0000114    0.0004078
    25888  1035.520 |    0.0001234    0.0022886 |    0.0000135    0.0004421 |    0.0148312    0.1107037 |    0.0000114    0.0004173
    25920  1036.800 |    0.0001234    0.0022882 |    0.0000134    0.0004416 |    0.0148293    0.1105097 |    0.0000114    0.0004199
    25952  1038.080 |    0.0001234    0.0022875 |    0.0000134    0.0004408 |    0.0148273    0.1105593 |    0.0000114    0.0004112
    25984  1039.360 |    0.0001233    0.0022873 |    0.0000134    0.0004406 |    0.0148252    0.1106264 |    0.0000114    0.0003834
    26016  1040.640 |    0.0001233    0.0022862 |    0.0000134    0.0004394 |    0.0148232    0.1106348 |    0.0000114    0.0003873
    26048  1041.920 |    0.0001233    0.0022870 |    0.0000134    0.0004403 |    0.0148212    0.1107088 |    0.0000114    0.0003902
INFO (CarpetIOHDF5): ---------------------------------------------------------
INFO (CarpetIOHDF5): Dumping periodic checkpoint at iteration 26080, simulation time 1043.2
INFO (CarpetIOHDF5): ---------------------------------------------------------
    26080  1043.200 |    0.0001233    0.0022866 |    0.0000134    0.0004399 |    0.0148193    0.1107863 |    0.0000114    0.0003906
    26112  1044.480 |    0.0001233    0.0022863 |    0.0000134    0.0004396 |    0.0148174    0.1109198 |    0.0000113    0.0003957
    26144  1045.760 |    0.0001232    0.0022863 |    0.0000134    0.0004396 |    0.0148154    0.1110018 |    0.0000114    0.0003885
    26176  1047.040 |    0.0001232    0.0022859 |    0.0000134    0.0004391 |    0.0148134    0.1110531 |    0.0000113    0.0003901
    26208  1048.320 |    0.0001232    0.0022857 |    0.0000134    0.0004388 |    0.0148112    0.1111286 |    0.0000113    0.0003931
-----------------------------------------------------------------------------------------------------------------------------------
Iteration      Time |            HYDROBASE::rho |          HYDROBASE::press |            HYDROBASE::eps |      ML_ADMCONSTRAINTS::H
                    |        norm2      maximum |        norm2      maximum |        norm2      maximum |        norm2      maximum
-----------------------------------------------------------------------------------------------------------------------------------
    26240  1049.600 |    0.0001232    0.0022864 |    0.0000134    0.0004395 |    0.0148088    0.1111930 |    0.0000113    0.0005546
    26272  1050.880 |    0.0001232    0.0022855 |    0.0000134    0.0004384 |    0.0148059    0.1112876 |    0.0000113    0.0003850
    26304  1052.160 |    0.0001232    0.0022863 |    0.0000134    0.0004393 |    0.0148027    0.1113988 |    0.0000113    0.0003877
    26336  1053.440 |    0.0001232    0.0022860 |    0.0000134    0.0004390 |    0.0147990    0.1115251 |    0.0000113    0.0003887
    26368  1054.720 |    0.0001232    0.0022859 |    0.0000134    0.0004389 |    0.0147950    0.1116426 |    0.0000113    0.0003946
    26400  1056.000 |    0.0001232    0.0022865 |    0.0000134    0.0004397 |    0.0147907    0.1117398 |    0.0000113    0.0003936
    26432  1057.280 |    0.0001233    0.0022864 |    0.0000134    0.0004396 |    0.0147862    0.1118210 |    0.0000113    0.0003840
    26464  1058.560 |    0.0001233    0.0022866 |    0.0000134    0.0004399 |    0.0147815    0.1118818 |    0.0000113    0.0003851
    26496  1059.840 |    0.0001233    0.0022867 |    0.0000134    0.0004402 |    0.0147767    0.1119292 |    0.0000113    0.0003852
    26528  1061.120 |    0.0001233    0.0022869 |    0.0000134    0.0004404 |    0.0147715    0.1119728 |    0.0000113    0.0003830
    26560  1062.400 |    0.0001233    0.0022872 |    0.0000134    0.0004408 |    0.0147659    0.1120092 |    0.0000112    0.0003832
    26592  1063.680 |    0.0001233    0.0022875 |    0.0000134    0.0004412 |    0.0147602    0.1120645 |    0.0000112    0.0003828
    26624  1064.960 |    0.0001233    0.0022875 |    0.0000135    0.0004413 |    0.0147545    0.1121347 |    0.0000112    0.0003830
    26656  1066.240 |    0.0001234    0.0022877 |    0.0000135    0.0004416 |    0.0147487    0.1122040 |    0.0000112    0.0003816
    26688  1067.520 |    0.0001234    0.0022881 |    0.0000135    0.0004421 |    0.0147431    0.1123108 |    0.0000112    0.0003813
    26720  1068.800 |    0.0001234    0.0022881 |    0.0000135    0.0004422 |    0.0147378    0.1124157 |    0.0000112    0.0003816
    26752  1070.080 |    0.0001234    0.0022885 |    0.0000135    0.0004427 |    0.0147327    0.1125024 |    0.0000112    0.0003797
    26784  1071.360 |    0.0001234    0.0022889 |    0.0000135    0.0004432 |    0.0147278    0.1125618 |    0.0000112    0.0003805
    26816  1072.640 |    0.0001234    0.0022891 |    0.0000135    0.0004435 |    0.0147232    0.1126197 |    0.0000112    0.0003796
    26848  1073.920 |    0.0001234    0.0022894 |    0.0000135    0.0004439 |    0.0147188    0.1126868 |    0.0000112    0.0003792
-----------------------------------------------------------------------------------------------------------------------------------
Iteration      Time |            HYDROBASE::rho |          HYDROBASE::press |            HYDROBASE::eps |      ML_ADMCONSTRAINTS::H
                    |        norm2      maximum |        norm2      maximum |        norm2      maximum |        norm2      maximum
-----------------------------------------------------------------------------------------------------------------------------------
    26880  1075.200 |    0.0001234    0.0022894 |    0.0000135    0.0004440 |    0.0147147    0.1127545 |    0.0000112    0.0003999
    26912  1076.480 |    0.0001234    0.0022896 |    0.0000135    0.0004442 |    0.0147110    0.1128208 |    0.0000112    0.0003779
    26944  1077.760 |    0.0001234    0.0022896 |    0.0000135    0.0004443 |    0.0147077    0.1128818 |    0.0000112    0.0003770
    26976  1079.040 |    0.0001234    0.0022897 |    0.0000135    0.0004444 |    0.0147048    0.1129414 |    0.0000112    0.0003757
    27008  1080.320 |    0.0001234    0.0022897 |    0.0000135    0.0004445 |    0.0147021    0.1129965 |    0.0000112    0.0003759
    27040  1081.600 |    0.0001234    0.0022894 |    0.0000135    0.0004441 |    0.0146998    0.1130500 |    0.0000112    0.0003741
    27072  1082.880 |    0.0001234    0.0022894 |    0.0000135    0.0004442 |    0.0146976    0.1131029 |    0.0000111    0.0003734
    27104  1084.160 |    0.0001234    0.0022891 |    0.0000135    0.0004439 |    0.0146955    0.1131534 |    0.0000112    0.0003739
    27136  1085.440 |    0.0001234    0.0022890 |    0.0000135    0.0004439 |    0.0146935    0.1132066 |    0.0000111    0.0003796
    27168  1086.720 |    0.0001233    0.0022891 |    0.0000135    0.0004439 |    0.0146916    0.1132529 |    0.0000111    0.0003733
    27200  1088.000 |    0.0001233    0.0022884 |    0.0000135    0.0004432 |    0.0146897    0.1133016 |    0.0000111    0.0003726
    27232  1089.280 |    0.0001233    0.0022882 |    0.0000135    0.0004431 |    0.0146876    0.1133516 |    0.0000111    0.0003707
    27264  1090.560 |    0.0001233    0.0022880 |    0.0000135    0.0004429 |    0.0146854    0.1133984 |    0.0000111    0.0003715
    27296  1091.840 |    0.0001232    0.0022874 |    0.0000135    0.0004422 |    0.0146831    0.1134746 |    0.0000111    0.0003710
    27328  1093.120 |    0.0001232    0.0022871 |    0.0000135    0.0004419 |    0.0146807    0.1134770 |    0.0000111    0.0003785
    27360  1094.400 |    0.0001232    0.0022868 |    0.0000135    0.0004416 |    0.0146783    0.1134314 |    0.0000111    0.0003712
    27392  1095.680 |    0.0001231    0.0022864 |    0.0000134    0.0004412 |    0.0146760    0.1134002 |    0.0000111    0.0003754
    27424  1096.960 |    0.0001231    0.0022859 |    0.0000134    0.0004406 |    0.0146736    0.1133073 |    0.0000111    0.0003721
    27456  1098.240 |    0.0001231    0.0022858 |    0.0000134    0.0004406 |    0.0146713    0.1133462 |    0.0000111    0.0003796
    27488  1099.520 |    0.0001230    0.0022854 |    0.0000134    0.0004400 |    0.0146691    0.1133517 |    0.0000111    0.0004443
-----------------------------------------------------------------------------------------------------------------------------------
Iteration      Time |            HYDROBASE::rho |          HYDROBASE::press |            HYDROBASE::eps |      ML_ADMCONSTRAINTS::H
                    |        norm2      maximum |        norm2      maximum |        norm2      maximum |        norm2      maximum
-----------------------------------------------------------------------------------------------------------------------------------
    27520  1100.800 |    0.0001230    0.0022844 |    0.0000134    0.0004389 |    0.0146669    0.1133509 |    0.0000111    0.0003786
    27552  1102.080 |    0.0001230    0.0022846 |    0.0000134    0.0004391 |    0.0146649    0.1133317 |    0.0000111    0.0003720
    27584  1103.360 |    0.0001230    0.0022844 |    0.0000134    0.0004388 |    0.0146630    0.1133151 |    0.0000111    0.0003781
    27616  1104.640 |    0.0001229    0.0022834 |    0.0000133    0.0004377 |    0.0146612    0.1133153 |    0.0000111    0.0003710
    27648  1105.920 |    0.0001229    0.0022839 |    0.0000133    0.0004383 |    0.0146595    0.1133033 |    0.0000111    0.0003762
    27680  1107.200 |    0.0001229    0.0022829 |    0.0000133    0.0004372 |    0.0146578    0.1132627 |    0.0000110    0.0003922
    27712  1108.480 |    0.0001229    0.0022831 |    0.0000133    0.0004374 |    0.0146559    0.1130652 |    0.0000110    0.0003845
    27744  1109.760 |    0.0001229    0.0022827 |    0.0000133    0.0004369 |    0.0146539    0.1129715 |    0.0000110    0.0003846
    27776  1111.040 |    0.0001229    0.0022830 |    0.0000133    0.0004372 |    0.0146517    0.1129552 |    0.0000110    0.0003732
    27808  1112.320 |    0.0001229    0.0022840 |    0.0000133    0.0004384 |    0.0146495    0.1129576 |    0.0000110    0.0004038
    27840  1113.600 |    0.0001229    0.0022829 |    0.0000133    0.0004370 |    0.0146471    0.1129681 |    0.0000110    0.0004248
    27872  1114.880 |    0.0001229    0.0022825 |    0.0000133    0.0004365 |    0.0146446    0.1129529 |    0.0000110    0.0005435
    27904  1116.160 |    0.0001229    0.0022830 |    0.0000133    0.0004371 |    0.0146420    0.1129702 |    0.0000110    0.0004179
    27936  1117.440 |    0.0001229    0.0022827 |    0.0000133    0.0004368 |    0.0146393    0.1129914 |    0.0000110    0.0004057
    27968  1118.720 |    0.0001229    0.0022829 |    0.0000133    0.0004369 |    0.0146367    0.1130212 |    0.0000110    0.0004113
    28000  1120.000 |    0.0001229    0.0022832 |    0.0000133    0.0004373 |    0.0146337    0.1130385 |    0.0000110    0.0004176
    28032  1121.280 |    0.0001229    0.0022827 |    0.0000133    0.0004367 |    0.0146300    0.1130438 |    0.0000110    0.0004137
    28064  1122.560 |    0.0001229    0.0022832 |    0.0000133    0.0004373 |    0.0146258    0.1130703 |    0.0000109    0.0004192
    28096  1123.840 |    0.0001229    0.0022835 |    0.0000133    0.0004377 |    0.0146214    0.1130915 |    0.0000109    0.0004248
    28128  1125.120 |    0.0001229    0.0022841 |    0.0000134    0.0004383 |    0.0146168    0.1131091 |    0.0000109    0.0004296
-----------------------------------------------------------------------------------------------------------------------------------
Iteration      Time |            HYDROBASE::rho |          HYDROBASE::press |            HYDROBASE::eps |      ML_ADMCONSTRAINTS::H
                    |        norm2      maximum |        norm2      maximum |        norm2      maximum |        norm2      maximum
-----------------------------------------------------------------------------------------------------------------------------------
    28160  1126.400 |    0.0001229    0.0022844 |    0.0000134    0.0004388 |    0.0146122    0.1131317 |    0.0000109    0.0004298
    28192  1127.680 |    0.0001229    0.0022846 |    0.0000134    0.0004390 |    0.0146076    0.1131517 |    0.0000109    0.0004334
    28224  1128.960 |    0.0001230    0.0022843 |    0.0000134    0.0004388 |    0.0146032    0.1131743 |    0.0000109    0.0004327
    28256  1130.240 |    0.0001230    0.0022848 |    0.0000134    0.0004394 |    0.0145988    0.1131952 |    0.0000109    0.0004329
    28288  1131.520 |    0.0001230    0.0022852 |    0.0000134    0.0004398 |    0.0145945    0.1132130 |    0.0000109    0.0004344
    28320  1132.800 |    0.0001230    0.0022852 |    0.0000134    0.0004399 |    0.0145903    0.1132255 |    0.0000109    0.0004337
    28352  1134.080 |    0.0001230    0.0022857 |    0.0000134    0.0004405 |    0.0145863    0.1132384 |    0.0000109    0.0004342
    28384  1135.360 |    0.0001230    0.0022858 |    0.0000134    0.0004407 |    0.0145825    0.1132543 |    0.0000109    0.0004359
    28416  1136.640 |    0.0001230    0.0022858 |    0.0000134    0.0004407 |    0.0145786    0.1132698 |    0.0000109    0.0004356
    28448  1137.920 |    0.0001230    0.0022860 |    0.0000134    0.0004410 |    0.0145745    0.1132817 |    0.0000109    0.0004348
    28480  1139.200 |    0.0001230    0.0022863 |    0.0000135    0.0004413 |    0.0145704    0.1133111 |    0.0000109    0.0004358
    28512  1140.480 |    0.0001230    0.0022865 |    0.0000135    0.0004417 |    0.0145662    0.1133331 |    0.0000109    0.0004360
    28544  1141.760 |    0.0001230    0.0022865 |    0.0000135    0.0004417 |    0.0145623    0.1133523 |    0.0000109    0.0004365
    28576  1143.040 |    0.0001230    0.0022864 |    0.0000135    0.0004417 |    0.0145587    0.1133680 |    0.0000109    0.0004323
    28608  1144.320 |    0.0001230    0.0022863 |    0.0000135    0.0004415 |    0.0145555    0.1133811 |    0.0000109    0.0004604
    28640  1145.600 |    0.0001230    0.0022864 |    0.0000135    0.0004418 |    0.0145526    0.1133942 |    0.0000109    0.0004301
    28672  1146.880 |    0.0001230    0.0022864 |    0.0000135    0.0004418 |    0.0145496    0.1134001 |    0.0000109    0.0004314
    28704  1148.160 |    0.0001230    0.0022865 |    0.0000135    0.0004419 |    0.0145466    0.1134004 |    0.0000109    0.0006013
    28736  1149.440 |    0.0001230    0.0022863 |    0.0000135    0.0004417 |    0.0145436    0.1134059 |    0.0000109    0.0004257
    28768  1150.720 |    0.0001230    0.0022860 |    0.0000134    0.0004414 |    0.0145407    0.1133998 |    0.0000109    0.0004928
-----------------------------------------------------------------------------------------------------------------------------------
Iteration      Time |            HYDROBASE::rho |          HYDROBASE::press |            HYDROBASE::eps |      ML_ADMCONSTRAINTS::H
                    |        norm2      maximum |        norm2      maximum |        norm2      maximum |        norm2      maximum
-----------------------------------------------------------------------------------------------------------------------------------
    28800  1152.000 |    0.0001229    0.0022856 |    0.0000134    0.0004410 |    0.0145382    0.1133855 |    0.0000108    0.0004185
    28832  1153.280 |    0.0001229    0.0022851 |    0.0000134    0.0004404 |    0.0145360    0.1133854 |    0.0000108    0.0004219
    28864  1154.560 |    0.0001229    0.0022853 |    0.0000134    0.0004406 |    0.0145342    0.1133764 |    0.0000108    0.0004296
    28896  1155.840 |    0.0001229    0.0022847 |    0.0000134    0.0004400 |    0.0145327    0.1133763 |    0.0000108    0.0004243
    28928  1157.120 |    0.0001228    0.0022848 |    0.0000134    0.0004401 |    0.0145313    0.1133974 |    0.0000108    0.0005610
    28960  1158.400 |    0.0001228    0.0022839 |    0.0000134    0.0004391 |    0.0145300    0.1134078 |    0.0000108    0.0004090
    28992  1159.680 |    0.0001228    0.0022841 |    0.0000134    0.0004394 |    0.0145287    0.1133839 |    0.0000108    0.0004395
    29024  1160.960 |    0.0001227    0.0022833 |    0.0000134    0.0004385 |    0.0145275    0.1133845 |    0.0000108    0.0004175
    29056  1162.240 |    0.0001227    0.0022837 |    0.0000133    0.0004388 |    0.0145265    0.1133543 |    0.0000108    0.0004104
    29088  1163.520 |    0.0001227    0.0022830 |    0.0000133    0.0004377 |    0.0145258    0.1133115 |    0.0000108    0.0004548
    29120  1164.800 |    0.0001227    0.0022840 |    0.0000133    0.0004380 |    0.0145253    0.1132417 |    0.0000108    0.0004183
    29152  1166.080 |    0.0001226    0.0022829 |    0.0000133    0.0004364 |    0.0145250    0.1131769 |    0.0000108    0.0004328
    29184  1167.360 |    0.0001226    0.0022836 |    0.0000133    0.0004371 |    0.0145249    0.1130348 |    0.0000108    0.0004109
    29216  1168.640 |    0.0001226    0.0022828 |    0.0000133    0.0004360 |    0.0145249    0.1126874 |    0.0000108    0.0004063
    29248  1169.920 |    0.0001226    0.0022832 |    0.0000133    0.0004364 |    0.0145247    0.1125283 |    0.0000108    0.0004011
    29280  1171.200 |    0.0001226    0.0022828 |    0.0000133    0.0004358 |    0.0145241    0.1123521 |    0.0000107    0.0004019
    29312  1172.480 |    0.0001225    0.0022823 |    0.0000133    0.0004351 |    0.0145230    0.1122008 |    0.0000108    0.0004015
    29344  1173.760 |    0.0001225    0.0022829 |    0.0000133    0.0004356 |    0.0145217    0.1122076 |    0.0000107    0.0004044
    29376  1175.040 |    0.0001225    0.0022821 |    0.0000132    0.0004347 |    0.0145200    0.1122107 |    0.0000107    0.0004064
    29408  1176.320 |    0.0001225    0.0022826 |    0.0000132    0.0004351 |    0.0145181    0.1122132 |    0.0000107    0.0004035
-----------------------------------------------------------------------------------------------------------------------------------
Iteration      Time |            HYDROBASE::rho |          HYDROBASE::press |            HYDROBASE::eps |      ML_ADMCONSTRAINTS::H
                    |        norm2      maximum |        norm2      maximum |        norm2      maximum |        norm2      maximum
-----------------------------------------------------------------------------------------------------------------------------------
    29440  1177.600 |    0.0001225    0.0022830 |    0.0000132    0.0004355 |    0.0145161    0.1122263 |    0.0000107    0.0004045
    29472  1178.880 |    0.0001225    0.0022821 |    0.0000132    0.0004345 |    0.0145141    0.1122533 |    0.0000107    0.0004057
    29504  1180.160 |    0.0001225    0.0022824 |    0.0000132    0.0004347 |    0.0145121    0.1122850 |    0.0000107    0.0004089
    29536  1181.440 |    0.0001225    0.0022826 |    0.0000132    0.0004349 |    0.0145100    0.1123070 |    0.0000107    0.0004031
    29568  1182.720 |    0.0001225    0.0022825 |    0.0000132    0.0004347 |    0.0145076    0.1123326 |    0.0000107    0.0004073
    29600  1184.000 |    0.0001225    0.0022825 |    0.0000132    0.0004347 |    0.0145050    0.1123562 |    0.0000107    0.0004003
    29632  1185.280 |    0.0001225    0.0022828 |    0.0000132    0.0004351 |    0.0145023    0.1123841 |    0.0000107    0.0004004
    29664  1186.560 |    0.0001225    0.0022828 |    0.0000133    0.0004351 |    0.0144995    0.1124175 |    0.0000107    0.0004037
    29696  1187.840 |    0.0001225    0.0022832 |    0.0000133    0.0004355 |    0.0144966    0.1124520 |    0.0000107    0.0004030
    29728  1189.120 |    0.0001225    0.0022834 |    0.0000133    0.0004358 |    0.0144935    0.1124865 |    0.0000107    0.0004004
    29760  1190.400 |    0.0001226    0.0022835 |    0.0000133    0.0004359 |    0.0144905    0.1125225 |    0.0000107    0.0004022
    29792  1191.680 |    0.0001226    0.0022840 |    0.0000133    0.0004365 |    0.0144874    0.1125634 |    0.0000107    0.0003986
    29824  1192.960 |    0.0001226    0.0022840 |    0.0000133    0.0004365 |    0.0144842    0.1126149 |    0.0000107    0.0003974
    29856  1194.240 |    0.0001226    0.0022843 |    0.0000133    0.0004369 |    0.0144809    0.1126678 |    0.0000107    0.0003986
    29888  1195.520 |    0.0001226    0.0022845 |    0.0000133    0.0004371 |    0.0144774    0.1127164 |    0.0000107    0.0003993
    29920  1196.800 |    0.0001226    0.0022846 |    0.0000133    0.0004374 |    0.0144739    0.1127662 |    0.0000107    0.0004010
    29952  1198.080 |    0.0001226    0.0022848 |    0.0000133    0.0004377 |    0.0144703    0.1128165 |    0.0000107    0.0003993
    29984  1199.360 |    0.0001226    0.0022852 |    0.0000134    0.0004381 |    0.0144666    0.1128671 |    0.0000107    0.0004008
    30016  1200.640 |    0.0001227    0.0022854 |    0.0000134    0.0004384 |    0.0144627    0.1129254 |    0.0000107    0.0004100
    30048  1201.920 |    0.0001227    0.0022855 |    0.0000134    0.0004386 |    0.0144587    0.1129811 |    0.0000107    0.0004741
-----------------------------------------------------------------------------------------------------------------------------------
Iteration      Time |            HYDROBASE::rho |          HYDROBASE::press |            HYDROBASE::eps |      ML_ADMCONSTRAINTS::H
                    |        norm2      maximum |        norm2      maximum |        norm2      maximum |        norm2      maximum
-----------------------------------------------------------------------------------------------------------------------------------
    30080  1203.200 |    0.0001227    0.0022856 |    0.0000134    0.0004388 |    0.0144547    0.1130362 |    0.0000106    0.0004387
    30112  1204.480 |    0.0001227    0.0022857 |    0.0000134    0.0004390 |    0.0144506    0.1130912 |    0.0000107    0.0004370
    30144  1205.760 |    0.0001227    0.0022858 |    0.0000134    0.0004392 |    0.0144466    0.1131430 |    0.0000106    0.0004504
    30176  1207.040 |    0.0001227    0.0022857 |    0.0000134    0.0004393 |    0.0144427    0.1131929 |    0.0000106    0.0004629
    30208  1208.320 |    0.0001227    0.0022860 |    0.0000134    0.0004397 |    0.0144386    0.1132413 |    0.0000106    0.0004606
    30240  1209.600 |    0.0001227    0.0022855 |    0.0000134    0.0004392 |    0.0144346    0.1132832 |    0.0000106    0.0004646
    30272  1210.880 |    0.0001227    0.0022854 |    0.0000134    0.0004392 |    0.0144305    0.1133258 |    0.0000106    0.0004476
    30304  1212.160 |    0.0001226    0.0022855 |    0.0000134    0.0004394 |    0.0144265    0.1133632 |    0.0000106    0.0004598
    30336  1213.440 |    0.0001226    0.0022855 |    0.0000134    0.0004395 |    0.0144226    0.1133948 |    0.0000106    0.0006037
    30368  1214.720 |    0.0001226    0.0022851 |    0.0000134    0.0004392 |    0.0144188    0.1134251 |    0.0000106    0.0004938
    30400  1216.000 |    0.0001226    0.0022850 |    0.0000134    0.0004392 |    0.0144153    0.1134525 |    0.0000106    0.0004581
    30432  1217.280 |    0.0001226    0.0022848 |    0.0000134    0.0004390 |    0.0144121    0.1134848 |    0.0000106    0.0004666
    30464  1218.560 |    0.0001226    0.0022843 |    0.0000134    0.0004387 |    0.0144093    0.1134954 |    0.0000106    0.0005254
    30496  1219.840 |    0.0001225    0.0022844 |    0.0000134    0.0004388 |    0.0144067    0.1135112 |    0.0000106    0.0004497
    30528  1221.120 |    0.0001225    0.0022835 |    0.0000134    0.0004379 |    0.0144044    0.1135101 |    0.0000106    0.0005955
    30560  1222.400 |    0.0001225    0.0022833 |    0.0000133    0.0004378 |    0.0144023    0.1135285 |    0.0000106    0.0004793
    30592  1223.680 |    0.0001225    0.0022832 |    0.0000133    0.0004378 |    0.0144002    0.1135618 |    0.0000106    0.0004846
    30624  1224.960 |    0.0001224    0.0022824 |    0.0000133    0.0004369 |    0.0143983    0.1133707 |    0.0000106    0.0004947
    30656  1226.240 |    0.0001224    0.0022825 |    0.0000133    0.0004373 |    0.0143965    0.1133894 |    0.0000106    0.0005048
    30688  1227.520 |    0.0001224    0.0022813 |    0.0000133    0.0004360 |    0.0143951    0.1134050 |    0.0000106    0.0005069
-----------------------------------------------------------------------------------------------------------------------------------
Iteration      Time |            HYDROBASE::rho |          HYDROBASE::press |            HYDROBASE::eps |      ML_ADMCONSTRAINTS::H
                    |        norm2      maximum |        norm2      maximum |        norm2      maximum |        norm2      maximum
-----------------------------------------------------------------------------------------------------------------------------------
    30720  1228.800 |    0.0001223    0.0022810 |    0.0000133    0.0004357 |    0.0143938    0.1132667 |    0.0000106    0.0005195
    30752  1230.080 |    0.0001223    0.0022812 |    0.0000133    0.0004361 |    0.0143927    0.1131520 |    0.0000106    0.0005030
    30784  1231.360 |    0.0001223    0.0022802 |    0.0000132    0.0004351 |    0.0143917    0.1132204 |    0.0000106    0.0004602
    30816  1232.640 |    0.0001223    0.0022797 |    0.0000132    0.0004346 |    0.0143906    0.1132607 |    0.0000105    0.0004590
    30848  1233.920 |    0.0001222    0.0022791 |    0.0000132    0.0004341 |    0.0143895    0.1132899 |    0.0000106    0.0004559
    30880  1235.200 |    0.0001222    0.0022789 |    0.0000132    0.0004339 |    0.0143883    0.1133250 |    0.0000105    0.0004441
    30912  1236.480 |    0.0001222    0.0022785 |    0.0000132    0.0004336 |    0.0143870    0.1133573 |    0.0000105    0.0005826
    30944  1237.760 |    0.0001222    0.0022787 |    0.0000132    0.0004340 |    0.0143855    0.1134129 |    0.0000105    0.0005583
    30976  1239.040 |    0.0001222    0.0022782 |    0.0000132    0.0004335 |    0.0143840    0.1134612 |    0.0000105    0.0005814
    31008  1240.320 |    0.0001222    0.0022778 |    0.0000132    0.0004332 |    0.0143826    0.1135116 |    0.0000105    0.0005008
    31040  1241.600 |    0.0001221    0.0022776 |    0.0000132    0.0004331 |    0.0143812    0.1135802 |    0.0000105    0.0005240
    31072  1242.880 |    0.0001221    0.0022772 |    0.0000132    0.0004328 |    0.0143799    0.1136301 |    0.0000105    0.0004886
    31104  1244.160 |    0.0001221    0.0022768 |    0.0000132    0.0004325 |    0.0143786    0.1136680 |    0.0000105    0.0004922
    31136  1245.440 |    0.0001221    0.0022770 |    0.0000132    0.0004328 |    0.0143774    0.1137380 |    0.0000105    0.0004942
    31168  1246.720 |    0.0001221    0.0022761 |    0.0000132    0.0004320 |    0.0143762    0.1138014 |    0.0000105    0.0005006
    31200  1248.000 |    0.0001221    0.0022765 |    0.0000132    0.0004325 |    0.0143751    0.1138688 |    0.0000105    0.0005078
    31232  1249.280 |    0.0001221    0.0022763 |    0.0000132    0.0004323 |    0.0143739    0.1139361 |    0.0000105    0.0005018
    31264  1250.560 |    0.0001221    0.0022762 |    0.0000132    0.0004324 |    0.0143726    0.1139891 |    0.0000105    0.0005070
    31296  1251.840 |    0.0001221    0.0022768 |    0.0000132    0.0004332 |    0.0143713    0.1140610 |    0.0000105    0.0005133
    31328  1253.120 |    0.0001222    0.0022768 |    0.0000132    0.0004333 |    0.0143699    0.1141260 |    0.0000105    0.0005164
-----------------------------------------------------------------------------------------------------------------------------------
Iteration      Time |            HYDROBASE::rho |          HYDROBASE::press |            HYDROBASE::eps |      ML_ADMCONSTRAINTS::H
                    |        norm2      maximum |        norm2      maximum |        norm2      maximum |        norm2      maximum
-----------------------------------------------------------------------------------------------------------------------------------
    31360  1254.400 |    0.0001222    0.0022769 |    0.0000132    0.0004336 |    0.0143686    0.1141962 |    0.0000104    0.0005179
    31392  1255.680 |    0.0001222    0.0022769 |    0.0000132    0.0004337 |    0.0143673    0.1142712 |    0.0000105    0.0005160
    31424  1256.960 |    0.0001222    0.0022769 |    0.0000132    0.0004339 |    0.0143661    0.1143446 |    0.0000104    0.0004854
    31456  1258.240 |    0.0001222    0.0022768 |    0.0000132    0.0004339 |    0.0143649    0.1144286 |    0.0000104    0.0004956
    31488  1259.520 |    0.0001222    0.0022774 |    0.0000132    0.0004348 |    0.0143636    0.1145072 |    0.0000104    0.0004899
    31520  1260.800 |    0.0001222    0.0022769 |    0.0000132    0.0004343 |    0.0143621    0.1145866 |    0.0000104    0.0004853
    31552  1262.080 |    0.0001222    0.0022774 |    0.0000133    0.0004350 |    0.0143603    0.1146678 |    0.0000104    0.0004812
    31584  1263.360 |    0.0001223    0.0022774 |    0.0000133    0.0004351 |    0.0143579    0.1147579 |    0.0000104    0.0004748
    31616  1264.640 |    0.0001223    0.0022775 |    0.0000133    0.0004354 |    0.0143550    0.1149723 |    0.0000104    0.0004723
    31648  1265.920 |    0.0001223    0.0022778 |    0.0000133    0.0004358 |    0.0143516    0.1151844 |    0.0000104    0.0004565
    31680  1267.200 |    0.0001223    0.0022780 |    0.0000133    0.0004362 |    0.0143479    0.1153801 |    0.0000104    0.0004421
    31712  1268.480 |    0.0001223    0.0022781 |    0.0000133    0.0004364 |    0.0143441    0.1155564 |    0.0000104    0.0004426
    31744  1269.760 |    0.0001223    0.0022781 |    0.0000133    0.0004365 |    0.0143405    0.1158164 |    0.0000104    0.0005083
    31776  1271.040 |    0.0001223    0.0022782 |    0.0000133    0.0004368 |    0.0143371    0.1153732 |    0.0000104    0.0004467
    31808  1272.320 |    0.0001223    0.0022781 |    0.0000133    0.0004367 |    0.0143337    0.1152590 |    0.0000104    0.0003894
    31840  1273.600 |    0.0001223    0.0022783 |    0.0000133    0.0004371 |    0.0143305    0.1153303 |    0.0000104    0.0003759
    31872  1274.880 |    0.0001223    0.0022782 |    0.0000133    0.0004371 |    0.0143275    0.1154005 |    0.0000104    0.0003826
    31904  1276.160 |    0.0001223    0.0022781 |    0.0000133    0.0004371 |    0.0143246    0.1154621 |    0.0000104    0.0003829
    31936  1277.440 |    0.0001223    0.0022782 |    0.0000133    0.0004373 |    0.0143221    0.1155220 |    0.0000104    0.0003846
    31968  1278.720 |    0.0001223    0.0022779 |    0.0000133    0.0004370 |    0.0143198    0.1155792 |    0.0000104    0.0003853
Memory statistics from CarpetLib:
   Current number of objects: 768
   Current allocated memory:  257 MB
   Maximum number of objects: 772
   Maximum allocated memory:  258 MB
   Current administrative memory: 1.1 MB
   Total allocated used system memory: 55.4 MB
   Total allocated free system memory: 32.1 MB
   gh::allmemory:    123132
   dh::allmemory:    721984
   th::allmemory:    13888
   ggf::allmemory:   189992
   gdata::allmemory: 55208
-----------------------------------------------------------------------------------------------------------------------------------
Iteration      Time |            HYDROBASE::rho |          HYDROBASE::press |            HYDROBASE::eps |      ML_ADMCONSTRAINTS::H
                    |        norm2      maximum |        norm2      maximum |        norm2      maximum |        norm2      maximum
-----------------------------------------------------------------------------------------------------------------------------------
    32000  1280.000 |    0.0001223    0.0022776 |    0.0000133    0.0004368 |    0.0143179    0.1156246 |    0.0000104    0.0003902
    32032  1281.280 |    0.0001223    0.0022779 |    0.0000133    0.0004372 |    0.0143163    0.1156524 |    0.0000104    0.0003958
    32064  1282.560 |    0.0001222    0.0022777 |    0.0000133    0.0004372 |    0.0143150    0.1157025 |    0.0000104    0.0003943
    32096  1283.840 |    0.0001222    0.0022772 |    0.0000133    0.0004366 |    0.0143138    0.1157469 |    0.0000104    0.0003939
    32128  1285.120 |    0.0001222    0.0022770 |    0.0000133    0.0004365 |    0.0143128    0.1157672 |    0.0000104    0.0004007
    32160  1286.400 |    0.0001222    0.0022765 |    0.0000133    0.0004361 |    0.0143119    0.1157073 |    0.0000103    0.0004304
    32192  1287.680 |    0.0001222    0.0022762 |    0.0000133    0.0004358 |    0.0143111    0.1157248 |    0.0000103    0.0003991
    32224  1288.960 |    0.0001221    0.0022761 |    0.0000133    0.0004358 |    0.0143103    0.1157542 |    0.0000103    0.0005591
    32256  1290.240 |    0.0001221    0.0022756 |    0.0000133    0.0004352 |    0.0143097    0.1155534 |    0.0000103    0.0003847
    32288  1291.520 |    0.0001221    0.0022757 |    0.0000132    0.0004354 |    0.0143092    0.1153148 |    0.0000103    0.0003905
    32320  1292.800 |    0.0001220    0.0022746 |    0.0000132    0.0004342 |    0.0143091    0.1153668 |    0.0000103    0.0003911
    32352  1294.080 |    0.0001220    0.0022747 |    0.0000132    0.0004345 |    0.0143092    0.1154168 |    0.0000103    0.0003930
    32384  1295.360 |    0.0001220    0.0022743 |    0.0000132    0.0004341 |    0.0143097    0.1154379 |    0.0000103    0.0003911
    32416  1296.640 |    0.0001220    0.0022731 |    0.0000132    0.0004327 |    0.0143102    0.1150836 |    0.0000103    0.0003735
    32448  1297.920 |    0.0001219    0.0022736 |    0.0000132    0.0004333 |    0.0143108    0.1150292 |    0.0000103    0.0003806
    32480  1299.200 |    0.0001219    0.0022725 |    0.0000132    0.0004322 |    0.0143113    0.1149726 |    0.0000103    0.0003825
    32512  1300.480 |    0.0001219    0.0022723 |    0.0000132    0.0004320 |    0.0143118    0.1150282 |    0.0000103    0.0003795
    32544  1301.760 |    0.0001219    0.0022725 |    0.0000132    0.0004323 |    0.0143125    0.1150796 |    0.0000103    0.0003898
    32576  1303.040 |    0.0001219    0.0022715 |    0.0000131    0.0004313 |    0.0143132    0.1151487 |    0.0000103    0.0003850
    32608  1304.320 |    0.0001218    0.0022718 |    0.0000131    0.0004316 |    0.0143139    0.1152044 |    0.0000103    0.0003755
-----------------------------------------------------------------------------------------------------------------------------------
Iteration      Time |            HYDROBASE::rho |          HYDROBASE::press |            HYDROBASE::eps |      ML_ADMCONSTRAINTS::H
                    |        norm2      maximum |        norm2      maximum |        norm2      maximum |        norm2      maximum
-----------------------------------------------------------------------------------------------------------------------------------
    32640  1305.600 |    0.0001218    0.0022712 |    0.0000131    0.0004310 |    0.0143146    0.1152504 |    0.0000103    0.0003863
    32672  1306.880 |    0.0001218    0.0022710 |    0.0000131    0.0004308 |    0.0143152    0.1153114 |    0.0000103    0.0003804
INFO (CarpetIOHDF5): ---------------------------------------------------------
INFO (CarpetIOHDF5): Dumping periodic checkpoint at iteration 32685, simulation time 1307.4
INFO (CarpetIOHDF5): ---------------------------------------------------------
    32704  1308.160 |    0.0001218    0.0022711 |    0.0000131    0.0004310 |    0.0143158    0.1153779 |    0.0000103    0.0003705
    32736  1309.440 |    0.0001218    0.0022711 |    0.0000131    0.0004310 |    0.0143161    0.1154221 |    0.0000103    0.0003824
    32768  1310.720 |    0.0001218    0.0022702 |    0.0000131    0.0004301 |    0.0143162    0.1154530 |    0.0000103    0.0003758
    32800  1312.000 |    0.0001218    0.0022706 |    0.0000131    0.0004307 |    0.0143162    0.1154804 |    0.0000102    0.0003824
    32832  1313.280 |    0.0001218    0.0022699 |    0.0000131    0.0004299 |    0.0143162    0.1155148 |    0.0000103    0.0003725
    32864  1314.560 |    0.0001218    0.0022703 |    0.0000131    0.0004304 |    0.0143160    0.1155242 |    0.0000102    0.0003860
    32896  1315.840 |    0.0001218    0.0022707 |    0.0000131    0.0004309 |    0.0143158    0.1155834 |    0.0000102    0.0003739
    32928  1317.120 |    0.0001218    0.0022705 |    0.0000131    0.0004307 |    0.0143155    0.1156305 |    0.0000102    0.0003662
    32960  1318.400 |    0.0001218    0.0022705 |    0.0000131    0.0004308 |    0.0143150    0.1156662 |    0.0000102    0.0003713
    32992  1319.680 |    0.0001218    0.0022705 |    0.0000131    0.0004309 |    0.0143143    0.1157102 |    0.0000102    0.0003726
    33024  1320.960 |    0.0001218    0.0022709 |    0.0000131    0.0004314 |    0.0143134    0.1157584 |    0.0000102    0.0003749
    33056  1322.240 |    0.0001218    0.0022706 |    0.0000131    0.0004311 |    0.0143124    0.1158154 |    0.0000102    0.0003756
    33088  1323.520 |    0.0001218    0.0022711 |    0.0000132    0.0004317 |    0.0143113    0.1158722 |    0.0000102    0.0003771
    33120  1324.800 |    0.0001219    0.0022711 |    0.0000132    0.0004318 |    0.0143103    0.1159181 |    0.0000102    0.0003704
    33152  1326.080 |    0.0001219    0.0022715 |    0.0000132    0.0004324 |    0.0143092    0.1159674 |    0.0000102    0.0003749
    33184  1327.360 |    0.0001219    0.0022713 |    0.0000132    0.0004321 |    0.0143077    0.1160085 |    0.0000102    0.0003736
    33216  1328.640 |    0.0001219    0.0022714 |    0.0000132    0.0004324 |    0.0143057    0.1160583 |    0.0000102    0.0003700
    33248  1329.920 |    0.0001219    0.0022720 |    0.0000132    0.0004331 |    0.0143031    0.1161083 |    0.0000102    0.0003709
-----------------------------------------------------------------------------------------------------------------------------------
Iteration      Time |            HYDROBASE::rho |          HYDROBASE::press |            HYDROBASE::eps |      ML_ADMCONSTRAINTS::H
                    |        norm2      maximum |        norm2      maximum |        norm2      maximum |        norm2      maximum
-----------------------------------------------------------------------------------------------------------------------------------
    33280  1331.200 |    0.0001219    0.0022722 |    0.0000132    0.0004333 |    0.0143001    0.1161579 |    0.0000102    0.0003669
    33312  1332.480 |    0.0001219    0.0022724 |    0.0000132    0.0004336 |    0.0142967    0.1162095 |    0.0000102    0.0003651
    33344  1333.760 |    0.0001219    0.0022724 |    0.0000132    0.0004336 |    0.0142933    0.1162517 |    0.0000102    0.0003605
    33376  1335.040 |    0.0001219    0.0022726 |    0.0000132    0.0004338 |    0.0142899    0.1162993 |    0.0000102    0.0003596
    33408  1336.320 |    0.0001219    0.0022727 |    0.0000132    0.0004339 |    0.0142865    0.1163438 |    0.0000102    0.0003595
    33440  1337.600 |    0.0001220    0.0022730 |    0.0000132    0.0004343 |    0.0142833    0.1163915 |    0.0000102    0.0003581
    33472  1338.880 |    0.0001220    0.0022732 |    0.0000132    0.0004345 |    0.0142802    0.1164320 |    0.0000102    0.0003589
    33504  1340.160 |    0.0001220    0.0022734 |    0.0000132    0.0004347 |    0.0142772    0.1164718 |    0.0000102    0.0003592
    33536  1341.440 |    0.0001220    0.0022734 |    0.0000133    0.0004348 |    0.0142744    0.1165100 |    0.0000102    0.0003594
    33568  1342.720 |    0.0001220    0.0022734 |    0.0000133    0.0004347 |    0.0142718    0.1165454 |    0.0000102    0.0003612
    33600  1344.000 |    0.0001219    0.0022736 |    0.0000133    0.0004349 |    0.0142694    0.1165808 |    0.0000102    0.0003621
    33632  1345.280 |    0.0001219    0.0022736 |    0.0000133    0.0004350 |    0.0142672    0.1166157 |    0.0000102    0.0003645
    33664  1346.560 |    0.0001219    0.0022736 |    0.0000133    0.0004350 |    0.0142655    0.1166470 |    0.0000102    0.0003647
    33696  1347.840 |    0.0001219    0.0022734 |    0.0000133    0.0004347 |    0.0142641    0.1166733 |    0.0000102    0.0003668
    33728  1349.120 |    0.0001219    0.0022733 |    0.0000132    0.0004346 |    0.0142631    0.1166989 |    0.0000102    0.0003694
    33760  1350.400 |    0.0001219    0.0022730 |    0.0000132    0.0004343 |    0.0142624    0.1167154 |    0.0000101    0.0003509
    33792  1351.680 |    0.0001219    0.0022728 |    0.0000132    0.0004341 |    0.0142618    0.1167068 |    0.0000101    0.0003568
    33824  1352.960 |    0.0001218    0.0022727 |    0.0000132    0.0004340 |    0.0142613    0.1165883 |    0.0000101    0.0003856
    33856  1354.240 |    0.0001218    0.0022726 |    0.0000132    0.0004338 |    0.0142608    0.1160275 |    0.0000102    0.0003609
    33888  1355.520 |    0.0001218    0.0022724 |    0.0000132    0.0004336 |    0.0142605    0.1160519 |    0.0000101    0.0003659
-----------------------------------------------------------------------------------------------------------------------------------
Iteration      Time |            HYDROBASE::rho |          HYDROBASE::press |            HYDROBASE::eps |      ML_ADMCONSTRAINTS::H
                    |        norm2      maximum |        norm2      maximum |        norm2      maximum |        norm2      maximum
-----------------------------------------------------------------------------------------------------------------------------------
    33920  1356.800 |    0.0001218    0.0022721 |    0.0000132    0.0004332 |    0.0142604    0.1160612 |    0.0000101    0.0003641
    33952  1358.080 |    0.0001217    0.0022718 |    0.0000132    0.0004329 |    0.0142606    0.1160878 |    0.0000101    0.0003677
    33984  1359.360 |    0.0001217    0.0022717 |    0.0000132    0.0004329 |    0.0142610    0.1161067 |    0.0000101    0.0003789
    34016  1360.640 |    0.0001217    0.0022709 |    0.0000132    0.0004318 |    0.0142616    0.1161216 |    0.0000101    0.0003721
    34048  1361.920 |    0.0001217    0.0022708 |    0.0000132    0.0004318 |    0.0142623    0.1161353 |    0.0000101    0.0003769
    34080  1363.200 |    0.0001216    0.0022704 |    0.0000131    0.0004313 |    0.0142628    0.1161478 |    0.0000101    0.0003816
    34112  1364.480 |    0.0001216    0.0022699 |    0.0000131    0.0004308 |    0.0142633    0.1161695 |    0.0000101    0.0003986
    34144  1365.760 |    0.0001216    0.0022701 |    0.0000131    0.0004310 |    0.0142637    0.1161758 |    0.0000101    0.0003824
    34176  1367.040 |    0.0001216    0.0022691 |    0.0000131    0.0004299 |    0.0142641    0.1161948 |    0.0000101    0.0003770
    34208  1368.320 |    0.0001216    0.0022691 |    0.0000131    0.0004299 |    0.0142645    0.1162134 |    0.0000101    0.0003810
    34240  1369.600 |    0.0001215    0.0022696 |    0.0000131    0.0004305 |    0.0142648    0.1162460 |    0.0000101    0.0003904
    34272  1370.880 |    0.0001215    0.0022687 |    0.0000131    0.0004295 |    0.0142653    0.1161442 |    0.0000101    0.0003826
    34304  1372.160 |    0.0001215    0.0022683 |    0.0000131    0.0004290 |    0.0142657    0.1161328 |    0.0000101    0.0003929
    34336  1373.440 |    0.0001215    0.0022684 |    0.0000131    0.0004292 |    0.0142660    0.1161398 |    0.0000101    0.0004039
    34368  1374.720 |    0.0001215    0.0022683 |    0.0000131    0.0004290 |    0.0142662    0.1160476 |    0.0000101    0.0004310
    34400  1376.000 |    0.0001215    0.0022680 |    0.0000131    0.0004287 |    0.0142663    0.1160091 |    0.0000101    0.0003921
    34432  1377.280 |    0.0001215    0.0022673 |    0.0000131    0.0004280 |    0.0142662    0.1160463 |    0.0000101    0.0003996
    34464  1378.560 |    0.0001215    0.0022679 |    0.0000130    0.0004286 |    0.0142660    0.1160594 |    0.0000101    0.0003989
    34496  1379.840 |    0.0001214    0.0022678 |    0.0000130    0.0004286 |    0.0142658    0.1160545 |    0.0000101    0.0003993
    34528  1381.120 |    0.0001214    0.0022672 |    0.0000130    0.0004278 |    0.0142656    0.1160686 |    0.0000101    0.0003966
-----------------------------------------------------------------------------------------------------------------------------------
Iteration      Time |            HYDROBASE::rho |          HYDROBASE::press |            HYDROBASE::eps |      ML_ADMCONSTRAINTS::H
                    |        norm2      maximum |        norm2      maximum |        norm2      maximum |        norm2      maximum
-----------------------------------------------------------------------------------------------------------------------------------
    34560  1382.400 |    0.0001214    0.0022678 |    0.0000131    0.0004286 |    0.0142653    0.1160749 |    0.0000101    0.0004062
    34592  1383.680 |    0.0001214    0.0022680 |    0.0000131    0.0004287 |    0.0142648    0.1160829 |    0.0000101    0.0004117
    34624  1384.960 |    0.0001215    0.0022678 |    0.0000131    0.0004285 |    0.0142641    0.1158799 |    0.0000101    0.0004057
    34656  1386.240 |    0.0001215    0.0022675 |    0.0000131    0.0004283 |    0.0142633    0.1159521 |    0.0000101    0.0004043
    34688  1387.520 |    0.0001215    0.0022681 |    0.0000131    0.0004290 |    0.0142623    0.1159098 |    0.0000101    0.0004024
    34720  1388.800 |    0.0001215    0.0022685 |    0.0000131    0.0004294 |    0.0142612    0.1159525 |    0.0000101    0.0004032
    34752  1390.080 |    0.0001215    0.0022680 |    0.0000131    0.0004289 |    0.0142599    0.1159909 |    0.0000101    0.0004003
    34784  1391.360 |    0.0001215    0.0022684 |    0.0000131    0.0004293 |    0.0142583    0.1160100 |    0.0000101    0.0003978
    34816  1392.640 |    0.0001215    0.0022683 |    0.0000131    0.0004293 |    0.0142564    0.1160412 |    0.0000101    0.0004059
    34848  1393.920 |    0.0001215    0.0022688 |    0.0000131    0.0004298 |    0.0142542    0.1160719 |    0.0000100    0.0004032
    34880  1395.200 |    0.0001215    0.0022688 |    0.0000131    0.0004299 |    0.0142520    0.1160998 |    0.0000100    0.0004113
    34912  1396.480 |    0.0001215    0.0022692 |    0.0000131    0.0004303 |    0.0142497    0.1161304 |    0.0000100    0.0004006
    34944  1397.760 |    0.0001216    0.0022696 |    0.0000131    0.0004309 |    0.0142473    0.1161644 |    0.0000100    0.0004015
    34976  1399.040 |    0.0001216    0.0022695 |    0.0000131    0.0004307 |    0.0142451    0.1162016 |    0.0000100    0.0003999
    35008  1400.320 |    0.0001216    0.0022696 |    0.0000131    0.0004309 |    0.0142430    0.1162381 |    0.0000100    0.0003996
    35040  1401.600 |    0.0001216    0.0022700 |    0.0000132    0.0004313 |    0.0142411    0.1162681 |    0.0000100    0.0003973
    35072  1402.880 |    0.0001216    0.0022703 |    0.0000132    0.0004316 |    0.0142394    0.1162950 |    0.0000100    0.0003990
    35104  1404.160 |    0.0001216    0.0022702 |    0.0000132    0.0004316 |    0.0142381    0.1163252 |    0.0000100    0.0003981
    35136  1405.440 |    0.0001216    0.0022705 |    0.0000132    0.0004319 |    0.0142369    0.1163541 |    0.0000100    0.0003969
    35168  1406.720 |    0.0001216    0.0022706 |    0.0000132    0.0004320 |    0.0142358    0.1163869 |    0.0000100    0.0003968
-----------------------------------------------------------------------------------------------------------------------------------
Iteration      Time |            HYDROBASE::rho |          HYDROBASE::press |            HYDROBASE::eps |      ML_ADMCONSTRAINTS::H
                    |        norm2      maximum |        norm2      maximum |        norm2      maximum |        norm2      maximum
-----------------------------------------------------------------------------------------------------------------------------------
    35200  1408.000 |    0.0001216    0.0022708 |    0.0000132    0.0004322 |    0.0142348    0.1164140 |    0.0000100    0.0003852
    35232  1409.280 |    0.0001216    0.0022708 |    0.0000132    0.0004323 |    0.0142340    0.1164315 |    0.0000100    0.0003843
    35264  1410.560 |    0.0001216    0.0022710 |    0.0000132    0.0004325 |    0.0142334    0.1164409 |    0.0000100    0.0003846
    35296  1411.840 |    0.0001216    0.0022711 |    0.0000132    0.0004326 |    0.0142331    0.1165125 |    0.0000100    0.0004084
    35328  1413.120 |    0.0001216    0.0022710 |    0.0000132    0.0004324 |    0.0142330    0.1165777 |    0.0000100    0.0004080
    35360  1414.400 |    0.0001216    0.0022708 |    0.0000132    0.0004322 |    0.0142330    0.1166397 |    0.0000100    0.0003985
    35392  1415.680 |    0.0001216    0.0022711 |    0.0000132    0.0004326 |    0.0142331    0.1166992 |    0.0000100    0.0004068
    35424  1416.960 |    0.0001216    0.0022708 |    0.0000132    0.0004323 |    0.0142333    0.1167554 |    0.0000100    0.0004032
    35456  1418.240 |    0.0001215    0.0022705 |    0.0000132    0.0004318 |    0.0142336    0.1168087 |    0.0000100    0.0004019
    35488  1419.520 |    0.0001215    0.0022708 |    0.0000132    0.0004321 |    0.0142341    0.1168605 |    0.0000100    0.0003930
    35520  1420.800 |    0.0001215    0.0022703 |    0.0000132    0.0004316 |    0.0142346    0.1169082 |    0.0000100    0.0003949
    35552  1422.080 |    0.0001215    0.0022704 |    0.0000132    0.0004317 |    0.0142354    0.1169633 |    0.0000100    0.0003939
    35584  1423.360 |    0.0001215    0.0022700 |    0.0000131    0.0004312 |    0.0142363    0.1170230 |    0.0000100    0.0003920
    35616  1424.640 |    0.0001214    0.0022696 |    0.0000131    0.0004308 |    0.0142375    0.1170842 |    0.0000100    0.0003985
    35648  1425.920 |    0.0001214    0.0022697 |    0.0000131    0.0004309 |    0.0142388    0.1170596 |    0.0000100    0.0003953
    35680  1427.200 |    0.0001214    0.0022695 |    0.0000131    0.0004306 |    0.0142400    0.1170920 |    0.0000100    0.0004237
    35712  1428.480 |    0.0001214    0.0022689 |    0.0000131    0.0004299 |    0.0142412    0.1171050 |    0.0000100    0.0003917
    35744  1429.760 |    0.0001213    0.0022686 |    0.0000131    0.0004295 |    0.0142421    0.1171106 |    0.0000099    0.0004122
    35776  1431.040 |    0.0001213    0.0022686 |    0.0000131    0.0004295 |    0.0142428    0.1171269 |    0.0000099    0.0003902
    35808  1432.320 |    0.0001213    0.0022686 |    0.0000131    0.0004295 |    0.0142430    0.1171337 |    0.0000100    0.0003947
-----------------------------------------------------------------------------------------------------------------------------------
Iteration      Time |            HYDROBASE::rho |          HYDROBASE::press |            HYDROBASE::eps |      ML_ADMCONSTRAINTS::H
                    |        norm2      maximum |        norm2      maximum |        norm2      maximum |        norm2      maximum
-----------------------------------------------------------------------------------------------------------------------------------
    35840  1433.600 |    0.0001213    0.0022674 |    0.0000131    0.0004279 |    0.0142429    0.1169993 |    0.0000099    0.0003933
    35872  1434.880 |    0.0001213    0.0022680 |    0.0000131    0.0004287 |    0.0142422    0.1169593 |    0.0000099    0.0003936
    35904  1436.160 |    0.0001212    0.0022675 |    0.0000130    0.0004282 |    0.0142410    0.1169640 |    0.0000099    0.0003972
    35936  1437.440 |    0.0001212    0.0022669 |    0.0000130    0.0004275 |    0.0142390    0.1169561 |    0.0000099    0.0005039
    35968  1438.720 |    0.0001212    0.0022670 |    0.0000130    0.0004276 |    0.0142363    0.1169167 |    0.0000099    0.0003961
    36000  1440.000 |    0.0001212    0.0022663 |    0.0000130    0.0004267 |    0.0142330    0.1163655 |    0.0000099    0.0004303
    36032  1441.280 |    0.0001212    0.0022673 |    0.0000130    0.0004278 |    0.0142294    0.1163828 |    0.0000099    0.0003995
    36064  1442.560 |    0.0001211    0.0022657 |    0.0000130    0.0004259 |    0.0142253    0.1163790 |    0.0000099    0.0004017
    36096  1443.840 |    0.0001211    0.0022667 |    0.0000130    0.0004271 |    0.0142209    0.1163856 |    0.0000099    0.0003897
    36128  1445.120 |    0.0001211    0.0022663 |    0.0000130    0.0004266 |    0.0142162    0.1164047 |    0.0000099    0.0004864
    36160  1446.400 |    0.0001211    0.0022666 |    0.0000130    0.0004268 |    0.0142114    0.1164529 |    0.0000099    0.0003787
    36192  1447.680 |    0.0001211    0.0022667 |    0.0000130    0.0004270 |    0.0142065    0.1164104 |    0.0000099    0.0003748
    36224  1448.960 |    0.0001211    0.0022658 |    0.0000130    0.0004260 |    0.0142014    0.1163820 |    0.0000099    0.0003768
    36256  1450.240 |    0.0001211    0.0022660 |    0.0000130    0.0004261 |    0.0141964    0.1164235 |    0.0000099    0.0003754
    36288  1451.520 |    0.0001211    0.0022665 |    0.0000130    0.0004266 |    0.0141913    0.1164543 |    0.0000099    0.0003791
    36320  1452.800 |    0.0001211    0.0022661 |    0.0000130    0.0004262 |    0.0141863    0.1164912 |    0.0000098    0.0003760
    36352  1454.080 |    0.0001211    0.0022664 |    0.0000130    0.0004264 |    0.0141812    0.1165332 |    0.0000098    0.0003808
    36384  1455.360 |    0.0001211    0.0022660 |    0.0000130    0.0004260 |    0.0141762    0.1165548 |    0.0000099    0.0003770
    36416  1456.640 |    0.0001211    0.0022665 |    0.0000130    0.0004266 |    0.0141712    0.1165853 |    0.0000098    0.0003880
    36448  1457.920 |    0.0001211    0.0022670 |    0.0000130    0.0004271 |    0.0141661    0.1166113 |    0.0000098    0.0003848
-----------------------------------------------------------------------------------------------------------------------------------
Iteration      Time |            HYDROBASE::rho |          HYDROBASE::press |            HYDROBASE::eps |      ML_ADMCONSTRAINTS::H
                    |        norm2      maximum |        norm2      maximum |        norm2      maximum |        norm2      maximum
-----------------------------------------------------------------------------------------------------------------------------------
    36480  1459.200 |    0.0001211    0.0022670 |    0.0000130    0.0004271 |    0.0141611    0.1166317 |    0.0000098    0.0003806
    36512  1460.480 |    0.0001212    0.0022673 |    0.0000130    0.0004274 |    0.0141562    0.1166419 |    0.0000098    0.0004428
    36544  1461.760 |    0.0001212    0.0022674 |    0.0000130    0.0004274 |    0.0141515    0.1166420 |    0.0000098    0.0003821
    36576  1463.040 |    0.0001212    0.0022675 |    0.0000130    0.0004276 |    0.0141470    0.1166847 |    0.0000098    0.0003855
    36608  1464.320 |    0.0001212    0.0022681 |    0.0000130    0.0004282 |    0.0141428    0.1167333 |    0.0000098    0.0003845
    36640  1465.600 |    0.0001212    0.0022679 |    0.0000131    0.0004279 |    0.0141390    0.1167772 |    0.0000098    0.0003843
    36672  1466.880 |    0.0001212    0.0022679 |    0.0000131    0.0004279 |    0.0141353    0.1168223 |    0.0000098    0.0003839
    36704  1468.160 |    0.0001212    0.0022691 |    0.0000131    0.0004292 |    0.0141319    0.1168697 |    0.0000098    0.0003818
    36736  1469.440 |    0.0001212    0.0022685 |    0.0000131    0.0004285 |    0.0141288    0.1169156 |    0.0000098    0.0003826
    36768  1470.720 |    0.0001212    0.0022690 |    0.0000131    0.0004291 |    0.0141259    0.1169651 |    0.0000098    0.0003835
    36800  1472.000 |    0.0001212    0.0022690 |    0.0000131    0.0004291 |    0.0141230    0.1170108 |    0.0000098    0.0003794
    36832  1473.280 |    0.0001213    0.0022694 |    0.0000131    0.0004295 |    0.0141201    0.1170541 |    0.0000098    0.0003807
    36864  1474.560 |    0.0001213    0.0022698 |    0.0000131    0.0004299 |    0.0141173    0.1171017 |    0.0000098    0.0003788
    36896  1475.840 |    0.0001213    0.0022696 |    0.0000131    0.0004296 |    0.0141146    0.1171437 |    0.0000098    0.0003782
    36928  1477.120 |    0.0001213    0.0022697 |    0.0000131    0.0004298 |    0.0141123    0.1171839 |    0.0000098    0.0003768
    36960  1478.400 |    0.0001213    0.0022699 |    0.0000131    0.0004299 |    0.0141103    0.1172248 |    0.0000098    0.0003786
    36992  1479.680 |    0.0001213    0.0022703 |    0.0000131    0.0004303 |    0.0141086    0.1172621 |    0.0000098    0.0004889
    37024  1480.960 |    0.0001213    0.0022699 |    0.0000131    0.0004299 |    0.0141069    0.1172986 |    0.0000098    0.0004092
    37056  1482.240 |    0.0001212    0.0022708 |    0.0000131    0.0004308 |    0.0141052    0.1173308 |    0.0000098    0.0004069
    37088  1483.520 |    0.0001212    0.0022700 |    0.0000131    0.0004299 |    0.0141036    0.1173602 |    0.0000098    0.0004027
-----------------------------------------------------------------------------------------------------------------------------------
Iteration      Time |            HYDROBASE::rho |          HYDROBASE::press |            HYDROBASE::eps |      ML_ADMCONSTRAINTS::H
                    |        norm2      maximum |        norm2      maximum |        norm2      maximum |        norm2      maximum
-----------------------------------------------------------------------------------------------------------------------------------
    37120  1484.800 |    0.0001212    0.0022700 |    0.0000131    0.0004299 |    0.0141021    0.1173808 |    0.0000097    0.0003975
    37152  1486.080 |    0.0001212    0.0022702 |    0.0000131    0.0004302 |    0.0141007    0.1174020 |    0.0000097    0.0004021
    37184  1487.360 |    0.0001212    0.0022697 |    0.0000131    0.0004295 |    0.0140994    0.1174160 |    0.0000097    0.0003959
    37216  1488.640 |    0.0001212    0.0022698 |    0.0000131    0.0004296 |    0.0140983    0.1174095 |    0.0000097    0.0003984
    37248  1489.920 |    0.0001212    0.0022695 |    0.0000131    0.0004293 |    0.0140972    0.1174116 |    0.0000097    0.0003991
    37280  1491.200 |    0.0001211    0.0022695 |    0.0000131    0.0004292 |    0.0140963    0.1174099 |    0.0000097    0.0004046
    37312  1492.480 |    0.0001211    0.0022695 |    0.0000131    0.0004292 |    0.0140954    0.1173830 |    0.0000097    0.0004071
    37344  1493.760 |    0.0001211    0.0022692 |    0.0000131    0.0004288 |    0.0140946    0.1173320 |    0.0000097    0.0004026
    37376  1495.040 |    0.0001211    0.0022692 |    0.0000131    0.0004288 |    0.0140937    0.1173494 |    0.0000097    0.0003978
    37408  1496.320 |    0.0001211    0.0022688 |    0.0000131    0.0004283 |    0.0140927    0.1173192 |    0.0000097    0.0004099
    37440  1497.600 |    0.0001210    0.0022681 |    0.0000130    0.0004275 |    0.0140915    0.1173284 |    0.0000097    0.0003985
    37472  1498.880 |    0.0001210    0.0022680 |    0.0000130    0.0004274 |    0.0140905    0.1173434 |    0.0000097    0.0004031
    37504  1500.160 |    0.0001210    0.0022684 |    0.0000130    0.0004278 |    0.0140898    0.1173449 |    0.0000097    0.0004072
    37536  1501.440 |    0.0001210    0.0022677 |    0.0000130    0.0004270 |    0.0140893    0.1173495 |    0.0000097    0.0004012
    37568  1502.720 |    0.0001209    0.0022677 |    0.0000130    0.0004270 |    0.0140889    0.1173517 |    0.0000097    0.0003970
    37600  1504.000 |    0.0001209    0.0022669 |    0.0000130    0.0004260 |    0.0140885    0.1173494 |    0.0000097    0.0004030
    37632  1505.280 |    0.0001209    0.0022677 |    0.0000130    0.0004269 |    0.0140881    0.1173464 |    0.0000097    0.0003786
    37664  1506.560 |    0.0001209    0.0022662 |    0.0000130    0.0004252 |    0.0140874    0.1173378 |    0.0000097    0.0003757
    37696  1507.840 |    0.0001209    0.0022671 |    0.0000130    0.0004262 |    0.0140866    0.1173371 |    0.0000097    0.0003809
    37728  1509.120 |    0.0001209    0.0022663 |    0.0000130    0.0004253 |    0.0140856    0.1173399 |    0.0000097    0.0003733
-----------------------------------------------------------------------------------------------------------------------------------
Iteration      Time |            HYDROBASE::rho |          HYDROBASE::press |            HYDROBASE::eps |      ML_ADMCONSTRAINTS::H
                    |        norm2      maximum |        norm2      maximum |        norm2      maximum |        norm2      maximum
-----------------------------------------------------------------------------------------------------------------------------------
    37760  1510.400 |    0.0001208    0.0022657 |    0.0000130    0.0004245 |    0.0140845    0.1173381 |    0.0000096    0.0003704
    37792  1511.680 |    0.0001208    0.0022660 |    0.0000129    0.0004248 |    0.0140833    0.1173419 |    0.0000096    0.0003986
    37824  1512.960 |    0.0001208    0.0022656 |    0.0000129    0.0004244 |    0.0140821    0.1173461 |    0.0000096    0.0003746
    37856  1514.240 |    0.0001208    0.0022654 |    0.0000129    0.0004242 |    0.0140808    0.1173471 |    0.0000096    0.0003809
    37888  1515.520 |    0.0001208    0.0022658 |    0.0000129    0.0004247 |    0.0140796    0.1173120 |    0.0000096    0.0003893
    37920  1516.800 |    0.0001208    0.0022653 |    0.0000129    0.0004241 |    0.0140784    0.1173257 |    0.0000096    0.0003871
    37952  1518.080 |    0.0001208    0.0022655 |    0.0000129    0.0004243 |    0.0140771    0.1173196 |    0.0000096    0.0003901
    37984  1519.360 |    0.0001208    0.0022657 |    0.0000129    0.0004245 |    0.0140758    0.1173209 |    0.0000096    0.0003888
    38016  1520.640 |    0.0001208    0.0022654 |    0.0000129    0.0004241 |    0.0140742    0.1173113 |    0.0000096    0.0005341
    38048  1521.920 |    0.0001208    0.0022657 |    0.0000129    0.0004245 |    0.0140726    0.1173230 |    0.0000096    0.0003780
    38080  1523.200 |    0.0001208    0.0022657 |    0.0000129    0.0004245 |    0.0140709    0.1173597 |    0.0000096    0.0003906
    38112  1524.480 |    0.0001208    0.0022657 |    0.0000129    0.0004245 |    0.0140691    0.1173920 |    0.0000096    0.0003885
    38144  1525.760 |    0.0001208    0.0022656 |    0.0000129    0.0004244 |    0.0140674    0.1174277 |    0.0000096    0.0003842
    38176  1527.040 |    0.0001208    0.0022662 |    0.0000129    0.0004251 |    0.0140656    0.1174523 |    0.0000096    0.0003885
    38208  1528.320 |    0.0001208    0.0022659 |    0.0000130    0.0004246 |    0.0140637    0.1174944 |    0.0000096    0.0003887
    38240  1529.600 |    0.0001208    0.0022662 |    0.0000130    0.0004250 |    0.0140616    0.1175397 |    0.0000096    0.0003806
    38272  1530.880 |    0.0001208    0.0022663 |    0.0000130    0.0004252 |    0.0140593    0.1175818 |    0.0000096    0.0003896
    38304  1532.160 |    0.0001209    0.0022664 |    0.0000130    0.0004253 |    0.0140568    0.1176223 |    0.0000096    0.0003774
    38336  1533.440 |    0.0001209    0.0022667 |    0.0000130    0.0004256 |    0.0140543    0.1176580 |    0.0000096    0.0003786
    38368  1534.720 |    0.0001209    0.0022669 |    0.0000130    0.0004258 |    0.0140518    0.1177037 |    0.0000096    0.0003807
Memory statistics from CarpetLib:
   Current number of objects: 768
   Current allocated memory:  257 MB
   Maximum number of objects: 772
   Maximum allocated memory:  258 MB
   Current administrative memory: 1.1 MB
   Total allocated used system memory: 55.4 MB
   Total allocated free system memory: 33.7 MB
   gh::allmemory:    123132
   dh::allmemory:    721984
   th::allmemory:    13888
   ggf::allmemory:   189992
   gdata::allmemory: 55208
-----------------------------------------------------------------------------------------------------------------------------------
Iteration      Time |            HYDROBASE::rho |          HYDROBASE::press |            HYDROBASE::eps |      ML_ADMCONSTRAINTS::H
                    |        norm2      maximum |        norm2      maximum |        norm2      maximum |        norm2      maximum
-----------------------------------------------------------------------------------------------------------------------------------
    38400  1536.000 |    0.0001209    0.0022671 |    0.0000130    0.0004261 |    0.0140496    0.1177572 |    0.0000096    0.0003790
    38432  1537.280 |    0.0001209    0.0022674 |    0.0000130    0.0004265 |    0.0140476    0.1178008 |    0.0000096    0.0003817
    38464  1538.560 |    0.0001209    0.0022674 |    0.0000130    0.0004265 |    0.0140457    0.1178497 |    0.0000096    0.0003849
    38496  1539.840 |    0.0001209    0.0022677 |    0.0000130    0.0004268 |    0.0140438    0.1178991 |    0.0000096    0.0003901
    38528  1541.120 |    0.0001209    0.0022680 |    0.0000130    0.0004272 |    0.0140419    0.1179476 |    0.0000096    0.0003850
    38560  1542.400 |    0.0001209    0.0022681 |    0.0000130    0.0004273 |    0.0140400    0.1179922 |    0.0000096    0.0003881
    38592  1543.680 |    0.0001209    0.0022681 |    0.0000130    0.0004273 |    0.0140381    0.1180421 |    0.0000096    0.0003828
    38624  1544.960 |    0.0001209    0.0022681 |    0.0000130    0.0004274 |    0.0140362    0.1180817 |    0.0000095    0.0003814
    38656  1546.240 |    0.0001209    0.0022683 |    0.0000130    0.0004276 |    0.0140343    0.1181209 |    0.0000096    0.0003766
    38688  1547.520 |    0.0001209    0.0022684 |    0.0000130    0.0004277 |    0.0140324    0.1181593 |    0.0000095    0.0003373
    38720  1548.800 |    0.0001209    0.0022685 |    0.0000130    0.0004278 |    0.0140306    0.1181944 |    0.0000095    0.0003361
    38752  1550.080 |    0.0001209    0.0022685 |    0.0000131    0.0004279 |    0.0140289    0.1182293 |    0.0000095    0.0003383
    38784  1551.360 |    0.0001209    0.0022684 |    0.0000131    0.0004278 |    0.0140274    0.1182629 |    0.0000095    0.0003391
    38816  1552.640 |    0.0001209    0.0022685 |    0.0000131    0.0004279 |    0.0140260    0.1182925 |    0.0000095    0.0003393
    38848  1553.920 |    0.0001209    0.0022687 |    0.0000131    0.0004281 |    0.0140249    0.1183218 |    0.0000095    0.0003414
    38880  1555.200 |    0.0001209    0.0022683 |    0.0000130    0.0004277 |    0.0140241    0.1183508 |    0.0000095    0.0003381
    38912  1556.480 |    0.0001209    0.0022684 |    0.0000130    0.0004278 |    0.0140236    0.1183818 |    0.0000095    0.0003416
    38944  1557.760 |    0.0001209    0.0022684 |    0.0000130    0.0004278 |    0.0140235    0.1184086 |    0.0000095    0.0003418
    38976  1559.040 |    0.0001209    0.0022680 |    0.0000130    0.0004273 |    0.0140238    0.1184348 |    0.0000095    0.0003429
    39008  1560.320 |    0.0001208    0.0022679 |    0.0000130    0.0004272 |    0.0140243    0.1184548 |    0.0000095    0.0003467
-----------------------------------------------------------------------------------------------------------------------------------
Iteration      Time |            HYDROBASE::rho |          HYDROBASE::press |            HYDROBASE::eps |      ML_ADMCONSTRAINTS::H
                    |        norm2      maximum |        norm2      maximum |        norm2      maximum |        norm2      maximum
-----------------------------------------------------------------------------------------------------------------------------------
    39040  1561.600 |    0.0001208    0.0022677 |    0.0000130    0.0004270 |    0.0140249    0.1183662 |    0.0000095    0.0003470
    39072  1562.880 |    0.0001208    0.0022676 |    0.0000130    0.0004268 |    0.0140255    0.1179832 |    0.0000095    0.0003502
    39104  1564.160 |    0.0001208    0.0022674 |    0.0000130    0.0004266 |    0.0140259    0.1179980 |    0.0000095    0.0003453
    39136  1565.440 |    0.0001208    0.0022674 |    0.0000130    0.0004266 |    0.0140261    0.1180346 |    0.0000095    0.0003465
    39168  1566.720 |    0.0001207    0.0022668 |    0.0000130    0.0004259 |    0.0140262    0.1180517 |    0.0000095    0.0003545
    39200  1568.000 |    0.0001207    0.0022670 |    0.0000130    0.0004262 |    0.0140260    0.1180682 |    0.0000095    0.0004210
    39232  1569.280 |    0.0001207    0.0022663 |    0.0000130    0.0004254 |    0.0140255    0.1180843 |    0.0000095    0.0003574
    39264  1570.560 |    0.0001207    0.0022660 |    0.0000130    0.0004249 |    0.0140248    0.1181002 |    0.0000095    0.0003543
    39296  1571.840 |    0.0001207    0.0022661 |    0.0000130    0.0004251 |    0.0140240    0.1181169 |    0.0000095    0.0003603
INFO (CarpetIOHDF5): ---------------------------------------------------------
INFO (CarpetIOHDF5): Dumping periodic checkpoint at iteration 39313, simulation time 1572.52
INFO (CarpetIOHDF5): ---------------------------------------------------------
    39328  1573.120 |    0.0001206    0.0022651 |    0.0000129    0.0004240 |    0.0140231    0.1181291 |    0.0000095    0.0003616
    39360  1574.400 |    0.0001206    0.0022656 |    0.0000129    0.0004245 |    0.0140221    0.1181392 |    0.0000095    0.0003636
    39392  1575.680 |    0.0001206    0.0022648 |    0.0000129    0.0004236 |    0.0140212    0.1181478 |    0.0000095    0.0003575
    39424  1576.960 |    0.0001206    0.0022649 |    0.0000129    0.0004237 |    0.0140202    0.1181793 |    0.0000095    0.0003629
    39456  1578.240 |    0.0001206    0.0022645 |    0.0000129    0.0004233 |    0.0140193    0.1181614 |    0.0000095    0.0003578
    39488  1579.520 |    0.0001206    0.0022647 |    0.0000129    0.0004235 |    0.0140184    0.1181682 |    0.0000095    0.0003576
    39520  1580.800 |    0.0001205    0.0022645 |    0.0000129    0.0004233 |    0.0140176    0.1181732 |    0.0000094    0.0003539
    39552  1582.080 |    0.0001205    0.0022641 |    0.0000129    0.0004229 |    0.0140168    0.1181821 |    0.0000095    0.0003411
    39584  1583.360 |    0.0001205    0.0022637 |    0.0000129    0.0004224 |    0.0140157    0.1181909 |    0.0000094    0.0003387
    39616  1584.640 |    0.0001205    0.0022639 |    0.0000129    0.0004226 |    0.0140145    0.1182093 |    0.0000094    0.0003421
    39648  1585.920 |    0.0001205    0.0022645 |    0.0000129    0.0004234 |    0.0140131    0.1182255 |    0.0000094    0.0003454
-----------------------------------------------------------------------------------------------------------------------------------
Iteration      Time |            HYDROBASE::rho |          HYDROBASE::press |            HYDROBASE::eps |      ML_ADMCONSTRAINTS::H
                    |        norm2      maximum |        norm2      maximum |        norm2      maximum |        norm2      maximum
-----------------------------------------------------------------------------------------------------------------------------------
    39680  1587.200 |    0.0001205    0.0022632 |    0.0000129    0.0004218 |    0.0140117    0.1182504 |    0.0000094    0.0003546
    39712  1588.480 |    0.0001205    0.0022634 |    0.0000129    0.0004220 |    0.0140102    0.1182717 |    0.0000094    0.0003540
    39744  1589.760 |    0.0001205    0.0022635 |    0.0000129    0.0004222 |    0.0140086    0.1182988 |    0.0000094    0.0003512
    39776  1591.040 |    0.0001205    0.0022638 |    0.0000129    0.0004225 |    0.0140070    0.1183302 |    0.0000094    0.0003536
    39808  1592.320 |    0.0001205    0.0022637 |    0.0000129    0.0004224 |    0.0140053    0.1183589 |    0.0000094    0.0003557
    39840  1593.600 |    0.0001205    0.0022638 |    0.0000129    0.0004226 |    0.0140036    0.1183935 |    0.0000094    0.0003582
    39872  1594.880 |    0.0001205    0.0022638 |    0.0000129    0.0004226 |    0.0140019    0.1184252 |    0.0000094    0.0003586
    39904  1596.160 |    0.0001205    0.0022639 |    0.0000129    0.0004227 |    0.0140003    0.1184662 |    0.0000094    0.0003624
    39936  1597.440 |    0.0001205    0.0022640 |    0.0000129    0.0004229 |    0.0139986    0.1185062 |    0.0000094    0.0003634
    39968  1598.720 |    0.0001205    0.0022642 |    0.0000129    0.0004230 |    0.0139970    0.1185447 |    0.0000094    0.0003633
    40000  1600.000 |    0.0001205    0.0022645 |    0.0000129    0.0004234 |    0.0139955    0.1185841 |    0.0000094    0.0003635
    40032  1601.280 |    0.0001205    0.0022645 |    0.0000129    0.0004231 |    0.0139943    0.1186217 |    0.0000094    0.0003654
    40064  1602.560 |    0.0001206    0.0022648 |    0.0000129    0.0004234 |    0.0139932    0.1186599 |    0.0000094    0.0003655
    40096  1603.840 |    0.0001206    0.0022652 |    0.0000129    0.0004237 |    0.0139920    0.1186988 |    0.0000094    0.0003677
    40128  1605.120 |    0.0001206    0.0022655 |    0.0000129    0.0004239 |    0.0139908    0.1187394 |    0.0000094    0.0003682
    40160  1606.400 |    0.0001206    0.0022658 |    0.0000129    0.0004241 |    0.0139893    0.1187812 |    0.0000094    0.0003689
    40192  1607.680 |    0.0001206    0.0022662 |    0.0000129    0.0004245 |    0.0139878    0.1188222 |    0.0000094    0.0003698
    40224  1608.960 |    0.0001206    0.0022665 |    0.0000130    0.0004246 |    0.0139862    0.1188618 |    0.0000094    0.0003707
    40256  1610.240 |    0.0001206    0.0022667 |    0.0000130    0.0004248 |    0.0139847    0.1189012 |    0.0000094    0.0003675
    40288  1611.520 |    0.0001206    0.0022669 |    0.0000130    0.0004249 |    0.0139833    0.1189391 |    0.0000094    0.0003590
-----------------------------------------------------------------------------------------------------------------------------------
Iteration      Time |            HYDROBASE::rho |          HYDROBASE::press |            HYDROBASE::eps |      ML_ADMCONSTRAINTS::H
                    |        norm2      maximum |        norm2      maximum |        norm2      maximum |        norm2      maximum
-----------------------------------------------------------------------------------------------------------------------------------
    40320  1612.800 |    0.0001206    0.0022673 |    0.0000130    0.0004253 |    0.0139821    0.1189774 |    0.0000094    0.0003664
    40352  1614.080 |    0.0001206    0.0022675 |    0.0000130    0.0004255 |    0.0139809    0.1190147 |    0.0000094    0.0003666
    40384  1615.360 |    0.0001206    0.0022676 |    0.0000130    0.0004255 |    0.0139797    0.1190532 |    0.0000094    0.0003633
    40416  1616.640 |    0.0001206    0.0022677 |    0.0000130    0.0004256 |    0.0139786    0.1190895 |    0.0000094    0.0003646
    40448  1617.920 |    0.0001206    0.0022680 |    0.0000130    0.0004259 |    0.0139777    0.1191254 |    0.0000094    0.0003669
    40480  1619.200 |    0.0001206    0.0022678 |    0.0000130    0.0004257 |    0.0139770    0.1191613 |    0.0000094    0.0003676
    40512  1620.480 |    0.0001206    0.0022681 |    0.0000130    0.0004259 |    0.0139765    0.1191995 |    0.0000094    0.0003676
    40544  1621.760 |    0.0001206    0.0022681 |    0.0000130    0.0004260 |    0.0139761    0.1192348 |    0.0000094    0.0003671
    40576  1623.040 |    0.0001206    0.0022681 |    0.0000130    0.0004260 |    0.0139758    0.1192711 |    0.0000094    0.0003668
    40608  1624.320 |    0.0001206    0.0022682 |    0.0000130    0.0004261 |    0.0139756    0.1193003 |    0.0000094    0.0003678
    40640  1625.600 |    0.0001206    0.0022679 |    0.0000130    0.0004257 |    0.0139753    0.1193173 |    0.0000094    0.0003682
    40672  1626.880 |    0.0001206    0.0022677 |    0.0000130    0.0004255 |    0.0139750    0.1193302 |    0.0000094    0.0003689
    40704  1628.160 |    0.0001206    0.0022678 |    0.0000130    0.0004256 |    0.0139746    0.1193425 |    0.0000094    0.0003738
    40736  1629.440 |    0.0001206    0.0022677 |    0.0000130    0.0004255 |    0.0139741    0.1193530 |    0.0000094    0.0003722
    40768  1630.720 |    0.0001206    0.0022676 |    0.0000130    0.0004254 |    0.0139733    0.1193627 |    0.0000094    0.0003708
    40800  1632.000 |    0.0001205    0.0022674 |    0.0000130    0.0004252 |    0.0139724    0.1193608 |    0.0000094    0.0003728
    40832  1633.280 |    0.0001205    0.0022674 |    0.0000130    0.0004251 |    0.0139713    0.1193490 |    0.0000094    0.0003756
    40864  1634.560 |    0.0001205    0.0022669 |    0.0000130    0.0004245 |    0.0139703    0.1193026 |    0.0000094    0.0003753
    40896  1635.840 |    0.0001205    0.0022672 |    0.0000129    0.0004248 |    0.0139692    0.1192090 |    0.0000094    0.0003790
    40928  1637.120 |    0.0001205    0.0022668 |    0.0000129    0.0004243 |    0.0139682    0.1192014 |    0.0000094    0.0003826
-----------------------------------------------------------------------------------------------------------------------------------
Iteration      Time |            HYDROBASE::rho |          HYDROBASE::press |            HYDROBASE::eps |      ML_ADMCONSTRAINTS::H
                    |        norm2      maximum |        norm2      maximum |        norm2      maximum |        norm2      maximum
-----------------------------------------------------------------------------------------------------------------------------------
    40960  1638.400 |    0.0001204    0.0022666 |    0.0000129    0.0004243 |    0.0139673    0.1191215 |    0.0000094    0.0003837
    40992  1639.680 |    0.0001204    0.0022660 |    0.0000129    0.0004232 |    0.0139665    0.1191178 |    0.0000094    0.0003868
    41024  1640.960 |    0.0001204    0.0022660 |    0.0000129    0.0004232 |    0.0139658    0.1191141 |    0.0000094    0.0003816
    41056  1642.240 |    0.0001204    0.0022659 |    0.0000129    0.0004231 |    0.0139651    0.1191206 |    0.0000093    0.0003830
    41088  1643.520 |    0.0001204    0.0022654 |    0.0000129    0.0004226 |    0.0139645    0.1191231 |    0.0000093    0.0003976
    41120  1644.800 |    0.0001203    0.0022655 |    0.0000129    0.0004227 |    0.0139638    0.1191247 |    0.0000093    0.0003901
    41152  1646.080 |    0.0001203    0.0022650 |    0.0000129    0.0004222 |    0.0139632    0.1191303 |    0.0000093    0.0003882
    41184  1647.360 |    0.0001203    0.0022652 |    0.0000129    0.0004223 |    0.0139625    0.1191473 |    0.0000093    0.0003937
    41216  1648.640 |    0.0001203    0.0022648 |    0.0000129    0.0004218 |    0.0139619    0.1191590 |    0.0000093    0.0003887
    41248  1649.920 |    0.0001203    0.0022645 |    0.0000129    0.0004213 |    0.0139612    0.1191666 |    0.0000093    0.0003842
    41280  1651.200 |    0.0001203    0.0022648 |    0.0000128    0.0004218 |    0.0139607    0.1191928 |    0.0000093    0.0003818
    41312  1652.480 |    0.0001202    0.0022643 |    0.0000128    0.0004210 |    0.0139601    0.1192071 |    0.0000093    0.0003624
    41344  1653.760 |    0.0001202    0.0022642 |    0.0000128    0.0004211 |    0.0139596    0.1192304 |    0.0000093    0.0003671
    41376  1655.040 |    0.0001202    0.0022639 |    0.0000128    0.0004207 |    0.0139591    0.1192420 |    0.0000093    0.0003646
    41408  1656.320 |    0.0001202    0.0022639 |    0.0000128    0.0004207 |    0.0139586    0.1192620 |    0.0000093    0.0003734
    41440  1657.600 |    0.0001202    0.0022639 |    0.0000128    0.0004207 |    0.0139580    0.1192764 |    0.0000093    0.0003673
    41472  1658.880 |    0.0001202    0.0022637 |    0.0000128    0.0004204 |    0.0139574    0.1192914 |    0.0000093    0.0003701
    41504  1660.160 |    0.0001202    0.0022642 |    0.0000128    0.0004209 |    0.0139566    0.1192933 |    0.0000093    0.0003694
    41536  1661.440 |    0.0001202    0.0022638 |    0.0000128    0.0004203 |    0.0139557    0.1193136 |    0.0000093    0.0003665
    41568  1662.720 |    0.0001202    0.0022642 |    0.0000128    0.0004208 |    0.0139547    0.1193367 |    0.0000093    0.0003746
-----------------------------------------------------------------------------------------------------------------------------------
Iteration      Time |            HYDROBASE::rho |          HYDROBASE::press |            HYDROBASE::eps |      ML_ADMCONSTRAINTS::H
                    |        norm2      maximum |        norm2      maximum |        norm2      maximum |        norm2      maximum
-----------------------------------------------------------------------------------------------------------------------------------
    41600  1664.000 |    0.0001202    0.0022638 |    0.0000128    0.0004203 |    0.0139536    0.1193567 |    0.0000093    0.0003688
    41632  1665.280 |    0.0001202    0.0022642 |    0.0000128    0.0004208 |    0.0139524    0.1193791 |    0.0000093    0.0003749
    41664  1666.560 |    0.0001202    0.0022644 |    0.0000128    0.0004209 |    0.0139512    0.1194114 |    0.0000093    0.0003709
    41696  1667.840 |    0.0001202    0.0022645 |    0.0000128    0.0004208 |    0.0139501    0.1194465 |    0.0000093    0.0003706
    41728  1669.120 |    0.0001202    0.0022648 |    0.0000128    0.0004210 |    0.0139490    0.1194916 |    0.0000093    0.0003744
    41760  1670.400 |    0.0001202    0.0022647 |    0.0000128    0.0004209 |    0.0139479    0.1195363 |    0.0000093    0.0003780
    41792  1671.680 |    0.0001202    0.0022653 |    0.0000129    0.0004215 |    0.0139469    0.1195824 |    0.0000093    0.0003778
    41824  1672.960 |    0.0001203    0.0022653 |    0.0000129    0.0004215 |    0.0139459    0.1196306 |    0.0000093    0.0003779
    41856  1674.240 |    0.0001203    0.0022656 |    0.0000129    0.0004219 |    0.0139448    0.1196853 |    0.0000093    0.0003815
    41888  1675.520 |    0.0001203    0.0022656 |    0.0000129    0.0004219 |    0.0139436    0.1197368 |    0.0000093    0.0003946
    41920  1676.800 |    0.0001203    0.0022659 |    0.0000129    0.0004222 |    0.0139426    0.1197889 |    0.0000093    0.0003779
    41952  1678.080 |    0.0001203    0.0022659 |    0.0000129    0.0004223 |    0.0139416    0.1198450 |    0.0000093    0.0003775
    41984  1679.360 |    0.0001203    0.0022662 |    0.0000129    0.0004226 |    0.0139407    0.1198992 |    0.0000093    0.0003781
    42016  1680.640 |    0.0001203    0.0022663 |    0.0000129    0.0004227 |    0.0139398    0.1199554 |    0.0000093    0.0003797
    42048  1681.920 |    0.0001203    0.0022666 |    0.0000129    0.0004230 |    0.0139388    0.1200105 |    0.0000093    0.0003791
    42080  1683.200 |    0.0001203    0.0022667 |    0.0000129    0.0004232 |    0.0139377    0.1200646 |    0.0000093    0.0003800
    42112  1684.480 |    0.0001203    0.0022666 |    0.0000129    0.0004231 |    0.0139365    0.1201161 |    0.0000093    0.0003818
    42144  1685.760 |    0.0001203    0.0022669 |    0.0000129    0.0004234 |    0.0139354    0.1201684 |    0.0000093    0.0003803
    42176  1687.040 |    0.0001203    0.0022671 |    0.0000129    0.0004236 |    0.0139341    0.1202197 |    0.0000093    0.0003842
    42208  1688.320 |    0.0001203    0.0022672 |    0.0000129    0.0004237 |    0.0139327    0.1202697 |    0.0000093    0.0003835
-----------------------------------------------------------------------------------------------------------------------------------
Iteration      Time |            HYDROBASE::rho |          HYDROBASE::press |            HYDROBASE::eps |      ML_ADMCONSTRAINTS::H
                    |        norm2      maximum |        norm2      maximum |        norm2      maximum |        norm2      maximum
-----------------------------------------------------------------------------------------------------------------------------------
    42240  1689.600 |    0.0001203    0.0022673 |    0.0000129    0.0004239 |    0.0139311    0.1203175 |    0.0000093    0.0003783
    42272  1690.880 |    0.0001203    0.0022673 |    0.0000129    0.0004238 |    0.0139292    0.1203650 |    0.0000093    0.0003843
    42304  1692.160 |    0.0001203    0.0022673 |    0.0000129    0.0004239 |    0.0139273    0.1204102 |    0.0000093    0.0003828
    42336  1693.440 |    0.0001203    0.0022673 |    0.0000129    0.0004238 |    0.0139254    0.1204511 |    0.0000093    0.0003836
    42368  1694.720 |    0.0001203    0.0022673 |    0.0000129    0.0004238 |    0.0139236    0.1205023 |    0.0000093    0.0003829
    42400  1696.000 |    0.0001203    0.0022674 |    0.0000129    0.0004239 |    0.0139220    0.1205547 |    0.0000093    0.0003815
    42432  1697.280 |    0.0001203    0.0022672 |    0.0000129    0.0004237 |    0.0139205    0.1205615 |    0.0000093    0.0003881
    42464  1698.560 |    0.0001203    0.0022672 |    0.0000129    0.0004236 |    0.0139190    0.1205598 |    0.0000093    0.0003815
    42496  1699.840 |    0.0001203    0.0022673 |    0.0000129    0.0004237 |    0.0139176    0.1205242 |    0.0000093    0.0003677
    42528  1701.120 |    0.0001203    0.0022669 |    0.0000129    0.0004234 |    0.0139163    0.1203979 |    0.0000093    0.0003870
    42560  1702.400 |    0.0001202    0.0022671 |    0.0000129    0.0004236 |    0.0139149    0.1202809 |    0.0000093    0.0003753
    42592  1703.680 |    0.0001202    0.0022667 |    0.0000129    0.0004232 |    0.0139137    0.1202861 |    0.0000092    0.0003832
    42624  1704.960 |    0.0001202    0.0022665 |    0.0000129    0.0004230 |    0.0139126    0.1202749 |    0.0000092    0.0003809
    42656  1706.240 |    0.0001202    0.0022662 |    0.0000129    0.0004227 |    0.0139115    0.1201787 |    0.0000093    0.0003736
    42688  1707.520 |    0.0001202    0.0022658 |    0.0000129    0.0004223 |    0.0139105    0.1199893 |    0.0000092    0.0003736
    42720  1708.800 |    0.0001201    0.0022658 |    0.0000129    0.0004222 |    0.0139097    0.1199921 |    0.0000092    0.0003771
    42752  1710.080 |    0.0001201    0.0022658 |    0.0000129    0.0004222 |    0.0139090    0.1199749 |    0.0000092    0.0003755
    42784  1711.360 |    0.0001201    0.0022648 |    0.0000129    0.0004212 |    0.0139082    0.1199811 |    0.0000092    0.0003847
    42816  1712.640 |    0.0001201    0.0022651 |    0.0000128    0.0004215 |    0.0139075    0.1199849 |    0.0000092    0.0003792
    42848  1713.920 |    0.0001201    0.0022649 |    0.0000128    0.0004211 |    0.0139068    0.1200069 |    0.0000092    0.0003865
-----------------------------------------------------------------------------------------------------------------------------------
Iteration      Time |            HYDROBASE::rho |          HYDROBASE::press |            HYDROBASE::eps |      ML_ADMCONSTRAINTS::H
                    |        norm2      maximum |        norm2      maximum |        norm2      maximum |        norm2      maximum
-----------------------------------------------------------------------------------------------------------------------------------
    42880  1715.200 |    0.0001200    0.0022647 |    0.0000128    0.0004210 |    0.0139063    0.1200050 |    0.0000092    0.0003813
    42912  1716.480 |    0.0001200    0.0022643 |    0.0000128    0.0004204 |    0.0139058    0.1200273 |    0.0000092    0.0003945
    42944  1717.760 |    0.0001200    0.0022641 |    0.0000128    0.0004201 |    0.0139052    0.1200465 |    0.0000092    0.0003759
    42976  1719.040 |    0.0001200    0.0022643 |    0.0000128    0.0004202 |    0.0139048    0.1200830 |    0.0000092    0.0003826
    43008  1720.320 |    0.0001200    0.0022643 |    0.0000128    0.0004202 |    0.0139045    0.1200853 |    0.0000092    0.0003792
    43040  1721.600 |    0.0001200    0.0022638 |    0.0000128    0.0004195 |    0.0139042    0.1200690 |    0.0000092    0.0003915
    43072  1722.880 |    0.0001199    0.0022636 |    0.0000128    0.0004192 |    0.0139038    0.1200799 |    0.0000092    0.0003836
    43104  1724.160 |    0.0001199    0.0022640 |    0.0000128    0.0004195 |    0.0139033    0.1201026 |    0.0000092    0.0003870
    43136  1725.440 |    0.0001199    0.0022636 |    0.0000128    0.0004190 |    0.0139028    0.1201286 |    0.0000092    0.0003811
    43168  1726.720 |    0.0001199    0.0022639 |    0.0000128    0.0004192 |    0.0139024    0.1200943 |    0.0000092    0.0004270
    43200  1728.000 |    0.0001199    0.0022635 |    0.0000128    0.0004188 |    0.0139019    0.1201397 |    0.0000092    0.0004024
    43232  1729.280 |    0.0001199    0.0022636 |    0.0000128    0.0004189 |    0.0139014    0.1201227 |    0.0000092    0.0004033
    43264  1730.560 |    0.0001199    0.0022633 |    0.0000128    0.0004185 |    0.0139010    0.1201415 |    0.0000092    0.0005431
    43296  1731.840 |    0.0001199    0.0022633 |    0.0000128    0.0004184 |    0.0139006    0.1201611 |    0.0000092    0.0003889
    43328  1733.120 |    0.0001199    0.0022649 |    0.0000128    0.0004196 |    0.0139002    0.1201799 |    0.0000092    0.0004013
    43360  1734.400 |    0.0001199    0.0022642 |    0.0000128    0.0004185 |    0.0138998    0.1202198 |    0.0000092    0.0004060
    43392  1735.680 |    0.0001199    0.0022642 |    0.0000128    0.0004183 |    0.0138994    0.1202396 |    0.0000092    0.0004003
    43424  1736.960 |    0.0001199    0.0022651 |    0.0000128    0.0004190 |    0.0138990    0.1202600 |    0.0000092    0.0004030
    43456  1738.240 |    0.0001199    0.0022650 |    0.0000128    0.0004188 |    0.0138986    0.1202742 |    0.0000092    0.0004039
    43488  1739.520 |    0.0001199    0.0022653 |    0.0000128    0.0004190 |    0.0138981    0.1202718 |    0.0000092    0.0004031
-----------------------------------------------------------------------------------------------------------------------------------
Iteration      Time |            HYDROBASE::rho |          HYDROBASE::press |            HYDROBASE::eps |      ML_ADMCONSTRAINTS::H
                    |        norm2      maximum |        norm2      maximum |        norm2      maximum |        norm2      maximum
-----------------------------------------------------------------------------------------------------------------------------------
    43520  1740.800 |    0.0001199    0.0022655 |    0.0000128    0.0004192 |    0.0138976    0.1202009 |    0.0000092    0.0004033
    43552  1742.080 |    0.0001199    0.0022656 |    0.0000128    0.0004192 |    0.0138971    0.1199737 |    0.0000092    0.0004065
    43584  1743.360 |    0.0001199    0.0022658 |    0.0000128    0.0004194 |    0.0138964    0.1200163 |    0.0000092    0.0004070
    43616  1744.640 |    0.0001199    0.0022661 |    0.0000128    0.0004197 |    0.0138956    0.1200611 |    0.0000092    0.0004038
    43648  1745.920 |    0.0001199    0.0022664 |    0.0000128    0.0004201 |    0.0138948    0.1201100 |    0.0000092    0.0004026
    43680  1747.200 |    0.0001200    0.0022663 |    0.0000128    0.0004199 |    0.0138937    0.1201598 |    0.0000092    0.0003983
    43712  1748.480 |    0.0001200    0.0022666 |    0.0000128    0.0004203 |    0.0138925    0.1202096 |    0.0000092    0.0003994
    43744  1749.760 |    0.0001200    0.0022663 |    0.0000128    0.0004200 |    0.0138909    0.1202590 |    0.0000092    0.0003970
    43776  1751.040 |    0.0001200    0.0022669 |    0.0000128    0.0004207 |    0.0138888    0.1203202 |    0.0000092    0.0003957
    43808  1752.320 |    0.0001200    0.0022668 |    0.0000128    0.0004207 |    0.0138863    0.1203639 |    0.0000092    0.0003973
    43840  1753.600 |    0.0001200    0.0022668 |    0.0000128    0.0004208 |    0.0138835    0.1204158 |    0.0000092    0.0003932
    43872  1754.880 |    0.0001200    0.0022669 |    0.0000128    0.0004209 |    0.0138804    0.1204724 |    0.0000092    0.0003939
    43904  1756.160 |    0.0001200    0.0022671 |    0.0000129    0.0004212 |    0.0138772    0.1205097 |    0.0000092    0.0003925
    43936  1757.440 |    0.0001200    0.0022674 |    0.0000129    0.0004216 |    0.0138741    0.1205419 |    0.0000092    0.0003909
    43968  1758.720 |    0.0001200    0.0022670 |    0.0000129    0.0004213 |    0.0138712    0.1205725 |    0.0000092    0.0003898
    44000  1760.000 |    0.0001200    0.0022674 |    0.0000129    0.0004218 |    0.0138685    0.1206008 |    0.0000092    0.0003897
    44032  1761.280 |    0.0001200    0.0022672 |    0.0000129    0.0004217 |    0.0138661    0.1206268 |    0.0000092    0.0003878
    44064  1762.560 |    0.0001200    0.0022671 |    0.0000129    0.0004217 |    0.0138639    0.1206526 |    0.0000092    0.0003885
    44096  1763.840 |    0.0001200    0.0022672 |    0.0000129    0.0004219 |    0.0138619    0.1206710 |    0.0000092    0.0003891
    44128  1765.120 |    0.0001200    0.0022673 |    0.0000129    0.0004221 |    0.0138601    0.1206923 |    0.0000092    0.0003884
-----------------------------------------------------------------------------------------------------------------------------------
Iteration      Time |            HYDROBASE::rho |          HYDROBASE::press |            HYDROBASE::eps |      ML_ADMCONSTRAINTS::H
                    |        norm2      maximum |        norm2      maximum |        norm2      maximum |        norm2      maximum
-----------------------------------------------------------------------------------------------------------------------------------
    44160  1766.400 |    0.0001200    0.0022668 |    0.0000129    0.0004217 |    0.0138586    0.1207101 |    0.0000092    0.0004227
    44192  1767.680 |    0.0001200    0.0022669 |    0.0000129    0.0004219 |    0.0138573    0.1207253 |    0.0000092    0.0004150
    44224  1768.960 |    0.0001200    0.0022667 |    0.0000129    0.0004219 |    0.0138562    0.1207412 |    0.0000092    0.0004024
    44256  1770.240 |    0.0001200    0.0022666 |    0.0000129    0.0004219 |    0.0138551    0.1207673 |    0.0000091    0.0003921
    44288  1771.520 |    0.0001200    0.0022662 |    0.0000129    0.0004216 |    0.0138541    0.1207682 |    0.0000091    0.0004029
    44320  1772.800 |    0.0001199    0.0022660 |    0.0000129    0.0004216 |    0.0138531    0.1208123 |    0.0000092    0.0004017
    44352  1774.080 |    0.0001199    0.0022656 |    0.0000129    0.0004213 |    0.0138523    0.1208592 |    0.0000091    0.0004061
    44384  1775.360 |    0.0001199    0.0022655 |    0.0000128    0.0004214 |    0.0138514    0.1209162 |    0.0000092    0.0003952
    44416  1776.640 |    0.0001199    0.0022653 |    0.0000128    0.0004214 |    0.0138506    0.1208740 |    0.0000091    0.0004055
    44448  1777.920 |    0.0001199    0.0022639 |    0.0000128    0.0004201 |    0.0138498    0.1208433 |    0.0000091    0.0004038
    44480  1779.200 |    0.0001199    0.0022647 |    0.0000128    0.0004211 |    0.0138493    0.1208763 |    0.0000091    0.0004105
    44512  1780.480 |    0.0001198    0.0022632 |    0.0000128    0.0004196 |    0.0138491    0.1206998 |    0.0000091    0.0004092
    44544  1781.760 |    0.0001198    0.0022637 |    0.0000128    0.0004204 |    0.0138491    0.1205698 |    0.0000091    0.0004069
    44576  1783.040 |    0.0001198    0.0022633 |    0.0000128    0.0004201 |    0.0138493    0.1203005 |    0.0000091    0.0004120
    44608  1784.320 |    0.0001198    0.0022622 |    0.0000128    0.0004190 |    0.0138495    0.1202917 |    0.0000091    0.0004106
    44640  1785.600 |    0.0001198    0.0022623 |    0.0000128    0.0004193 |    0.0138497    0.1202856 |    0.0000091    0.0004068
    44672  1786.880 |    0.0001197    0.0022622 |    0.0000128    0.0004194 |    0.0138500    0.1202809 |    0.0000091    0.0004100
    44704  1788.160 |    0.0001197    0.0022614 |    0.0000128    0.0004186 |    0.0138504    0.1202533 |    0.0000091    0.0004137
    44736  1789.440 |    0.0001197    0.0022611 |    0.0000128    0.0004183 |    0.0138509    0.1201515 |    0.0000091    0.0004169
    44768  1790.720 |    0.0001197    0.0022608 |    0.0000127    0.0004181 |    0.0138516    0.1201557 |    0.0000091    0.0004094
Memory statistics from CarpetLib:
   Current number of objects: 768
   Current allocated memory:  257 MB
   Maximum number of objects: 772
   Maximum allocated memory:  258 MB
   Current administrative memory: 1.1 MB
   Total allocated used system memory: 55.4 MB
   Total allocated free system memory: 36.7 MB
   gh::allmemory:    123132
   dh::allmemory:    721984
   th::allmemory:    13888
   ggf::allmemory:   189992
   gdata::allmemory: 55208
-----------------------------------------------------------------------------------------------------------------------------------
Iteration      Time |            HYDROBASE::rho |          HYDROBASE::press |            HYDROBASE::eps |      ML_ADMCONSTRAINTS::H
                    |        norm2      maximum |        norm2      maximum |        norm2      maximum |        norm2      maximum
-----------------------------------------------------------------------------------------------------------------------------------
    44800  1792.000 |    0.0001197    0.0022605 |    0.0000127    0.0004180 |    0.0138523    0.1201153 |    0.0000091    0.0004106
    44832  1793.280 |    0.0001197    0.0022603 |    0.0000127    0.0004179 |    0.0138529    0.1199688 |    0.0000091    0.0004184
    44864  1794.560 |    0.0001196    0.0022595 |    0.0000127    0.0004172 |    0.0138535    0.1199946 |    0.0000091    0.0004123
    44896  1795.840 |    0.0001196    0.0022600 |    0.0000127    0.0004179 |    0.0138541    0.1200226 |    0.0000091    0.0005483
    44928  1797.120 |    0.0001196    0.0022592 |    0.0000127    0.0004173 |    0.0138546    0.1200461 |    0.0000091    0.0004109
    44960  1798.400 |    0.0001196    0.0022588 |    0.0000127    0.0004170 |    0.0138551    0.1200767 |    0.0000091    0.0004315
    44992  1799.680 |    0.0001196    0.0022587 |    0.0000127    0.0004171 |    0.0138556    0.1201021 |    0.0000091    0.0004033
    45024  1800.960 |    0.0001196    0.0022584 |    0.0000127    0.0004171 |    0.0138562    0.1201336 |    0.0000091    0.0004372
    45056  1802.240 |    0.0001196    0.0022578 |    0.0000127    0.0004166 |    0.0138567    0.1201574 |    0.0000091    0.0004027
    45088  1803.520 |    0.0001196    0.0022577 |    0.0000127    0.0004167 |    0.0138573    0.1201879 |    0.0000091    0.0004503
    45120  1804.800 |    0.0001196    0.0022578 |    0.0000127    0.0004171 |    0.0138579    0.1202204 |    0.0000091    0.0004016
    45152  1806.080 |    0.0001196    0.0022572 |    0.0000127    0.0004168 |    0.0138584    0.1202518 |    0.0000091    0.0004022
    45184  1807.360 |    0.0001196    0.0022568 |    0.0000127    0.0004165 |    0.0138588    0.1202896 |    0.0000091    0.0004042
    45216  1808.640 |    0.0001196    0.0022567 |    0.0000127    0.0004167 |    0.0138590    0.1203098 |    0.0000091    0.0004049
    45248  1809.920 |    0.0001196    0.0022568 |    0.0000127    0.0004171 |    0.0138591    0.1203421 |    0.0000091    0.0004000
    45280  1811.200 |    0.0001196    0.0022563 |    0.0000127    0.0004168 |    0.0138589    0.1203828 |    0.0000091    0.0004057
    45312  1812.480 |    0.0001196    0.0022563 |    0.0000127    0.0004171 |    0.0138585    0.1204192 |    0.0000091    0.0004012
    45344  1813.760 |    0.0001196    0.0022563 |    0.0000127    0.0004174 |    0.0138577    0.1204553 |    0.0000091    0.0004022
    45376  1815.040 |    0.0001196    0.0022558 |    0.0000127    0.0004171 |    0.0138567    0.1204954 |    0.0000091    0.0004011
    45408  1816.320 |    0.0001196    0.0022560 |    0.0000127    0.0004176 |    0.0138554    0.1205425 |    0.0000091    0.0004013
-----------------------------------------------------------------------------------------------------------------------------------
Iteration      Time |            HYDROBASE::rho |          HYDROBASE::press |            HYDROBASE::eps |      ML_ADMCONSTRAINTS::H
                    |        norm2      maximum |        norm2      maximum |        norm2      maximum |        norm2      maximum
-----------------------------------------------------------------------------------------------------------------------------------
    45440  1817.600 |    0.0001196    0.0022558 |    0.0000127    0.0004177 |    0.0138539    0.1205925 |    0.0000091    0.0004025
    45472  1818.880 |    0.0001196    0.0022559 |    0.0000127    0.0004180 |    0.0138522    0.1206483 |    0.0000091    0.0004030
    45504  1820.160 |    0.0001197    0.0022556 |    0.0000127    0.0004179 |    0.0138504    0.1207075 |    0.0000091    0.0004034
    45536  1821.440 |    0.0001197    0.0022555 |    0.0000128    0.0004181 |    0.0138486    0.1207701 |    0.0000091    0.0004004
    45568  1822.720 |    0.0001197    0.0022557 |    0.0000128    0.0004186 |    0.0138468    0.1208335 |    0.0000091    0.0003989
    45600  1824.000 |    0.0001197    0.0022553 |    0.0000128    0.0004185 |    0.0138449    0.1208841 |    0.0000091    0.0004005
    45632  1825.280 |    0.0001197    0.0022553 |    0.0000128    0.0004187 |    0.0138430    0.1209269 |    0.0000091    0.0004011
    45664  1826.560 |    0.0001197    0.0022553 |    0.0000128    0.0004190 |    0.0138413    0.1209778 |    0.0000091    0.0003996
    45696  1827.840 |    0.0001197    0.0022552 |    0.0000128    0.0004191 |    0.0138399    0.1210305 |    0.0000091    0.0003989
    45728  1829.120 |    0.0001197    0.0022550 |    0.0000128    0.0004192 |    0.0138386    0.1210704 |    0.0000090    0.0003982
    45760  1830.400 |    0.0001197    0.0022550 |    0.0000128    0.0004194 |    0.0138376    0.1211160 |    0.0000091    0.0003973
    45792  1831.680 |    0.0001197    0.0022550 |    0.0000128    0.0004196 |    0.0138367    0.1211573 |    0.0000090    0.0003981
    45824  1832.960 |    0.0001197    0.0022548 |    0.0000128    0.0004197 |    0.0138359    0.1211955 |    0.0000090    0.0003985
    45856  1834.240 |    0.0001197    0.0022547 |    0.0000128    0.0004198 |    0.0138354    0.1212339 |    0.0000090    0.0003966
    45888  1835.520 |    0.0001197    0.0022548 |    0.0000128    0.0004202 |    0.0138351    0.1212721 |    0.0000090    0.0003944
    45920  1836.800 |    0.0001197    0.0022542 |    0.0000128    0.0004198 |    0.0138348    0.1213086 |    0.0000090    0.0003941
    45952  1838.080 |    0.0001197    0.0022542 |    0.0000128    0.0004200 |    0.0138346    0.1213433 |    0.0000090    0.0003909
    45984  1839.360 |    0.0001197    0.0022542 |    0.0000128    0.0004202 |    0.0138344    0.1213780 |    0.0000090    0.0003931
INFO (CarpetIOHDF5): ---------------------------------------------------------
INFO (CarpetIOHDF5): Dumping periodic checkpoint at iteration 45985, simulation time 1839.4
INFO (CarpetIOHDF5): ---------------------------------------------------------
    46016  1840.640 |    0.0001197    0.0022536 |    0.0000128    0.0004198 |    0.0138343    0.1214101 |    0.0000090    0.0003953
    46048  1841.920 |    0.0001197    0.0022534 |    0.0000128    0.0004198 |    0.0138344    0.1214405 |    0.0000090    0.0003974
-----------------------------------------------------------------------------------------------------------------------------------
Iteration      Time |            HYDROBASE::rho |          HYDROBASE::press |            HYDROBASE::eps |      ML_ADMCONSTRAINTS::H
                    |        norm2      maximum |        norm2      maximum |        norm2      maximum |        norm2      maximum
-----------------------------------------------------------------------------------------------------------------------------------
    46080  1843.200 |    0.0001197    0.0022533 |    0.0000128    0.0004199 |    0.0138347    0.1214692 |    0.0000090    0.0003969
    46112  1844.480 |    0.0001197    0.0022529 |    0.0000128    0.0004196 |    0.0138352    0.1214977 |    0.0000090    0.0003973
    46144  1845.760 |    0.0001196    0.0022527 |    0.0000128    0.0004196 |    0.0138359    0.1215273 |    0.0000090    0.0004010
    46176  1847.040 |    0.0001196    0.0022524 |    0.0000128    0.0004195 |    0.0138369    0.1215471 |    0.0000090    0.0003948
    46208  1848.320 |    0.0001196    0.0022521 |    0.0000128    0.0004193 |    0.0138381    0.1215662 |    0.0000090    0.0004254
    46240  1849.600 |    0.0001196    0.0022516 |    0.0000128    0.0004190 |    0.0138396    0.1215684 |    0.0000090    0.0003975
    46272  1850.880 |    0.0001196    0.0022511 |    0.0000128    0.0004186 |    0.0138414    0.1215418 |    0.0000090    0.0004049
    46304  1852.160 |    0.0001196    0.0022512 |    0.0000128    0.0004189 |    0.0138438    0.1214351 |    0.0000090    0.0004177
    46336  1853.440 |    0.0001195    0.0022504 |    0.0000128    0.0004183 |    0.0138466    0.1214656 |    0.0000090    0.0004032
    46368  1854.720 |    0.0001195    0.0022500 |    0.0000127    0.0004180 |    0.0138499    0.1211686 |    0.0000090    0.0004090
    46400  1856.000 |    0.0001195    0.0022495 |    0.0000127    0.0004177 |    0.0138542    0.1211951 |    0.0000090    0.0005071
    46432  1857.280 |    0.0001195    0.0022496 |    0.0000127    0.0004180 |    0.0138598    0.1212160 |    0.0000090    0.0004144
    46464  1858.560 |    0.0001195    0.0022490 |    0.0000127    0.0004175 |    0.0138677    0.1212176 |    0.0000090    0.0003981
    46496  1859.840 |    0.0001194    0.0022483 |    0.0000127    0.0004169 |    0.0138764    0.1212412 |    0.0000090    0.0003698
    46528  1861.120 |    0.0001194    0.0022481 |    0.0000127    0.0004168 |    0.0138839    0.1212706 |    0.0000090    0.0004090
    46560  1862.400 |    0.0001194    0.0022480 |    0.0000127    0.0004168 |    0.0138918    0.1212943 |    0.0000090    0.0003702
    46592  1863.680 |    0.0001194    0.0022474 |    0.0000127    0.0004162 |    0.0139008    0.1213236 |    0.0000090    0.0003780
    46624  1864.960 |    0.0001194    0.0022475 |    0.0000127    0.0004163 |    0.0139096    0.1213513 |    0.0000090    0.0003712
    46656  1866.240 |    0.0001194    0.0022472 |    0.0000127    0.0004161 |    0.0139175    0.1213828 |    0.0000090    0.0003835
    46688  1867.520 |    0.0001193    0.0022473 |    0.0000127    0.0004162 |    0.0139238    0.1214031 |    0.0000090    0.0003829
-----------------------------------------------------------------------------------------------------------------------------------
Iteration      Time |            HYDROBASE::rho |          HYDROBASE::press |            HYDROBASE::eps |      ML_ADMCONSTRAINTS::H
                    |        norm2      maximum |        norm2      maximum |        norm2      maximum |        norm2      maximum
-----------------------------------------------------------------------------------------------------------------------------------
    46720  1868.800 |    0.0001193    0.0022462 |    0.0000127    0.0004150 |    0.0139277    0.1214558 |    0.0000090    0.0003863
    46752  1870.080 |    0.0001193    0.0022465 |    0.0000127    0.0004155 |    0.0139293    0.1215235 |    0.0000090    0.0003765
    46784  1871.360 |    0.0001193    0.0022468 |    0.0000127    0.0004158 |    0.0139284    0.1215921 |    0.0000090    0.0003786
    46816  1872.640 |    0.0001193    0.0022459 |    0.0000127    0.0004150 |    0.0139252    0.1216562 |    0.0000089    0.0003768
    46848  1873.920 |    0.0001193    0.0022454 |    0.0000126    0.0004145 |    0.0139202    0.1217196 |    0.0000090    0.0003897
    46880  1875.200 |    0.0001193    0.0022459 |    0.0000126    0.0004151 |    0.0139139    0.1217607 |    0.0000089    0.0003798
    46912  1876.480 |    0.0001193    0.0022455 |    0.0000126    0.0004147 |    0.0139065    0.1218191 |    0.0000089    0.0004025
    46944  1877.760 |    0.0001193    0.0022456 |    0.0000126    0.0004151 |    0.0138981    0.1218552 |    0.0000089    0.0004835
    46976  1879.040 |    0.0001193    0.0022451 |    0.0000126    0.0004147 |    0.0138892    0.1218905 |    0.0000089    0.0003841
    47008  1880.320 |    0.0001193    0.0022449 |    0.0000126    0.0004147 |    0.0138801    0.1219330 |    0.0000089    0.0003829
    47040  1881.600 |    0.0001193    0.0022450 |    0.0000126    0.0004149 |    0.0138715    0.1219758 |    0.0000089    0.0003706
    47072  1882.880 |    0.0001193    0.0022449 |    0.0000126    0.0004149 |    0.0138637    0.1220178 |    0.0000089    0.0003788
    47104  1884.160 |    0.0001193    0.0022452 |    0.0000127    0.0004153 |    0.0138565    0.1220583 |    0.0000089    0.0003873
    47136  1885.440 |    0.0001193    0.0022452 |    0.0000127    0.0004153 |    0.0138499    0.1221007 |    0.0000089    0.0003823
    47168  1886.720 |    0.0001193    0.0022445 |    0.0000127    0.0004147 |    0.0138438    0.1221318 |    0.0000089    0.0003865
    47200  1888.000 |    0.0001193    0.0022450 |    0.0000127    0.0004152 |    0.0138380    0.1221741 |    0.0000089    0.0003824
    47232  1889.280 |    0.0001193    0.0022450 |    0.0000127    0.0004153 |    0.0138325    0.1222312 |    0.0000089    0.0003815
    47264  1890.560 |    0.0001193    0.0022451 |    0.0000127    0.0004154 |    0.0138272    0.1222866 |    0.0000089    0.0003858
    47296  1891.840 |    0.0001193    0.0022452 |    0.0000127    0.0004156 |    0.0138223    0.1223310 |    0.0000089    0.0003832
    47328  1893.120 |    0.0001193    0.0022453 |    0.0000127    0.0004158 |    0.0138179    0.1223817 |    0.0000089    0.0003875
-----------------------------------------------------------------------------------------------------------------------------------
Iteration      Time |            HYDROBASE::rho |          HYDROBASE::press |            HYDROBASE::eps |      ML_ADMCONSTRAINTS::H
                    |        norm2      maximum |        norm2      maximum |        norm2      maximum |        norm2      maximum
-----------------------------------------------------------------------------------------------------------------------------------
    47360  1894.400 |    0.0001193    0.0022455 |    0.0000127    0.0004160 |    0.0138140    0.1224154 |    0.0000089    0.0003861
    47392  1895.680 |    0.0001194    0.0022457 |    0.0000127    0.0004163 |    0.0138105    0.1224357 |    0.0000089    0.0003887
    47424  1896.960 |    0.0001194    0.0022460 |    0.0000127    0.0004164 |    0.0138072    0.1224567 |    0.0000089    0.0003889
    47456  1898.240 |    0.0001194    0.0022463 |    0.0000127    0.0004168 |    0.0138041    0.1224768 |    0.0000089    0.0003888
    47488  1899.520 |    0.0001194    0.0022464 |    0.0000127    0.0004167 |    0.0138011    0.1224970 |    0.0000089    0.0003893
    47520  1900.800 |    0.0001194    0.0022466 |    0.0000127    0.0004168 |    0.0137986    0.1225168 |    0.0000089    0.0003890
    47552  1902.080 |    0.0001194    0.0022468 |    0.0000127    0.0004170 |    0.0137964    0.1225332 |    0.0000089    0.0003469
    47584  1903.360 |    0.0001194    0.0022470 |    0.0000127    0.0004171 |    0.0137947    0.1225500 |    0.0000089    0.0003475
    47616  1904.640 |    0.0001194    0.0022472 |    0.0000127    0.0004172 |    0.0137934    0.1225654 |    0.0000089    0.0003473
    47648  1905.920 |    0.0001194    0.0022474 |    0.0000127    0.0004174 |    0.0137923    0.1225794 |    0.0000089    0.0003480
    47680  1907.200 |    0.0001194    0.0022476 |    0.0000127    0.0004175 |    0.0137912    0.1225952 |    0.0000089    0.0003525
    47712  1908.480 |    0.0001194    0.0022477 |    0.0000127    0.0004176 |    0.0137901    0.1226085 |    0.0000089    0.0003538
    47744  1909.760 |    0.0001194    0.0022479 |    0.0000127    0.0004177 |    0.0137890    0.1226186 |    0.0000089    0.0003542
    47776  1911.040 |    0.0001194    0.0022478 |    0.0000127    0.0004176 |    0.0137880    0.1226262 |    0.0000089    0.0003548
    47808  1912.320 |    0.0001194    0.0022480 |    0.0000127    0.0004177 |    0.0137870    0.1226326 |    0.0000089    0.0003556
    47840  1913.600 |    0.0001194    0.0022480 |    0.0000127    0.0004176 |    0.0137860    0.1226384 |    0.0000089    0.0003556
    47872  1914.880 |    0.0001194    0.0022480 |    0.0000127    0.0004176 |    0.0137850    0.1226416 |    0.0000089    0.0003565
    47904  1916.160 |    0.0001194    0.0022481 |    0.0000127    0.0004176 |    0.0137841    0.1226448 |    0.0000089    0.0003576
    47936  1917.440 |    0.0001194    0.0022480 |    0.0000127    0.0004174 |    0.0137832    0.1226454 |    0.0000089    0.0003625
    47968  1918.720 |    0.0001193    0.0022480 |    0.0000127    0.0004173 |    0.0137824    0.1226456 |    0.0000089    0.0003519
-----------------------------------------------------------------------------------------------------------------------------------
Iteration      Time |            HYDROBASE::rho |          HYDROBASE::press |            HYDROBASE::eps |      ML_ADMCONSTRAINTS::H
                    |        norm2      maximum |        norm2      maximum |        norm2      maximum |        norm2      maximum
-----------------------------------------------------------------------------------------------------------------------------------
    48000  1920.000 |    0.0001193    0.0022480 |    0.0000127    0.0004173 |    0.0137816    0.1226378 |    0.0000089    0.0003543
    48032  1921.280 |    0.0001193    0.0022480 |    0.0000127    0.0004171 |    0.0137809    0.1226232 |    0.0000089    0.0003542
    48064  1922.560 |    0.0001193    0.0022480 |    0.0000127    0.0004171 |    0.0137804    0.1226043 |    0.0000089    0.0003573
    48096  1923.840 |    0.0001193    0.0022478 |    0.0000127    0.0004168 |    0.0137799    0.1225932 |    0.0000089    0.0003581
    48128  1925.120 |    0.0001193    0.0022477 |    0.0000127    0.0004164 |    0.0137794    0.1225820 |    0.0000089    0.0003618
    48160  1926.400 |    0.0001193    0.0022474 |    0.0000127    0.0004165 |    0.0137789    0.1225643 |    0.0000089    0.0003616
    48192  1927.680 |    0.0001192    0.0022474 |    0.0000127    0.0004160 |    0.0137785    0.1225511 |    0.0000089    0.0003640
    48224  1928.960 |    0.0001192    0.0022472 |    0.0000127    0.0004157 |    0.0137781    0.1225232 |    0.0000089    0.0003657
    48256  1930.240 |    0.0001192    0.0022474 |    0.0000127    0.0004159 |    0.0137776    0.1225170 |    0.0000089    0.0003674
    48288  1931.520 |    0.0001192    0.0022471 |    0.0000127    0.0004154 |    0.0137771    0.1224781 |    0.0000089    0.0003658
    48320  1932.800 |    0.0001192    0.0022467 |    0.0000127    0.0004151 |    0.0137764    0.1223630 |    0.0000089    0.0003674
    48352  1934.080 |    0.0001192    0.0022468 |    0.0000127    0.0004149 |    0.0137757    0.1223863 |    0.0000089    0.0003675
    48384  1935.360 |    0.0001191    0.0022469 |    0.0000127    0.0004150 |    0.0137748    0.1223602 |    0.0000089    0.0003703
    48416  1936.640 |    0.0001191    0.0022465 |    0.0000126    0.0004145 |    0.0137738    0.1223237 |    0.0000089    0.0003849
    48448  1937.920 |    0.0001191    0.0022463 |    0.0000126    0.0004143 |    0.0137728    0.1222238 |    0.0000089    0.0003735
    48480  1939.200 |    0.0001191    0.0022463 |    0.0000126    0.0004142 |    0.0137717    0.1222155 |    0.0000089    0.0003752
    48512  1940.480 |    0.0001191    0.0022462 |    0.0000126    0.0004140 |    0.0137706    0.1222102 |    0.0000089    0.0003761
    48544  1941.760 |    0.0001191    0.0022459 |    0.0000126    0.0004134 |    0.0137695    0.1221803 |    0.0000089    0.0003738
    48576  1943.040 |    0.0001191    0.0022458 |    0.0000126    0.0004133 |    0.0137684    0.1221555 |    0.0000089    0.0003778
    48608  1944.320 |    0.0001190    0.0022458 |    0.0000126    0.0004133 |    0.0137672    0.1221353 |    0.0000089    0.0003799
-----------------------------------------------------------------------------------------------------------------------------------
Iteration      Time |            HYDROBASE::rho |          HYDROBASE::press |            HYDROBASE::eps |      ML_ADMCONSTRAINTS::H
                    |        norm2      maximum |        norm2      maximum |        norm2      maximum |        norm2      maximum
-----------------------------------------------------------------------------------------------------------------------------------
    48640  1945.600 |    0.0001190    0.0022458 |    0.0000126    0.0004134 |    0.0137659    0.1221273 |    0.0000089    0.0003791
    48672  1946.880 |    0.0001190    0.0022456 |    0.0000126    0.0004130 |    0.0137644    0.1221167 |    0.0000089    0.0003828
    48704  1948.160 |    0.0001190    0.0022458 |    0.0000126    0.0004132 |    0.0137628    0.1221197 |    0.0000089    0.0003827
    48736  1949.440 |    0.0001190    0.0022457 |    0.0000126    0.0004130 |    0.0137611    0.1221544 |    0.0000089    0.0003867
    48768  1950.720 |    0.0001190    0.0022456 |    0.0000126    0.0004127 |    0.0137594    0.1220781 |    0.0000089    0.0003791
    48800  1952.000 |    0.0001190    0.0022456 |    0.0000126    0.0004127 |    0.0137576    0.1217040 |    0.0000089    0.0003834
    48832  1953.280 |    0.0001190    0.0022456 |    0.0000126    0.0004129 |    0.0137557    0.1217011 |    0.0000089    0.0003856
    48864  1954.560 |    0.0001190    0.0022454 |    0.0000126    0.0004124 |    0.0137539    0.1216636 |    0.0000089    0.0003914
    48896  1955.840 |    0.0001190    0.0022455 |    0.0000126    0.0004124 |    0.0137520    0.1216690 |    0.0000089    0.0003886
    48928  1957.120 |    0.0001190    0.0022461 |    0.0000126    0.0004133 |    0.0137501    0.1216667 |    0.0000089    0.0003928
    48960  1958.400 |    0.0001190    0.0022460 |    0.0000126    0.0004128 |    0.0137483    0.1216968 |    0.0000089    0.0003859
    48992  1959.680 |    0.0001190    0.0022456 |    0.0000126    0.0004121 |    0.0137464    0.1217313 |    0.0000089    0.0003911
    49024  1960.960 |    0.0001190    0.0022459 |    0.0000126    0.0004127 |    0.0137444    0.1217589 |    0.0000089    0.0003953
    49056  1962.240 |    0.0001190    0.0022461 |    0.0000126    0.0004130 |    0.0137423    0.1218319 |    0.0000089    0.0003977
    49088  1963.520 |    0.0001190    0.0022463 |    0.0000126    0.0004131 |    0.0137401    0.1218802 |    0.0000089    0.0003906
    49120  1964.800 |    0.0001190    0.0022464 |    0.0000126    0.0004132 |    0.0137380    0.1219245 |    0.0000089    0.0003947
    49152  1966.080 |    0.0001190    0.0022466 |    0.0000126    0.0004133 |    0.0137359    0.1219888 |    0.0000089    0.0005486
    49184  1967.360 |    0.0001190    0.0022466 |    0.0000126    0.0004134 |    0.0137340    0.1220441 |    0.0000089    0.0003907
    49216  1968.640 |    0.0001190    0.0022468 |    0.0000126    0.0004136 |    0.0137322    0.1220967 |    0.0000089    0.0003944
    49248  1969.920 |    0.0001191    0.0022473 |    0.0000126    0.0004141 |    0.0137305    0.1221404 |    0.0000088    0.0004144
-----------------------------------------------------------------------------------------------------------------------------------
Iteration      Time |            HYDROBASE::rho |          HYDROBASE::press |            HYDROBASE::eps |      ML_ADMCONSTRAINTS::H
                    |        norm2      maximum |        norm2      maximum |        norm2      maximum |        norm2      maximum
-----------------------------------------------------------------------------------------------------------------------------------
    49280  1971.200 |    0.0001191    0.0022474 |    0.0000126    0.0004143 |    0.0137288    0.1221853 |    0.0000088    0.0003744
    49312  1972.480 |    0.0001191    0.0022474 |    0.0000126    0.0004141 |    0.0137271    0.1222284 |    0.0000088    0.0003732
    49344  1973.760 |    0.0001191    0.0022474 |    0.0000126    0.0004141 |    0.0137254    0.1222720 |    0.0000089    0.0003901
    49376  1975.040 |    0.0001191    0.0022477 |    0.0000127    0.0004146 |    0.0137237    0.1223159 |    0.0000088    0.0003863
    49408  1976.320 |    0.0001191    0.0022478 |    0.0000127    0.0004147 |    0.0137221    0.1223549 |    0.0000088    0.0003903
    49440  1977.600 |    0.0001191    0.0022478 |    0.0000127    0.0004146 |    0.0137206    0.1223903 |    0.0000088    0.0003909
    49472  1978.880 |    0.0001191    0.0022481 |    0.0000127    0.0004149 |    0.0137191    0.1224315 |    0.0000088    0.0003900
    49504  1980.160 |    0.0001191    0.0022482 |    0.0000127    0.0004150 |    0.0137175    0.1224885 |    0.0000088    0.0003899
    49536  1981.440 |    0.0001191    0.0022483 |    0.0000127    0.0004150 |    0.0137160    0.1225554 |    0.0000088    0.0003909
    49568  1982.720 |    0.0001191    0.0022484 |    0.0000127    0.0004151 |    0.0137145    0.1226185 |    0.0000088    0.0003951
    49600  1984.000 |    0.0001191    0.0022486 |    0.0000127    0.0004153 |    0.0137133    0.1226760 |    0.0000088    0.0003973
    49632  1985.280 |    0.0001191    0.0022487 |    0.0000127    0.0004154 |    0.0137121    0.1227230 |    0.0000088    0.0003986
    49664  1986.560 |    0.0001191    0.0022486 |    0.0000127    0.0004151 |    0.0137110    0.1227597 |    0.0000088    0.0004030
    49696  1987.840 |    0.0001191    0.0022486 |    0.0000127    0.0004154 |    0.0137098    0.1226555 |    0.0000088    0.0004052
    49728  1989.120 |    0.0001191    0.0022486 |    0.0000127    0.0004151 |    0.0137084    0.1226733 |    0.0000088    0.0004042
    49760  1990.400 |    0.0001191    0.0022486 |    0.0000127    0.0004152 |    0.0137070    0.1226931 |    0.0000088    0.0004109
    49792  1991.680 |    0.0001191    0.0022487 |    0.0000127    0.0004151 |    0.0137057    0.1226936 |    0.0000088    0.0004083
    49824  1992.960 |    0.0001191    0.0022488 |    0.0000127    0.0004151 |    0.0137047    0.1227087 |    0.0000088    0.0004141
    49856  1994.240 |    0.0001190    0.0022487 |    0.0000127    0.0004152 |    0.0137039    0.1227053 |    0.0000088    0.0004197
    49888  1995.520 |    0.0001190    0.0022486 |    0.0000127    0.0004147 |    0.0137031    0.1225240 |    0.0000088    0.0004213
-----------------------------------------------------------------------------------------------------------------------------------
Iteration      Time |            HYDROBASE::rho |          HYDROBASE::press |            HYDROBASE::eps |      ML_ADMCONSTRAINTS::H
                    |        norm2      maximum |        norm2      maximum |        norm2      maximum |        norm2      maximum
-----------------------------------------------------------------------------------------------------------------------------------
    49920  1996.800 |    0.0001190    0.0022484 |    0.0000127    0.0004145 |    0.0137022    0.1224592 |    0.0000088    0.0004525
    49952  1998.080 |    0.0001190    0.0022487 |    0.0000127    0.0004147 |    0.0137011    0.1224981 |    0.0000088    0.0004286
    49984  1999.360 |    0.0001190    0.0022486 |    0.0000126    0.0004144 |    0.0137000    0.1225450 |    0.0000088    0.0004299
INFO (Carpet): Terminating due to cctk_final_time at t = 2000.000000
INFO (CarpetIOHDF5): ---------------------------------------------------------
INFO (CarpetIOHDF5): Dumping termination checkpoint at iteration 50000, simulation time 2000
INFO (CarpetIOHDF5): ---------------------------------------------------------
--------------------------------------------------------------------------------
Done.
Stopping:
2025年 11月 14日 星期五 01:14:15 CST
Done.
Simfactory Done at date: 2025年11月14日 星期五 01时14分15秒
